episode,total_reward,target_reward,smoothed_total_reward_100,smoothed_target_reward_100
0,-356.4155595920587,-15.645467402463462,,
1,-395.0605651364364,-15.66428191415511,,
2,-215.15791842038468,-18.610370007263484,,
3,-368.2948902782108,-122.1313399379847,,
4,-339.6401537994415,-15.10715278275981,,
5,-156.9123002420382,-70.76495547107534,,
6,-449.1389266921339,-17.35240757233062,,
7,-392.12787067337024,-92.91129427046751,,
8,-182.51866255979212,-26.926899269965578,,
9,-247.7210648507447,-16.67590903681695,,
10,-297.15821474311525,-19.181437809779574,,
11,-260.57928399911674,-16.9190356733842,,
12,-167.04467068903776,-17.41069435663353,,
13,-281.47603178518256,-16.786610602120078,,
14,-151.20917868595575,-21.654501107686524,,
15,-272.2841771237022,-26.94379607440118,,
16,-165.34626153017476,-21.36270844680148,,
17,-207.23219736751645,-70.47691883172466,,
18,-141.12460000064158,-18.13593017555225,,
19,-340.04204080431293,-17.75381608458148,,
20,-315.8540089136998,-19.085212022714256,,
21,-249.1825293028227,-78.73581227376276,,
22,-353.45368238961083,-41.692849634474356,,
23,-369.2856157202523,-18.02325292125659,,
24,-194.87370767047338,-18.570547347031603,,
25,-274.7061251286692,-23.56774719825695,,
26,-346.9096718371393,-17.526028117100147,,
27,-293.51587202439873,-18.45271585826796,,
28,-151.85801063613297,-27.822414766004975,,
29,-220.76474817553924,-37.43879452832308,,
30,-212.86443020076015,-58.041093061807736,,
31,-379.80385391638106,-18.88816538213033,,
32,281.82615217400377,-68.96504697387662,,
33,-326.11656469558295,-23.476749130543023,,
34,-379.6673452910492,-36.25017564088023,,
35,-269.0088864541256,-18.15138975846864,,
36,-392.94019291241585,-18.014149569233105,,
37,-239.7150806810601,-19.841081321866486,,
38,-239.23841513138143,-33.423689399091835,,
39,-323.9877073132046,-17.562307188969076,,
40,-354.7453761940594,-24.987658104330457,,
41,-371.595723217938,-21.81525296900913,,
42,-263.23908664857686,-24.029429928632023,,
43,-339.8208370161029,-19.449755984181284,,
44,-275.9852960371653,-49.36020106505845,,
45,-385.8613827173513,-99.64863724267028,,
46,-284.8194769989766,-50.08614535435164,,
47,-356.6312503993481,-39.51242605355307,,
48,-334.12030398548063,-17.214790364160397,,
49,-273.3051696608916,-38.9366528461239,,
50,-279.49926748886793,-18.183409662896963,,
51,-334.082071912839,-56.1992688818568,,
52,-244.2497279503648,-18.441879587809826,,
53,-321.7956793962743,-88.01158885663172,,
54,-327.2239247313256,-19.281569121252428,,
55,-365.13913206942954,-17.024975672603865,,
56,-357.9285277437424,-38.01792174884587,,
57,-344.15092199485866,-31.15038290715896,,
58,-312.4469021447176,-16.305736977289847,,
59,-357.2317713940502,-70.51590762561796,,
60,-384.09956198807873,-28.866336417798244,,
61,-324.46786026859206,-56.82489860961278,,
62,-312.3800947962685,-21.105281356360397,,
63,-341.06755373028307,-40.287747170392805,,
64,-369.81641754058677,-16.437075516130438,,
65,-348.8322279231055,-18.460324800222228,,
66,-391.2325594604526,-14.714137152672814,,
67,-395.6722309759691,-20.03640726623464,,
68,-396.6505346896421,-23.95808723466682,,
69,-284.0975875488258,-25.958636501608293,,
70,-296.0247211999962,-44.51141754866846,,
71,-303.0039706805146,-32.044222437342505,,
72,-351.99278226443084,-15.33669649763636,,
73,-335.46563801690047,-20.309253188092644,,
74,-319.44744733466376,-87.641842717377,,
75,-374.745642901735,-80.03103805287267,,
76,-343.0959259044344,-22.641013593056908,,
77,-312.837597606146,-16.363476448505924,,
78,-397.2540372135339,-44.81453736832997,,
79,-418.6396098086403,-115.53064474845853,,
80,-368.10892201095805,-50.60832168618357,,
81,-208.43816668493557,-22.1305453426195,,
82,-426.22413695548886,-14.264101937396912,,
83,-349.689388335543,-24.91092318608513,,
84,-277.7743842097764,-59.606630925118445,,
85,-273.2924344361628,-22.180185033491487,,
86,-242.3509047817305,-86.02728290817669,,
87,-297.16603278966977,-23.78259737289519,,
88,-419.24485740790595,-20.166539961158616,,
89,-440.8662206863864,-19.0582906343286,,
90,-461.89828066606196,-35.98542772657566,,
91,-248.40907995723154,-14.914839410233688,,
92,-380.29269279571884,-19.964745805633942,,
93,-371.46888786347847,-128.76306479245244,,
94,-447.9806461654701,-50.080709284084364,,
95,-471.5656636119425,-10.910729948936561,,
96,-409.2553955071574,-13.02367753867639,,
97,-424.753810836699,-11.744442988836123,,
98,-430.7377494008299,-135.4057989686624,,
99,-451.4393906869243,-31.658967402461784,-315.24057742539304,-35.7117923735609
100,-444.3706710446179,-79.14894292433658,-316.1201285399186,-36.34682712877963
101,-492.0414780944303,-111.35248775206432,-317.0899376694985,-37.30370918715873
102,-414.62570387317635,-93.65928432774162,-319.08461552402645,-38.05419833036351
103,-479.5272965014808,-99.04401425546509,-320.1969395862592,-37.823325073538314
104,-386.85033736300323,-14.341223587544915,-320.66904142189475,-37.81566578158617
105,-510.42010861485426,-16.076750478992903,-324.2041195056229,-37.268783731665344
106,-499.5393235526909,-56.226315395305626,-324.70812347422844,-37.6575228098951
107,-492.05317628232933,-13.290718008703749,-325.707376530318,-36.86131704727745
108,-479.5542300775481,-52.53573063874485,-328.6777322054956,-37.11740536096524
109,-522.7799750905197,-110.28885723193802,-331.4283213078934,-38.05353484291645
110,-491.79998580574454,-69.1723518893504,-333.3747390185197,-38.553443983712164
111,-394.809726151907,-17.31823769329647,-334.7170434400476,-38.557436003911285
112,-572.9955904930396,-17.08415904753174,-338.7765526380876,-38.55417065082026
113,-518.0431964629186,-59.55056452225384,-341.142224284865,-38.9818101900216
114,-524.2157303644026,-13.589124612148748,-344.8722898016494,-38.901156425066226
115,-450.8697953692786,-102.03080664021824,-346.65814598410515,-39.6520265307244
116,-363.66542507207055,-52.867888383969735,-348.6413376195241,-39.96707833009608
117,-429.2163452563068,-19.288066545828492,-350.86117909841204,-39.45518980723711
118,-636.4425294024363,-129.59682465740678,-355.81435839243,-40.569798752055654
119,-454.74422552593217,-17.25293106164122,-356.9613802396462,-40.56478990182625
120,-462.43626152321497,-75.29276288357116,-358.4272027657413,-41.126865410434824
121,-462.7481458911236,-15.549747624407916,-360.56285893162436,-40.49500476394128
122,-361.8212039779323,-117.76437453673854,-360.64653414750757,-41.25572001296392
123,-438.1147762187664,-11.946199059720009,-361.33482575249263,-41.19494947434856
124,-424.723270992645,-96.3111157954548,-363.6333213857144,-41.97235515883279
125,-413.684130221165,-51.1001553384187,-365.02310143663937,-42.24767924023441
126,-448.4626181750785,-80.93740094897531,-366.0386309000188,-42.881792968553164
127,-301.28104615037313,-164.2862679970416,-366.11628264127853,-44.340128489940895
128,-566.5768769609614,-57.43768990262018,-370.2634713045268,-44.63628124130704
129,-562.0435172683722,-123.05746192826167,-373.67625899545504,-45.49246791530642
130,-380.87731951628297,-78.01088936538478,-375.35638788861024,-45.69216587834219
131,-454.78434517417145,-56.9579910110468,-376.1061928011882,-46.07286413463137
132,-336.051686003504,-73.45029332712878,-382.28497118296326,-46.11771659816389
133,-386.39638616547904,-20.556419728707628,-382.8877693976622,-46.08851330414553
134,-413.4115547392234,-23.809561840467634,-383.225211492144,-45.96410716614141
135,-434.6586819992655,-73.22279289047579,-384.8817094475954,-46.51482119746147
136,-503.38313659746643,-14.677232026970152,-385.98613888444584,-46.48145202203885
137,-392.61989419946497,-52.30689840514701,-387.51518701962993,-46.80611019287166
138,-445.20915467796135,-83.4151342978607,-389.57489441509574,-47.306024641859345
139,-282.4440855374308,-42.27575062790639,-389.159458197338,-47.553159076248726
140,-358.6545557571417,-34.14206751986857,-389.1985499929689,-47.6447031704041
141,-317.71249882411576,-15.853536793809775,-388.6597177490306,-47.585086008652105
142,-352.2234750725021,-116.60287828474627,-389.5495616332699,-48.51082049221324
143,-405.88022586948017,-12.07183862451954,-390.2101555218037,-48.43704131861662
144,-356.0203955516664,-15.049347321431956,-391.01050651694874,-48.093932781180364
145,-401.7730303945709,-75.61616641231032,-391.1696229937209,-47.85360807287677
146,-543.3077870495565,-30.625852011383557,-393.75450609422666,-47.65900513944709
147,-511.47717370019456,-86.60010936728334,-395.30296532723514,-48.12988197258439
148,-426.65160777193097,-123.64979350027949,-396.2282783650996,-49.19423200394559
149,-444.6341288401044,-15.837332076469567,-397.94156795689173,-48.963238796249044
150,-451.50266759372334,-55.475770244532086,-399.6616019579403,-49.33616240206539
151,-415.56643671319364,-54.76353017797111,-400.47644560594387,-49.321805015026534
152,-278.38621218880985,-34.476212943740286,-400.8178104483283,-49.482148348585845
153,-359.5403193953788,-30.37799402457473,-401.1952568483194,-48.90581240026527
154,-330.85611424090115,-56.677581490167185,-401.2315787434151,-49.27977252395442
155,-281.1206542453932,-38.296611135573315,-400.39139396517476,-49.49248887858411
156,-287.51704750202197,-34.51105119097234,-399.6872791627576,-49.457420173005374
157,-294.8486679108229,-95.58803965200477,-399.1942566219172,-50.101796740453835
158,-372.14465531936503,-14.216953912016928,-399.7912341536636,-50.0809089098011
159,-353.7413541215919,-14.179584956983103,-399.7563299809391,-49.517545683114754
160,-601.9129735733312,-124.09557122455496,-401.93446409679154,-50.46983803118232
161,-406.4413236408639,-114.16176613909138,-402.7541987305143,-51.04320670647711
162,-348.5375443402269,-47.449694855271794,-403.11577322595394,-51.30665084146622
163,-416.6194962590534,-66.68017543573106,-403.8712926512416,-51.57057512411961
164,-327.5849016223937,-14.407678814572114,-403.4489774920597,-51.55028115710402
165,-404.44838921451856,-85.82199748820608,-404.00513910497386,-52.22389788398385
166,-347.85356776450607,-68.07538293256118,-403.5713491880144,-52.757510341782734
167,-339.89383561699475,-76.6501709891622,-403.0135652344246,-53.32364797901201
168,-455.8238492484791,-63.64206083522073,-403.60529838001304,-53.720487715017555
169,-393.95289306372257,-33.036572500198915,-404.70385143516194,-53.79126707500346
170,-377.5405647265468,-18.894095089954085,-405.51900987042745,-53.535093850416324
171,-313.77024796973177,-15.511604234860004,-405.62667264331964,-53.369767668391496
172,-492.1108414245498,-17.351061437377204,-407.02785323492077,-53.38991131778891
173,-341.67749491126364,-45.38373997097049,-407.0899718038645,-53.640656185617686
174,-277.93494428337806,-64.60192797974636,-406.67484677335165,-53.41025703824138
175,-474.4902402418547,-17.05158315925892,-407.6722927467529,-52.780462489305236
176,-267.09239333233575,-16.846997320553626,-406.9122574210319,-52.722522326580204
177,-393.04310427841114,-22.266856771707563,-407.71431248775446,-52.781556129812216
178,-274.1301690659421,-22.345681596773353,-406.4830738062786,-52.55686757209666
179,-302.3770368644249,-56.696027434685234,-405.3204480768364,-51.96852139895893
180,-280.8404155914102,-109.48733895816653,-404.4477630126409,-52.55731157167875
181,-271.1796733333629,-68.58762949436031,-405.0751780791252,-53.02188241319617
182,-248.9838190263741,-17.971013090312084,-403.3027748998341,-53.05895152472531
183,-378.58032281506433,-19.205159874636294,-403.5916842446293,-53.00189389161081
184,-393.11864701465726,-31.36113119818139,-404.74512687267816,-52.719438894341444
185,-324.52632194221815,-100.1657826660321,-405.25746574773865,-53.49929487066685
186,-197.50273106945684,-18.395654516658475,-404.80898401061586,-52.82297858675168
187,-365.55677382379605,-44.6511566528002,-405.4928914209571,-53.03166417955073
188,-259.26818795635836,-53.614128176873606,-403.8931247264416,-53.366140061707874
189,-483.5230758357263,-71.8526482767058,-404.319693277935,-53.89408363813165
190,-421.5645107260322,-14.871487680380861,-403.91635557853476,-53.682944237669695
191,-363.6299482771038,-17.258946144560394,-405.0685642617335,-53.706385305012965
192,-333.79626542259564,-103.74582888383713,-404.6035999880023,-54.544196135795005
193,-284.88877420172844,-121.88028693158985,-403.7377988513848,-54.475368357186376
194,-384.51914473003035,-16.83955373347524,-403.1031838370304,-54.142956801680285
195,-367.3800820460111,-54.49334334123871,-402.06132802137097,-54.578782935603314
196,-312.36135889753695,-35.37649680024632,-401.09238765527476,-54.80231112821901
197,-236.21733935226374,-17.90750975952912,-399.2070229404305,-54.863941795925946
198,-273.6800595309272,-28.852115992757255,-397.63644604173146,-53.798404966166885
199,-391.67835902163137,-48.82011748224576,-397.0388357250785,-53.97001646696472
200,-284.2773058889308,-17.27360518050881,-395.4379020735216,-53.35126308952644
201,-481.7938983813502,-15.036748518243227,-395.3354262763908,-52.38810569718823
202,-328.57891662477823,-15.551659823606979,-394.4749584039069,-51.60702945214688
203,-244.3611152904379,-95.2261369165208,-392.1232965917965,-51.56885067875744
204,-178.47302255874513,-18.274527728089918,-390.0395234437539,-51.60818372016289
205,-258.3391642186534,-77.5265448556436,-387.5187139997919,-52.2226816639294
206,-208.58151151826223,-45.83495067790812,-384.6091358794476,-52.118768016755425
207,-423.68019151633894,-13.886219519195794,-383.92540603178765,-52.12472303186034
208,-292.8100570682345,-81.64310797014048,-382.0579643016945,-52.415796805174296
209,-353.96028782920536,-50.725496107207064,-380.3697674290813,-51.82016319392698
210,-307.9056801130337,-134.38625636106823,-378.5308243721542,-52.47230223864416
211,-241.73570230861085,-48.73908279289842,-377.00008413372126,-52.78651068964018
212,-498.71364583985707,-13.360752752495214,-376.25726468718943,-52.74927662668982
213,-339.6748651757852,-58.106008262439076,-374.4735813743181,-52.734831064091665
214,-439.5789958217458,-15.415896347630193,-373.62721402889156,-52.753098781446475
215,-292.91607708008684,-16.1497450940999,-372.0476768459997,-51.894288165985294
216,-286.13174444271846,-42.700087620891765,-371.27234003970614,-51.79261015835451
217,-313.4273491533332,-63.657876703153484,-370.1144500786764,-52.23630825992777
218,-522.4082944519532,-20.868381882342824,-368.9741077291716,-51.149023832177136
219,-484.670047437441,-19.268481976435094,-369.2733659482867,-51.169179341325076
220,-316.3510947088284,-59.29759887635578,-367.8125142801428,-51.009227701252925
221,-203.32888197398105,-73.58389002126681,-365.21832164097134,-51.589569125221516
222,-383.354413015902,-62.352236825574394,-365.43365373135106,-51.03544774810987
223,-372.97174913352114,-59.001927546969405,-364.7822234604986,-51.50600503298236
224,-257.5506126932613,-54.8352627994768,-363.11049687750483,-51.09124650302258
225,-389.67999656718763,-58.442977557839676,-362.87045554096505,-51.16467472521679
226,-443.6970857641218,-27.16150937400887,-362.82280021685546,-50.62691580946713
227,-330.980412236873,-68.49236339382323,-363.11979387772044,-49.66897676343495
228,-336.9297212019479,-99.59378267241256,-360.82332232013033,-50.09053769113287
229,-425.6353048109539,-16.1821224029282,-359.4592401955561,-49.021784295879534
230,-204.5617032738287,-16.013053937627966,-357.69608403313157,-48.401805941601964
231,-344.9059579450666,-35.33063699867786,-356.5973001608405,-48.18553240147827
232,-297.1523364058095,-93.93764562272221,-356.2083066648635,-48.39040592443421
233,-280.88551421680046,-62.11575708184064,-355.15319794537675,-48.80599929796554
234,-211.73224361440245,-49.90337674145089,-353.13640483412854,-49.066937446975366
235,-288.8064940577662,-14.644593035798723,-351.67788295471354,-48.481155448428595
236,-370.66347098668217,-40.859414451537305,-350.3506862986057,-48.742977272674274
237,-375.1458710034705,-148.71098998758683,-350.17594606664574,-49.70701818849867
238,-287.3608824023147,-75.54478466603018,-348.5974633438893,-49.62831469218037
239,-271.9162036396683,-17.691084226532027,-348.4921845249117,-49.38246802816663
240,-502.09228680671254,-38.01839941177843,-349.9265618354075,-49.42123134708572
241,-295.82329496839986,-64.62827969474456,-349.7076697968503,-49.908978776095076
242,-294.98110970711576,-17.208534783727913,-349.1352461431964,-48.915035341084895
243,-334.65291507524665,-17.13646683354009,-348.42297303525413,-48.965681623175094
244,-260.72263168643155,-79.74053166486358,-347.46999539660175,-49.61259346660941
245,-260.8533573477496,-154.54727598033617,-346.0607986661335,-50.401904562289666
246,-244.0036931036359,-22.21421559379988,-343.06775772667424,-50.31778819811383
247,-276.42879128201173,-73.13926654557798,-340.7172739024924,-50.183179769896775
248,-337.366578134721,-69.37110565304519,-339.8244236061203,-49.64039289142443
249,-274.3479795421258,-33.605365189809795,-338.12156211314056,-49.81807322255784
250,-268.82233098338975,-16.626489689365634,-336.2947587470373,-49.42958041700618
251,-270.7655563810878,-71.09922722012173,-334.8467499437162,-49.59293738742768
252,-340.2581709052404,-51.15835623539764,-335.4654695308805,-49.75975882034425
253,-251.80983835730066,-15.573501925675512,-334.38816472049973,-49.61171389935525
254,-256.1184394912225,-16.24419841578197,-333.64078797300294,-49.20738006861141
255,-347.4229588002802,-53.830652260471105,-334.3038110185518,-49.362720479860386
256,-331.38218738204813,-48.43523160495602,-334.74246241735204,-49.50196228400022
257,-386.92031305119355,-14.306839524226277,-335.6631788687557,-48.68915028272244
258,-270.90639741380545,-19.4433696641095,-334.65079628970017,-48.74141444024336
259,-270.72044327590464,-60.92948021401607,-333.8205871812433,-49.20891339281369
260,-189.6917522970738,-18.11400959392998,-329.6983749684807,-48.14909777650744
261,-275.9180639045788,-61.932976562132595,-328.3931423711179,-47.626809880737845
262,-211.84645020191076,-56.24577953709401,-327.02623142973465,-47.71477072755607
263,-457.01402189682636,-54.70889651491929,-327.4301766861124,-47.595057938347956
264,-326.2414449126234,-52.16343335958533,-327.4167421190147,-47.97261548379809
265,-444.6519902617023,-19.624428943916822,-327.81877812948653,-47.3106397983552
266,-350.24956143635075,-70.95245446664171,-327.842738066205,-47.339410513696
267,-317.7925279335443,-32.86469984341859,-327.62172498937053,-46.90155580223857
268,-392.4331087076668,-49.19649403322255,-326.9878175839624,-46.75710013421858
269,-247.5796077700618,-143.37616510894821,-325.5240847310258,-47.860496060306076
270,-438.1976772663332,-17.401750688061004,-326.1306558564237,-47.84557261628715
271,-408.6995291018233,-15.523105878964213,-327.0799486677446,-47.845687632728186
272,-272.81023401032206,-18.95824392279551,-324.8869425936023,-47.861759457582366
273,-332.85965457603106,-40.81770708796738,-324.79876419025,-47.81609912875234
274,-230.70070451600765,-123.7875342361432,-324.3264217925763,-48.40795519131631
275,-269.40030780736595,-19.009015875234283,-322.2755224682314,-48.42752951847607
276,-289.60237847892256,-25.18018389091745,-322.50062231969724,-48.510861384179705
277,-268.5965441535089,-19.45406250798217,-321.25615671844815,-48.48273344154245
278,-387.83361571583816,-17.992214425756828,-322.39319118494717,-48.43919876983228
279,-353.92663308192544,-51.5622658136831,-322.9086871471222,-48.38786115362226
280,-364.4078980040299,-58.51963078280941,-323.7443619712484,-47.87818407186869
281,-311.3316030051134,-58.449056878439755,-324.14588126796593,-47.77679834570949
282,-402.48237537119496,-75.15061105483095,-325.68086683141405,-48.348594325354675
283,-259.7652883436016,-17.437615288572232,-324.49271648669946,-48.330918879494035
284,-334.4123651299097,-88.8950406693235,-323.90565366785194,-48.90625797420546
285,-331.0773572453865,-68.72968010768365,-323.97116402088363,-48.59189694862197
286,-414.813695790204,-17.881877033656007,-326.14427366809116,-48.58675917379194
287,-181.4936548863403,-41.12252786462993,-324.30364247871654,-48.55147288591024
288,-284.4181249819867,-18.408981856114448,-324.5551418489729,-48.19942142270265
289,-504.2987356676362,-34.18633195785903,-324.762898447292,-47.82275825951419
290,-326.0556983286338,-93.00887461697373,-323.80781032331794,-48.60413212888012
291,-284.2626013997388,-61.50320484438767,-323.01413685454435,-49.04657471587839
292,-347.79875429054897,-58.890757117531315,-323.1541617432239,-48.59802399821533
293,-339.58352956505354,-20.394225856609623,-323.70110929685717,-47.583163387465525
294,-335.9314014715542,-23.40778996200829,-323.2152318642724,-47.64884574975086
295,-274.6238048109904,-25.558261194353893,-322.28766909192217,-47.359494928282004
296,-313.9037035227843,-16.61133312181594,-322.3030925381746,-47.1718432914977
297,-289.6694396681816,-67.39186462306569,-322.8376135413337,-47.66668684013307
298,-174.03558814258906,-31.71570059360618,-321.8411688274504,-47.69532268614155
299,-434.73947548614126,-32.38386027117042,-322.2717799920955,-47.5309601140308
300,-279.4830755241288,-83.45695179458227,-322.2238376884475,-48.19279358017154
301,-254.80027066702937,-60.638217262628025,-319.95390141130423,-48.64880826761539
302,-249.3346188719947,-17.214076883245625,-319.1614584337764,-48.665432438211774
303,-303.7159453579192,-17.98106746406696,-319.7550067344512,-47.89298174368724
304,-335.875528801034,-114.00980401223939,-321.3290317968741,-48.85033450652873
305,-337.72321931343265,-51.41169101144382,-322.12287234782195,-48.58918596808674
306,-335.38075749673436,-16.251690029414128,-323.39086480760665,-48.2933533616018
307,-350.30553311728454,-124.01134203133068,-322.6571182236161,-49.39460458672315
308,-370.93075580874984,-96.09662609981808,-323.43832521102127,-49.53913976801992
309,-304.59317230307073,-17.292080415716192,-322.9446540557599,-49.204805611105016
310,-306.5741390250116,-17.921494445193694,-322.9313386448797,-48.040157991946266
311,-237.34185545352543,-19.50125009493714,-322.88740017632887,-47.747779664966664
312,-304.1301012574139,-67.83531207922536,-320.9415647305044,-48.29252525823396
313,-248.00364222700736,-19.40396294660722,-320.02485250101665,-47.90550480507563
314,-276.26978276657417,-57.804923434824104,-318.39176037046497,-48.329395075947566
315,-226.32932349457656,-114.46384438010344,-317.72589283460985,-49.3125360688076
316,-253.1471200166979,-52.49227059494654,-317.39604659034967,-49.41045789854815
317,-319.8588133736751,-38.65664216653421,-317.46036123255305,-49.16044555318196
318,-423.21848645155393,-54.35530363518966,-316.468463152549,-49.495314770710436
319,-247.63349484035442,-22.87212877376396,-314.0980976265781,-49.53135123868372
320,-379.27928596904184,-22.306869115460277,-314.7273795391802,-49.161443941074765
321,-377.5439437178287,-54.76609606480196,-316.46953015661876,-48.97326600151012
322,-291.03225986799316,-96.4505398486524,-315.5463086251397,-49.31424903174089
323,-393.8060172502339,-57.282214286217936,-315.75465130630687,-49.29705189913337
324,-397.5900817979269,-30.00086492928524,-317.1550459973535,-49.04870792043146
325,-376.70000630306185,-62.89504250122927,-317.0252460947122,-49.09322856986536
326,-267.47328638388115,-57.05813692813828,-315.2630081009098,-49.39219484540666
327,-337.3622724140691,-80.13903106392183,-315.3268267026818,-49.508661522107644
328,-410.29770654573286,-15.28124778538949,-316.0605065561196,-48.665536173237406
329,-311.2720146339255,-27.903091616659975,-314.91687365434933,-48.78274586537472
330,-235.0306288371191,-112.02647722682863,-315.2215629099822,-49.742880098266724
331,-373.5202788990466,-20.351633496497303,-315.507706119522,-49.593090063244915
332,-276.28797860490675,-107.54706338243074,-315.29906254151297,-49.72918424084201
333,-323.39171603229386,-18.414472039016644,-315.7241245596679,-49.29217139041377
334,-542.2225944548743,-13.896291273388874,-319.0290280680727,-48.932100535733156
335,-476.45727926626523,-22.832554863852373,-320.90553592015766,-49.01398015401369
336,-302.82497064698236,-99.66572327607865,-320.22715091676065,-49.60204324225911
337,-367.74308628896677,-32.44173930537928,-320.1531230696156,-48.439350735437024
338,-413.48925484195047,-27.865179469385822,-321.41440679401194,-47.962554683470586
339,-259.69118893019015,-69.64858462021083,-321.29215664691714,-48.48212968740737
340,-262.85498414575153,-58.517760123979606,-318.8997836203076,-48.68712329452938
341,-381.09583663062864,-108.50756346017891,-319.7525090369299,-49.12591613218372
342,-304.03748762475277,-31.995194731938852,-319.84307281610626,-49.27378273166583
343,-265.5146201073769,-54.924615931104405,-319.15168986642755,-49.65166422264148
344,-380.3909567163363,-75.68653456317965,-320.3483731167266,-49.61112425162464
345,-328.9913858020158,-116.08660704655018,-321.02975340126926,-49.22651756228677
346,-344.33329739180897,-39.05076960987256,-322.03304944415095,-49.3948831024475
347,-369.42849750833363,-40.978247927134504,-322.9630465064142,-49.073272916263065
348,-385.1065099954378,-20.939672089792445,-323.44044582502136,-48.588958580630546
349,-320.8783748671647,-17.321939778340422,-323.90574977827174,-48.426124326515854
350,-412.3353506030999,-73.88706553498201,-325.34087997446886,-48.99873008497202
351,-333.5128538144635,-28.660206244037248,-325.96835294880265,-48.57433987521118
352,-407.2259824594524,-29.306731385427984,-326.6380310643448,-48.355823626711484
353,-328.4000399622207,-105.02164690675758,-327.4039330803939,-49.2503050765223
354,-236.06989574080433,-45.457337640430715,-327.2034476428898,-49.542436468768784
355,-398.85617401293564,-20.068298432362337,-327.71777979501627,-49.20481293048769
356,-373.1732349074573,-17.265629839993537,-328.13569027027035,-48.89311691283807
357,-288.5126202594019,-42.44688011383961,-327.15161334235245,-49.174517318734196
358,-327.28069296944216,-21.457307378903668,-327.7153562979088,-49.19465669588214
359,-363.35736117908107,-17.09559468703204,-328.64172547694056,-48.756317840612304
360,-374.7641737406922,-71.15659423263831,-330.49244969137675,-49.28674368699939
361,-323.5350198826077,-116.61273882716374,-330.9686192511571,-49.833541309649696
362,-388.2393427386853,-16.740052736485296,-332.73254817652486,-49.43848404164362
363,-323.4785962395429,-24.00718164242117,-331.39719391995203,-49.13146689291864
364,-437.5114617299009,-23.463273016102963,-332.5098940881248,-48.844465289483814
365,-370.1894732824516,-20.0509735605871,-331.7652689183323,-48.84873073565051
366,-400.1422472966956,-73.42918989118165,-332.26419577693576,-48.873498089895904
367,-281.52929909232927,-22.71634901095039,-331.9015634885236,-48.77201458157123
368,-316.8741389372367,-161.76983193779395,-331.1459737908193,-49.89774796061694
369,-338.00920839855763,-35.603686828565806,-332.05026979710425,-48.82002317781311
370,-331.6681670567495,-49.877151255592935,-330.98497469500836,-49.144777183488436
371,-307.1608017583669,-137.60220483169783,-329.96958742157386,-50.36556817301577
372,-303.4800854034519,-28.66957751242734,-330.27628593550514,-50.462681508912084
373,-370.594891171198,-20.883941261166445,-330.65363830145685,-50.26334385064408
374,-369.3546147351001,-108.20517107685912,-332.04017740364776,-50.10752021905124
375,-300.0387988515836,-28.119559164672513,-332.3465623140899,-50.19862565194563
376,-388.8654387822968,-20.45257300079024,-333.3391929171236,-50.15134954304436
377,-316.94909552155053,-18.69033241495509,-333.82271843080406,-50.14371224211409
378,-297.2722243374712,-63.528540834061936,-332.9171045170204,-50.59907550619714
379,-432.93487084587844,-39.747310498486975,-333.7071868946599,-50.48092595304517
380,-374.3482539486897,-76.84462642443118,-333.8065904541065,-50.66417590946139
381,-259.8229592336169,-20.437417847753014,-333.29150401639157,-50.284059519154525
382,-324.9479333790172,-52.355033131480056,-332.5161595964698,-50.05610373992101
383,-355.82508723539314,-75.34622608148567,-333.4767575853877,-50.63518984785014
384,-248.31924651449958,-19.93115830213764,-332.61582639923364,-49.945551024178286
385,-249.03505469833607,-127.8122108885332,-331.7954033737631,-50.53637633198679
386,-320.4032419515886,-19.35530780572867,-330.85129883537695,-50.55111063970751
387,-338.0077446166831,-23.697536709637085,-332.4164397326804,-50.37686072815758
388,-246.15081564577778,-28.36650965328357,-332.0337666393183,-50.476436006129276
389,-411.95691879264905,-90.57248159637419,-331.11034847056845,-51.04029750251442
390,-351.19921230911024,-16.633023448748506,-331.36178361037315,-50.27653899083217
391,-336.2920915746101,-36.42246227795408,-331.8820785121219,-50.02573156516783
392,-321.8033785163589,-81.92205236866205,-331.62212475437997,-50.256044517679136
393,-297.53981989610287,-30.175621638280944,-331.20168765769046,-50.35385847549584
394,-412.66688949060523,-66.81170065260777,-331.969042537881,-50.78789758240184
395,-289.85648594771635,-84.26701726118372,-332.12136934924825,-51.37498514307014
396,-292.82701391529883,-42.0619254110521,-331.9106024531734,-51.62949106596251
397,-354.20050536159647,-95.00445061440895,-332.55591311010755,-51.90561692587595
398,-445.8659508466544,-59.93402524165241,-335.2742167371482,-52.187800172356404
399,-228.17502728519432,-76.78152001793848,-333.2085722551387,-52.631776769824086
400,-342.5644985115443,-15.316271330745412,-333.8393864850129,-51.95036996518572
401,-323.33948382895704,-74.42419149024143,-334.5247786166322,-52.088229707461856
402,-252.7759786256252,-15.767185389622222,-334.55919221416843,-52.073760792525626
403,-294.01214667149077,-63.655102631701155,-334.4621542273042,-52.53050114420197
404,-215.27152109864306,-27.329539915025812,-333.2561141502803,-51.66369850322983
405,-378.9258269556824,-16.12745265631343,-333.66814022670275,-51.310856119678526
406,-329.0924732481222,-58.34616796888864,-333.60525738421666,-51.73180089907327
407,-232.70874736927092,-20.649969672445753,-332.4292895267365,-50.698187175484414
408,-254.01548450810233,-63.41244503505659,-331.26013681372996,-50.371345364836806
409,-149.38200166146746,-89.9313488184502,-329.70802510731403,-51.09773804886415
410,-192.0836626335412,-47.50820537791491,-328.56312034339925,-51.393605158191356
411,-165.18380081837495,-19.197298114658253,-327.8415397970478,-51.390565638388566
412,-320.4302558146066,-46.65178051865336,-328.00454134261975,-51.17873032278285
413,-361.0942506544246,-58.29888396140933,-329.1354474268939,-51.567679532930875
414,-282.1999620509276,-22.219852637248533,-329.19474921973745,-51.21182882495512
415,-277.18688862594905,-20.913735135403442,-329.70332487105117,-50.27632773250812
416,-250.6500776929694,-50.40498631021647,-329.67835444781383,-50.255454889660825
417,-249.77110678949583,-47.72091014718943,-328.97747738197205,-50.34609756946737
418,-432.5621117991384,-15.27975497921502,-329.0709136354479,-49.95534208290761
419,-295.07186839544386,-17.65093929811563,-329.5452973709988,-49.90313018815113
420,-244.78158807961051,-56.53429230731518,-328.2003203921045,-50.24540442006968
421,-296.9275871357154,-49.66365493334713,-327.39415682628334,-50.19438000875514
422,-268.7345890595341,-59.74799636362995,-327.1711801181988,-49.82735457390492
423,-222.263667179986,-23.06408591109348,-325.45575661749626,-49.485173290153675
424,-246.7179830342176,-64.29309494616933,-323.94703562985916,-49.82809559032251
425,-208.52531256002942,-19.58946889804592,-322.2652886924289,-49.39503985429067
426,-275.9488953215746,-16.838443342803462,-322.3500447818058,-48.992842918437326
427,-217.51250820919398,-140.3018572824664,-321.15154713975704,-49.594471180622776
428,-301.3736291707903,-31.25434636119338,-320.0623063660076,-49.75420216638081
429,-277.05317555077147,-79.64405970945049,-319.72011797517604,-50.27161184730871
430,-259.06014982301167,-36.248215134434886,-319.960413185035,-49.51382922638477
431,-262.78003867541435,-79.75583681171614,-318.8530107827987,-50.10787125953696
432,-319.4429748850868,-115.53721800879836,-319.2845607456005,-50.18777280580065
433,-213.02040567583427,-14.817176606820393,-318.18084764203587,-50.151799851478685
434,-311.0847414889016,-52.765176381179,-315.8694691123761,-50.54048870255657
435,-321.63086485344036,-14.29133624311687,-314.32120496824786,-50.45507651634922
436,-278.00477762082016,-44.63869908906962,-314.0730030379862,-49.90480627447913
437,-290.89446028079584,-21.30177538318545,-313.30451677790455,-49.79340663525719
438,-180.54608176200978,-85.79411612142827,-310.97508504710515,-50.37269600177762
439,-298.6647833630412,-89.08521095167532,-311.36482099143365,-50.56706226509226
440,-340.2349962670155,-36.921174743636904,-312.13862111264626,-50.351096411288836
441,-396.9741374237565,-83.10425917148225,-312.29740412057754,-50.09706336840187
442,-313.31788106494145,-120.41371124470224,-312.3902080549795,-50.981248533529495
443,-274.3707677913079,-156.34145199994305,-312.47876953181884,-51.99541689421788
444,-234.24759804423798,-16.482378079771262,-311.0173359450979,-51.4033753293838
445,-334.91510431293307,-22.27064778088705,-311.07657313020707,-50.46521573672718
446,-223.35994231942252,-20.879110418102137,-309.8668395794831,-50.283499144809475
447,-275.65788548902304,-111.25657319069431,-308.92913345929,-50.986282397445066
448,-234.13105501248808,-52.31364473151416,-307.4193789094605,-51.300022123862284
449,-232.072517627349,-47.33292450484076,-306.53132033706237,-51.60013197112728
450,-342.7491927579033,-71.4246090656432,-305.83545875861034,-51.57550740643389
451,-333.2248861140753,-83.15990343027435,-305.8325790816065,-52.12050437829627
452,-299.4105850700539,-84.91827810759244,-304.75442510771245,-52.67661984551791
453,-326.604504658747,-25.05608820106754,-304.7364697546778,-51.876964258461015
454,-309.6688552722695,-37.69472451555723,-305.4724593499924,-51.79933812721227
455,-270.4938708020557,-29.195831547588575,-304.1888363178836,-51.89061345836454
456,-180.43127034778186,-21.180854987416428,-302.26141667228694,-51.929765709838776
457,-499.63012366491057,-22.773760182688655,-304.372591706342,-51.73303451052727
458,-229.47509646635055,-80.30513103989665,-303.394535741311,-52.3215127471372
459,-272.27097755696786,-61.51141575932711,-302.4836719050899,-52.765670957860145
460,-318.62228828885014,-27.984268820544738,-301.9222530505715,-52.333947703739206
461,-284.20426902927966,-113.96345916599215,-301.5289455420382,-52.30745490712748
462,-273.8218208315054,-69.5128478404701,-300.3847703229664,-52.835182858167336
463,-232.7670957779312,-120.40728923521247,-299.4776553183503,-53.79918393409525
464,-268.49915179146194,-23.605354529997925,-297.7875322189659,-53.800604749234196
465,-310.38821757498084,-22.249551572970763,-297.1895196618912,-53.82259052935803
466,-347.6974687640032,-43.86593212317432,-296.66507187656435,-53.526957951677964
467,-114.35973277679138,-21.87255310793834,-294.9933762134089,-53.518519992647846
468,-197.70123532799187,-60.052882100705474,-293.8016471773165,-52.50135049427696
469,-341.348996163714,-61.51494913136806,-293.835045054968,-52.76046311730499
470,-248.61548856891872,-28.34338159813553,-293.0045182700897,-52.545125420730415
471,-190.73885247469548,-81.92204740207808,-291.84029877725305,-51.98832384643421
472,-295.34694540140777,-47.51308418081678,-291.7589673772326,-52.17675891311811
473,-209.9937808075269,-80.10825937149312,-290.15295627359586,-52.76900209422138
474,-279.2065635388815,-81.55583455186222,-289.25147576163374,-52.50250872897141
475,-291.6805978069159,-37.5302975999401,-289.16789375118697,-52.59661611332408
476,-281.10183423064234,-56.51367404792921,-288.0902577056704,-52.95722712379547
477,-287.64469620534106,-38.12890880124601,-287.7972137125084,-53.15161288765838
478,-309.64806977064615,-24.465178462845017,-287.9209721668401,-52.76097926394621
479,-274.9872053487932,-57.45969137365577,-286.34149551186925,-52.9381030726979
480,-210.12717821955312,-86.80479093998846,-284.6992847545779,-53.03770471785347
481,-236.03852384165987,-17.68330572851732,-284.4614404006583,-53.010163596661116
482,-218.10295379523862,-24.07431201238783,-283.3929906048205,-52.727356385470195
483,-266.44600395090066,-55.594275720549916,-282.49919977197555,-52.52983688186084
484,-373.1351554460574,-71.76998119547278,-283.7473588612911,-53.04822511079419
485,-203.45821469414835,-58.74392295453413,-283.29159046124926,-52.357542231454204
486,-223.36006329391975,-17.623466108428286,-282.32115867467263,-52.34022381448119
487,-217.2532357708515,-17.590747084038483,-281.1136135862143,-52.27915591822521
488,-224.63343390641535,-28.79390496744501,-280.89843976882077,-52.28342987136682
489,-180.38423307102414,-22.853036738637677,-278.5827129116045,-51.60623542278946
490,-365.62854977813845,-69.18521565603218,-278.72700628629474,-52.131757344862294
491,-239.5329279242942,-19.859019294068723,-277.75941464979155,-51.96612291502343
492,-298.16129918490236,-24.259516868324916,-277.52299385647706,-51.389497560020075
493,-246.9245388165682,-16.371953898860273,-277.01684104568164,-51.251460882625864
494,-300.7065907229494,-64.0257312870252,-275.8972380580051,-51.223601188970036
495,-269.2503984467289,-26.689151488873435,-275.6911771829952,-50.64782253124694
496,-406.5078254658127,-15.299958066863095,-276.8279852985004,-50.380202857805045
497,-197.76762716037786,-66.17702555507368,-275.2636565164882,-50.0919286072117
498,-85.20694502613534,-27.725402859515057,-271.657066458283,-49.76984238339032
499,-378.4727325264982,-18.097674210280598,-273.1600435106961,-49.18300392531374
500,-201.4139389002078,-18.810131885497373,-271.7485379145827,-49.21794253086126
501,-454.7457247289711,-43.39081902733051,-273.0626003235828,-48.90760880623215
502,-325.5183653799314,-57.52134505425295,-273.79002419112584,-49.32515040287846
503,-205.0687812761377,-21.264059408860504,-272.9005905371723,-48.901239970650046
504,-206.49676379248444,-91.67355649837593,-272.8128429641107,-49.54468013648355
505,-227.85864879567922,-17.29294241917369,-271.3021711825107,-49.55633503411215
506,-270.1530630715025,-27.05246771426177,-270.7127770807445,-49.24339803156589
507,-332.28460648565016,-37.49740274709902,-271.7085356719083,-49.411872362312415
508,-241.70840555781464,-46.5647795240895,-271.5854648824054,-49.243395707202744
509,-182.6010930470293,-19.403184407651096,-271.91765579626104,-48.53811406309475
510,-299.41094370128917,-18.154012461894737,-272.9909286069385,-48.244572133934554
511,-209.5301413454364,-34.04119580284873,-273.43439201220906,-48.39301111081647
512,-260.7227594172321,-17.63514303796952,-272.83731704823543,-48.10284473600962
513,-375.7782525088261,-61.34208689108518,-272.9841570667794,-48.13327676530638
514,-248.4071012053327,-21.062191003851243,-272.6462284583235,-48.1217001489724
515,-267.9117212740516,-53.61010154959078,-272.5534767848045,-48.44866381311427
516,-149.18249294765485,-40.15844605126467,-271.5388009373513,-48.34619841052476
517,-271.6395217943244,-20.686850717530206,-271.75748508739963,-48.075857816228165
518,-323.6764825100857,-25.153822356315494,-270.66862879450906,-48.17459848999916
519,-252.5496989159345,-81.19444375899258,-270.24340709971403,-48.81003353460793
520,-221.01550132838588,-20.59279152558297,-270.0057462322018,-48.45061852679061
521,-204.6641064752499,-48.315824997669836,-269.08311142559717,-48.437140227433844
522,-309.123632909613,-53.473887990055054,-269.487001864098,-48.3743991436981
523,-251.2290448366025,-17.473712727151263,-269.77665564066405,-48.31849541185867
524,-172.38160619496293,-18.57493913647811,-269.0332918722715,-47.86131385376176
525,-250.6542404464243,-57.6146967042751,-269.45458115113547,-48.24156613182406
526,-173.37040411786705,-19.86879234680926,-268.42879623909835,-48.27186962186411
527,-218.45487687038184,-75.96603143580116,-268.4382199257102,-47.62851136339746
528,-272.48031514970995,-15.824199603900132,-268.14928678549944,-47.47420989582453
529,-192.5329830148065,-21.130856347975225,-267.30408486013977,-46.889077862209774
530,-408.17354774408943,-14.95195342114159,-268.7952188393505,-46.67611524507684
531,-217.58980078197538,-75.94789195216596,-268.3433164604162,-46.63803579648135
532,-245.0206390882637,-102.70606084438462,-267.5990931024479,-46.50972422483721
533,-142.7693864974495,-61.55570633477841,-266.89658291066405,-46.977109522116784
534,-256.23615810946035,-65.85780910699084,-266.34809707686964,-47.1080358493749
535,-217.62622783487475,-21.941636240366385,-265.308050706684,-47.1845388493474
536,-322.9975373920523,-30.207420197434885,-265.7579783043964,-47.04022606043105
537,-347.66293910890585,-102.28518135839516,-266.3256630926774,-47.85006012018315
538,-97.36239128041115,-19.051103196960604,-265.49382618786143,-47.18262999093848
539,-177.3280892287891,-23.518783290956375,-264.28045924651894,-46.52696571433129
540,-217.98032455984895,-16.571217119107153,-263.05791252944726,-46.32346613808599
541,-218.8769631457211,-65.58026549469015,-261.2769407866669,-46.14822620131807
542,-198.1613637548687,-16.849112791913324,-260.1253756135662,-45.112580216790185
543,-252.10360474229864,-30.32517438215625,-259.9027039830761,-43.852417440612314
544,-308.84660087723756,-54.5048039487658,-260.6486940114061,-44.232641699302256
545,-235.09193129193338,-49.87841952464304,-259.65046228119616,-44.50871941673981
546,-265.70243960951973,-19.928621213957495,-260.0738872540971,-44.49921452469837
547,-448.69526497318424,-18.318382890152805,-261.8042610489387,-43.56983262169295
548,-217.27274189522416,-18.779619372209005,-261.6356779177661,-43.2344923680999
549,-197.44780069889586,-21.893106417030616,-261.28943074848155,-42.9800941872218
550,-203.62345332355864,-46.956864747395265,-259.89817335413807,-42.73541674403933
551,-190.53912985180227,-55.95690690756223,-258.47131579151534,-42.4633867788122
552,-445.85362189664875,-16.983421190966574,-259.93574615978133,-41.78403820964594
553,-194.5895551106851,-20.84902627019529,-258.61559666430065,-41.74196759033721
554,-296.85544008164504,-16.18365326240557,-258.4874625123944,-41.52685687780569
555,-346.1214906614817,-53.273497872660414,-259.2437387109887,-41.76763354105641
556,-255.5162363289019,-74.71357018588171,-259.9945883707999,-42.30296069304106
557,-159.35299695985796,-39.460951870560095,-256.5918171037494,-42.46983260991978
558,-169.07300523085337,-54.9076333192311,-255.9877961913944,-42.215857632713124
559,-187.88512424165495,-20.056940421558895,-255.14393765824127,-41.80131287933544
560,-306.2766881935922,-116.85412768398417,-255.02048165728868,-42.69001146796984
561,-243.73016262437676,-64.80719441218487,-254.61574059323965,-42.198448820431764
562,-361.0657473923806,-14.3094878870928,-255.4881798588484,-41.64641522089799
563,-271.5796604309713,-17.081665376992806,-255.87630550537878,-40.61315898231579
564,-302.7333130155931,-15.697235555147776,-256.2186471176201,-40.534077792567295
565,-271.9817074213193,-15.019785748688543,-255.83458201608352,-40.46178013432447
566,-232.146365436214,-64.48354067528669,-254.67907098280563,-40.6679562198456
567,-212.51079693022655,-62.61652318700399,-255.66058162433995,-41.07539592063626
568,-167.78517762660465,-33.61624235911269,-255.36142104732608,-40.81102952322033
569,-339.9828047783656,-15.134638684471733,-255.34775913347258,-40.34722641875136
570,-441.3965022285099,-18.59415864252136,-257.2755692700685,-40.24973418919522
571,-218.7018904413546,-43.03565137733867,-257.55519964973513,-39.86087022894783
572,-176.79848334105347,-24.287305435715275,-256.36971502913156,-39.62861244149682
573,-107.47794931885599,-18.096894745653746,-255.3445567142449,-39.008498795238424
574,-195.04205111456193,-110.4663578259239,-254.50291159000167,-39.29760402797904
575,-323.34219224378046,-108.44432473199257,-254.8195275343703,-40.00674429929956
576,-344.68192946729016,-17.21032614202399,-255.4553284867368,-39.613710820240506
577,-147.22229875772567,-15.066959146254419,-254.05110451226062,-39.38309132369059
578,-281.33426052194494,-18.131851405183568,-253.76796641977364,-39.31975805311398
579,-247.5448339697758,-98.3716829759825,-253.49354270598346,-39.72887796913725
580,-244.74510478149696,-56.863851517670035,-253.8397219716029,-39.42946857491407
581,-446.6502283656816,-12.401793291075368,-255.9458390168431,-39.37665345053964
582,-213.75902155441966,-62.68461043786761,-255.9023996944349,-39.76275643479444
583,-377.380216235236,-14.45307535091507,-257.0117418172783,-39.35134443109809
584,-137.1375359586968,-65.55281210556642,-254.65176562240467,-39.28917274019903
585,-239.08156160668983,-23.83907752288386,-255.00799909153008,-38.940124285882526
586,-279.48543887176186,-18.205968188343366,-255.56925284730852,-38.94594930668167
587,-219.06591831346705,-76.73487545672391,-255.58737967273467,-39.53739059040852
588,-214.82574599489064,-18.803740246940684,-255.4893027936194,-39.437488943203476
589,-241.57693634031483,-24.16141512300519,-256.1012298263123,-39.45057272704715
590,-221.66424491877208,-44.9437122964985,-254.66158677771864,-39.20815769345182
591,-242.20524389873853,-17.777520481812306,-254.6883099374631,-39.18734270532926
592,-315.68999805213235,-14.996924169175845,-254.86359692613541,-39.09471677833778
593,-309.1342170498999,-16.660595280722823,-255.48569370846872,-39.0976031921564
594,-441.00177658520573,-21.242597228038715,-256.88864556709126,-38.66977185156653
595,-244.61840353830496,-74.23573314266635,-256.642325618007,-39.14523766810446
596,-121.09036510822,-27.714364538750758,-253.78815101443107,-39.269381732823334
597,-141.28213192850362,-72.32397936830957,-253.22329606211233,-39.3308512709557
598,-153.61783997036395,-15.094066525695775,-253.9074050115546,-39.20453790761751
599,-233.6476794769135,-24.511373786905327,-252.45915448105876,-39.26867490338376
600,-201.57149707146456,-19.41802469349471,-252.46073006277135,-39.274753831463734
601,-325.1531265718433,-69.76854416136347,-251.16480408120006,-39.53853108280406
602,-253.78060481791033,-18.17499204385968,-250.44742647557985,-39.14506755270012
603,-210.8456505302955,-70.99151697768875,-250.50519516812145,-39.6423421283884
604,-314.22056669285587,-68.33420443888458,-251.58243319712517,-39.40894860779349
605,-171.1375611579391,-16.344387482354513,-251.01522232074777,-39.39946305842529
606,-265.5957055539332,-15.096411466072333,-250.9696487455721,-39.279902495943396
607,-284.05426850708426,-23.118971540501747,-250.48734536578644,-39.13611818387743
608,-298.48414329594664,-70.43451499160668,-251.05510274316774,-39.374815538552596
609,-153.49362970928343,-29.300218012987603,-250.76402810979025,-39.47378587460596
610,-288.01522887110275,-15.699423269365512,-250.65007096148838,-39.449239982680666
611,-218.01985746862294,-84.46944956359296,-250.73496812272026,-39.95352252028812
612,-260.4816860053379,-103.26728366016815,-250.73255738860132,-40.809843926510105
613,-145.32780735995652,-54.02661362244076,-248.42805293711262,-40.736689193823665
614,-245.30888332183363,-179.97328316890454,-248.39707075827764,-42.3258001154742
615,-305.2725803838071,-15.553768855007748,-248.7706793493752,-41.94523678852837
616,-301.48932276430963,-17.621780490388005,-250.29374764754175,-41.719870132919596
617,-226.48832826049176,-15.573391914214012,-249.84223571220343,-41.66873554488643
618,-192.506742502835,-25.988021253585874,-248.53053831213091,-41.67707753385913
619,-185.58766850579846,-99.23315762912836,-247.86091800802956,-41.857464672560496
620,-278.6588033942712,-54.33178007909663,-248.4373510286884,-42.194854558095635
621,-188.10765038864585,-21.691199374109534,-248.27178646782235,-41.928608301860024
622,-331.4539342899253,-92.90835453640622,-248.49508948162548,-42.32295296732354
623,-352.4620833203902,-22.136892772772885,-249.50741986646335,-42.369584767779756
624,-285.44146451103364,-52.273394474807546,-250.63801844962404,-42.70656932116305
625,-245.15061391077467,-14.027033681888563,-250.58298218426756,-42.27069269093919
626,-157.8376384174653,-57.26544112438388,-250.42765452726354,-42.64465917871494
627,-301.7698856916257,-35.411129944730575,-251.260804615476,-42.23911016380422
628,-234.60758286843702,-90.60956646241358,-250.8820772926633,-42.986963832389364
629,-275.45877844483516,-64.5449104721513,-251.71133524696359,-43.421104373631124
630,-157.9469406897684,-18.934262104497485,-249.20906917642037,-43.460927460464674
631,-253.09061785965613,-14.652774815053974,-249.56407734719716,-42.84797628909356
632,-341.8303528531979,-28.03055612505582,-250.5321744848465,-42.10122124190027
633,-268.09808436938596,-14.870805154341152,-251.7854614635659,-41.63437223009589
634,-208.47330211583585,-16.059825570126982,-251.30783290362965,-41.13639239472725
635,-234.57258344857192,-62.59316487714971,-251.47729645976662,-41.54290768109509
636,-274.34160494715,-15.699084572630383,-250.99073713531757,-41.39782432484704
637,-166.93538249263656,-65.08317022588207,-249.18346156915487,-41.025804213521916
638,-164.79485300332453,-51.46789627865528,-249.857786186384,-41.34997214433887
639,-159.7281463215297,-15.429607462650342,-249.68178675731141,-41.2690803860558
640,-446.8589806893914,-13.642118887001143,-251.97057331860682,-41.23978940373474
641,-343.4255339285521,-45.81929470323573,-253.21605902643515,-41.042179695820195
642,-253.58479545550364,-37.814450369521445,-253.7702933434415,-41.25183307159628
643,-296.24235465560554,-16.499524140181443,-254.21168084257457,-41.11357656917653
644,-275.34018547248144,-14.277043093904206,-253.876616688527,-40.71129896062792
645,-278.523083567636,-88.24119332481467,-254.31092821128405,-41.094926698629635
646,-265.3507073825033,-15.759074193131537,-254.30741088901388,-41.053231228421375
647,-358.0446467510938,-18.285051717771207,-253.40090470679294,-41.05289791669757
648,-292.375040245806,-20.544508436343413,-254.1519276902988,-41.0705468073389
649,-318.3842023961213,-16.649093932475658,-255.36129170727102,-41.018106682493354
650,-156.17162280002148,-36.9326371582457,-254.88677340203566,-40.917864406601865
651,-213.55042689113066,-18.021075326868637,-255.11688637242895,-40.53850609079493
652,-212.92713415012324,-15.51823318380523,-252.7876214949637,-40.52385421072332
653,-175.25912653513438,-76.71227895468206,-252.59431720920824,-41.08248673756818
654,-388.9331516257672,-20.400157258802555,-253.51509432464945,-41.12465177753215
655,-189.9860326204324,-28.36556556103871,-251.95373974423896,-40.87557245441593
656,-337.9863702165245,-68.28471407639597,-252.77844108311518,-40.81128389332107
657,-258.0466789225132,-15.25952272236929,-253.7653779027417,-40.56926960183917
658,-177.24847558043191,-16.27479391947947,-253.84713260623752,-40.18294120784165
659,-413.81336365625253,-11.144515955194167,-256.1064150003835,-40.093816963178
660,-261.7601618726648,-44.54654690378297,-255.6612497371742,-39.37074115537598
661,-175.86161354023318,-62.48683720737044,-254.98256424633274,-39.347537583327835
662,-219.80197682246606,-19.456075361521766,-253.5699265406336,-39.39900345807213
663,-193.36835653559703,-14.579056987663709,-252.78781350167986,-39.37397737417884
664,-273.1914403228199,-46.44639353341088,-252.49239477475214,-39.68146895396148
665,-261.4353446180798,-71.0160101204806,-252.38693114671975,-40.2414311976794
666,-100.42202793822443,-26.715543071611073,-251.06968777173984,-39.86375122164264
667,-179.60752361274356,-17.628666999203556,-250.74065503856497,-39.41387265976463
668,-158.49460222531184,-51.596212220387024,-250.64774928455205,-39.59367235837738
669,-267.9955311743083,-19.622223809255363,-249.9278765485115,-39.63854820962521
670,-286.6365078412352,-16.821232554454205,-248.3802766046387,-39.62081894874455
671,-340.40734094523464,-14.782807002649173,-249.59733110967755,-39.33829050499765
672,-299.9720944976851,-17.56113601748881,-250.82906722124386,-39.27102881081538
673,-139.94620302676176,-15.663427272539376,-251.1537497583229,-39.24669413608424
674,-251.2678250610317,-78.74127256892656,-251.71600749778761,-38.92944328351426
675,-339.9385299423237,-20.180740545863674,-251.88197087477306,-38.04680744165297
676,-274.32563717252816,-63.49124297194928,-251.17840795182548,-38.509616609952225
677,-212.12170056548132,-27.457573507754187,-251.82740196990304,-38.63352275356722
678,-178.84082533823147,-13.022849445456174,-250.80246761806592,-38.58243273396995
679,-364.41480738725784,-20.09034434930636,-251.97116735224074,-37.799619347703185
680,-238.92149892154302,-50.93456738432203,-251.91293129364118,-37.740326506369705
681,-328.48550317678877,-16.00381381576805,-250.7312840417522,-37.77634671161663
682,-198.5218215197555,-25.97342067192619,-250.57891204140554,-37.40923481395721
683,-298.3089533427312,-91.71561994340902,-249.7881994124805,-38.18186025988216
684,-211.11356156679457,-20.267483843882786,-250.5279596685615,-37.72900697726533
685,-423.32765245508716,-62.131249381975366,-252.37042057704548,-38.111928695856236
686,-376.0344195888939,-15.04380885406819,-253.3359103842168,-38.08030710251349
687,-382.08462899834603,-13.164192385966324,-254.96609749106554,-37.44460027180591
688,-317.5721891194085,-14.972950536846719,-255.99356192231073,-37.40629237470497
689,-337.7072350175323,-15.114371506814567,-256.9548649090829,-37.31582193854307
690,-305.16432043108813,-54.77736153746287,-257.7898656642061,-37.41415843095271
691,-272.91558144005836,-84.39501402020291,-258.0969690396193,-38.080333366336625
692,-246.64821911349114,-67.56073944792607,-257.4065512502329,-38.605971519124125
693,-208.9517511622875,-25.00055233810912,-256.40472659135673,-38.689371089697985
694,-424.38900520144693,-13.001528638977016,-256.23859887751917,-38.60696040380736
695,-296.52546425199847,-16.834092095235714,-256.75766948465616,-38.032943993333056
696,-181.5159102169332,-18.441629500502984,-257.3619249357433,-37.94021664295058
697,-250.2381254344153,-53.18981413323594,-258.45148487080235,-37.74887499059985
698,-366.9554643430727,-70.80028949186807,-260.5848611145295,-38.305937220261576
699,-263.70131763514183,-15.996026099193742,-260.88539749611175,-38.22078374338445
700,-467.1116695020718,-10.548230352791954,-263.54079922041785,-38.13208579997743
701,-201.18602760426916,-86.57614012619577,-262.3011282307421,-38.300161759625745
702,-313.8078408895855,-13.090445400519355,-262.90140059145887,-38.24931629319234
703,-285.4820475729747,-88.028235919136,-263.64776456188565,-38.419683482606814
704,-361.0217487916194,-13.23618547454563,-264.11577638287326,-37.868703292963424
705,-372.7192497987063,-12.156200140097956,-266.1315932692809,-37.82682141954086
706,-264.1239328297662,-107.81565304807074,-266.1168755420393,-38.754013835360844
707,-271.0510851501764,-21.044261251648464,-265.98684370847013,-38.733266732472316
708,-157.73095825290278,-24.26675443804827,-264.5793118580397,-38.27158912693673
709,-405.97088666548797,-85.19962105542275,-267.1040844276018,-38.830583157361076
710,-492.4700956943567,-12.523861654430434,-269.1486330958343,-38.79882754121173
711,-278.704542803587,-14.321869945504556,-269.75547994918395,-38.09735174503084
712,-202.46751888103157,-16.577914961112043,-269.17533827794085,-37.23045805804028
713,-340.88073949392526,-56.84390925578572,-271.1308675992805,-37.258631014373734
714,-167.8641924636937,-25.423704059970337,-270.35642069069917,-35.7131352232844
715,-338.72675773985975,-13.636584791894382,-270.69096246425966,-35.69396338265326
716,-403.8930711535111,-71.0527778221054,-271.7149999481517,-36.22827335597044
717,-247.97590755762096,-17.60375771661318,-271.929875741123,-36.24857701399443
718,-247.07623943895527,-17.740387353143163,-272.4755707104842,-36.16610067499
719,-330.3757537035568,-61.92343797872476,-273.9234515624618,-35.793003478485964
720,-391.07318048429295,-14.516781663349608,-275.04759533336204,-35.394853494328494
721,-312.6220509370296,-107.81452959927412,-276.2927393388459,-36.256086796580135
722,-295.8887259519667,-16.73893970153751,-275.9370872554663,-35.49439264823145
723,-383.3522937091271,-100.5727468862776,-276.24598935935364,-36.27875118936649
724,-342.1853766163213,-18.029389811286027,-276.8134284804065,-35.93631114273127
725,-342.35089458527455,-15.529840008611018,-277.78543128715154,-35.951339205998494
726,-254.4145891917608,-12.219634282252136,-278.7512007948945,-35.500881137577174
727,-334.4447784701707,-83.5680621176432,-279.0779497226799,-35.98245045930631
728,-465.38952312221846,-14.151436243630387,-281.3857691252177,-35.21786915711847
729,-227.6248028074931,-17.192869846007376,-280.90742936884425,-34.744348750857036
730,-374.70210577030645,-14.833093358705668,-283.07498101964967,-34.70333706339912
731,-339.9790472383316,-65.2509821983979,-283.94386531343645,-35.209319137232555
732,-468.9402213664319,-16.047751431858668,-285.2149639985688,-35.089491090300584
733,-340.23056373286744,-93.6693655768175,-285.9362887922036,-35.87747669452535
734,-310.6321667056165,-16.14153248094585,-286.95787743810143,-35.87829376363354
735,-255.54984875813577,-53.02227222073866,-287.16765009119706,-35.78258483706943
736,-387.0319251269423,-15.732471353715972,-288.29455329299503,-35.78291870488028
737,-404.2024599358366,-55.03784027241945,-290.667224067427,-35.68246540534565
738,-333.21934185387073,-17.251619995160343,-292.3514689559324,-35.3403026425107
739,-442.4307078968951,-68.89574765099373,-295.17849457168614,-35.87496404439414
740,-328.8817555244725,-15.112967847821215,-293.9987223200369,-35.889672534002344
741,-420.5804919846176,-14.967320015281201,-294.77027190059755,-35.5811527871228
742,-416.68653631362685,-13.694411478240685,-296.4012893091788,-35.339952398209995
743,-297.3166394683593,-17.495030964288034,-296.4120321573063,-35.349907466451064
744,-325.0307710494618,-17.52895211943157,-296.90893801307607,-35.382426556706335
745,-294.40571390222624,-18.35936083461077,-297.067764316422,-34.6836082318043
746,-252.8574368914047,-26.04008513191693,-296.94283161151105,-34.78641834119215
747,-275.4096658295899,-80.27917962125613,-296.11648180229605,-35.406359620227
748,-355.8559777013099,-24.057204028069798,-296.7512911768511,-35.44148657614426
749,-285.96640581022933,-14.756354134655583,-296.42711321099216,-35.42255917816606
750,-301.0809835075337,-22.60809500290331,-297.87620681806726,-35.27931375661264
751,-361.3712575062197,-15.654149093359978,-299.3544151242181,-35.255644494277554
752,-442.71125216084715,-119.62061498216147,-301.6522563043254,-36.29666831226112
753,-341.4540421476288,-17.69549525779854,-303.31420546045035,-35.70650047529228
754,-326.9312316734399,-59.37336126233619,-302.694186260927,-36.09623251532761
755,-338.08384525360657,-52.44701737248793,-304.17516438725875,-36.337047033442104
756,-309.31719573023855,-72.76238194659774,-303.8884726423959,-36.381823712144126
757,-333.2141181553943,-17.167763213058397,-304.64014703472475,-36.40090611705101
758,-300.8030332067232,-14.584563444505433,-305.87569261098764,-36.38400381230127
759,-291.6119013263143,-16.94471323970655,-304.65367798768824,-36.44200578514639
760,-403.7062916403247,-87.76787595295706,-306.07313928536485,-36.87421907563814
761,-312.4283965077535,-86.06727181929384,-307.4388071150401,-37.110023421757376
762,-364.26624555806353,-150.40216479495854,-308.8834498023961,-38.41948431609175
763,-245.15040439493166,-15.929318273540762,-309.4012702809895,-38.43298692895052
764,-330.44661722345256,-16.795248537075405,-309.97382204999576,-38.136475478987165
765,-238.37786382452177,-16.519431441455428,-309.74324724206014,-37.591509692196915
766,-311.3907392485215,-14.090835639061696,-311.8529343551631,-37.465262617871424
767,-278.58460319280465,-74.46681886189022,-312.84270515096364,-38.03364413649828
768,-241.97904385357836,-51.294805477879635,-313.6775495672463,-38.030630069073204
769,-281.4927450604056,-18.634936853961392,-313.8125217061073,-38.02075719952027
770,-295.58468284815126,-65.975330665297,-313.9020034561765,-38.512298180628704
771,-324.29463053008965,-14.963397955683902,-313.74087635202505,-38.51410409015905
772,-296.9603368346362,-121.10762414186269,-313.71075877539465,-39.549568971402785
773,-403.38841255969567,-16.44542138817421,-316.345180870724,-39.55738891255913
774,-289.4333607270834,-73.46748845548971,-316.72683622738447,-39.50465107142475
775,-420.3245955309332,-61.781407685043334,-317.53069688327054,-39.92065774281655
776,-333.63741225588694,-17.416857481873798,-318.1238146341041,-39.4599138879158
777,-218.47197667774873,-18.2125418657981,-318.18731739522684,-39.367463571496245
778,-341.55566467966645,-12.992461375504234,-319.8144657886412,-39.367159690796726
779,-317.3986354941363,-22.749697769294176,-319.34430406970995,-39.3937532249966
780,-382.6784773966855,-58.70644222567368,-320.78187385446137,-39.47147197341012
781,-476.86829877459235,-101.98995203644537,-322.2657018104394,-40.33133335561689
782,-285.1822530147421,-13.34802486279092,-323.1323061253893,-40.20507939752554
783,-529.8945746182301,-11.75984265291678,-325.4481623381443,-39.40552162462062
784,-293.68441459934024,-21.903163646829505,-326.27387086846977,-39.42187842265009
785,-371.899453837047,-46.5428337634455,-325.75958888228934,-39.26599426646479
786,-322.02121441772624,-18.865082372894296,-325.2194568305776,-39.30420700165304
787,-403.1954115932172,-51.699513100977796,-325.43056465652637,-39.68956020880315
788,-224.28915919342754,-56.43802597215887,-324.4977343572665,-40.10421096315628
789,-302.54184139252277,-133.09348225010808,-324.14608042101645,-41.28400207058922
790,-273.7505980504655,-58.327131658101905,-323.8319431972102,-41.319499771795606
791,-445.8019613216754,-29.510388606395015,-325.56080699602643,-40.77065351765753
792,-332.44597234518466,-13.737565706705857,-326.4187845283434,-40.232421780245325
793,-368.6941967201976,-102.35389981549675,-328.01620898392247,-41.0059552550192
794,-413.26545913069975,-60.0026216564973,-327.904973523215,-41.4759661851944
795,-481.3303961617617,-89.81863980186317,-329.7530228423126,-42.20581166226068
796,-300.833566479951,-85.80429884700122,-330.9461994049428,-42.87943835572566
797,-233.6972397856172,-17.675138573916144,-330.78079054845483,-42.52429160013245
798,-256.8706237394611,-16.158833961315807,-329.67994214241867,-41.97787704482694
799,-424.3808998896695,-44.26063343813384,-331.28673796496395,-42.26052311821634
800,-322.15257257576917,-16.206189829554376,-329.83714699570095,-42.31710271298396
801,-418.45369505878733,-103.08914640182124,-332.0098236702461,-42.482232775740215
802,-320.0870615980468,-127.44512073848317,-332.07261587733075,-43.625779529119846
803,-320.43395610578233,-80.71529914916496,-332.42213496265884,-43.55265016142014
804,-402.6817998063753,-73.10362401469649,-332.8387354728064,-44.15132454682164
805,-236.53739305663638,-16.413136545379846,-331.4769169053857,-44.193893910874465
806,-400.7015813313027,-48.03065844962639,-332.84269339040105,-43.59604396489002
807,-342.77404338980574,-82.27869421071456,-333.5599229727973,-44.208388294480685
808,-239.42216674293357,-85.98043735156256,-334.3768350576977,-44.825525123615826
809,-265.52641125500065,-57.60046353553606,-332.9723903035928,-44.54953354841695
810,-302.86248415073123,-102.99967836088835,-331.0763141881566,-45.454291715481546
811,-241.1064721487309,-17.308343252092317,-330.700333481608,-45.484156448547424
812,-294.2306359556357,-108.7218650328127,-331.61796465235403,-46.40559594926444
813,-270.9256852564604,-16.801692003961957,-330.9184141099793,-46.0051737767462
814,-437.8695527197089,-73.28431233938207,-333.6184677125395,-46.48377985954031
815,-298.8592841899206,-51.14085256859699,-333.2197929770401,-46.85882253730734
816,-387.5740238441455,-168.10259363372296,-333.0566025039464,-47.82932069542351
817,-240.18446901938404,-58.19925746974551,-332.97868811856404,-48.23527569295483
818,-355.3452569803275,-51.698832388166416,-334.0613782939778,-48.57486014330506
819,-411.4611943475386,-59.40761292193735,-334.87223270041756,-48.54970189273719
820,-211.1197992870496,-16.153549332359994,-333.0726988884451,-48.56606956942729
821,-294.6802862936849,-81.50468381342974,-332.89328124201165,-48.30297111156885
822,-532.2554524405613,-13.769089438626532,-335.25694850689763,-48.27327260893974
823,-362.9653588764763,-16.40797789137543,-335.0530791585711,-47.43162491899072
824,-240.0556338705785,-94.8267900903162,-334.03178173111377,-48.19959892178103
825,-291.4821919559945,-53.73355612638798,-333.5230947048209,-48.581636082958795
826,-288.4364148987414,-75.00456691648809,-333.86331296189064,-49.20948540930115
827,-348.5289551766897,-67.77904249049837,-334.0041547289559,-49.05159521302971
828,-355.01419749472393,-72.92930156792613,-332.9004014726809,-49.63937386627266
829,-253.13086660853892,-22.166985957803533,-333.1554621106915,-49.68911502739063
830,-305.56295241208244,-63.33719469020259,-332.4640705771092,-50.1741560407056
831,-319.1881849115006,-94.74533833120627,-332.2561619538409,-50.46909960203368
832,-271.0648535046999,-130.87592129410297,-330.27740827522354,-51.61738130065612
833,-355.7808335891635,-105.68998631950674,-330.43291097378653,-51.73758750808302
834,-353.59451425523184,-37.338821729373805,-330.86253444928263,-51.94956040056729
835,-262.93205679520946,-42.38707955354241,-330.9363565296534,-51.84320847389533
836,-353.0397757446054,-20.947736070466846,-330.59643503583004,-51.895361121062834
837,-332.84888200720945,-140.18222853562872,-329.88289925654374,-52.74680500369493
838,-288.4982729423228,-58.89820509445076,-329.43568856742826,-53.16327085468784
839,-335.177610292631,-50.543362091512456,-328.36315759138563,-52.97974699909303
840,-254.94451815987946,-21.591857505423963,-327.6237852177397,-53.044535895669064
841,-297.2826460157525,-110.5127635632323,-326.39080675805104,-53.99999033114857
842,-336.5882139218136,-93.81541328216977,-325.5898235341329,-54.80120034918786
843,-305.37628353255485,-23.23346900486801,-325.67041997477486,-54.85858472959366
844,-321.36401812988765,-39.811543721000305,-325.63375244557915,-55.08141064560934
845,-316.6268363558275,-46.868673956431365,-325.85596367011516,-55.36650377682754
846,-347.28602709949695,-22.535975866132905,-326.80024957219604,-55.3314626841697
847,-300.3007857156955,-55.661560848142386,-327.0491607710571,-55.08528649643856
848,-321.79060731996367,-62.01858263425297,-326.7085070672436,-55.464900282500395
849,-422.2257315671243,-27.68424972911849,-328.07110032481256,-55.59417923844502
850,-277.83387066848053,-49.86371722365066,-327.83862919642206,-55.8667354606525
851,-481.1776482459146,-37.03902327038319,-329.036693103819,-56.080584202422735
852,-340.00632086329006,-15.106524880322192,-328.0096437908434,-55.03544330140434
853,-365.9416362920034,-60.57723398182192,-328.2545197322872,-55.46426068864458
854,-278.2420790728733,-95.09352684516847,-327.7676282062816,-55.8214623444729
855,-373.2874119678563,-58.50868260193223,-328.11966387342403,-55.88207899676733
856,-320.6799664166902,-125.65025954320205,-328.23329158028855,-56.410957772733376
857,-210.4505152923331,-67.78421596717014,-327.0056555516579,-56.91712230027449
858,-323.36256058168567,-99.08615800432929,-327.2312508254076,-57.762138245872734
859,-216.69769270262572,-89.45487368866854,-326.4821087391707,-58.48723985036235
860,-320.73461437899243,-20.084755963601463,-325.65239196655745,-57.8104086504688
861,-363.2560888409558,-168.84209411967618,-326.16066888988945,-58.63815687347263
862,-289.041348833324,-16.373623059338343,-325.408419922642,-57.297871456116425
863,-218.60475425915342,-80.43025349566895,-325.14296342128426,-57.94288080833771
864,-222.23221312027363,-61.707459595731756,-324.0608193802525,-58.39200291892427
865,-268.4099767223434,-16.955853850668674,-324.36114050923067,-58.396367143016406
866,-263.8369514603087,-59.80958185986636,-323.8856026313485,-58.85355460522445
867,-366.92981816247766,-56.306302568728825,-324.7690547810452,-58.671949442292835
868,-378.0789246370411,-105.64234892654258,-326.13005358887983,-59.21542487677946
869,-299.4768808177474,-62.72839478673163,-326.3098949464533,-59.656359456107175
870,-398.96885230565357,-14.780829059476723,-327.34373664102833,-59.14441444004897
871,-423.6775797675103,-16.874027468745346,-328.3375661334025,-59.16352073517958
872,-497.72840608975906,-63.001776825595144,-330.3452468259537,-58.582462262016904
873,-337.6296772421366,-49.44136648161267,-329.68765947277814,-58.91242171295129
874,-321.99525555034114,-66.06546466804281,-330.01327842101074,-58.838401475076815
875,-257.0207849598487,-19.427738616361072,-328.3802403152999,-58.414864784390005
876,-334.5650566017477,-15.380398221850967,-328.3895167587585,-58.39450019178978
877,-214.80302896495186,-16.945614183773287,-328.35282728163054,-58.381830914969534
878,-293.0741902040075,-116.80078236019193,-327.86801253687395,-59.41991412481641
879,-396.164594242498,-71.4561378091377,-328.6556721243575,-59.90697852521483
880,-241.80817847281313,-103.20597785533455,-327.24696913511883,-60.35197388151144
881,-341.59777172951334,-97.06181720596422,-325.894263864668,-60.30269253320663
882,-338.61857737960315,-79.7257740254117,-326.4286271083166,-60.96647002483284
883,-373.170090694302,-17.117344143959944,-324.86138226907735,-61.02004503974328
884,-255.53512335049442,-75.8742843422909,-324.4798893565889,-61.55975624669789
885,-385.434025464833,-16.866537449127968,-324.6152350728668,-61.26299328355471
886,-312.78004855798775,-16.985956589450442,-324.5228234142694,-61.24420202572027
887,-339.102161299551,-14.01260136091443,-323.88189091133273,-60.86733290831964
888,-341.2313986071023,-93.28403271690017,-325.0513133054694,-61.235792975767055
889,-325.16243496622826,-86.2112090394899,-325.2775192412065,-60.766970243660865
890,-400.6521132880759,-70.8855654023281,-326.54653439358265,-60.892554581103134
891,-313.5549780986191,-15.060091137687534,-325.22406456135207,-60.74805160641606
892,-334.65235629532634,-14.076887504836176,-325.24612840085354,-60.75144482439736
893,-400.4393588615892,-49.69227045828489,-325.56358002226744,-60.22482853082524
894,-421.31421469194873,-31.929711003082076,-325.6440675778799,-59.944099424291096
895,-434.3651938560774,-83.87545299897059,-325.174415554823,-59.88466755626217
896,-361.18013545064855,-105.75276918208091,-325.77788124452996,-60.08415225961297
897,-324.07268227802246,-107.36901528281268,-326.68163566945407,-60.98109102670193
898,-307.62791889921937,-69.69043166766293,-327.18920862105165,-61.5164070037654
899,-272.99498188960746,-103.91504482775358,-325.6753494410511,-62.1129511176616
900,-259.34801126747817,-15.107230607424226,-325.04730382796816,-62.1019615254403
901,-231.52719177218555,-14.215570686781078,-323.17803879510217,-61.213225768289895
902,-265.68673111060184,-21.448204876652028,-322.6340354902277,-60.15325660967158
903,-359.972777858816,-27.683126547366072,-323.0294237077579,-59.62293488365359
904,-452.66358125740794,-123.08398218366216,-323.52924152226825,-60.122738465343254
905,-393.1176337816433,-12.6536390289799,-325.09504392951834,-60.085143490179256
906,-268.7849702608224,-87.48352307223823,-323.7758778188135,-60.47967213640537
907,-317.3865046060448,-121.362453754377,-323.52200243097593,-60.870509731842
908,-311.8377158597823,-97.51006979754567,-324.2461579221444,-60.985806056301826
909,-241.1082243162551,-85.58625261216478,-324.0019760527569,-61.26566394706811
910,-360.3446190514408,-47.10770253882286,-324.57679740176405,-60.70674418884745
911,-395.532825940694,-64.74060374868384,-326.12106093968373,-61.181066793813365
912,-405.02039456834444,-63.03405232565389,-327.2289585258108,-60.72418866674178
913,-281.34234036940444,-144.6715718848345,-327.3331250769403,-62.00288746555051
914,-435.5228507342142,-45.42859981491691,-327.3096580570853,-61.724330340305855
915,-337.2908841713754,-18.00891199257012,-327.69397405689983,-61.39301093454559
916,-297.05436699244194,-69.17033176687292,-326.78877748838283,-60.40368831587709
917,-455.7900366574261,-39.255235702639766,-328.9448331647632,-60.21424809820603
918,-387.0817695652193,-17.952679442756843,-329.26219829061216,-59.87678656875193
919,-433.80755157279657,-24.141324005126307,-329.48566186286473,-59.52412367958382
920,-340.90473461986466,-15.46264078743847,-330.78351121619284,-59.5172145941346
921,-368.164368652536,-16.305690393459752,-331.5183520397814,-58.865224659934896
922,-264.7170835521769,-20.16220401077972,-328.84296835089754,-58.929155805656436
923,-465.5465565036675,-99.0603367804613,-329.8687803271694,-59.75567939454729
924,-282.12616201562173,-14.79741649061788,-330.2894856086199,-58.95538565855032
925,-265.6408279391094,-128.85705655956838,-330.031071968451,-59.70662066288212
926,-412.2167663541097,-99.58094225983632,-331.26887548300476,-59.9523844163156
927,-321.22686033878,-48.46961952634152,-330.99585453462566,-59.759290186674036
928,-468.4982677876686,-21.60531597063105,-332.13069523755513,-59.24605033070108
929,-273.9995687021935,-76.02656783286632,-332.3393822584917,-59.78464614945172
930,-335.5993231632283,-26.442179767830375,-332.6397459660031,-59.41569600022799
931,-407.7032129024453,-53.02714140839847,-333.52489624591254,-58.998514030999914
932,-449.3565047801453,-23.63680600336401,-335.307812758667,-57.92612287809252
933,-350.452288928843,-16.89576721537144,-335.2545273120638,-57.03818068705117
934,-275.6451881384763,-82.83002174010139,-334.4750340508962,-57.493092687158445
935,-393.67745131504154,-157.5876895688759,-335.78248799609446,-58.645098787311774
936,-347.4539262005293,-84.21470400823836,-335.72662950065376,-59.27776846668949
937,-345.10264879980394,-104.92232779290867,-335.84916716857975,-58.92516945926229
938,-372.0417334321267,-46.290270846291136,-336.68460177347777,-58.79909011678069
939,-390.07441633702086,-13.609534748767176,-337.2335698339217,-58.429751843353245
940,-266.42946206670695,-21.66907555427767,-337.34841927299,-58.430524023841784
941,-478.31013377799286,-39.23853856934546,-339.1586941506124,-57.717781773902914
942,-352.3909201081188,-15.370570198003108,-339.3167212124755,-56.93333334306124
943,-236.04591188725243,-73.46384697835447,-338.62341749602245,-57.43563712279611
944,-428.84670071612203,-80.55414503482955,-339.6982443218848,-57.84306313593439
945,-233.72272473460995,-24.22980355359173,-338.8692032056726,-57.616674431906
946,-292.59002685881916,-16.952702687335375,-338.3222432032658,-57.560841700118026
947,-209.75854528492007,-51.36520763778799,-337.416820798958,-57.51787816801448
948,-238.04458736817634,-64.78391807086696,-336.5793605994401,-57.54553152238062
949,-398.63404576124526,-21.15115862867632,-336.34344374138135,-57.480200611376205
950,-284.9331509287179,-75.99888682634152,-336.41443654398375,-57.74155230740311
951,-367.9878544257656,-48.39657611683822,-335.28253860578224,-57.85512783586766
952,-347.44628381228375,-74.23784987410941,-335.3569382352722,-58.44644108580553
953,-327.2847434211056,-55.96885581613726,-334.9703693065632,-58.400357304148685
954,-283.1897822228405,-22.1006532775669,-335.0198463380629,-57.67042856847267
955,-312.3173439241674,-44.422018085564574,-334.410145657626,-57.52956192330899
956,-348.75986179093826,-52.58674031662658,-334.6909446113685,-56.79892673104323
957,-299.2252391833414,-17.6363583069643,-335.5786918502785,-56.29744815444118
958,-346.47177905811395,-93.36289739899522,-335.8097840350428,-56.24021554838784
959,-334.9175377252497,-16.484676953317166,-336.99198248526903,-55.510513581034324
960,-362.540502807795,-87.42107717574657,-337.41004136955706,-56.18387679315578
961,-327.83880404939674,-20.844559278707212,-337.05586852164146,-54.70390144474609
962,-328.5656055256665,-44.45093734627251,-337.4511110885649,-54.98467458761542
963,-352.50462786665327,-15.564549710888832,-338.79010982463996,-54.336017549767625
964,-467.651677909893,-58.07815725609242,-341.2443044725361,-54.29972452637123
965,-317.00646030511234,-18.212862388025293,-341.7302693083638,-54.3122946117448
966,-338.93195720703255,-101.28239226013082,-342.48121936583107,-54.727022715747445
967,-337.5265179958273,-48.5989261906315,-342.1871863641645,-54.649948951966465
968,-439.79151149511387,-55.98598405111213,-342.8043122327453,-54.15338530321217
969,-293.11425760058,-16.690460684069336,-342.74068600057365,-53.693005962185545
970,-373.4355567034344,-17.502968355008097,-342.4853530445514,-53.72022735514086
971,-294.78404324862197,-18.366804101835044,-341.1964176793625,-53.735155121471756
972,-379.7943470646623,-56.29869803804878,-340.0170770891115,-53.66812433359629
973,-318.2872473383523,-15.672848411166314,-339.82365279007365,-53.33043915289182
974,-242.9960673503048,-17.831686572135904,-339.0336609080733,-52.848101371932756
975,-352.5364100971608,-43.47717221955764,-339.9888171594464,-53.08859570796472
976,-318.9472558995458,-56.55807421660849,-339.8326391524244,-53.5003724679123
977,-391.34756011697954,-48.37632152070632,-341.5980844639448,-53.81467954128163
978,-367.41504322738734,-29.571871640919,-342.34149299417857,-52.94239043408891
979,-324.0143917945967,-21.14908177077497,-341.61999096969953,-52.43931987370527
980,-326.05577329678215,-17.116551493272496,-342.4624669179392,-51.57842561008465
981,-519.2534134765757,-18.721888181725976,-344.2390233354098,-50.79502631984227
982,-335.4268907436503,-20.87500064229903,-344.20710646905025,-50.20651858601114
983,-329.2701613074968,-107.23868030669965,-343.7681071751823,-51.10773194763855
984,-332.8315095460741,-15.930735041125462,-344.5410710371381,-50.50829645462689
985,-456.16384539158094,-46.52094346608331,-345.24836923640555,-50.80484051479644
986,-282.5452315673332,-21.215603123360623,-344.94602106649904,-50.84713698013554
987,-464.973297918778,-15.23026900125855,-346.20473243269123,-50.85931365653898
988,-475.64153540653723,-23.912802085762415,-347.5488338006856,-50.165601350227604
989,-446.1014596821378,-78.04080418843537,-348.75822404784464,-50.083897301717066
990,-441.87104110487326,-16.4315171316692,-349.1704133260127,-49.53935681901048
991,-209.10039387815925,-93.12817367412141,-348.125867483808,-50.320037644374814
992,-404.9605604238088,-17.105254327840502,-348.82894952509287,-50.350321312604855
993,-329.84302123310806,-130.7191904827204,-348.122986148808,-51.16059051284922
994,-419.1675915675101,-18.118371953156423,-348.1015199175636,-51.02247712234996
995,-464.12680175119766,-62.07706080702497,-348.39913599651493,-50.80449320043051
996,-269.9285852069609,-38.60075281476024,-347.48662049407807,-50.13297303675729
997,-392.6173433754924,-49.600690568753954,-348.17206710505275,-49.5552897896167
998,-312.58443319834305,-81.86443834632637,-348.221632248044,-49.67702985640334
999,-543.6199703106754,-13.96258482525525,-350.92788213225464,-48.77750525637835
1000,-361.364179857565,-84.8630592574469,-351.9480438181555,-49.47506354287857
1001,-393.72954154300885,-14.183288475945472,-353.57006731586375,-49.474740720770214
1002,-496.0694313554303,-14.869785978591342,-355.873894318312,-49.408956531789606
1003,-302.30713519603324,-159.40045868573782,-355.2972378916842,-50.72612985317333
1004,-389.24734964909095,-58.67318853529344,-354.663075575601,-50.08202191668964
1005,-351.71383496158694,-24.119230648059478,-354.2490375874005,-50.19667783288043
1006,-316.8282293167692,-98.53568937899712,-354.72947017795997,-50.307199495948026
1007,-253.30608151253446,-21.335299038860214,-354.0886659470249,-49.306927948792854
1008,-458.6224672487454,-120.43201331533763,-355.55651346091446,-49.53614738397078
1009,-475.72745471969927,-21.870615857076807,-357.90270576494885,-48.8989910164199
1010,-300.3959778868555,-37.745556472130026,-357.30321935330295,-48.805369555752975
1011,-330.00059396869796,-11.005773499620355,-356.647897033583,-48.26802125326234
1012,-410.0566197311516,-14.830556045665224,-356.6982592852111,-47.78598629046245
1013,-358.37398147807966,-91.59375437286877,-357.4685756962979,-47.255208115342796
1014,-327.4040876182981,-21.36181789761799,-356.3873880651388,-47.014540296169805
1015,-290.0133816538886,-17.795352852654176,-355.9146130399639,-47.012404704770645
1016,-406.1200338207683,-20.391003269747483,-357.00526970824717,-46.52461141979939
1017,-380.1552757774576,-16.40187200227842,-356.24892209944744,-46.29607778279577
1018,-332.71941533350974,-59.95658326577862,-355.70529855713033,-46.716116821026
1019,-254.0002963876589,-18.217600394647505,-353.90722600527897,-46.65687958492121
1020,-385.062396895124,-117.179192368066,-354.34880262803154,-47.67404510072749
1021,-306.2233507935636,-25.0182534637408,-353.72939244944183,-47.7611707314303
1022,-278.2948246314594,-48.89208220552132,-353.8651698602347,-48.04846951337771
1023,-464.3861502235242,-54.26821548023297,-353.8535657974333,-47.60054830037543
1024,-349.050076421931,-35.87737360924128,-354.52280494149636,-47.811347871561665
1025,-280.2928131341215,-15.976423521438551,-354.6693247934465,-46.68254154118036
1026,-329.4626403978758,-40.84669823234331,-353.84178353388415,-46.09519910090543
1027,-236.86562983406589,-19.006835476453443,-352.998171228837,-45.80057126040655
1028,-348.41028393696376,-97.05954055098422,-351.79729139033,-46.555113506210084
1029,-352.7354120141652,-17.14708425883698,-352.58464982344975,-45.966318670469796
1030,-350.13636029634404,-63.6945744014819,-352.7300201947809,-46.3388426168063
1031,-297.1566472201061,-122.89290621524533,-351.62455453795747,-47.03750026487477
1032,-348.7368985375882,-98.97915067852013,-350.61835847553186,-47.790923711626334
1033,-399.6140725102687,-17.681164268932474,-351.10997631134614,-47.79877768216195
1034,-364.11961505774394,-25.976320353099265,-351.99472058053885,-47.230240668291934
1035,-373.75683925947664,-24.202147719369144,-351.79551445998317,-45.89638524979686
1036,-390.2623408444505,-61.0799186914728,-352.2235986064224,-45.6650373966292
1037,-379.7068493627667,-55.28986353396156,-352.569640612052,-45.168712754039724
1038,-316.8713015606007,-16.84736502468548,-352.0179362933367,-44.87428369582367
1039,-407.2901157023013,-96.41565827299348,-352.1900932869895,-45.70234493106594
1040,-357.81948681553706,-14.940165864123589,-353.10399353447775,-45.6350558341644
1041,-370.2898454862586,-14.644455862972672,-352.02379065156043,-45.38911500710066
1042,-325.63611602592664,-130.3273954271661,-351.7562426107385,-46.5386832593923
1043,-292.03667389858157,-19.749613653858727,-352.31615023085186,-46.00154092614734
1044,-376.47192522228346,-20.134930455185895,-351.7924024759135,-45.3973487803509
1045,-283.53813402843093,-18.362842926677448,-352.2905565688517,-45.33867917408177
1046,-282.5627926317705,-57.56323119807198,-352.1902842265812,-45.744784459189134
1047,-414.7597356735789,-76.89463075679755,-354.24029613046775,-46.00007869037922
1048,-363.2984891774133,-25.346504472345682,-355.49283514856006,-45.605704554394
1049,-303.65769937228924,-57.33482589015311,-354.5430716846705,-45.96754122700877
1050,-399.3606032712753,-19.183310927770673,-355.68734620809613,-45.39938546802307
1051,-274.5473966966008,-21.61460510490138,-354.7529416308045,-45.13156575790371
1052,-280.1628323077292,-20.87707765200922,-354.080107115759,-44.59795803568271
1053,-350.2433017274835,-34.66606012932465,-354.30969269882274,-44.38493007881458
1054,-298.56294535613625,-19.533309355745647,-354.4634243301557,-44.35925663959636
1055,-309.95975541888214,-16.399828834827524,-354.4398484451029,-44.07903474708899
1056,-327.597012346058,-57.6464720289092,-354.2282199506541,-44.129632064211826
1057,-296.679032957154,-19.035749236151737,-354.2027578883922,-44.14362597350369
1058,-339.99566663354426,-19.762511903299597,-354.1379967641465,-43.40762211854674
1059,-379.00206464194326,-17.939503812583446,-354.57884203331344,-43.422170387139396
1060,-251.94610744820082,-86.9931481378996,-353.4728980797175,-43.41789109676093
1061,-421.7687148131949,-112.1818222490348,-354.4121971873555,-44.33126372646421
1062,-443.45869796675436,-17.06932980497558,-355.5611281117663,-44.057447651051234
1063,-300.4807013628054,-48.44518030335135,-355.0408888467279,-44.38625395697587
1064,-344.39990194773077,-40.769375924088195,-353.80837108710625,-44.213166143655826
1065,-411.2464474370141,-37.47079721993327,-354.7507709584252,-44.405745491974905
1066,-393.9163490464727,-61.18151373577346,-355.3006148768197,-44.004736706731336
1067,-332.5601632092488,-20.58053462552303,-355.2509513289539,-43.72455279108025
1068,-364.8721369156731,-16.881357944206286,-354.5017575831595,-43.333506530011185
1069,-397.1019491478724,-17.62219781518554,-355.5416344986324,-43.342823901322355
1070,-316.1833307643744,-73.73007422065528,-354.9691122392418,-43.90509495997882
1071,-346.0331789574923,-130.06760954753787,-355.48160359633044,-45.02210301443585
1072,-192.87058407322476,-17.24618747390238,-353.61236596641606,-44.631577908794384
1073,-443.0035308267952,-19.6944028195936,-354.8595288013005,-44.67179345287865
1074,-327.19854347037676,-117.59302317551709,-355.7015535625012,-45.66940681891247
1075,-255.2616507147105,-16.618395698865243,-354.7288059686767,-45.40081905370554
1076,-316.4913490117492,-15.79163152858898,-354.70424689979876,-44.993154626825344
1077,-356.9963803609106,-43.309852639531954,-354.36073510223804,-44.94248993801361
1078,-232.26469286290802,-17.406840269909203,-353.00923159859326,-44.8208396243035
1079,-316.8733695780927,-106.3887579005961,-352.93782137642825,-45.67323638560172
1080,-442.93139432511094,-15.216794316735516,-354.10657758671147,-45.65423881383635
1081,-584.7842305481742,-99.74914930663888,-354.7618857574274,-46.464511425085476
1082,-298.6452303125108,-25.79057591853292,-354.3940691531161,-46.513667177847815
1083,-301.92489784666185,-50.85945829921475,-354.1206165185078,-45.94987495777296
1084,-370.50772816915145,-86.19588269717049,-354.4973787047386,-46.65252643433342
1085,-310.0707272102811,-72.58107987875107,-353.0364475229256,-46.913127798460096
1086,-274.1780043672935,-90.85679986624382,-352.95277525092513,-47.60953976588893
1087,-251.90489940943988,-19.595068954637767,-350.8220912658318,-47.65318776542273
1088,-384.80958940362956,-126.4230992171884,-349.9137718058027,-48.67829073673698
1089,-356.7093715410044,-26.705395809326944,-349.0198509243914,-48.1649366529459
1090,-344.8704231832158,-80.66332842601267,-348.0498447451748,-48.80725476588933
1091,-306.53027966274834,-20.04369289774103,-349.02414360302066,-48.076409958125524
1092,-333.64584645196805,-75.93286774889313,-348.3109964633023,-48.66468609233605
1093,-314.9203643858071,-15.377855084285846,-348.16176989482926,-47.5112727383517
1094,-421.74042199562984,-36.17632727056057,-348.18749819911045,-47.69185229152575
1095,-375.0135016868509,-59.80131451799145,-347.296365198467,-47.669094828635416
1096,-415.3121894859217,-16.131842973833606,-348.7502012412566,-47.444405730226144
1097,-352.6094076895408,-38.21780428347933,-348.3501218843971,-47.3305768673734
1098,-404.47455989055464,-41.80999763503914,-349.26902315131923,-46.93003246026053
1099,-447.8760627741614,-26.30267469731991,-348.31158407595404,-47.05343335898117
1100,-448.25994192308144,-57.009212306918606,-349.1805416966092,-46.77489488947589
1101,-353.8511746649164,-16.319214356836177,-348.78175802782835,-46.796254148284795
1102,-377.39946050596393,-135.1619659848143,-347.59505831933365,-47.999175948347016
1103,-460.6779853665274,-105.52729403339544,-349.1787668210386,-47.4604443018236
1104,-240.3606163656235,-16.769204187599865,-347.68989948820393,-47.04140445834667
1105,-187.01127783316326,-25.161119479018858,-346.0428739169197,-47.05182334665626
1106,-501.2514781126831,-56.994341014912635,-347.88710640487886,-46.63640986301542
1107,-284.97879390472906,-56.72901938406321,-348.2038335288008,-46.99034706646745
1108,-246.1133735926312,-129.10988514095962,-346.0787425922396,-47.07712578472366
1109,-381.66163330137226,-78.95071438955934,-345.13808437805636,-47.647926770048485
1110,-334.9169792195191,-140.1396385368869,-345.483294391383,-48.67186759069605
1111,-261.0676772135313,-15.444878392197918,-344.7939652238313,-48.71625863962183
1112,-407.2175163732319,-13.155811324938972,-344.76557419025215,-48.69951119241457
1113,-307.5646651218552,-64.29026196201661,-344.25748102668985,-48.42647626830605
1114,-393.0442709919199,-26.220509492956968,-344.9138828604261,-48.47506318425944
1115,-397.5431889375016,-81.69752491417235,-345.9891809332622,-49.11408490487462
1116,-341.1075739680482,-90.29305291055937,-345.339056334735,-49.81310540128275
1117,-305.7685660173477,-15.582567123598384,-344.5951892371339,-49.80491235249594
1118,-332.22475168896136,-84.85263779200896,-344.59024260068844,-50.05387289775824
1119,-354.2893082422587,-73.62914900571562,-345.59313271923446,-50.60798838386892
1120,-339.87532171506655,-15.803327002660406,-345.1412619674339,-49.59422973021486
1121,-332.21254874744164,-20.8321946727323,-345.40115394697267,-49.552369142304784
1122,-318.3483574711529,-16.697587566338843,-345.80168927536965,-49.23042419591296
1123,-402.0529354737968,-62.38370556509781,-345.17835712787235,-49.31157909676161
1124,-338.24340912698284,-30.044996530576025,-345.0702904549229,-49.253255325974955
1125,-257.3137483023412,-87.88172474805707,-344.84049980660507,-49.97230833824114
1126,-343.2076092098187,-59.43083977798755,-344.9779494947245,-50.158149753697586
1127,-264.9039116810208,-112.40094851296615,-345.25833231319405,-51.092090884062706
1128,-406.603817939202,-13.763729759937958,-345.8402676532164,-50.25913277615224
1129,-348.08352196342304,-17.8838237304276,-345.793748752709,-50.266500170868156
1130,-437.41446768133426,-69.78414866997959,-346.6665298265589,-50.32739591355313
1131,-376.4168809244209,-16.990282089078853,-347.459132163602,-49.26836967229146
1132,-293.3698407959125,-20.988102896316406,-346.90546158618525,-48.48845919446943
1133,-393.6285513815096,-12.703514746856797,-346.84560637489767,-48.43868269924867
1134,-189.18656124735648,-37.70982960658983,-345.0962758367938,-48.556017791783574
1135,-334.5940519065827,-15.599914089916922,-344.70464796326485,-48.46999545548906
1136,-367.5730730922831,-14.968548452034117,-344.47775528574317,-48.00888175309467
1137,-357.32764499241136,-81.73410796287321,-344.2539632420396,-48.273324197383786
1138,-384.9069185387204,-15.077048705589123,-344.9343194118208,-48.25562103419282
1139,-343.0458468097622,-18.20118336269667,-344.2918767228954,-47.473476285089845
1140,-333.3579474838303,-17.3753460416905,-344.0472613295783,-47.49782808686552
1141,-422.9387621128604,-27.951076676776253,-344.5737504958443,-47.63089429500356
1142,-344.67652360219375,-80.60054146200007,-344.764154571607,-47.1336257553519
1143,-248.8244049388561,-22.949731131592543,-344.33203188200974,-47.16562693012924
1144,-412.83993696815384,-69.05732279464621,-344.6957119994684,-47.65485085352384
1145,-432.9704249078016,-28.98707669995028,-346.1900349082622,-47.76109319125657
1146,-261.309367938796,-17.600299394522498,-345.97750066133244,-47.361463873221076
1147,-302.4015975717289,-39.90767830832385,-344.85391928031396,-46.991594348736335
1148,-400.5844790085367,-28.304796219712767,-345.22677917862524,-47.02117726621001
1149,-288.915368382827,-16.931591964197494,-345.0793558687306,-46.61714492695045
1150,-402.1680897971317,-21.034489264043845,-345.10743073398913,-46.63565671031318
1151,-338.276066146451,-152.01090445228988,-345.7447174284876,-47.93961970378706
1152,-575.6274770090915,-58.65471178568789,-348.69936387550126,-48.31739604512385
1153,-252.50126083705584,-16.636200870397648,-347.72194346659694,-48.13709745253458
1154,-412.81134054117445,-14.753073630566812,-348.8644274184473,-48.08929509528279
1155,-439.76388732200104,-15.830287114964191,-350.1624687374785,-48.08359967808416
1156,-377.4187421631918,-80.16226929605456,-350.6606860356498,-48.30875765075562
1157,-314.21366083408543,-14.107884435021893,-350.8360323144191,-48.25947900274432
1158,-256.31303066522344,-120.79100920200223,-349.99920595473594,-49.269763975731344
1159,-435.4386522265106,-16.398935443603147,-350.5635718305816,-49.25435829204154
1160,-303.6250448934653,-15.705679727481138,-351.0803612050343,-48.54148360793736
1161,-344.59410649071725,-14.125189277619205,-350.3086151218095,-47.5609172782232
1162,-410.25064420783553,-22.54742044975934,-349.97653458422036,-47.61569818467104
1163,-374.6204660081442,-49.61329348314955,-350.71793223067374,-47.62737931646902
1164,-308.50936356324354,-20.442842290494468,-350.35902684682895,-47.42411398013308
1165,-367.63324896733627,-78.57080005335948,-349.9228948621321,-47.83511400846735
1166,-285.4600409592445,-97.98929872035968,-348.8383317812598,-48.20319185831322
1167,-266.30838431853556,-22.456957075361537,-348.1758139923527,-48.2219560828116
1168,-311.0210983499091,-17.510467912581106,-347.637303606695,-48.228247182495345
1169,-330.60526867118307,-54.15582324173611,-346.97233680192807,-48.593583436760845
1170,-398.27676716927164,-18.53235535114929,-347.7932711659771,-48.04160624806578
1171,-415.42418226844154,-99.35307486929598,-348.48718119908665,-47.73446090128337
1172,-332.8624220163353,-22.210865087478954,-349.88709957851773,-47.78410767741913
1173,-365.0821657595941,-73.71884358918658,-349.1078859278457,-48.324352085115066
1174,-387.7391022767729,-26.577794399281313,-349.71329151590965,-47.41419979735271
1175,-383.7469631845203,-44.09614331288273,-350.99814464060773,-47.68897727349288
1176,-275.0550996127386,-15.918137545163273,-350.58378214661764,-47.690242333658624
1177,-391.59366116215807,-16.027607185752814,-350.92975495463014,-47.417419879120835
1178,-392.42540129897975,-63.37715712455446,-352.5313620389909,-47.87712304766729
1179,-385.5240073162474,-77.31371403374489,-353.2178684163724,-47.58637260899878
1180,-301.651746484786,-16.03848051483433,-351.80507193796916,-47.59458947097976
1181,-358.3295093011169,-72.97130019304745,-349.5405247254986,-47.326810979843856
1182,-281.5500990895175,-68.27689829832673,-349.36957341326865,-47.75167420364179
1183,-295.3033619998626,-19.934891621600524,-349.3033580548007,-47.442428536865656
1184,-337.888379534418,-15.989064467127346,-348.9771645684533,-46.74036035456521
1185,-372.23751853231965,-69.86210443307553,-349.5988324816737,-46.713170600108455
1186,-413.15026051868387,-79.30301078239154,-350.98855504318755,-46.59763270926993
1187,-357.23282601734417,-15.369595268378072,-352.0418343092666,-46.55537797240734
1188,-357.7037203164265,-21.727302186952844,-351.7707756183946,-45.50842000210499
1189,-322.79653890325943,-58.30545089168942,-351.43164729201715,-45.824420552928615
1190,-318.49381503662164,-43.22760560550797,-351.16788121055123,-45.450063324723565
1191,-407.75673239595557,-16.16239852638059,-352.1801457378833,-45.41125038100996
1192,-280.8425003590189,-18.896503380712502,-351.6521122769538,-44.840886737328155
1193,-322.8039701831312,-65.11131561602824,-351.73094833492706,-45.338221342645575
1194,-289.03660604553943,-21.807258472940187,-350.4039101754261,-45.194530654669364
1195,-311.89850784898067,-154.85247157851018,-349.77276023704746,-46.145042225274544
1196,-416.89161000925515,-13.500893533272933,-349.78855444228077,-46.118732730868935
1197,-261.8902287428548,-80.62366673098647,-348.8813626528139,-46.54279135534401
1198,-229.5224553808984,-18.13114865134496,-347.1318416077173,-46.306002865507075
1199,-379.49488948734546,-16.601482720447066,-346.44802987484917,-46.20899094573835
1200,-344.3842915400604,-78.17033541874237,-345.40927337101897,-46.42060217685658
1201,-249.02220164187705,-17.86732458962697,-344.36098364078856,-46.436083279184494
1202,-317.329923846085,-16.332185268571823,-343.7602882741898,-45.24778547202206
1203,-463.62332694691884,-51.04606622842207,-343.7897416899937,-44.70297319397233
1204,-454.58674539396577,-22.38769206218869,-345.93200298027716,-44.75915807271823
1205,-383.2148676690103,-87.47690214783101,-347.8940388786356,-45.38231589940634
1206,-227.17508113260172,-16.918873300551006,-345.15327490883476,-44.981561222262734
1207,-306.9625111024766,-69.1573379620561,-345.37311208081223,-45.105844408042664
1208,-509.19583593122036,-20.299651434302795,-348.00393670419817,-44.01774207097609
1209,-316.64381419792596,-67.2409034871842,-347.3537585131637,-43.90064396195235
1210,-457.81778387628003,-78.1655443098846,-348.5827665597314,-43.28090301968231
1211,-333.21421369577104,-16.463635331733297,-349.30423192455373,-43.29109058907767
1212,-353.5128416728565,-39.30100530087868,-348.76718517755,-43.55254252883706
1213,-330.52706117736585,-16.27888185290778,-348.9968091381051,-43.07242872774597
1214,-303.3799986223017,-70.61144616326912,-348.10016641440893,-43.516338094449104
1215,-228.5370159973822,-16.612378153540583,-346.4101046850077,-42.86548662684278
1216,-282.4921681013471,-17.915207434615436,-345.82395062634066,-42.14170817208335
1217,-397.5476714517393,-73.68404854690083,-346.7417416806846,-42.72272298631637
1218,-382.6804939282365,-51.998064838661875,-347.2462991030773,-42.394177256782896
1219,-354.7741049920563,-63.3800902348764,-347.2511470705753,-42.29168666907451
1220,-214.90887488346468,-17.72519421537012,-346.0014826022593,-42.310905341201604
1221,-276.3327128859481,-75.23285282616726,-345.4426842436443,-42.85491192273595
1222,-216.02262118796736,-81.67197207752415,-344.4194268808124,-43.5046557678478
1223,-446.72288933580046,-14.931661798788365,-344.86612641943253,-43.030135330184706
1224,-505.1500340462407,-85.90759530988556,-346.53519266862514,-43.5887613179778
1225,-351.43271709369594,-18.42846376302915,-347.47638235653864,-42.89422870812752
1226,-357.4576645071281,-70.86615744369291,-347.61888290951174,-43.00858188478458
1227,-239.522611904984,-28.328085884567063,-347.36506991175133,-42.16785325850059
1228,-279.80581720233334,-35.83538617263981,-346.09708990438264,-42.38856982262761
1229,-318.4634604944889,-15.287463067034105,-345.8008892896933,-42.36260621599368
1230,-447.84063202196734,-13.924056306397183,-345.90515093309966,-41.80400529235785
1231,-260.4151620474657,-33.01252223642261,-344.74513374433013,-41.96422769383128
1232,-292.33373358058356,-24.424317913714614,-344.7347726721769,-41.99858984400527
1233,-239.36667655919948,-15.450237627031091,-343.19215392395375,-42.026057072807
1234,-334.8188928657284,-67.0572392175091,-344.64847724013754,-42.319531168916185
1235,-234.96589345605764,-60.785960268129045,-343.6521956556322,-42.77139163069831
1236,-329.43594908652784,-16.06105134431477,-343.2708244155747,-42.782316659621124
1237,-368.4646746826741,-52.039464793852126,-343.3821947124773,-42.485370227930915
1238,-382.5144186825362,-14.424803889636996,-343.35826971391543,-42.4788477797714
1239,-333.56584421242275,-15.673247346746873,-343.263469687942,-42.453568419611905
1240,-336.8201859780924,-14.986801052251918,-343.29809207288463,-42.42968296971752
1241,-322.13296582033377,-16.464567740037353,-342.2900341099594,-42.31481788035012
1242,-308.9603153268111,-70.96109346694331,-341.9328720272056,-42.21842340039956
1243,-288.45640730193224,-15.217590973246546,-342.3291920508363,-42.1411019988161
1244,-430.10291968639234,-25.447353008948845,-342.50182187801875,-41.70500230095912
1245,-417.1381726722835,-18.322386414612723,-342.3434993556635,-41.59835539810575
1246,-559.0559532500992,-58.92681711360075,-345.3209652087765,-42.01162057529653
1247,-301.081884627395,-61.09980024382052,-345.3077680793332,-42.2235417946515
1248,-394.1688899022236,-52.07365273290851,-345.24361218827005,-42.46123035978346
1249,-457.50213725017284,-104.36166381095964,-346.92947987694356,-43.33553107825108
1250,-307.23562707448616,-71.75670787535073,-345.9801552497171,-43.84275326436414
1251,-298.9855768580957,-15.44099104234789,-345.5872503568336,-42.477054130264726
1252,-323.9794602769603,-123.5614428180392,-343.0707701895123,-43.126121440588236
1253,-349.91756072640493,-16.49499026037358,-344.0449331884057,-43.124709334487996
1254,-436.77005655937575,-14.328440903061498,-344.28452034858776,-43.12046300721295
1255,-276.35310783497835,-24.118076076439593,-342.6504125537175,-43.2033408968277
1256,-446.63067912619994,-63.47948485511726,-343.34253192334756,-43.03651305241832
1257,-321.31653378062464,-57.62727502735053,-343.413560652813,-43.471706958341606
1258,-305.33869970653757,-71.86591092579295,-343.90381734322614,-42.98245597557951
1259,-378.5189142110739,-21.444695579364172,-343.3346199630718,-43.032913576937126
1260,-323.1889834804612,-17.959825215163015,-343.5302593489418,-43.05545503181394
1261,-302.91715482883984,-21.59737415710195,-343.113489832323,-43.13017688060877
1262,-240.72656970603137,-13.995692941967292,-341.418249087305,-43.04465960553085
1263,-272.28643633046715,-81.07712019261054,-340.3949087905282,-43.35929787262547
1264,-368.3817254730257,-24.0715774398966,-340.99363240962595,-43.395585224119486
1265,-333.4996837405243,-21.89880464072747,-340.6522967573578,-42.82886526999317
1266,-307.90205261494464,-21.806439996524695,-340.87671687391486,-42.06703668275482
1267,-358.52496900502456,-19.172317348631758,-341.7988827207797,-42.034190285487526
1268,-223.06750519019752,-19.021450330853032,-340.91934678918267,-42.04930010967025
1269,-219.60295537110972,-14.967805032430727,-339.80932365618196,-41.65741992757718
1270,-356.40137801916086,-14.11097340821581,-339.3905697646808,-41.61320610814784
1271,-264.8295014968462,-51.175719371621334,-337.8846229569648,-41.131432553171095
1272,-317.14874031409187,-51.65543535745734,-337.72748613994236,-41.42587825587089
1273,-281.63448460992515,-23.09820833824233,-336.89300932844566,-40.91967190336145
1274,-257.51079079395305,-16.258418107267744,-335.59072621361753,-40.816478140441305
1275,-350.721508839997,-115.46648501586448,-335.2604716701722,-41.530181557471124
1276,-322.17741121374615,-21.473289389594992,-335.73169478618223,-41.585733075915435
1277,-426.1062088172159,-13.070581181050661,-336.07682026273284,-41.55616281586842
1278,-257.17809523936893,-89.67595670850663,-334.72434720213676,-41.81915081170795
1279,-352.8021270310899,-64.41997250927456,-334.3971283992852,-41.69021339646324
1280,-408.6910573360469,-18.24409113376938,-335.4675215077978,-41.712269502652596
1281,-314.1654425843926,-15.454108526895322,-335.0258808406306,-41.13709758599108
1282,-575.9736985891163,-13.220092740380437,-337.9701168356265,-40.5865295304116
1283,-348.7433419301051,-14.285884170500822,-338.504516634929,-40.53003945590061
1284,-443.4487519625161,-17.051933080556825,-339.56012035921,-40.5406681420349
1285,-280.40988372415245,-120.0570094224219,-338.6418440111283,-41.042617191928365
1286,-337.83797483488655,-15.27939613923371,-337.8887211542904,-40.40238104549679
1287,-308.7943972807123,-19.450431487054857,-337.40433686692404,-40.443189407683555
1288,-336.55983188113527,-66.24712462535601,-337.1928979825711,-40.888387632067584
1289,-363.3924908149155,-64.79990232614213,-337.5988575016877,-40.953332146412116
1290,-362.7281965017945,-119.81150716410744,-338.04120131633937,-41.71917116199811
1291,-501.93822503369927,-17.576766747338276,-338.9830162427169,-41.73331484420768
1292,-305.8092313215171,-18.20592418683182,-339.2326835523419,-41.72640905226887
1293,-198.02309634394211,-17.407019049532547,-337.98487481394994,-41.24936608660392
1294,-403.2815004293774,-58.99639518930554,-339.12732375778825,-41.621257453767576
1295,-261.3848242006219,-69.04599511677306,-338.62218692130466,-40.76319268915021
1296,-337.46291822457334,-15.604027574369391,-337.82790000345784,-40.78422402956117
1297,-353.9181164150755,-25.29819965203494,-338.7481788801801,-40.23096935877165
1298,-325.0931844969946,-17.456612095300233,-339.7038861713411,-40.224223993211204
1299,-430.0914001586783,-40.5799840977989,-340.2098512780544,-40.464009006984725
1300,-315.73738886729785,-28.487670375161457,-339.92338225132676,-39.96718235654891
1301,-362.4880646678097,-18.33095890106448,-341.05804088158607,-39.971818699663295
1302,-441.4513657900379,-19.193020760439108,-342.2992553010256,-40.00042705458197
1303,-284.0857202215599,-14.62328627310537,-340.503879233772,-39.6361992550288
1304,-359.90298734918423,-29.085518411044333,-339.5570416533242,-39.70317751851736
1305,-366.9201453831368,-55.97994193331973,-339.3940944304655,-39.38820791637224
1306,-235.26677901134425,-71.95967069872414,-339.4750114092529,-39.938615890353965
1307,-312.1678611852203,-16.564899107008934,-339.52706491008036,-39.4126915018035
1308,-320.0653750950162,-22.155269814048147,-337.63576030171834,-39.43124768560096
1309,-370.36571382446203,-14.017281375451962,-338.17297929798366,-38.899011464483635
1310,-228.58763678259538,-16.092026113208906,-335.88067782704684,-38.27827628251688
1311,-273.100304298111,-14.462367758636837,-335.27953873307024,-38.25826360678592
1312,-315.8555449360579,-14.782702598616455,-334.9029657657022,-38.01308057976329
1313,-280.6436142781637,-69.98835469703403,-334.4041312967102,-38.55017530820455
1314,-335.0913180631846,-20.409816607521357,-334.721244491119,-38.04815901264707
1315,-291.71217481734203,-21.10427306296397,-335.35299607931864,-38.09307796174131
1316,-261.5681199518573,-18.803818163321775,-335.14375559782377,-38.10196406902837
1317,-511.1214017029751,-75.78621759601612,-336.2794929003361,-38.12298575951952
1318,-268.4174481732569,-61.7607583512893,-335.1368624427863,-38.2206126946458
1319,-314.76613194340985,-71.26372829047772,-334.7367827122998,-38.299449075201814
1320,-337.5432892692364,-42.33353882826971,-335.96312685615754,-38.545532521330806
1321,-284.18793196459416,-71.39381153857924,-336.041679046944,-38.50714210845493
1322,-249.29096002330581,-16.726222765329965,-336.3743624352974,-37.857684615332985
1323,-380.807374978456,-64.79423361257007,-335.71520729172397,-38.3563103334708
1324,-368.48645905997716,-26.363623128127227,-334.34857154186136,-37.760870611653225
1325,-294.5953443091858,-16.033962519388336,-333.7801978140162,-37.73692559921682
1326,-277.0615826488287,-19.41419683579884,-332.9762369954332,-37.222405993137876
1327,-382.3390528830395,-16.69199547616611,-334.4044014052138,-37.10604508905386
1328,-420.0201096936173,-27.680337151132523,-335.8065443301266,-37.024494598838785
1329,-283.978160356077,-67.22276575652221,-335.46169132874246,-37.54384762573367
1330,-441.1207723308863,-13.955109400544565,-335.39449273183163,-37.544158156675145
1331,-395.110520320559,-30.259073755020676,-336.7414463145626,-37.516623671861126
1332,-243.18634123658964,-28.22742839631108,-336.2499723911227,-37.55465477668709
1333,-371.79663620638644,-15.433073425388372,-337.57427198759456,-37.554483134670654
1334,-256.86902023807914,-17.471392728937236,-336.794773261318,-37.05862466978495
1335,-383.9466212869279,-16.14761853158879,-338.28458053962675,-36.61224125241955
1336,-265.2604739144033,-70.93281492676395,-337.6428257879055,-37.16095888824404
1337,-322.7718989613891,-42.55584380272027,-337.18589803069267,-37.06612267833272
1338,-261.77608416789474,-19.371436088796013,-335.97851468554626,-37.11558900032431
1339,-351.9820896968744,-17.254964428264433,-336.1626771403907,-37.13140617113949
1340,-244.41073120884678,-14.869666052516962,-335.2385825926983,-37.13023482114213
1341,-362.51293443257936,-119.33281551262684,-335.6423822788208,-38.158917298868026
1342,-344.3835734169465,-67.03191310084141,-335.9966148597221,-38.119625495207
1343,-349.44896397165996,-64.05976162802345,-336.60654042641943,-38.608047201754765
1344,-235.03397541817617,-71.44966685533645,-334.6558509837373,-39.06807034021865
1345,-289.9375896804659,-17.07139829735566,-333.38384515381915,-39.055560459046085
1346,-306.1310159947688,-52.17705144547778,-330.85459578126586,-38.98806280236486
1347,-306.8875654471333,-22.435107286990586,-330.9126525894632,-38.60141587279656
1348,-332.5962532858088,-32.88853375440031,-330.29692622329907,-38.409564683011475
1349,-255.76763879594643,-15.502701689991664,-328.2795812387568,-37.520975061801785
1350,-481.762707260882,-14.84702313166979,-330.02485204062083,-36.95187821436498
1351,-298.3367147510507,-17.87350487339351,-330.0183634195504,-36.976203352675434
1352,-395.5695260159433,-16.101560058841418,-330.7342640769402,-35.90160452508346
1353,-306.23083669712145,-19.950158347049364,-330.2973968366473,-35.93615620595022
1354,-240.29433962853864,-26.02940165179338,-328.33263966733887,-36.05316581343753
1355,-337.85315593058186,-85.67787865337851,-328.9476401482949,-36.668763839206925
1356,-232.0712284889509,-34.18355686300898,-326.8020456419224,-36.37580455928584
1357,-316.70554675529513,-18.501541271062226,-326.7559357716691,-35.98454722172295
1358,-351.6736266052299,-65.15246637679085,-327.219285040656,-35.91741277623293
1359,-313.30399492205675,-15.595570558179359,-326.5671358477659,-35.858921526021085
1360,-275.3240534649697,-62.096569068616404,-326.08848654761096,-36.30028896455562
1361,-353.07217162303465,-51.465887368912874,-326.59003671555297,-36.59897409667373
1362,-312.4067264951446,-70.01311789366221,-327.30683828344405,-37.15914834619068
1363,-299.40692356668137,-28.665523020918762,-327.5780431558062,-36.63503237447376
1364,-458.534403706744,-12.939136597178695,-328.4795699381434,-36.52370796604658
1365,-261.0788759177798,-19.638387377786014,-327.755361859916,-36.501103793417165
1366,-236.3020908187918,-41.63186801319351,-327.03936224195445,-36.69935807358385
1367,-276.51453044468883,-15.060594816489083,-326.2192578563511,-36.65824084826242
1368,-318.65482314540566,-121.65489410690557,-327.1751310359032,-37.684575286022955
1369,-237.3332595817578,-74.97087942199374,-327.35243407800965,-38.284606029918585
1370,-398.37469586047274,-53.49602632849603,-327.7721672564228,-38.67845655912138
1371,-293.28446183128233,-19.156156095952856,-328.05671685976716,-38.35826092636469
1372,-216.5664228750639,-21.79075688638166,-327.0508936853768,-38.05961414165394
1373,-346.48527336364475,-15.858621310298096,-327.699401572914,-37.987218271374495
1374,-291.5593517699642,-35.3686176705776,-328.0398871826741,-38.1783202670076
1375,-272.0602354792562,-17.642133754258406,-327.2532744490667,-37.200076754391546
1376,-249.18503733827635,-22.52464480839688,-326.523350710312,-37.21059030857957
1377,-320.21891235687553,-27.438931595632916,-325.46447774570856,-37.354273812725395
1378,-273.0640565433377,-18.0030488187294,-325.6233373587483,-36.63754473382762
1379,-380.2167128651963,-124.43542405545594,-325.89748321708936,-37.23769924928942
1380,-287.32888690851223,-45.39450485529147,-324.68386151281396,-37.50920338650464
1381,-359.78416283231854,-15.2097715351098,-325.14004871529323,-37.50676001658679
1382,-358.04228211312704,-58.46987963707923,-322.96073455053335,-37.95925788555378
1383,-221.29882676128415,-15.678524974503025,-321.68628939884513,-37.9731842935938
1384,-335.9188960087544,-81.96191853554983,-320.61099083930753,-38.622284148143734
1385,-307.33529451393827,-53.57255993386228,-320.8802449472054,-37.95743965325814
1386,-254.0512343782591,-16.38312160436287,-320.04237754263914,-37.96847690790943
1387,-374.86639331281356,-61.13141817058316,-320.70309750296013,-38.385286774744706
1388,-240.87936781188742,-15.611223823718614,-319.74629286226764,-37.87892776672833
1389,-417.3401875945416,-47.51069090180341,-320.28576983006394,-37.706035652484935
1390,-322.72329599955225,-53.337830366460416,-319.8857208250415,-37.04129888450847
1391,-401.5256804955156,-18.731361272752377,-318.88159537965964,-37.05284482976261
1392,-280.76671447931676,-23.240065347126812,-318.63117021123776,-37.10318624136556
1393,-303.56414583828075,-15.969770654077315,-319.68658070618113,-37.08881375741102
1394,-453.862947366777,-17.795967572286475,-320.1923951755551,-36.67680948124083
1395,-304.7393610843515,-124.92405436185119,-320.6259405443924,-37.23559007369161
1396,-246.50177373479383,-45.50594406013151,-319.71632909949454,-37.53460923854924
1397,-334.4723300778348,-76.36121739081689,-319.5218712361221,-38.045239415937054
1398,-388.05281640448135,-61.383684964752455,-320.151467555197,-38.48451014463157
1399,-470.97537049277634,-15.975118897435932,-320.560307258538,-38.23846149262794
1400,-350.4559154271664,-34.922207713494274,-320.90749252413667,-38.302806866011274
1401,-240.14247634866442,-20.807006673325706,-319.68403664094524,-38.32756734373388
1402,-251.78507726676574,-18.621422180275925,-317.7873737557125,-38.32185135793224
1403,-355.44931006759606,-27.72371335929394,-318.5010096541729,-38.452855628794126
1404,-340.9183971578088,-15.794886546977038,-318.3111637522592,-38.319949310153454
1405,-451.0387425154871,-18.036432531353032,-319.15234972358263,-37.94051421613379
1406,-334.50577509738997,-15.208374800499298,-320.1447396844431,-37.37300125715154
1407,-317.0973061945216,-33.330706523766665,-320.19403413453614,-37.54065933131913
1408,-288.9294226163234,-27.161777887830638,-319.88267460974924,-37.59072441205696
1409,-333.21828486834437,-33.74438727817343,-319.51120032018804,-37.787995471084166
1410,-305.53792546611584,-22.53829417960282,-320.2807032070232,-37.8524581517481
1411,-303.72639611455344,-19.209243632511953,-320.5869641251876,-37.89992691048685
1412,-290.98603958267574,-34.0765392216928,-320.33826907165377,-38.09286527671762
1413,-371.080574211129,-58.44466337729657,-321.24263867098347,-37.97742836352024
1414,-280.47082178157626,-58.72142716119332,-320.6964337081673,-38.36054446905696
1415,-408.511592783097,-24.916545111808468,-321.86442788782495,-38.39866718954541
1416,-229.71782243287325,-16.14565806993527,-321.5459249126351,-38.37208558861153
1417,-341.82037105621004,-58.5458828607919,-319.8529146061674,-38.199682241259296
1418,-339.21419397031923,-20.028483441490074,-320.56088206413807,-37.782359492161305
1419,-310.1734407975238,-19.725592975961813,-320.5149551526792,-37.26697813901615
1420,-194.34424432257973,-17.664701347900845,-319.08296470321267,-37.020289764212464
1421,-338.7337513311192,-18.392605405654578,-319.6284228968779,-36.49027770288322
1422,-267.8425564210574,-74.64374000167872,-319.8139388608554,-37.069452875246704
1423,-272.9727489521142,-35.601685660200246,-318.735592600592,-36.777527395723006
1424,-356.31546584868283,-85.47418620391483,-318.613882668479,-37.36863302648088
1425,-228.47259709255852,-43.742705518050485,-317.9526551963127,-37.6457204564675
1426,-406.91358944305716,-44.367822970292785,-319.2511752642551,-37.89525671781244
1427,-282.96418021143086,-32.69184708086204,-318.25742653753895,-38.0552552338594
1428,-554.7305098493249,-46.25902604040736,-319.604530539096,-38.24104212275215
1429,-338.57209272759957,-60.1820554618725,-320.15046986281124,-38.170635019805644
1430,-344.80488600987655,-15.545399002542467,-319.1873109996011,-38.186537915825625
1431,-285.0552141113903,-21.506958070530047,-318.0867579375095,-38.099016758980724
1432,-375.506604580439,-60.89622597669674,-319.40996057094793,-38.42570473478458
1433,-302.5090850669,-69.4269176468338,-318.717085059553,-38.96564317699904
1434,-240.5293202152293,-73.1807217372793,-318.55368805932454,-39.52273646708245
1435,-273.22594856511387,-18.604335865510265,-317.44648133210643,-39.54730364042167
1436,-363.40799437189673,-58.27319499738208,-318.42795653668134,-39.42070744112785
1437,-374.8711663473455,-93.80006096374748,-318.9489492105409,-39.93314961273812
1438,-367.69407656505575,-47.37468439309494,-320.00812913451256,-40.213182095781114
1439,-210.24695500238224,-21.227233296722027,-318.5907777875677,-40.252904784465684
1440,-361.359678757424,-24.209597859309255,-319.76026726305344,-40.34630410253361
1441,-238.27207715825236,-16.598991757700773,-318.51785869031016,-39.31896586498435
1442,-357.6765389980712,-108.89799924171096,-318.65078834612143,-39.73762672639304
1443,-313.31116996817974,-14.22786003752657,-318.28941040608663,-39.23930771048807
1444,-277.29710517682975,-16.295256037339584,-318.71204170367315,-38.68776360230811
1445,-292.268015768294,-20.170267248925136,-318.7353459645514,-38.71875229182381
1446,-353.73245827640426,-47.351190860075455,-319.21136038736773,-38.67049368596979
1447,-324.3988925830979,-62.01881335706687,-319.38647365872737,-39.06633074667056
1448,-380.7822868709047,-127.2970616583736,-319.86833399457834,-40.010416025710285
1449,-298.1456539797387,-58.65180010992779,-320.2921141464162,-40.441907009909634
1450,-320.72534650225487,-40.76497135425599,-318.68174053883,-40.7010864921355
1451,-225.51780694842088,-89.03382262180574,-317.9535514608037,-41.412689669619624
1452,-384.68555718247086,-168.25792906405385,-317.844711772469,-42.93425335967175
1453,-306.98225932365114,-20.01107489242951,-317.85222599873435,-42.93486252512555
1454,-296.1285001322614,-15.041672016634669,-318.4105676037715,-42.82498522877396
1455,-313.36672816508917,-65.71414083714068,-318.16570332611656,-42.62534785061158
1456,-332.02746595720447,-120.06729790374638,-319.16526570079907,-43.48418526101896
1457,-328.5439566938805,-39.64716681661367,-319.28364980018495,-43.69564151647447
1458,-212.4775444938291,-22.308051975245206,-317.8916889790709,-43.267197372459016
1459,-474.9435944954891,-119.84459540854219,-319.50808497480523,-44.30968762096264
1460,-310.71465321758257,-61.049975081684636,-319.8619909723314,-44.29922168109333
1461,-284.13393876956127,-25.274865534224123,-319.17260864379665,-44.03731146274643
1462,-245.18186066347698,-22.946774670977916,-318.50035998548,-43.566648030519595
1463,-260.05313866816863,-107.13249480820228,-318.1068221364948,-44.35131774839243
1464,-363.2979240897735,-15.458060861458023,-317.1544573403251,-44.37650699103522
1465,-293.69264362813453,-60.91314725639241,-317.4805950174287,-44.78925458982129
1466,-354.4395358089433,-24.886212109527996,-318.6619694673302,-44.62179803078463
1467,-283.2195531556589,-17.860443145352562,-318.7290196944399,-44.649796514073266
1468,-225.05832307118672,-17.424677774301397,-317.79305469369774,-43.60749435074723
1469,-329.82460076713903,-52.97993684618913,-318.71796810555156,-43.387584924989184
1470,-351.6412743825514,-61.84617072279938,-318.25063389077235,-43.47108636893222
1471,-321.20253828940946,-70.65867583759919,-318.52981465535356,-43.986111566348676
1472,-273.1525824564163,-27.055204527225676,-319.0956762511671,-44.038756042757115
1473,-326.26640147187754,-15.551219881241012,-318.8934875322495,-44.035682028466546
1474,-270.47433541716697,-14.550292749035224,-318.68263736872154,-43.82749877925112
1475,-385.6067439836077,-15.494945853520749,-319.81810245376505,-43.806026900243744
1476,-317.7397528635495,-15.135283403063854,-320.5036496090177,-43.73213328619042
1477,-377.45071841270413,-61.306136934414404,-321.075967669576,-44.070805339578236
1478,-318.2904001163795,-25.379529766669286,-321.5282311053064,-44.14457014905763
1479,-223.98226456278616,-38.83331913947602,-319.96588662228237,-43.28854909989782
1480,-418.241008495802,-20.475708167563937,-321.27500783815526,-43.03936113302054
1481,-432.5924013862288,-20.342609885105972,-322.00309022369436,-43.090689516520506
1482,-314.32846981594747,-15.186179904946018,-321.5659521007225,-42.65785251919918
1483,-265.06674630822897,-16.649531539171466,-322.00363129619194,-42.66756258484587
1484,-264.06151126282595,-94.87642182485243,-321.2850574487327,-42.7967076177389
1485,-330.4917909561648,-32.280410780432646,-321.51662241315495,-42.5837861262046
1486,-401.4465148903716,-79.77061765763119,-322.9905752182761,-43.21766108673728
1487,-196.5458019109231,-16.914559761529972,-321.2073693042572,-42.77549250264675
1488,-298.1604430139572,-20.1150744416618,-321.7801800562779,-42.82053100882617
1489,-355.8225445700714,-49.1683504162262,-321.1650036260332,-42.8371076039704
1490,-290.4230495771422,-75.46967062143594,-320.84200116180904,-43.05842600652016
1491,-433.1969907772271,-18.126307391412606,-321.15871426462616,-43.05237546770676
1492,-317.37658560448267,-97.60833695163568,-321.5248129758778,-43.79605818375185
1493,-427.2855533690347,-15.478563778102137,-322.7620270511854,-43.79114611499211
1494,-352.5057875998273,-21.194952148077043,-321.74845545351593,-43.82513596075002
1495,-385.109579629514,-72.19959815614745,-322.55215763896757,-43.29789139869298
1496,-425.88608946237485,-18.06563771070182,-324.34600079624335,-43.023488335198685
1497,-235.30472128969507,-63.56511192175684,-323.35432470836196,-42.89552728050808
1498,-271.6758489902703,-18.662048803597727,-322.1905550342198,-42.468310918896535
1499,-266.5173919748124,-17.709470681922483,-320.14597524904013,-42.4856544367414
1500,-303.69162588030315,-17.197167827784387,-319.6783323535716,-42.308404037884294
1501,-296.8623336299127,-15.97291680607626,-320.245530926384,-42.260063139211795
1502,-403.27472946172935,-19.722747811303154,-321.7604274483337,-42.271076395522066
1503,-319.8134930916008,-60.545429191946106,-321.4040692785738,-42.59929355384859
1504,-459.79761808303573,-113.59808499124871,-322.59286148782604,-43.577325538291305
1505,-329.4401246924949,-15.630660574739043,-321.37687530959613,-43.55326781872516
1506,-304.93806386965576,-56.85111709936496,-321.08119819731877,-43.96969524171382
1507,-274.1898057607404,-76.18351304152313,-320.6521231929809,-44.39822330689138
1508,-243.59689329706057,-94.60595152259577,-320.19879789978825,-45.072665043239034
1509,-309.42492029901365,-16.520443211257067,-319.96086425409493,-44.900425602569875
1510,-355.9882073069718,-18.003798719734274,-320.46536707250345,-44.855080647971185
1511,-323.26730196093973,-56.28757051091032,-320.6607761309674,-45.225863916755166
1512,-289.49910601361836,-17.577513476516348,-320.64590679527686,-45.060873659303404
1513,-328.58458112334654,-63.41064113786682,-320.220946864399,-45.11053343690911
1514,-324.3688050722919,-18.48133921598209,-320.6599266973062,-44.70813255745699
1515,-305.7595421568511,-16.04437517780773,-319.63240619104374,-44.619410858116986
1516,-246.02174456344596,-18.45350290103349,-319.7954454123494,-44.64248930642797
1517,-382.1941517140687,-45.23291772430677,-320.19918321892806,-44.509359655063115
1518,-368.20510253685586,-79.3028521477985,-320.4890923045934,-45.102103342126206
1519,-398.04489001057266,-117.9974658414101,-321.36780679672387,-46.084822070780696
1520,-398.2698329125903,-16.740420981877946,-323.407062682624,-46.07557926712046
1521,-308.54595243559197,-17.658507904204214,-323.1051846936687,-46.06823829210595
1522,-277.8112040297122,-16.337022641560317,-323.2048711697553,-45.485171118504766
1523,-408.7350509917141,-20.207221029875996,-324.5624941901513,-45.33122647220152
1524,-231.66040354498574,-79.919241555112,-323.31594356711435,-45.27567702571349
1525,-327.4017800971782,-18.226605365317045,-324.30523539716046,-45.02051602418617
1526,-293.4838864777063,-19.607329827665207,-323.170938367507,-44.7729110927599
1527,-310.3164799082496,-58.565312148542546,-323.4444613644752,-45.031645743436705
1528,-426.73513893875935,-17.543311641242717,-322.16450765536956,-44.744488599445056
1529,-202.6684672799981,-17.899611866965387,-320.8054714008935,-44.32166416349598
1530,-294.5889704112111,-20.58216830014587,-320.3033122449069,-44.37203185647202
1531,-304.76448157480394,-129.50123330739495,-320.50040491954104,-45.451974608840665
1532,-218.76851703128094,-21.707982548309907,-318.93302404404943,-45.06009217455679
1533,-331.6203104156259,-67.33559164611883,-319.22413629753663,-45.039178914549645
1534,-315.6143024277543,-62.74004560866526,-319.9749861196619,-44.93477215326351
1535,-330.76556969303294,-17.32913647420119,-320.5503823309411,-44.92202015935042
1536,-298.59342756092406,-42.3491991405191,-319.90223666283134,-44.7627802007818
1537,-354.53641236855907,-67.37105545692201,-319.6988891230435,-44.49849014571354
1538,-257.93308488829877,-21.05795394015417,-318.60127920627593,-44.23532284118413
1539,-234.82778827356495,-16.56349675891295,-318.84708753898775,-44.18868547580603
1540,-248.00890438557644,-17.11931184322781,-317.7135797952693,-44.11778261564522
1541,-304.3110458186646,-21.969053510594648,-318.3739694818734,-44.17148323317416
1542,-361.1756947778963,-114.0737191499774,-318.4089610396717,-44.22324043225682
1543,-270.5131526252035,-17.540819355374985,-317.9809808662419,-44.25637002543531
1544,-391.01364434969895,-14.950259771922838,-319.1181462579706,-44.24292006278113
1545,-339.1081551207185,-73.365360314493,-319.58654765149487,-44.774870993436814
1546,-329.27984564906416,-35.12251179658706,-319.34202152522147,-44.652584202801926
1547,-335.68439254822704,-15.518243424402574,-319.45487652487276,-44.18757850347529
1548,-378.19760298468253,-38.04765652665446,-319.4290296860105,-43.29508445215809
1549,-436.4822258041427,-66.2781306239273,-320.8123954042546,-43.37134775729809
1550,-265.3921917639338,-16.481258088247305,-320.25906385687136,-43.12851062463801
1551,-373.7630847483245,-16.491787625453423,-321.7415166348704,-42.40309027467449
1552,-418.6123316156718,-17.681653858608612,-322.08078437920244,-40.89732752262004
1553,-297.67846994448996,-18.352611091454044,-321.9877464854108,-40.880742884610285
1554,-285.90882649141474,-16.24446603698812,-321.8855497490023,-40.89277082481381
1555,-261.158304305339,-16.788671153207318,-321.3634655104048,-40.40351612797448
1556,-325.2494249022812,-16.972195197168354,-321.29568509985546,-39.37256510090869
1557,-378.9662805782994,-23.301272246575355,-321.79990833869965,-39.209106155208296
1558,-240.9429468906327,-18.337986505765695,-322.0845623626677,-39.169405500513506
1559,-330.5428080987062,-18.219387078082065,-320.64055449869994,-38.15315341720891
1560,-301.65443186889405,-116.40379512619768,-320.54995228521307,-38.706691617654045
1561,-372.95964577291903,-67.68011026585769,-321.43820935524667,-39.130744064970386
1562,-355.5118464696397,-17.61592108482376,-322.5415092133083,-39.07743552910885
1563,-225.49594672321754,-16.234962543538177,-322.19593729385883,-38.16846020646221
1564,-375.0182170855833,-16.548612488098595,-322.3131402238169,-38.17936572272861
1565,-301.2780248257062,-108.59447567497368,-322.3889940357926,-38.65617900691442
1566,-278.09073103017596,-113.53808891361591,-321.62550598800493,-39.5426977749553
1567,-323.69495605188575,-48.612095106703336,-322.03026001696713,-39.850214294568815
1568,-335.0331595958568,-28.524872193352984,-323.1300083822138,-39.96121623875933
1569,-210.6498633039773,-18.65434322639084,-321.93826100758224,-39.61796030256134
1570,-300.0120295857757,-18.44511909567113,-321.42196855961447,-39.183949786290064
1571,-328.54933930477046,-74.89144487032931,-321.4954365697681,-39.22627747661736
1572,-306.82260937257706,-120.10946562067934,-321.8321368389298,-40.1568200875519
1573,-328.0949084033127,-19.800725270355514,-321.85042190824413,-40.199315141443044
1574,-262.2253741530006,-17.89688094191678,-321.76793229560246,-40.23278102337186
1575,-360.2341275196888,-100.47247763141323,-321.51420613096326,-41.08255634115078
1576,-358.88059368853965,-16.764260857870113,-321.92561453921314,-41.09884611569885
1577,-248.9923369504634,-55.10980958931492,-320.6410307245908,-41.036882842247856
1578,-418.49808928450216,-16.34317076929501,-321.643107616272,-40.946519252274115
1579,-317.42903339110745,-16.54383173006459,-322.5775753045552,-40.72362437818
1580,-452.2005624106863,-22.015808386512127,-322.917170843704,-40.73902538036948
1581,-232.1729590376996,-17.399228100357863,-320.9129764202187,-40.70959156252199
1582,-233.8348741822406,-37.36893899791114,-320.1080404638816,-40.93141915345165
1583,-315.1540061357879,-85.79383090754456,-320.6089130621572,-41.62286214713537
1584,-334.5848378024012,-129.69248045820805,-321.314146327553,-41.971022733468935
1585,-276.0428997019224,-73.08805231772695,-320.7696574150106,-42.379099148841874
1586,-403.3520286141812,-16.04319349622017,-320.7887125522486,-41.741824907227766
1587,-325.0372372505048,-124.20619190194957,-322.0736269056445,-42.814741228631966
1588,-238.43343465159103,-17.449070713195194,-321.4763568220209,-42.7880811913473
1589,-258.6147978454865,-21.76398131089327,-320.50427935477495,-42.514037500293966
1590,-282.80180204726787,-162.35906704096558,-320.4280668794762,-43.38293146448926
1591,-312.4587258859484,-54.64886381617495,-319.22068423056345,-43.748157028736884
1592,-217.0359904695965,-18.433628245335328,-318.2172782792145,-42.956409941673876
1593,-330.6076606103091,-15.367044527553507,-317.2504993516273,-42.955294749168395
1594,-258.30650171365784,-62.272487356449155,-316.30850649276556,-43.36607010125211
1595,-248.89810799534717,-38.575038542313216,-314.9463917764239,-43.029824505113766
1596,-209.4694160565321,-18.782360011577524,-312.7822250423655,-43.03699172812253
1597,-330.6641993818188,-35.270058049551416,-313.7358198232867,-42.754041189400475
1598,-245.50228088952878,-56.44434818507808,-313.4740841422793,-43.13186418321528
1599,-248.23624637240158,-20.16312242088652,-313.29127268625524,-43.15640070060493
1600,-260.4372158723398,-57.70027094212723,-312.8587285861756,-43.56143173174835
1601,-295.6633973339026,-71.61876503627684,-312.8467392232155,-44.117890214050355
1602,-159.80162401573233,-21.301382227132454,-310.4120081687555,-44.13367655820865
1603,-243.7968570022914,-17.645923964257793,-309.6518418078624,-43.70468150593176
1604,-258.3311103990149,-19.109588843198125,-307.6371767310222,-42.75979654445125
1605,-347.73930242113664,-104.48366424193644,-307.82016850830865,-43.64832658112322
1606,-228.09018633998167,-19.272223767875182,-307.0516897330119,-43.27253764780833
1607,-177.41136570429606,-19.074676034608355,-306.0839053324475,-42.70144927773918
1608,-332.54772715515435,-47.885542140365764,-306.9734136710285,-42.23424518391688
1609,-290.8312353281447,-19.031786287879605,-306.7874768213198,-42.2593586146831
1610,-183.88586494856497,-16.882153117534017,-305.06645339773564,-42.248142158661096
1611,-150.03693186938585,-128.24570677525244,-303.33414969682013,-42.96772352130452
1612,-158.52894848395806,-20.490403115402216,-302.0244481215235,-42.99685241769338
1613,-355.45463958055643,-177.83365245080805,-302.29314870609556,-44.1410825308228
1614,-331.36675550998297,-48.16317216136727,-302.36312821047244,-44.43790086027665
1615,-371.4856441024003,-63.08232862933039,-303.0203892299279,-44.90828039479188
1616,-204.40465014458672,-18.86933195112172,-302.60421828573936,-44.91243868529276
1617,-447.5063188641776,-17.59615572738617,-303.2573399572405,-44.636071065323556
1618,-253.51738407796452,-60.404602865097864,-302.11046277265154,-44.44708857249654
1619,-124.9976276880398,-34.86957435959751,-299.37999014942625,-43.61580965767841
1620,-361.4184861735511,-16.94309850341868,-299.01147668203583,-43.617836432893824
1621,-278.2094519484471,-22.52430947955932,-298.70811167716437,-43.666494448647384
1622,-287.50120756450406,-17.07063271499183,-298.8050117125123,-43.6738305493817
1623,-208.98976712434222,-61.20101640678068,-296.8075588738386,-44.08376850315074
1624,-402.29254701298123,-59.599658230419486,-298.51388030851854,-43.88057266990381
1625,-282.5835582492258,-66.9565733418271,-298.065698090039,-44.367872349668914
1626,-267.5485578984993,-18.28583089465255,-297.8063448042469,-44.3546573603388
1627,-280.5958134079324,-17.06089003533828,-297.50913813924376,-43.939613139206756
1628,-340.223369726419,-90.03762518101533,-296.6440204471204,-44.664556274604486
1629,-319.07732627349856,-24.04043078163484,-297.80810903705543,-44.725964463751176
1630,-305.09006783722015,-17.831118061083448,-297.9131200113155,-44.69845396136055
1631,-211.20012067452285,-45.836832995401885,-296.9774764023127,-43.86180995824061
1632,-486.86881536761973,-19.53342176686603,-299.65847938567606,-43.84006435042617
1633,-230.24970578130555,-56.91447091943182,-298.6447733393329,-43.7358531431593
1634,-173.2969995524219,-15.104316667690272,-297.22160031057956,-43.25949585374955
1635,-364.2715787544049,-16.360407637374387,-297.55666040119326,-43.24980856538129
1636,-399.89185576579195,-114.97498455099033,-298.56964468324196,-43.976066419485996
1637,-424.6091940773216,-84.25488336840604,-299.2703725003296,-44.14490469860084
1638,-335.8923475756883,-20.24952941250871,-300.0499651272035,-44.13682045332439
1639,-341.1998046803911,-23.740728496329883,-301.11368529127174,-44.20859277069855
1640,-331.9325029414313,-20.83772503189716,-301.9529212768303,-44.24577690258525
1641,-212.78680533327142,-54.62481610342165,-301.0376788719763,-44.57233452851351
1642,-403.71589754110107,-114.68612905663002,-301.4630808996083,-44.57845862758004
1643,-370.0339386973027,-47.47136338558947,-302.4582887603293,-44.87776406788218
1644,-407.23518409807895,-20.945476334762983,-302.6205041578131,-44.937716233510585
1645,-207.71863608946097,-17.2176298017041,-301.30660896750055,-44.376238928382705
1646,-471.3894730173368,-54.93476091322342,-302.7277052411833,-44.574361419549064
1647,-344.5162190856848,-109.12284943550608,-302.8160235065578,-45.5104074796601
1648,-240.09729600461768,-58.01175667361303,-301.43502043675727,-45.71004848112968
1649,-279.1980812016483,-15.305749493512968,-299.86217899073233,-45.200324669825534
1650,-200.91418031887233,-59.72465468510619,-299.2173988762817,-45.63275863579412
1651,-317.187556076112,-25.344254412861304,-298.6516435895596,-45.7212833036682
1652,-376.53823985882497,-59.36061282252188,-298.23090267199115,-46.13807289330734
1653,-292.08945349463085,-68.43222533702419,-298.1750125074925,-46.63886903576304
1654,-226.10366351245793,-31.08846386419945,-297.5769608777029,-46.78730901403515
1655,-302.98448287322606,-109.65082633545431,-297.9952226633818,-47.715930565857626
1656,-271.7722086811289,-19.712575174522005,-297.4604505011703,-47.74333436563116
1657,-318.4509031811591,-24.6285661592089,-296.855296727199,-47.756607304757495
1658,-419.40631581760294,-17.436668256564023,-298.6399304164687,-47.74759412226548
1659,-292.5389797486097,-18.442036968738275,-298.2598921329677,-47.74982062117204
1660,-292.62881178242753,-68.02023302182411,-298.169635932103,-47.26598500012831
1661,-458.0264751457537,-88.38118937203706,-299.02030422583135,-47.4729957911901
1662,-198.42605945373603,-17.72136953103706,-297.44944635567236,-47.47405027565224
1663,-390.6607518439518,-15.918414404167281,-299.10109440687967,-47.47088479425854
1664,-333.8381725474112,-108.08156533420417,-298.6892939614979,-48.38621432271959
1665,-314.72470607330064,-26.86178243522783,-298.82376077397385,-47.568887390322125
1666,-311.89510019741226,-21.28458544269524,-299.1618044656462,-46.64635235561291
1667,-349.4387644966618,-56.566844217072244,-299.41924255009394,-46.72589984671661
1668,-280.76304431157257,-58.59272762224435,-298.87654139725106,-47.026578401005516
1669,-288.95060089309413,-114.77722199482328,-299.6595487731422,-47.98780718868984
1670,-358.4489453102146,-18.672623370121066,-300.24391793038666,-47.99008223143434
1671,-294.78954169487,-57.76796712349543,-299.9063199542877,-47.818847453966
1672,-209.9256972260584,-16.352947019411644,-298.9373508328225,-46.781282267953316
1673,-411.3187722636618,-16.06196915372583,-299.769589471426,-46.743894706787025
1674,-249.25853848973517,-18.86098456955662,-299.6399211147933,-46.75353574306342
1675,-376.6385158849208,-24.832061860095244,-299.8039649984456,-45.99713158535024
1676,-371.3426580690736,-19.656908411149672,-299.928585642251,-46.02605806088304
1677,-376.70306409929054,-21.305450897599115,-301.20569291373926,-45.688014473965886
1678,-271.4050547630435,-39.628239891425444,-299.73476256852473,-45.92086516518719
1679,-314.89100984472066,-97.38673327726244,-299.70938233306083,-46.729294180659174
1680,-329.0887754635242,-16.247699881869952,-298.47826446358926,-46.671613095612756
1681,-318.6004209947236,-74.1273220007884,-299.34253908315947,-47.238894034617054
1682,-291.8944401363706,-63.584197802793156,-299.92313474270077,-47.501046622665875
1683,-344.3066628962439,-15.910929870024464,-300.21466131030525,-46.80221761229067
1684,-272.15377055516643,-72.58996986757569,-299.5903506378329,-46.231192506384346
1685,-384.753427164386,-20.84676096270095,-300.67745591245756,-45.708779592834084
1686,-230.19142001719024,-18.769640831689266,-298.94584982648763,-45.736044066188775
1687,-222.29597657234825,-15.555920626013563,-297.91843721970605,-44.64954135342942
1688,-583.3735672254867,-14.085741396283,-301.36783854544507,-44.6159080602603
1689,-231.48912439790334,-151.14058273123246,-301.0965818109692,-45.909674074463695
1690,-230.4146102115891,-66.016524179806,-300.57270989261247,-44.9462486458521
1691,-277.63546849461204,-21.617062526519707,-300.2244773186991,-44.615930632955546
1692,-416.682840745968,-24.641497760426027,-302.2209458214628,-44.678009328106455
1693,-348.523833522477,-17.53217578487946,-302.4001075505845,-44.69966064067971
1694,-253.43827470749864,-22.02693847030081,-302.35142528052285,-44.29720515181823
1695,-329.3592243026035,-60.52964574931365,-303.1560364435954,-44.51675122388823
1696,-279.8549521573104,-109.54559939362362,-303.8598918046032,-45.42438361770869
1697,-432.3649847438619,-17.72111373610464,-304.8768996582236,-45.24889417457423
1698,-195.99441968272703,-19.96295341597723,-304.3818210461556,-44.88408022688322
1699,-315.7299362455024,-97.22297131088705,-305.05675794488667,-45.65467871578323
1700,-286.5052297633676,-44.10097048369552,-305.31743808379696,-45.51868571119892
1701,-280.95848326612554,-20.627577312026013,-305.1703889431192,-45.00877383395641
1702,-295.77749139212904,-59.25914191510258,-306.53014761688314,-45.38835143083611
1703,-280.34569405434024,-17.555087164534545,-306.8956359874036,-45.38744306283887
1704,-258.8090663701536,-19.172638687448977,-306.900415547115,-45.38807356128138
1705,-430.9532581855461,-16.01096529428553,-307.7325551047591,-44.50334657180487
1706,-401.34965373749327,-87.21644157229122,-309.46514977873426,-45.18278874984903
1707,-265.962612133299,-22.87527478182808,-310.35066224302426,-45.220794737321235
1708,-290.7163315417721,-98.85493368727055,-309.93234828689043,-45.73048865279028
1709,-300.7271798249104,-117.9879407729657,-310.031307731858,-46.72005019764114
1710,-246.5228725234856,-87.31162981091484,-310.65767780760723,-47.42434496457494
1711,-255.57682200061166,-17.986238730852396,-311.7130767089196,-46.32175028413094
1712,-315.86524331051334,-16.020833535207554,-313.2864396571851,-46.27705458832899
1713,-309.9210540969048,-104.83828172934011,-312.8311038023486,-45.54710088111431
1714,-351.72794631955975,-56.83103800746889,-313.03471571044446,-45.63377953957533
1715,-299.5017927535739,-63.7598796936345,-312.31487719695616,-45.640555050218374
1716,-250.84079917560248,-20.771798865088474,-312.77923868726623,-45.65957971935804
1717,-367.63313122440326,-23.89968898722378,-311.9805068108685,-45.72261505195642
1718,-321.4252441196176,-67.1013763088472,-312.659585411285,-45.789582786393915
1719,-327.3078797085829,-19.51506154989687,-314.6826879314904,-45.6360376582969
1720,-289.25597436410834,-18.249506496656213,-313.9610628133959,-45.64910173822928
1721,-279.025059242358,-65.4913282846766,-313.96921888633506,-46.078771926280446
1722,-284.4419357076343,-73.93648452689446,-313.9386261677664,-46.64743044439947
1723,-384.16679454505163,-165.36033281613223,-315.6903964419736,-47.68902360849299
1724,-324.74417289221196,-24.665876684675062,-314.91491270076585,-47.33968579303554
1725,-219.02150566274628,-38.44826551372155,-314.27929217490106,-47.05460271475448
1726,-363.36921078826003,-15.931205272658293,-315.2374987037986,-47.03105645853454
1727,-397.6456929119676,-48.29081568742267,-316.407997498839,-47.34335571505539
1728,-222.51537329928837,-23.751812348087984,-315.23091753456765,-46.68049758672611
1729,-508.52957468815765,-97.71537998278353,-317.1254400187143,-47.4172470787376
1730,-289.568009764244,-91.24354740870795,-316.9702194379845,-48.151371372213845
1731,-306.68745446010394,-66.95297687576928,-317.92509277584026,-48.36253281101752
1732,-304.9193335243734,-77.82661104591674,-316.1055979574078,-48.94546470380802
1733,-262.8828579921716,-91.17163106471433,-316.4319294795165,-49.28803630526086
1734,-298.6298323710042,-58.78840620851012,-317.6852578077023,-49.724877200669056
1735,-367.31147976929594,-60.59045035476017,-317.7156568178513,-50.16717762784291
1736,-384.42933037517605,-28.769016554469122,-317.5610315639451,-49.3051179478777
1737,-366.05491193008163,-107.51695441130583,-316.97548874247275,-49.537738658306694
1738,-216.92543849967603,-24.527298441220726,-315.7858196517126,-49.58051634859382
1739,-444.1296391969112,-15.92757781731281,-316.81511799687775,-49.50238484180365
1740,-587.6386909917026,-19.052849089883043,-319.37217987738046,-49.48453608238351
1741,-470.88870866781394,-46.309834421379215,-321.9531989107259,-49.401386265563076
1742,-317.195119647858,-59.54107858806016,-321.0879911317935,-48.84993576087737
1743,-291.55131713128736,-19.529427675830156,-320.3031649161333,-48.57051640377979
1744,-263.30846234388116,-58.1680238286401,-318.86389769859136,-48.942741878718564
1745,-319.0617520289151,-65.14245112721906,-319.9773288579859,-49.42199009197371
1746,-356.3959207689282,-16.884301860480583,-318.82739333550177,-49.04148550144628
1747,-348.0399976532259,-69.79788840362454,-318.86263112117723,-48.64823589112747
1748,-332.14129442196145,-52.650439580642185,-319.78307110535064,-48.594622720197755
1749,-328.67315360861994,-53.44778639713238,-320.2778218294204,-48.976043089233954
1750,-365.33623735292076,-18.63310858946482,-321.9220423997609,-48.565127628277544
1751,-296.4361969600495,-38.87070801619377,-321.7145288086003,-48.70039216431087
1752,-222.10349692630666,-59.31530870244818,-320.17018137927505,-48.69993912311013
1753,-350.73916892386404,-20.4006201413616,-320.75667853356737,-48.2196230711535
1754,-282.80337601099,-16.255587200227,-321.32367565855276,-48.07129430451377
1755,-324.543423764317,-105.69367745968312,-321.53926506746365,-48.03172281575606
1756,-220.23131686996,-21.318255634768875,-321.02385614935196,-48.04777962035853
1757,-377.64457124130035,-15.344863546657892,-321.61579282995336,-47.954942594233025
1758,-322.05962033304877,-16.56456684116081,-320.6423258751079,-47.94622158007899
1759,-285.8468942264038,-67.4568588365651,-320.5754050198858,-48.43636979875726
1760,-355.58544550412614,-100.75519670149205,-321.20497135710275,-48.76371943555394
1761,-394.1765591039755,-19.062040790240072,-320.5664721966849,-48.07052794973597
1762,-387.4943261846328,-120.24752753385349,-322.45715486399394,-49.09578952976414
1763,-355.74568720228206,-67.22670910630511,-322.1080042175773,-49.608872476785514
1764,-473.99520623783724,-24.363720466926704,-323.50957455448156,-48.77169402811274
1765,-326.55183701053124,-16.22678717976979,-323.62784586385385,-48.66534407555816
1766,-328.0371239617634,-101.46534049951093,-323.78926610149733,-49.46715162612631
1767,-264.68860603070294,-17.54639506067354,-322.9417645168378,-49.07694713456232
1768,-460.04074283576546,-17.29156435738367,-324.7345415020797,-48.66393550191371
1769,-296.8444295823678,-49.45839519819005,-324.8134797889724,-48.010747233947384
1770,-432.1453229777835,-65.03176360286767,-325.5504435656481,-48.47433863627485
1771,-343.3875641565008,-63.06054371140816,-326.0364237902644,-48.52726440215398
1772,-389.5714258298959,-45.05359024630971,-327.8328810763027,-48.814270834422956
1773,-380.0079878520185,-18.998313228495732,-327.51977323218625,-48.84363427517066
1774,-298.2887395435189,-114.99549349792517,-328.0100752427241,-49.80497936445435
1775,-341.81743063510584,-17.74156752695296,-327.66186439022596,-49.73407442112292
1776,-306.8308295325709,-57.681981117302655,-327.01674610486094,-50.11432514818444
1777,-241.83172227227368,-47.83623530771444,-325.6680326865908,-50.3796329922856
1778,-311.4599625547039,-74.17329411608608,-326.0685817645074,-50.72508353453221
1779,-271.03582036330914,-20.40134174532152,-325.6300298696933,-49.95522961921281
1780,-296.7965650300454,-50.103852168574164,-325.3071077653585,-50.293791142079854
1781,-360.1645610999374,-15.352144708501493,-325.7227491664106,-49.70603936915698
1782,-369.5841182480121,-17.334307275033606,-326.49964594752703,-49.243540463879384
1783,-281.5984844001191,-22.021249121742375,-325.8725641625658,-49.30464365639656
1784,-259.6002732000254,-84.85328816993044,-325.7470291890144,-49.4272768394201
1785,-428.5294831986921,-52.430567519442896,-326.1847897493575,-49.74311490498752
1786,-293.07892519908785,-71.34802747294565,-326.8136648011764,-50.26889877140009
1787,-255.73955757094302,-61.88979501530521,-327.14810061116236,-50.73223751529301
1788,-309.2864567906307,-18.099490784521723,-324.4072295068138,-50.77237500917539
1789,-297.96316070810343,-16.44304273816485,-325.0719698699158,-49.425399609244714
1790,-377.7164408802155,-62.11382972267701,-326.5449881766021,-49.386372664673424
1791,-276.1133920005989,-60.346542527309694,-326.5297674116619,-49.77366746468133
1792,-280.2813626999651,-19.21913029698983,-325.1657526312019,-49.71944379004697
1793,-364.4661281491267,-105.38723079967284,-325.32517557746837,-50.597994340194894
1794,-325.05803856082815,-71.86809418896415,-326.04137321600166,-51.09640589738154
1795,-467.94146705618124,-72.77484846373027,-327.42719564353746,-51.2188579245257
1796,-412.01847174928207,-15.660338141328857,-328.7488308394572,-50.28000531200276
1797,-345.532349384503,-28.641295382701077,-327.8805044858636,-50.389207128468726
1798,-250.08653361619582,-17.698359166975578,-328.42142562519825,-50.366561185978696
1799,-367.3452721355055,-15.564991007099236,-328.9375789840983,-49.54998138294082
1800,-269.6454827010236,-20.78081502792791,-328.7689815134749,-49.31677982838314
1801,-354.7009415171005,-89.7625438191097,-329.5064060959847,-50.00812949345398
1802,-247.0103528654189,-16.83511429018533,-329.0187347107176,-49.58388921720481
1803,-422.8211763657249,-90.97761315495231,-330.44348953383144,-50.318114477108985
1804,-255.0264093701778,-62.190699997729624,-330.4056629638317,-50.7482950902118
1805,-313.82326645747196,-48.711960642810645,-329.2343630465509,-51.07530504369705
1806,-302.047750896186,-17.565694091869634,-328.24134401813785,-50.378797568892836
1807,-457.838830046117,-16.70353841948641,-330.160106197266,-50.31708020526942
1808,-291.15244542892606,-80.55893919717629,-330.1644673361375,-50.134120260368476
1809,-333.17747080547645,-19.488758617842375,-330.4889702459431,-49.149128438817236
1810,-409.17801814418726,-15.800581215667744,-332.1155217021502,-48.434017952864764
1811,-206.9629295538214,-30.97891389962954,-331.6293827776823,-48.56394470455254
1812,-360.4203890210037,-19.854021051400757,-332.07493423478724,-48.60227657971448
1813,-235.4137686151394,-39.21178015015146,-331.3298613799696,-47.94601156392259
1814,-287.10251260380824,-37.67227558105708,-330.68360704281207,-47.75442393965846
1815,-341.92936761707733,-19.975107434059137,-331.1078827914471,-47.3165762170627
1816,-337.7927009370025,-74.94450193980147,-331.97740180906106,-47.858303247809836
1817,-278.2012609201329,-21.13750924532408,-331.08308310601836,-47.830681450390834
1818,-292.75137389672545,-99.35103145125582,-330.7963444037894,-48.15317800181493
1819,-319.56187673168967,-76.70150512585309,-330.7188843740205,-48.725042437574494
1820,-320.58496398959124,-15.051431289664889,-331.03217427027533,-48.693061685504574
1821,-379.3127435642943,-16.364820650479032,-332.03505111349466,-48.2017966091626
1822,-478.9472827538842,-63.02579839835582,-333.9801045839572,-48.092689747877216
1823,-428.8383519700139,-19.21085574800295,-334.4268201582068,-46.63119497719593
1824,-319.0921982940562,-72.1869296601789,-334.3703004122252,-47.10640550695097
1825,-305.77323815277384,-48.841306650016556,-335.2378177371255,-47.21033591831392
1826,-229.00765760621505,-24.410688272048063,-333.89420220530513,-47.29513074830781
1827,-351.51006352566213,-20.035889402219,-333.4328459114421,-47.01258148545577
1828,-354.49254605920606,-66.74554077296804,-334.7526176390412,-47.44251876970457
1829,-326.1586653765149,-40.96289297210067,-332.92890854592486,-46.87499389959775
1830,-231.7513581837324,-99.88786130244628,-332.3507420301197,-46.96143703853514
1831,-369.4927224334005,-21.41240285804257,-332.97879470985265,-46.50603129835787
1832,-285.93277643812945,-24.951888146550107,-332.7889291389902,-45.9772840693642
1833,-472.92702699779426,-24.439207161310247,-334.8893708290464,-45.30995983033015
1834,-320.0215775712452,-110.25261955072857,-335.10328828104883,-45.824601963752336
1835,-368.96206905091316,-14.935459411238103,-335.119794173865,-45.36805205431711
1836,-428.8795712880151,-45.83192185563023,-335.5642965829934,-45.538681107328735
1837,-304.4695652226781,-66.19837373670315,-334.9484431159194,-45.125495300582706
1838,-433.80993544456646,-16.990575928283256,-337.1172880853683,-45.05012807545333
1839,-288.8749774560638,-20.370630876168846,-335.56474146795983,-45.094558606041886
1840,-241.79207967786476,-17.87787099705999,-332.1062753548215,-45.08280882511365
1841,-376.51643920965137,-55.522695834545004,-331.16255266023984,-45.17493743924531
1842,-371.8989000210544,-130.0000355017158,-331.70959046397184,-45.87952700838187
1843,-427.65836685525693,-54.95749204751438,-333.0706609612115,-46.23380765209872
1844,-303.7577004096482,-46.513424504882394,-333.47515334186915,-46.11726165886114
1845,-376.06976746003625,-20.54350595170437,-334.04523349618034,-45.67127220710599
1846,-360.3627801867512,-36.74828662303751,-334.0849020903586,-45.86991205473156
1847,-222.42802782826598,-29.34317058473419,-332.82878239210896,-45.46536487654265
1848,-394.37599468416516,-14.741805712269054,-333.45112939473097,-45.08627853785892
1849,-291.3445732280778,-67.68603744275198,-333.07784359092557,-45.22866104831512
1850,-332.6242219420035,-54.51021432027286,-332.7507234368164,-45.5874321056232
1851,-397.6970705041245,-14.752810145433154,-333.7633321722571,-45.3462531269156
1852,-324.20398726237255,-15.985054946021577,-334.78433707561777,-44.91295058935133
1853,-397.74875327882603,-98.95277291135967,-335.2544329191674,-45.69847211705131
1854,-250.48889581982226,-29.085423083659283,-334.9312881172558,-45.82677047588563
1855,-317.23125079556036,-32.99148909961419,-334.85816638756825,-45.099748592284946
1856,-263.26695854757446,-22.976312341305825,-335.2885228043444,-45.11632915935031
1857,-319.63058440066743,-111.93851072113172,-334.70838293593806,-46.08226563109505
1858,-393.363838126114,-15.696182313437207,-335.4214251138687,-46.073581785817815
1859,-321.07480581119836,-16.66089361299722,-335.7737042297166,-45.56562213358214
1860,-314.8518010055482,-75.3351061118176,-335.36636778473076,-45.31142122768539
1861,-206.83913516748314,-47.43645446439651,-333.4929935453659,-45.59516536442696
1862,-465.64508348319816,-15.401943156713582,-334.2745011183515,-44.54670952065556
1863,-305.4778132364464,-17.062896115023104,-333.7718223786932,-44.045071390742734
1864,-242.66443433283155,-101.29312839286875,-331.4585146596431,-44.81436547000216
1865,-287.83170538600126,-19.22390367991382,-331.0713133433978,-44.84433663500359
1866,-271.6985207021194,-93.09413389625806,-330.5079273108014,-44.76062456897106
1867,-242.36157713166526,-19.407302445381454,-330.284657021811,-44.77923364281815
1868,-257.35876215227205,-18.792285078853173,-328.25783721497606,-44.79424085003284
1869,-316.2284950945492,-17.959397177846153,-328.4516778700979,-44.47925086982941
1870,-185.4404144063679,-14.99549257403384,-325.98462878438374,-43.978888159541064
1871,-228.90825066938277,-109.33753480550057,-324.83983564951257,-44.441658070481985
1872,-350.0533273223202,-81.47208629184215,-324.4446546644368,-44.805843030937304
1873,-316.43533446325677,-20.061010970363213,-323.8089281305492,-44.816470008355985
1874,-257.30230772905804,-19.182827663256575,-323.3990638124046,-43.8583433500093
1875,-144.2064513294836,-20.06317644031464,-321.42295401934837,-43.88155943914292
1876,-290.6652174223112,-49.03937652293132,-321.26129789824574,-43.79513339319921
1877,-309.35727931252774,-38.00312047833154,-321.9365534686484,-43.69680224490538
1878,-288.5744153132168,-61.89107620541086,-321.70769799623355,-43.57398006579863
1879,-346.10144074962125,-31.83885671971134,-322.45835420009666,-43.68835521554252
1880,-229.34194118995921,-84.65600648676583,-321.7838079616958,-44.03387675872444
1881,-354.5912126400398,-80.55547834014928,-321.7280744770968,-44.68591009504092
1882,-263.57957170030113,-42.8960753696933,-320.66802901161964,-44.94152777598752
1883,-399.1142536270768,-14.331539660904534,-321.8431867038893,-44.86463068137914
1884,-349.32726269414826,-92.78829443188839,-322.74045659883046,-44.94398074399871
1885,-330.58589836469673,-60.44683994111849,-321.76102075049045,-45.02414346821546
1886,-312.1241249926036,-16.99297105498904,-321.9514727484256,-44.480592904035895
1887,-329.52420526885413,-19.474258977644368,-322.6893192254047,-44.056437543659285
1888,-282.6129625538335,-19.75123458639504,-322.4225842830367,-44.07295498167802
1889,-314.98132994646176,-36.0817777526467,-322.59276597542026,-44.26934233182285
1890,-333.95848925162056,-88.46805787033068,-322.15518645913437,-44.53288461329938
1891,-330.33289125818396,-14.250863532018768,-322.6973814517102,-44.07192782334646
1892,-318.23542136209284,-22.903139233611185,-323.07692203833153,-44.10876791271268
1893,-323.90464140596373,-15.414197271416059,-322.6713071709,-43.20903757743011
1894,-476.15369850141343,-64.25064768360176,-324.1822637703058,-43.13286311237649
1895,-319.8742447783663,-69.64181621212538,-322.70159154752764,-43.10153278986044
1896,-383.46493172990904,-35.81227833447165,-322.4160561473339,-43.30305219179188
1897,-294.2166746012799,-81.28369433934732,-321.9028993995016,-43.82947618135834
1898,-352.57887392122024,-82.57259234701017,-322.9278228025519,-44.47821851315869
1899,-326.47096147164996,-63.458624949694624,-322.51907969591326,-44.95715485258464
1900,-311.3121167074424,-73.5860894444725,-322.93574603597744,-45.48520759675009
1901,-412.24433169233646,-17.143314442808236,-323.5111799377298,-44.75901530298707
1902,-393.5835797947274,-18.945780285342835,-324.97691220702296,-44.780121962938644
1903,-390.0267771217137,-19.397687143688717,-324.6489682145829,-44.06432270282601
1904,-368.0476880817278,-16.04930207444708,-325.77918100169836,-43.60290872359318
1905,-243.70725024550117,-84.75500062924144,-325.07802083957864,-43.96333912345748
1906,-349.13355663690413,-22.772485081628265,-325.54887889698585,-44.015407033355075
1907,-408.52638731832184,-16.608742034365598,-325.05575446970784,-44.01445906950387
1908,-272.2351636223255,-65.46882056963774,-324.86658165164187,-43.86355788322849
1909,-294.50305292429033,-17.497007946002178,-324.47983747283,-43.84364037651009
1910,-248.82502992640707,-22.014365694282095,-322.8763075906522,-43.90577822129624
1911,-271.05496764509485,-18.596020230707346,-323.5172279715649,-43.78194928460701
1912,-239.4369070184722,-64.31879236544155,-322.3073931515396,-44.226596997747414
1913,-226.3250184724443,-74.51951907041737,-322.21650565011265,-44.579674386950074
1914,-277.2824015194336,-16.55958199378638,-322.11830453926893,-44.36854745107736
1915,-364.7562635919231,-17.291539937076514,-322.3465734990174,-44.341711776107545
1916,-368.2922642500848,-15.88813366553837,-322.65156913214815,-43.75114809336491
1917,-364.7381175226549,-16.254569069676673,-323.51693769817336,-43.70231869160843
1918,-343.1494934646734,-20.493824758605022,-324.02091889385287,-42.91374662468193
1919,-218.1553131204332,-39.38700570599352,-323.0068532577403,-42.54060163048333
1920,-284.7875547629891,-86.83305590234966,-322.6488791654743,-43.25841787661018
1921,-393.807696017765,-18.579661716034547,-322.7938286900089,-43.28056628726573
1922,-425.6442242056369,-80.62701466272216,-322.2607981045265,-43.456578449909394
1923,-327.32659144545755,-94.03603202395159,-321.2456804992809,-44.20483021266888
1924,-291.9769988226051,-88.99504566778637,-320.9745285045664,-44.37291137274495
1925,-282.5879851522077,-110.08185540884176,-320.74267597456077,-44.98531686033321
1926,-277.3630546553104,-17.42414402892412,-321.2262299450517,-44.91545141790197
1927,-384.89536714051656,-56.93174028350925,-321.5600829812003,-45.28440992671487
1928,-320.5177887280279,-118.24478113363608,-321.2203354078885,-45.79940233032155
1929,-453.51810539497706,-55.81078381528897,-322.4939298080731,-45.94788123875344
1930,-321.897067082631,-15.352819196950367,-323.3953868970621,-45.10253081769848
1931,-266.0134644189154,-18.778934063579612,-322.3605943169173,-45.07619612975385
1932,-308.22973551303835,-16.525129215507334,-322.58356390766636,-44.991928540443425
1933,-223.0098277014824,-15.22510562207254,-320.08439191470325,-44.899787525051046
1934,-298.0971973038267,-21.966305790117115,-319.8651481120291,-44.01692438744493
1935,-254.06831452502982,-29.700856792275246,-318.7162105667702,-44.1645783612553
1936,-328.0708382560905,-73.87991104783482,-317.70812323645094,-44.44505825317734
1937,-300.25094001959934,-60.27360403425077,-317.6659369844202,-44.38581055615282
1938,-257.98265354256193,-18.285687934470072,-315.9076641654002,-44.39876167621468
1939,-305.34940439377215,-15.651120764738327,-316.07240843477734,-44.35156657510038
1940,-373.6760113314006,-16.744638104443315,-317.3912477513126,-44.34023424617421
1941,-303.92938792991754,-18.139660616791392,-316.6653772385153,-43.966403893996684
1942,-304.6402372908394,-55.831447801953914,-315.99279061121314,-43.22471801699906
1943,-322.9472354257354,-63.91306844027862,-314.94567929691794,-43.31427378092671
1944,-377.3880920935553,-26.247277716789306,-315.681983213757,-43.111612313045775
1945,-292.7426827967298,-16.730633783437117,-314.8487123671239,-43.0734835913631
1946,-293.6742138386563,-17.5374572554429,-314.18182670364297,-42.88137529768716
1947,-312.88497769749574,-66.78251237360361,-315.08639620233527,-43.255768715575854
1948,-248.86879853570022,-18.081434524103784,-313.63132424085063,-43.289165003694194
1949,-256.52242743772723,-24.346083915414166,-313.28310278294714,-42.85576546842082
1950,-431.40283221026016,-49.373164602447304,-314.2708888856297,-42.80439497124256
1951,-363.0860774021791,-123.30314179577216,-313.92477895461025,-43.88989828774594
1952,-274.85583561709666,-72.80137435177558,-313.4312974381575,-44.45806148180349
1953,-401.5929380961364,-66.57997360118995,-313.46973928633065,-44.13433348870179
1954,-339.11246957029385,-18.839180980108573,-314.35597502383536,-44.03187106766629
1955,-380.5852966381378,-15.936177759539945,-314.9895154822611,-43.861317954265544
1956,-445.88517022129264,-16.455790737941182,-316.8156975989983,-43.7961127382319
1957,-440.29266109913544,-23.518295654293226,-318.022318365983,-42.91191058756351
1958,-499.21183668532484,-55.49503615796374,-319.08079835157514,-43.30989912600878
1959,-397.3393771157911,-40.7040927397701,-319.84344406462105,-43.55033111727651
1960,-258.1596772344936,-89.1082772956251,-319.2765228269105,-43.688062829114585
1961,-400.7151343843147,-19.245834184748897,-321.21528281907877,-43.40615662631811
1962,-315.1473895643082,-17.334582815817893,-319.71030587988986,-43.425483022909155
1963,-336.4299473579135,-48.77139933220842,-320.01982722110455,-43.74256805508101
1964,-359.3678697082998,-15.234117424384818,-321.1868615748592,-42.881977945396166
1965,-283.88979411875215,-49.88382689705186,-321.1474424621867,-43.18857717756754
1966,-219.96657529782735,-73.3860852140511,-320.63012300814376,-42.99149669074547
1967,-327.20282893078513,-31.234613046067395,-321.478535526135,-43.10976979675233
1968,-279.8852102680057,-66.97295315892649,-321.7038000072922,-43.59157647755306
1969,-267.11896973765784,-15.560503413409853,-321.21270475372336,-43.5675875399087
1970,-364.5878646732516,-17.53746135115196,-323.0041792563922,-43.59300722767989
1971,-406.2973084543482,-114.6976147657308,-324.7780698342419,-43.646608027282184
1972,-333.5542988984716,-19.6105566980765,-324.6130795500034,-43.02799273134453
1973,-298.2770137136181,-15.869937458235473,-324.43149634250705,-42.986081996223255
1974,-304.3104028668265,-17.698003914106625,-324.9015772938847,-42.97123375873175
1975,-450.65106360248024,-16.407622358652997,-327.9660234166147,-42.93467821791513
1976,-404.0579710596899,-162.72807366570078,-329.0999509529884,-44.07156518934283
1977,-281.8949170663334,-17.114733674061622,-328.82532733052653,-43.86268132130013
1978,-333.6165494189112,-63.917751323121166,-329.2757486715835,-43.882948072477234
1979,-273.89528321772787,-46.179428170953564,-328.5536870962645,-44.02635378698966
1980,-390.9753835139221,-17.06482076774346,-330.1700215195042,-43.35044192979944
1981,-416.8599896709189,-22.853209126846604,-330.79270928981293,-42.77341923766641
1982,-165.99112744053812,-17.248578870829217,-329.8168248472153,-42.51694427267777
1983,-285.16644505515484,-66.21825125681606,-328.67734676149604,-43.03581138863688
1984,-294.35285429707517,-26.84216657074041,-328.12760267752526,-42.376350110025406
1985,-295.43395306653383,-18.577651711112555,-327.77608322454364,-41.95765822772535
1986,-288.4241041482369,-19.689320551848414,-327.5390830161,-41.98462172269394
1987,-314.3838533847195,-16.566414795930303,-327.3876794972587,-41.9555432808768
1988,-341.88834156336014,-15.416186976469035,-327.980433287354,-41.91219280477754
1989,-370.9800861815876,-64.02223264175501,-328.5404208497053,-42.19159735366863
1990,-246.7461008899728,-24.939259457252252,-327.6682969660888,-41.556309369537836
1991,-305.2944530584689,-120.21620407348763,-327.4179125840916,-42.61596277495252
1992,-278.6949795221079,-17.45826510091335,-327.02250816569176,-42.56151403362554
1993,-377.8866034528566,-116.13973462801827,-327.56232778616067,-43.56876940719156
1994,-334.62599148166385,-71.56374491756615,-326.1470507159632,-43.64190037953121
1995,-335.928325349923,-23.380959698407718,-326.3075915216788,-43.17929181439403
1996,-286.49509670654095,-15.473733911211998,-325.3378931714451,-42.975906370161425
1997,-304.4137452071107,-16.268754255946384,-325.43986387750334,-42.325756969327415
1998,-209.09859274308718,-18.167737164365963,-324.00506106572203,-41.68170841750098
1999,-224.7857403563068,-71.86566127629685,-322.9882088545686,-41.765778780767
2000,-240.54654475973422,-76.28313492732728,-322.2805531350915,-41.79274923559556
2001,-281.23554173771817,-18.23907862463516,-320.9704652355454,-41.80370687741382
2002,-350.51673231824435,-17.367711545896178,-320.5397967607805,-41.78792619001936
2003,-243.4281689085793,-71.71884241355097,-319.0738106786492,-42.31113774271798
2004,-301.74807263137376,-18.31724086797237,-318.4108145241456,-42.33381713065324
2005,-189.45414467506004,-108.35130393965308,-317.86828346844123,-42.56978016375735
2006,-381.60518429143593,-18.100475788719802,-318.1929997449866,-42.52306007082826
2007,-324.8286124333655,-79.34533113454141,-317.3560219961371,-43.15042596183002
2008,-205.9259073582913,-18.125460133151932,-316.69292943349666,-42.67699235746516
2009,-335.3806371457784,-17.075453693378552,-317.10170527571154,-42.67277681493893
2010,-251.56884434516337,-15.53621524894147,-317.12914341989904,-42.607995310485535
2011,-281.6268383391392,-17.76302588723349,-317.23486212683946,-42.59966536705079
2012,-278.6130742081864,-16.527370448489147,-317.62662379873666,-42.12175114788126
2013,-155.25029273757352,-21.946254764993874,-316.91587654138795,-41.59601850482703
2014,-333.38597712819546,-52.26135982112081,-317.4769122974755,-41.953036283100374
2015,-335.0966287334277,-16.099517294863507,-317.1803159488906,-41.94111605667825
2016,-256.18312255413844,-15.775964241475906,-316.0592245319311,-41.93999436243762
2017,-285.46423694492586,-90.45434847171026,-315.26648572615386,-42.68199215645796
2018,-309.0752853962571,-68.45640351365277,-314.9257436454697,-43.161617944008434
2019,-235.06955276621716,-92.99609257792335,-315.09488604192757,-43.697708812727726
2020,-327.4952149586648,-81.00808950410034,-315.5219626438843,-43.63945914874523
2021,-286.139283961908,-14.81765156056101,-314.4452785233257,-43.6018390471905
2022,-413.8638072053738,-93.22045121165223,-314.32747435332317,-43.7277734126798
2023,-360.7267736801127,-19.136556928884453,-314.6614761756697,-42.97877866172913
2024,-291.4679434780905,-18.82112961564048,-314.65638562222455,-42.277039501207675
2025,-260.9333708426787,-15.752866841190308,-314.43983947912926,-41.33374961553116
2026,-226.48773334747472,-15.531926821111803,-313.9310862660509,-41.314827443453034
2027,-231.93801952674778,-17.916171042387834,-312.40151278991317,-40.92467175104182
2028,-315.79026387353707,-18.460365052584283,-312.35423754136826,-39.926827590231305
2029,-311.11957812863,-118.19017846200057,-310.9302522687048,-40.550621536698415
2030,-327.7561939432154,-43.11266332633303,-310.9888435373106,-40.82821997799225
2031,-281.2387897420879,-17.73874775178896,-311.14109679054235,-40.81781811487434
2032,-335.52605831669587,-108.31805798226306,-311.41406001857894,-41.7357474025419
2033,-385.5630156202359,-14.730065480459583,-313.03959189776646,-41.730797001125765
2034,-245.4077498319632,-16.26755901521505,-312.5126974230478,-41.67380953337674
2035,-269.7563487045211,-16.060383772706363,-312.66957776484276,-41.537404803181055
2036,-317.0164526165588,-20.035944486492948,-312.5590339084474,-40.99896513756764
2037,-224.36043749432068,-74.74444152907189,-311.80012888319465,-41.143673512515846
2038,-327.2839223098,-18.09649647312847,-312.493141570867,-41.141781597902444
2039,-208.1096338264333,-30.392975260828457,-311.52074386519365,-41.28920014286334
2040,-193.03838061744344,-16.892439330883924,-309.7143675580541,-41.29067815512774
2041,-273.04470105699306,-17.10637413925085,-309.4055206893248,-41.28034529035234
2042,-276.0680333102643,-88.91860868774616,-309.1197986495191,-41.611216899210255
2043,-376.8472393014505,-14.615218719882073,-309.6587986882763,-41.11823840200629
2044,-251.6905748454106,-23.204993151228013,-308.40182351579483,-41.08781555635067
2045,-206.20559552523918,-63.78146827827514,-307.5364526430799,-41.558323901299055
2046,-328.9224766078689,-51.38690122776873,-307.88893527077204,-41.89681834102232
2047,-318.10815804763627,-91.57105272507546,-307.9411670742734,-42.14470374453703
2048,-315.3702338092964,-19.797001830790542,-308.60618142700935,-42.1618594176039
2049,-256.9330366189903,-17.749581486046146,-308.61028751882196,-42.09589439331022
2050,-258.0739397752872,-16.194788966374098,-306.87699859447224,-41.76411063694949
2051,-448.1901395049854,-16.196279395163184,-307.72803921550036,-40.6930420129434
2052,-233.61751203750782,-20.61008889774522,-307.31565597970445,-40.1711291584031
2053,-361.2188864124077,-50.08855428691687,-306.9119154628671,-40.00621496526037
2054,-289.4667578803448,-17.78488690178558,-306.41545834596764,-39.995672024477145
2055,-454.5916059479895,-62.974937089347556,-307.1555214390661,-40.466059617775215
2056,-313.103622924039,-55.0532124169886,-305.8277059660936,-40.85203383456569
2057,-261.32022433287636,-16.628523537964277,-304.0379815984311,-40.78313611340239
2058,-274.37349517092514,-16.890832849725616,-301.7895981832871,-40.39709408032002
2059,-328.4601037451079,-54.762072386547274,-301.10080544958026,-40.537673876787785
2060,-365.12949024851486,-70.50327387309922,-302.17050357972045,-40.351623842562525
2061,-172.6339539763509,-20.29258621795052,-299.88969177564076,-40.362091362894546
2062,-231.64458556261644,-19.662990440526453,-299.0546637356239,-40.385375439141626
2063,-199.20968461351677,-20.976025914906664,-297.68246110817995,-40.1074217049686
2064,-298.48108477502427,-17.43518916422975,-297.07359325884715,-40.12943242236705
2065,-419.54324408219804,-54.640817153520175,-298.4301277584816,-40.17700232493174
2066,-313.109002855521,-57.68591111141116,-299.36155203405855,-40.02000058390534
2067,-319.6161361202545,-17.359205431495894,-299.28568510595323,-39.881246507759634
2068,-367.89873055827076,-18.50581639147355,-300.16582030885587,-39.396575140085105
2069,-400.0045350896139,-16.582114040174666,-301.4946759623754,-39.40679124635274
2070,-242.31753157142398,-70.93957310822915,-300.27197263135713,-39.94081236392351
2071,-206.05471032033978,-106.76493454952995,-298.2695466500171,-39.861485561761505
2072,-307.25458743840034,-16.10054544622831,-298.00654953541635,-39.82638544924303
2073,-342.1399974935558,-86.78792951439263,-298.4451793732158,-40.5355653698046
2074,-337.29797783014783,-19.05197656858693,-298.77505512284904,-40.54910509634941
2075,-220.38523559152637,-16.99042796823721,-296.4723968427395,-40.55493315244525
2076,-368.5061453017662,-21.58563421055106,-296.1168785851603,-39.143508757893756
2077,-396.6544681260269,-27.017783154090775,-297.2644740957572,-39.24253925269404
2078,-289.4161349438872,-25.301861684178192,-296.82246995100695,-38.856380356304605
2079,-164.672566871505,-23.366006625394945,-295.73024278754474,-38.62824614084902
2080,-261.87416560547905,-17.811203677036087,-294.43923060846026,-38.63570996994194
2081,-268.3760844373492,-15.53116281352706,-292.95439155612456,-38.56248950680875
2082,-296.3783436694937,-20.85689256229556,-294.2582637184141,-38.59857264372342
2083,-278.0086590845979,-18.755857367717905,-294.18668585870853,-38.12394870483244
2084,-389.3722699985706,-16.843087245023526,-295.1368800157235,-38.02395791157528
2085,-182.8370851435382,-29.75856911288544,-294.01091133649356,-38.135767085593
2086,-253.6453448944999,-70.12415877741478,-293.6631237439562,-38.64011546784866
2087,-389.7762645871893,-20.77064538460041,-294.41704785598085,-38.682157773735355
2088,-257.5495405195076,-24.380721553112497,-293.57365984554235,-38.7718031195018
2089,-177.03974040184835,-64.48344874688287,-291.6342563877449,-38.776415280553074
2090,-230.00929300916965,-15.885415534173397,-291.4668883089369,-38.68587684132229
2091,-251.53784527883374,-22.722307375302353,-290.92932223114053,-37.71093787434044
2092,-278.37827194899654,-16.016868923773863,-290.92615515540945,-37.69652391256904
2093,-284.748653406599,-113.0246879604123,-289.99477565494686,-37.66537344589298
2094,-341.3581825671078,-76.63569107548315,-290.0620975658013,-37.716092907472145
2095,-258.69291198230155,-17.022039300356287,-289.28974343212514,-37.65250370349163
2096,-271.611977797058,-15.162632951225776,-289.14091224303024,-37.64939269389178
2097,-221.23232140693293,-17.834538194678824,-288.3090980050285,-37.6650505332791
2098,-185.44512451944,-23.33752866778333,-288.07256332279195,-37.716748448313275
2099,-303.16468234467345,-18.017905645119363,-288.8563527426757,-37.17827089200151
2100,-325.5412887796972,-157.8069044704323,-289.70630018287534,-37.99350858743255
2101,-276.7489903328545,-16.947807123210403,-289.6614346688267,-37.980595872418306
2102,-363.93818579406326,-16.60644912295736,-289.7956492035849,-37.972983248188925
2103,-303.7386626485313,-15.436425564147585,-290.39875414098447,-37.410159079694886
2104,-343.33264158673796,-15.418285857969398,-290.81459983053804,-37.38116952959486
2105,-382.2712780191663,-61.91245191965225,-292.7427711639791,-36.916781009394846
2106,-246.26217285025194,-24.46984750173145,-291.3893410495673,-36.98047472652496
2107,-263.6058507955951,-16.8238850366519,-290.7771134331896,-36.355260265546065
2108,-309.1997935638069,-63.636186746675484,-291.8098522952447,-36.810367531681294
2109,-270.3181243847579,-14.77174381568847,-291.15922716763447,-36.7873304329044
2110,-209.28562632750157,-16.394886189956797,-290.7363949874578,-36.79591714231455
2111,-224.36799011996777,-20.803625120508467,-290.1638065052661,-36.826323134647296
2112,-260.13716831907294,-17.646109496638918,-289.979047446375,-36.8375105251288
2113,-253.70442961728997,-75.09653658387286,-290.96358881517216,-37.36901334331759
2114,-227.54846842691697,-66.57939719731121,-289.90521372815937,-37.51219371707949
2115,-210.9148990468703,-22.220559408246512,-288.66339643129385,-37.57340413821333
2116,-200.67974556414924,-64.32235841212207,-288.1083626613939,-38.05886807991978
2117,-288.9098687563906,-16.700419151546512,-288.14281897950855,-37.32132878671815
2118,-243.67125055479505,-21.093450122144187,-287.488778631094,-36.84769925280307
2119,-194.7986824661301,-64.25939380319488,-287.08606992809314,-36.560332265055784
2120,-343.24635208554366,-15.914759627799347,-287.2435812993619,-35.90939896629278
2121,-336.9735713558521,-13.720849739539256,-287.7519241733013,-35.898430948082556
2122,-449.41652443924016,-13.910046051062704,-288.1074513456399,-35.105326896476654
2123,-288.53367179951294,-50.952351737536894,-287.3855203268339,-35.42348484456318
2124,-295.7238578670585,-94.32557556398203,-287.4280794707236,-36.17852930404659
2125,-263.61225141956623,-18.225702656365474,-287.4548682764925,-36.20325766219834
2126,-245.9667583235245,-21.404030858029003,-287.64965852625306,-36.26197870256751
2127,-213.6161095146533,-71.70527167018476,-287.46643942613207,-36.79986970884548
2128,-335.2032681336731,-13.957227363893644,-287.6605694687334,-36.754838331958574
2129,-303.8647416416266,-17.730497430313527,-287.5880211038634,-35.750241521641705
2130,-284.2152001609777,-14.27100579007352,-287.152611166041,-35.46182494627911
2131,-313.8762478938386,-15.56938365431681,-287.4789857475585,-35.440131305304384
2132,-309.92822490907656,-15.986757531555504,-287.2230074134824,-34.51681830079731
2133,-296.6535098037145,-23.421074885562742,-286.3339123553171,-34.603728394848346
2134,-242.25906901826363,-62.95535848424711,-286.3024255471801,-35.07060638953866
2135,-274.7048946806931,-16.001845301760962,-286.3519110069419,-35.070021004829215
2136,-196.55865143374405,-18.856134478249796,-285.1473329951137,-35.058222904746785
2137,-312.8746325375974,-20.019572906917094,-286.0324749455465,-34.510974218525234
2138,-379.2491417043072,-15.412601411614135,-286.5521271394915,-34.48413526791009
2139,-328.6366048550142,-112.80190296336839,-287.7573968497773,-35.3082245449355
2140,-246.9744907942973,-17.120660424690758,-288.29675795154594,-35.31050675587356
2141,-204.70833057049433,-86.439413695202,-287.61339424668085,-36.003837151433075
2142,-236.0105411553257,-36.313840353260844,-287.2128193251315,-35.47778946808822
2143,-198.80299715937556,-16.437497304791886,-285.43237690371075,-35.496012253937316
2144,-293.5379491917718,-14.999048499876384,-285.85085064717435,-35.413952807423804
2145,-269.9705424860273,-17.705644236945822,-286.4885001167823,-34.953194567010506
2146,-283.62945048503457,-15.99265569593497,-286.0355698555539,-34.59925211169217
2147,-325.63151242953495,-60.03059325035461,-286.1108033993729,-34.28384751694496
2148,-219.20111883328977,-17.54632627246485,-285.14911224961287,-34.2613407613617
2149,-278.27823345799004,-54.017278767941875,-285.36256421800283,-34.62401773418066
2150,-176.87480974696646,-17.20802304035702,-284.5505729177196,-34.63415007492049
2151,-286.0183537593269,-22.94443369725447,-282.9288550602631,-34.7016316179414
2152,-357.25277795112305,-16.84573268968325,-284.16520771939923,-34.663988055860784
2153,-417.39887061735345,-28.865824293194066,-284.72700756144866,-34.45176075592355
2154,-251.88181285279398,-14.691294612862155,-284.35115811117316,-34.42082483303432
2155,-187.90972816995614,-14.82490274386425,-281.6843393333928,-33.93932448957949
2156,-354.82733980949655,-47.673226895666495,-282.1015765022474,-33.86552463436627
2157,-289.0151626625713,-19.106921924001643,-282.3785258855444,-33.89030861822664
2158,-174.70765459330934,-18.140979243806363,-281.38186747976823,-33.90281008216744
2159,-282.70112666252567,-16.33792512524632,-280.9242777089424,-33.518568609554436
2160,-459.5077541456326,-19.697260425119865,-281.8680603479135,-33.01050847507464
2161,-216.5381582365828,-16.22148457202626,-282.30710239051587,-32.9697974586154
2162,-209.8720135498189,-17.611470152642752,-282.08937667038794,-32.94928225573657
2163,-235.1546194589352,-17.521017919909067,-282.44882601884206,-32.9147321757866
2164,-322.76345731195295,-15.955036800567845,-282.69164974421136,-32.89993065214997
2165,-306.34290728042606,-16.23080827905895,-281.5596463761936,-32.51583056340535
2166,-348.8270744828118,-70.01582190691511,-281.9168270924665,-32.639129671360394
2167,-269.9438476320651,-14.53334051363875,-281.42010420758464,-32.610871022181826
2168,-184.89373184193803,-23.707952117581208,-279.5900542204213,-32.66289237944291
2169,-287.6234171640336,-16.540024458472647,-278.46624304116557,-32.662471483625886
2170,-251.5354868508928,-17.525787710762074,-278.55842259396024,-32.12833362965121
2171,-250.21034404839983,-118.36243817907373,-278.99997893124083,-32.24430866594665
2172,-329.90187675870294,-15.921319018792211,-279.22645182444387,-32.24251640167228
2173,-286.3454935108266,-17.965234902265152,-278.66850678461657,-31.55428945555101
2174,-340.2110578358517,-17.176529973936788,-278.6976375846736,-31.53553498960451
2175,-293.09820609730167,-15.596994761951883,-279.4247672897314,-31.521600657541658
2176,-304.75911585774656,-68.49005154047292,-278.7872969952912,-31.99064483084087
2177,-146.90667739666767,-18.853430950912774,-276.28981908799756,-31.909001308809092
2178,-362.02770539414746,-67.69699684439273,-277.01593479250016,-32.33295266041124
2179,-307.1372106451701,-81.18867559255722,-278.4405812302368,-32.911179350082854
2180,-409.29909936249385,-44.89830366423954,-279.9148305678069,-33.1820503499549
2181,-254.4986224239811,-22.599420191046192,-279.7760559476733,-33.252732923730086
2182,-241.14870093636526,-17.028973344727646,-279.223759520342,-33.21445373155441
2183,-179.23976544373363,-22.93798911602186,-278.2360705839334,-33.256275049037455
2184,-278.0760423893968,-16.441500984551265,-277.1231083078416,-33.25225918643273
2185,-299.049549801755,-15.123506328879909,-278.28523295442375,-33.10590855859268
2186,-199.3457367475288,-22.014180409015314,-277.74223687295404,-32.62480877490868
2187,-296.8777492645109,-50.62775967277611,-276.8132517197273,-32.923379917790434
2188,-166.18524401795474,-18.461062970452577,-275.8996087547118,-32.86418333196383
2189,-310.2365354124388,-76.10701330099666,-277.23157670481766,-32.980418977504975
2190,-287.01454455061827,-21.961868365944657,-277.80162922023214,-33.04118350582269
2191,-279.9923829623281,-16.958556687800495,-278.08617459706704,-32.98354599894767
2192,-210.96654564325058,-58.80512548805997,-277.4120573340096,-33.41142856459053
2193,-267.09610761646366,-65.35543683900721,-277.2355318761082,-32.93473605337648
2194,-263.9264335673701,-58.97491399955614,-276.4612143861109,-32.75812828261721
2195,-317.99072456102516,-142.29901963675664,-277.0541925118981,-34.01089808598121
2196,-185.2494681386847,-16.870699789292512,-276.19056741531443,-34.02797875436188
2197,-219.14523500737607,-20.170058656496174,-276.16969655131885,-34.05133395898005
2198,-260.0087401206427,-16.232768473728886,-276.9153327073309,-33.98028635703951
2199,-319.5035471312682,-18.7451822668109,-277.0787213551969,-33.987559123256425
2200,-197.4323473047475,-88.14674874927378,-275.79763194044733,-33.29095756604484
2201,-234.22574445778517,-17.33873657565075,-275.3723994816966,-33.294866860569236
2202,-241.70992315065317,-54.82814409379603,-274.1501168552625,-33.67708381027763
2203,-248.98845237333447,-43.68749264198148,-273.6026147525106,-33.95959448105596
2204,-217.3383263944836,-19.070464979778745,-272.34267160058806,-33.99611627227406
2205,-218.2404613605979,-19.42374294281902,-270.70236343400234,-33.57122918250573
2206,-297.3557113176857,-34.50448848842926,-271.21329881867666,-33.671575592372704
2207,-308.77585160218337,-75.10926214211315,-271.6649988267426,-34.25442936342732
2208,-394.34781819255113,-17.603305046878965,-272.51647907303,-33.794100546429355
2209,-386.836727148381,-42.544799915974636,-273.68166510066624,-34.07183110743222
2210,-244.89520106072348,-106.97084250848623,-274.0377608479984,-34.9775906706175
2211,-235.69420221767317,-17.38667385216456,-274.15102296897544,-34.94342115793407
2212,-218.7949792203883,-19.916920095745798,-273.7376010779886,-34.96612926392514
2213,-232.9038970288222,-68.16268321894525,-273.52959575210394,-34.89679073027587
2214,-301.07357125475824,-17.367828142134513,-274.2648467803823,-34.4046750397241
2215,-280.91943231045406,-14.94450744425076,-274.96489211301815,-34.33191452008414
2216,-425.1695596947789,-56.196216216351644,-277.20979025432445,-34.25065309812644
2217,-261.2048939327068,-17.298435206625452,-276.9327405060876,-34.25663325867722
2218,-243.6368621544859,-77.3035886785782,-276.9323966220846,-34.818734644241566
2219,-262.27040371435567,-85.46102544811328,-277.60711383456686,-35.030750960690746
2220,-233.14372031333605,-88.66914902943759,-276.50608751684473,-35.758294854707124
2221,-296.4428495868282,-15.321337432535366,-276.10078029915456,-35.77429973163709
2222,-254.41825270827508,-85.37647817943204,-274.1507975818448,-36.48896405292078
2223,-350.41253706247704,-59.11254902200916,-274.7695862344745,-36.57056602576551
2224,-293.39008244401464,-20.939857587113718,-274.74624848024405,-35.836708845996824
2225,-345.3550400906129,-17.79047479836795,-275.5636763669545,-35.83235656741685
2226,-258.9981198524951,-38.180529233089004,-275.6939899822442,-36.00012155116745
2227,-269.10165123771435,-44.74129342228086,-276.2488453994748,-35.730481768688406
2228,-410.3164673962451,-65.76516839736637,-276.9999773921005,-36.248561179023135
2229,-268.13587296541544,-19.77807987954728,-276.6426887053384,-36.26903700351547
2230,-304.87980813277375,-58.7193344141388,-276.8493347850564,-36.713520289756126
2231,-161.9887200416128,-17.183249386087024,-275.33045950653417,-36.72965894707383
2232,-244.45503982834384,-19.19742717433464,-274.6757276557268,-36.761765643501626
2233,-337.33926628662743,-55.44021699173054,-275.0825852205559,-37.0819570645633
2234,-312.1471456914372,-58.40162470729163,-275.7814659872876,-37.036419726793746
2235,-189.52981105884433,-21.439949277865598,-274.92971515106916,-37.09080076655479
2236,-232.54332282986437,-102.00936485962626,-275.2895618650304,-37.92233307036856
2237,-281.48573503151675,-37.68848636861524,-274.9756728899696,-38.09902220498554
2238,-303.0958798951873,-15.242054249288962,-274.21414027187836,-38.09731673336229
2239,-257.3362522921022,-16.398502338768214,-273.50113674624924,-37.13328272711628
2240,-278.93726822532705,-19.1414276972522,-273.8207645205595,-37.1534903998419
2241,-201.7571946166355,-64.22070548087517,-273.79125316102096,-36.931303317698635
2242,-245.8303253288371,-53.337239234613264,-273.88945100275606,-37.10153730651215
2243,-183.7544431103806,-90.76015875466908,-273.73896546226615,-37.84476392101093
2244,-347.42158278829874,-22.125248461551042,-274.2778017982314,-37.916025920627675
2245,-300.9141119877461,-16.671822169169726,-274.5872374932486,-37.90568769994991
2246,-211.72892669004986,-20.57876149969808,-273.8682322552988,-37.951548757987545
2247,-310.1450526835198,-70.05218592424052,-273.71336765783866,-38.05176468472641
2248,-299.82676368589824,-24.81074075739106,-274.5196241063648,-38.124408829575664
2249,-324.03258846879294,-33.53632946471876,-274.9771676564728,-37.919599336543435
2250,-282.3631209751079,-71.79941247521982,-276.0320507687541,-38.46551323089206
2251,-245.33197193167916,-69.83500132062775,-275.6251869504776,-38.934418907125796
2252,-361.96604519790804,-18.795199397211647,-275.6723196229455,-38.95391357420108
2253,-358.75102837018187,-18.58492119076413,-275.08584120047374,-38.85110454317678
2254,-246.25438393162048,-15.253345333057009,-275.02956691126207,-38.85672505037873
2255,-333.21427360751244,-18.70441475516041,-276.48261236563764,-38.895520170491686
2256,-258.10160723712863,-16.40964416719834,-275.51535503991397,-38.58288434320701
2257,-357.97930686263044,-16.550324724590023,-276.2049964819145,-38.557318371212894
2258,-259.98506434418385,-78.52450011431553,-277.05777057942333,-39.161153579917986
2259,-273.0594039251774,-15.70887691441235,-276.96135335204985,-39.154863097809645
2260,-267.04194825488946,-39.45924236080605,-275.0366952931424,-39.352482917166505
2261,-238.74413950139999,-70.02426923588754,-275.2587551057905,-39.89051076380512
2262,-414.71330430785514,-54.1862902988315,-277.30716801337087,-40.25625896526701
2263,-222.31764195157513,-124.7183239014145,-277.1787982382973,-41.32823202508205
2264,-420.5250405703541,-16.43335180445639,-278.15641407088134,-41.33301517512094
2265,-255.64856000216437,-62.76452467442577,-277.64947059809873,-41.79835233907461
2266,-262.70651164330695,-104.40637765020199,-276.7882649697037,-42.14225789650748
2267,-291.6833826371746,-19.097458150042304,-277.0056603197548,-42.18789907287152
2268,-278.31313816088,-18.71439245101371,-277.9398543829442,-42.13796347620585
2269,-328.6869496943001,-61.307675295737994,-278.35048970824687,-42.585639984578506
2270,-457.71703456936433,-18.17187084084719,-280.41230518543153,-42.592100815879355
2271,-279.7518963247161,-127.38862192326278,-280.7077207081947,-42.68236265332125
2272,-307.4703392594298,-23.31535407925139,-280.483405333202,-42.75630300392584
2273,-286.65152923977575,-151.6361542907759,-280.4864656904915,-44.09301219781095
2274,-166.13946242860627,-19.012401584431913,-278.74574973641904,-44.11137091391589
2275,-210.61948810732468,-120.7025416395642,-277.9209625565192,-45.16242638269201
2276,-162.24041319930473,-63.70892886396411,-276.4957755299348,-45.11461515592693
2277,-341.86203798015435,-19.79206945920325,-278.44532913576967,-45.12400154100983
2278,-319.059862882844,-18.154803747116674,-278.0156507106567,-44.62857961003707
2279,-330.31556597893865,-19.795455971188474,-278.24743426399436,-44.01464741382338
2280,-275.00853251240153,-17.291013352520935,-276.90452859549345,-43.738574510706194
2281,-338.3850402196658,-93.89307066401105,-277.7433927734503,-44.451511015435834
2282,-281.4985924114106,-56.99221663678978,-278.1468916882008,-44.85114344835645
2283,-178.7073305087914,-89.77518907660365,-278.14156733885136,-45.51951544796228
2284,-342.4366200833634,-20.20583968900991,-278.785173115791,-45.55715883500687
2285,-426.57894940721036,-15.871335982986798,-280.0604671118455,-45.56463713154794
2286,-210.77249286289515,-31.477263371263415,-280.1747346729992,-45.65926796117042
2287,-300.0557307576052,-24.756930623402862,-280.2065144879301,-45.400559670676685
2288,-371.08307822483255,-46.70748832743312,-282.2554928299989,-45.683023924246484
2289,-304.6890609724762,-92.81905202266937,-282.20001808559925,-45.85014431146322
2290,-246.31634366825813,-64.6137277870266,-281.79303607677565,-46.27666290567404
2291,-305.88644744841895,-100.94717199121447,-282.0519767216366,-47.116549058708166
2292,-212.38717255234008,-19.938009722008186,-282.06618299072755,-46.727877901047655
2293,-399.4288734779665,-52.20796078243255,-283.3895106493426,-46.596403140481904
2294,-207.80967602353493,-85.13137516878236,-282.82834307390414,-46.857967752174176
2295,-310.0667377880061,-57.13212741297082,-282.749103206174,-46.00629882993632
2296,-328.2931880644834,-17.194854518231146,-284.17954040543196,-46.009540377225704
2297,-262.02787259018845,-49.655054174062734,-284.60836678126003,-46.30439033240137
2298,-408.448205626793,-49.2783714333805,-286.0927614363216,-46.63484636199788
2299,-262.0426505328546,-67.50460268707545,-285.51815247033744,-47.122440566200524
2300,-352.91013760408663,-102.08059036498094,-287.07293037333085,-47.2617789823576
2301,-305.1470630704985,-16.454290383078863,-287.782143559458,-47.25293452043188
2302,-298.7735325396494,-91.95829918969415,-288.35277965334797,-47.624236071390854
2303,-276.8972229792006,-18.510776562805592,-288.63186735940656,-47.372468910599096
2304,-295.6041343178447,-30.68585459947669,-289.4145254386402,-47.48862280679607
2305,-287.53496481978743,-92.42801641737942,-290.1074704732321,-48.21866554154168
2306,-284.50299366391926,-16.93267615161228,-289.97894329669447,-48.04294741817352
2307,-348.21248031508316,-74.48418098183964,-290.37330958382347,-48.036696606570786
2308,-303.18120779735284,-19.18088650472259,-289.4616434798715,-48.05247242114923
2309,-246.10889710418266,-15.751830307819363,-288.0543651794295,-47.784542725067666
2310,-311.5359467215665,-16.52922512477103,-288.72077263603796,-46.88012655123052
2311,-374.93474799064643,-40.71941548529553,-290.1131780937677,-47.113453967561824
2312,-310.34445720814034,-46.9393790784084,-291.0286728736452,-47.38367855738845
2313,-275.26574974434277,-20.330031271889155,-291.4522914008004,-46.90535203791789
2314,-348.42363164618456,-85.73722869684389,-291.9257920047146,-47.58904604346498
2315,-302.3227225952601,-17.488727581781415,-292.1398249075626,-47.614488244840295
2316,-286.3642132747299,-72.85858284066812,-290.7517714433622,-47.781111911083464
2317,-311.43487667852844,-61.83192754473642,-291.2540712708204,-48.22644683446457
2318,-298.62634640297136,-65.32722808887723,-291.8039661133053,-48.106683228567555
2319,-352.7718856450471,-17.510919104447776,-292.7089809326122,-47.427182165130894
2320,-270.2258257069605,-19.39545732093632,-293.07980198654843,-46.73444524804588
2321,-313.67652096193143,-63.22371054335598,-293.2521387002995,-47.21346897915409
2322,-206.04100356784872,-106.80049787203923,-292.76836620889526,-47.42770917608016
2323,-333.45047055332776,-68.54177755658216,-292.5987455438038,-47.522001461425894
2324,-386.4733518574012,-73.48240383010256,-293.52957823793764,-48.047426923855795
2325,-265.52048816271963,-21.065926953932046,-292.73123271865865,-48.08018144541143
2326,-287.35094740185923,-19.281097857401335,-293.0147609941522,-47.891187131654554
2327,-236.95536674212906,-17.040299307738803,-292.6932981491964,-47.61417719050913
2328,-385.7458894237525,-53.581721465756296,-292.4475923694715,-47.49234272119303
2329,-318.90243260667353,-73.75194538332985,-292.9552579658841,-48.032081376230856
2330,-214.57348054314534,-16.5579524741158,-292.0521946899878,-47.61046755683062
2331,-168.39086101726576,-26.16498877401254,-292.1162160997443,-47.70028495070988
2332,-266.82859258910327,-16.330274228064347,-292.33995162735187,-47.67161342124717
2333,-458.75457254500793,-15.604834344753774,-293.5541046899357,-47.2732595947774
2334,-253.73148742264007,-35.298448952096436,-292.9699481072477,-47.042227837225454
2335,-305.497006463709,-63.56349787813612,-294.1296200612964,-47.463463323228154
2336,-295.1874183288572,-70.54220559224385,-294.7560610162863,-47.14879173055434
2337,-218.91517623292364,-95.64100288826832,-294.1303554283004,-47.72831689575087
2338,-213.9125696605638,-31.100188657745598,-293.23852232595414,-47.88689823983544
2339,-237.25632469359005,-22.97066353338973,-293.037723049969,-47.952619851781655
2340,-265.61105504691125,-22.725241211834753,-292.90446091818484,-47.98845798692747
2341,-280.4173996305302,-82.40646544906144,-293.69106296832376,-48.170315586609334
2342,-270.56157331377295,-130.55715312534917,-293.9383754481732,-48.94251472551669
2343,-268.4863777257761,-25.349055039071626,-294.78569479432707,-48.28840368836072
2344,-228.18922405123288,-81.04227193088596,-293.5933712069565,-48.87757392305407
2345,-234.11804867925727,-55.114404587176665,-292.9254105738716,-49.26199974723414
2346,-276.61760258444156,-33.00225538509199,-293.57429733281543,-49.38623468608807
2347,-262.7297710706921,-73.99010048984717,-293.1001445166872,-49.42561383174414
2348,-341.5638459905495,-33.53235198792939,-293.51751533973373,-49.51282994404952
2349,-218.00966105821004,-63.133064529053165,-292.4572860656279,-49.80879729469287
2350,-154.4062697411158,-19.70934362021236,-291.177717553288,-49.2878966061428
2351,-334.17343453683503,-19.567897503406012,-292.06613217933955,-48.78522556797059
2352,-323.1588062005129,-148.41555863050743,-291.67805978936565,-50.08142916030354
2353,-254.67479891931472,-110.48555582902716,-290.63729749485697,-51.00043550668617
2354,-276.98857667082063,-18.470566657695006,-290.944639422249,-51.03260771993256
2355,-299.58793399575654,-18.667156653954393,-290.60837602613145,-51.03223513892049
2356,-372.3336712347655,-84.4852652596903,-291.7506966661078,-51.71299134984542
2357,-246.20504877360037,-19.827316918601007,-290.63295408521753,-51.745761271785526
2358,-426.547185264563,-22.203017115609846,-292.29857529442125,-51.182546441798465
2359,-317.21937928503684,-21.63535568049257,-292.74017504801986,-51.241811229459266
2360,-228.238951363919,-72.9261715793249,-292.35214507911013,-51.576480521644456
2361,-202.52900144507907,-17.757773156735702,-291.9899936985469,-51.05381556085293
2362,-273.7834291194947,-58.29656088612536,-290.5806949466633,-51.09491826672587
2363,-253.6606059663936,-55.044578869107674,-290.8941245868115,-50.3981808164028
2364,-370.01289613356647,-21.600118446362913,-290.38900314244364,-50.449848482821864
2365,-252.11602462253552,-74.06336971160086,-290.35367778864736,-50.56283693319362
2366,-172.6709464112166,-56.7741542673039,-289.45332213632645,-50.08651469936464
2367,-255.60676075517853,-106.11478571341783,-289.09255591750644,-50.956687974998395
2368,-285.38406662509317,-89.44977774421966,-289.1632652021486,-51.66404182793046
2369,-300.5707613188554,-13.87595758270391,-288.8821033183942,-51.18972465080012
2370,-331.88268258144603,-82.30342961729221,-287.62375979851504,-51.83104023856457
2371,-257.8380928448063,-18.310857871157985,-287.40462176371597,-50.74026259804352
2372,-273.1608440958122,-19.87331039138635,-287.0615268120797,-50.705842161164874
2373,-205.73327976487346,-61.4497264659626,-286.2523443173306,-49.80397788291674
2374,-292.8806791554824,-77.5162871301725,-287.5197564845994,-50.389016738374146
2375,-248.2022533466021,-44.9115583112141,-287.89558413699217,-49.63110690509064
2376,-348.0316120586337,-72.51749607455852,-289.7534961255855,-49.71919257719658
2377,-244.13691079392757,-82.62166673805181,-288.77624485372326,-50.347488549985066
2378,-275.55161204434387,-64.04723234896763,-288.34116234533826,-50.806412836003574
2379,-220.83258329651457,-15.918376562845488,-287.246332518514,-50.76764204192015
2380,-163.45769629463248,-27.457705755970206,-286.1308241563363,-50.869308965954644
2381,-271.39463650578574,-87.96940711592858,-285.46092011919745,-50.810072330473815
2382,-240.08463855657703,-121.24344870175533,-285.0467805806491,-51.45258465112347
2383,-179.49747700068656,-43.00294520315742,-285.0546820455681,-50.98486221238901
2384,-242.15282090865992,-19.126374621403237,-284.05184405382107,-50.97406756171294
2385,-232.67071207883782,-158.35602982184423,-282.1127616805374,-52.39891450010152
2386,-282.0202070257674,-19.273863719780906,-282.8252388221661,-52.27688050358669
2387,-271.39510713772415,-17.193286154300363,-282.53863258596726,-52.20124405889566
2388,-293.71042840487405,-103.29437504633721,-281.76490608776777,-52.767112926084714
2389,-161.11460590261424,-68.10099907924383,-280.3291615370691,-52.519932396650454
2390,-228.62011262521662,-14.764977228368254,-280.15219922663874,-52.02144489106388
2391,-326.0414281727498,-18.422460404700754,-280.353749033882,-51.19619777519874
2392,-338.6260063018714,-22.36254669107053,-281.6161373713773,-51.22044314488936
2393,-351.51138859925385,-18.528495109188363,-281.1369625225902,-50.883648488156915
2394,-309.89689230256886,-75.0061951799467,-282.15783468538046,-50.78239668826855
2395,-366.73255803564336,-61.29857346344228,-282.7244928878568,-50.82406114877326
2396,-319.8609670166759,-20.04294005477724,-282.64017067737876,-50.85254200413872
2397,-319.2014804793826,-24.79040798365644,-283.2119067562707,-50.60389554223466
2398,-245.623569041038,-22.011250456856416,-281.5836603904132,-50.33122433246942
2399,-277.7690420579466,-27.2094773958632,-281.7409243056641,-49.9282730795573
2400,-282.3211699347088,-174.60168783737134,-281.0350346289703,-50.653484054281215
2401,-270.15394936699875,-62.715483670584085,-280.68510349193537,-51.11609598715626
2402,-173.69540317614704,-36.9636646024586,-279.43432219830026,-50.566149641283914
2403,-164.102979640321,-15.962335364766744,-278.30637976491147,-50.54066522930353
2404,-267.02896952663497,-17.89378215477956,-278.02062811699943,-50.412744504856555
2405,-252.00277203295843,-97.23276929473136,-277.6653061891311,-50.46079203363007
2406,-271.96391860670866,-38.6938738606463,-277.539915438559,-50.678404010720406
2407,-287.88259900945866,-17.903739500098663,-276.9366166255028,-50.11259959590299
2408,-327.20902059565765,-24.210641577986696,-277.17689475348584,-50.16289714663563
2409,-371.6733326736112,-141.3800376544102,-278.43253910918014,-51.41917922010153
2410,-244.72431010242175,-45.378638336406716,-277.7644227429887,-51.707673352217896
2411,-257.17214548195517,-66.0966114564208,-276.5867967179018,-51.961445311929154
2412,-371.13101907289814,-126.57442747565281,-277.19466233654936,-52.7577957959016
2413,-203.5753847967556,-88.52930414435541,-276.47775868707345,-53.43978852462627
2414,-396.22294113610155,-15.490330419980443,-276.9557517819726,-52.73731954185763
2415,-324.40427508829987,-55.27741537999461,-277.176567306903,-53.11520641983976
2416,-251.44432778153902,-56.70479095662377,-276.8273684519711,-52.95366850099931
2417,-201.86787912124845,-16.79920810811464,-275.7316984763983,-52.50334130663309
2418,-255.89287414964787,-69.5886211033564,-275.30436375386506,-52.545955236777885
2419,-230.5746964129019,-16.85677125715902,-274.0823918615436,-52.539413758305
2420,-313.4617426150699,-17.67808051133425,-274.5147510306247,-52.52223999020899
2421,-254.56246249892004,-21.525282321391877,-273.9236104459946,-52.105255707989336
2422,-175.9530956912814,-20.111252718330526,-273.622731367229,-51.23836325645225
2423,-191.58013743091934,-140.46298518639193,-272.2040280360049,-51.95757533275035
2424,-249.24385732841523,-109.47003864657606,-270.83173309071503,-52.31745168091508
2425,-347.3980375366296,-15.544014559217707,-271.6505085844541,-52.262232556967945
2426,-161.15147868438453,-25.542534668264285,-270.3885138972793,-52.32484692507657
2427,-269.13124019490266,-56.57829791712369,-270.710272631807,-52.72022691117042
2428,-302.69350606460586,-73.3294197361308,-269.87974879821553,-52.917703893874176
2429,-329.1116900569601,-22.222687599481077,-269.9818413727184,-52.40241131603569
2430,-370.92378510762006,-79.28454160382023,-271.54534441836313,-53.02967720733273
2431,-234.22758816376125,-43.68375530428463,-272.2037116898281,-53.204864872635454
2432,-196.5137373429177,-19.118453339276005,-271.5005631373662,-53.23274666374757
2433,-347.51716754810735,-22.598531000161866,-270.3881890873972,-53.302683630301644
2434,-339.77649971781665,-95.36357444266275,-271.24863921034904,-53.90333488520731
2435,-340.6464447642552,-30.08195058228369,-271.60013359335454,-53.568519412248776
2436,-256.01229686811934,-88.69090866562183,-271.20838237874716,-53.75000644298255
2437,-277.3955964458851,-84.87960802702833,-271.79318658087675,-53.642392494370156
2438,-417.76625438940914,-64.4491954987233,-273.8317234281652,-53.97588256277993
2439,-211.43275179541828,-63.98905669440964,-273.5734876991835,-54.386066494390136
2440,-292.8155739244522,-19.59900112914549,-273.8455328879589,-54.354804093563246
2441,-264.09451735900313,-28.164591368197932,-273.68230406524356,-53.8123853527546
2442,-366.7021409086416,-52.920544000444735,-274.64370974119225,-53.03601926150556
2443,-306.5432969522099,-30.02765327809103,-275.0242789334566,-53.082805243895756
2444,-254.0601872539072,-69.13158487737077,-275.2829885654834,-52.9636983733606
2445,-484.31649603739083,-15.971703352447168,-277.7849730390647,-52.57227136101331
2446,-231.7302496766971,-42.501737756376485,-277.3360995099872,-52.66726618472615
2447,-263.48091580990706,-19.157449895285207,-277.3436109573794,-52.118939678780535
2448,-298.9724930675172,-58.786309409904725,-276.91769742814904,-52.37147925300029
2449,-245.06845254035298,-19.36213860983279,-277.1882853429705,-51.933769993808085
2450,-299.7573721488436,-16.49920098171848,-278.6417963670478,-51.90166856742315
2451,-263.0971473557511,-78.78364732863552,-277.93103349523693,-52.49382606567544
2452,-198.2858009901398,-20.49034673229346,-276.68230344313326,-51.2145739466933
2453,-290.20371839479947,-67.74565047614368,-277.0375926378881,-50.78717489316447
2454,-284.05050331222736,-60.327053071214316,-277.10821190430215,-51.20573975729966
2455,-148.1272491315508,-18.673437269409085,-275.59360505566013,-51.205802563454206
2456,-268.5090050476973,-89.05788854889632,-274.55535839378945,-51.25152879634627
2457,-191.76295581495512,-17.51726404955178,-274.010937464203,-51.22842826765578
2458,-350.0511427592326,-116.6616191270849,-273.24597703914964,-52.17301428777053
2459,-337.39791014376186,-16.8674740590169,-273.4477623477369,-52.125335471555765
2460,-169.9626276164803,-18.479461451517945,-272.86499911026254,-51.5808683702777
2461,-343.1248750377246,-60.98150830663432,-274.27095784618894,-52.01310572177668
2462,-314.34787230074875,-114.24013166265672,-274.6766022780015,-52.572541429542
2463,-330.98626198611373,-69.38143595320452,-275.44985883819874,-52.71591000038297
2464,-366.5942498623098,-53.059124899665306,-275.41567237548617,-53.03050006491599
2465,-373.6453097503769,-120.1160794906112,-276.6309652267646,-53.49102716270609
2466,-216.92215388095727,-18.69522042520436,-277.073477301462,-53.11023782428509
2467,-332.8986687151638,-20.619287429186734,-277.8463963810619,-52.25528284144278
2468,-360.3457271206927,-16.902076028057515,-278.59601298601785,-51.52980582428116
2469,-397.580591181744,-22.255782039910233,-279.5661112846467,-51.61360406885323
2470,-278.2707970658002,-20.652442272457506,-279.0299924294903,-50.997094195404884
2471,-333.84341924358506,-43.26971565687121,-279.790045693478,-51.24668277326202
2472,-347.46333349679327,-94.21817273625535,-280.53307058748777,-51.99013139671071
2473,-209.29853629107092,-16.727414927588875,-280.56872315274984,-51.54290828132697
2474,-209.30136024945196,-15.204385928193755,-279.73292996368957,-50.91978926930719
2475,-290.24028169294644,-26.401067915620676,-280.153310247153,-50.73468436535125
2476,-342.9264116732546,-72.72490096633038,-280.1022582432992,-50.73675841426897
2477,-209.99953138501812,-101.69348690555043,-279.7608844492101,-50.92747661594395
2478,-288.85620254668936,-16.756693110603845,-279.8939303542336,-50.45457122356031
2479,-191.7762443180495,-148.17358029471126,-279.6033669644489,-51.777123260878966
2480,-201.71886966275437,-59.26913681226506,-279.9859786981301,-52.09523757144191
2481,-356.4952503860031,-22.094934026566097,-280.8369848369323,-51.43649284054829
2482,-236.70536459691306,-70.9491194433554,-280.8031920973356,-50.9335495479643
2483,-217.4596718683037,-17.73951696301361,-281.1828140460118,-50.68091526556286
2484,-131.7517704788839,-15.944597817977973,-280.078803541714,-50.649097497528615
2485,-324.6670458103068,-19.220107986235416,-280.9987668790287,-49.25773827917253
2486,-259.2450793564223,-55.29189551896844,-280.7710156023353,-49.61791859716439
2487,-229.86018195546563,-18.639679855568605,-280.3556663505127,-49.63238253417707
2488,-216.91046845943254,-18.175895878428754,-279.58766675105835,-48.78119774249799
2489,-282.0523234133189,-62.41326569921388,-280.79704392616543,-48.72432040869768
2490,-244.28596681020971,-20.028671294797544,-280.9537024680153,-48.77695734936198
2491,-389.3086585249754,-31.683051207319217,-281.5863747715375,-48.909563257388164
2492,-286.4261616458665,-16.390587163611478,-281.0643763249775,-48.84984366211358
2493,-200.06018572769844,-49.46533890778018,-279.54986429626194,-49.1592121000995
2494,-308.67403580469875,-27.609957559416063,-279.5376357312833,-48.685249723894195
2495,-338.43738947109614,-33.97664594694552,-279.25468404563776,-48.412030448729226
2496,-399.8488945913767,-18.111666772155324,-280.05456332138476,-48.392717715903004
2497,-223.2234285698465,-19.65788243618926,-279.0947828022894,-48.34139246042833
2498,-152.27190438036178,-15.924894787548531,-278.1612661556826,-48.28052890373525
2499,-293.7371342991946,-18.439852011092036,-278.32094707809506,-48.192832649887535
2500,-411.075327728679,-23.467523417854977,-279.60848865603475,-46.68149100569238
2501,-310.6605941675079,-15.136489454621243,-280.0135551040398,-46.20570106353274
2502,-315.08997440971666,-105.11637244126601,-281.4275008163755,-46.88722814192082
2503,-202.56518942198576,-85.68068337487674,-281.81212291419223,-47.584411622021925
2504,-357.87102301756516,-33.92014651650676,-282.72054344910157,-47.744675265639195
2505,-252.13375037443635,-51.15724486991381,-282.7218532325163,-47.283920021391026
2506,-273.0888996745529,-21.57265775574771,-282.7331030431948,-47.11270786034204
2507,-260.8672401931805,-63.49163884026405,-282.462949455032,-47.568586853743696
2508,-337.698569880736,-16.253863522575728,-282.56784494788275,-47.48901907318958
2509,-277.2815979821138,-18.865372710129783,-281.6239276009678,-46.26387242374677
2510,-404.39422117122183,-56.82830136672504,-283.22062671165577,-46.37836905404995
2511,-247.06607779699033,-35.2431004476805,-283.1195660348061,-46.06983394396255
2512,-208.52707510774297,-16.979428171636066,-281.49352659515455,-44.973883950922385
2513,-302.6210023678033,-17.69939282646355,-282.48398277086505,-44.26558483774347
2514,-366.33128268937185,-46.74147562380857,-282.1850661863978,-44.57809628978175
2515,-222.31130323826224,-17.830894811300553,-281.16413646789744,-44.203631084094816
2516,-255.27223685859423,-19.638362725103445,-281.202415558668,-43.83296680177961
2517,-367.78002382085754,-59.33688814484738,-282.8615370056641,-44.258343602146944
2518,-351.01511964162273,-127.98007419893285,-283.81275946058383,-44.8422581331027
2519,-438.5464809009693,-74.42269343033225,-285.8924773054645,-45.41791735483443
2520,-265.6495312259325,-61.23697580358433,-285.4143551915732,-45.85350630775693
2521,-229.06899218612563,-43.07972243846347,-285.1594204884452,-46.06905070892764
2522,-253.20865093683418,-16.33317892282989,-285.93197604090074,-46.03126997097264
2523,-330.8092196480268,-22.472209366050624,-287.3242668630718,-44.85136221276923
2524,-296.3291597990464,-15.871158277055097,-287.79511988777807,-43.915373409074014
2525,-284.53602108818586,-22.802866117964673,-287.1664997232936,-43.987961924661484
2526,-164.80066465264917,-17.62364938886875,-287.20299158297627,-43.90877307186753
2527,-531.8323896647128,-19.12080666487616,-289.83000307767435,-43.53419815934506
2528,-250.85071528526063,-104.05121309264919,-289.3115751698809,-43.841416092910244
2529,-320.90598130522056,-20.326513019140688,-289.22951808236354,-43.82245434710684
2530,-320.0143706112028,-48.57696172034758,-288.7204239373994,-43.5153785482721
2531,-349.1109523913378,-23.369271025105903,-289.86925757967515,-43.31223370548032
2532,-283.3371883769483,-33.39412688715823,-290.73749209001545,-43.454990440959136
2533,-261.94338737681187,-27.525258554914043,-289.8817542883025,-43.504257716506665
2534,-271.27098430033755,-19.089129672802613,-289.1966991341277,-42.74151326880806
2535,-269.4335483344927,-101.40861290483632,-288.4845701698301,-43.4547798920336
2536,-251.42293716260335,-17.965640510753293,-288.4386765727749,-42.74752721048492
2537,-309.8199605682739,-22.16988276545699,-288.76292021399877,-42.1204299578692
2538,-347.4530648835159,-14.380697304002943,-288.0597883189398,-41.619744975921996
2539,-298.43074472412513,-31.234980252812402,-288.92976824822694,-41.29220421150602
2540,-205.74251139735588,-18.461117063970036,-288.059037622956,-41.28082537085426
2541,-386.9900133822658,-21.000337923542585,-289.2879925831886,-41.209182836407706
2542,-345.074409946915,-60.07116448127277,-289.07171527357133,-41.280689041215986
2543,-278.0504830150725,-35.61067362382068,-288.7867871342,-41.33651924467327
2544,-253.56516318540855,-17.395930890110794,-288.781836893515,-40.81916270480068
2545,-264.63143084489155,-16.879621972025873,-286.58498624158995,-40.82824189099647
2546,-225.19898974139917,-18.947179071388742,-286.51967364223697,-40.59269630414659
2547,-307.5193034320032,-51.32223842948088,-286.9600575184579,-40.91434418948855
2548,-434.4726206918408,-20.770788073675327,-288.3150587947011,-40.53418897612625
2549,-325.6478173140886,-56.26492650400424,-289.1208524424385,-40.903216855067974
2550,-249.8984207018143,-23.736254816428275,-288.6222629279682,-40.97558739341507
2551,-386.9021515434713,-25.12610527939779,-289.86031296984544,-40.4390119729227
2552,-306.0657949210889,-90.52577585421088,-290.938112909155,-41.13936626414187
2553,-210.63400751662806,-18.654378676871417,-290.1424158003733,-40.64845354614915
2554,-167.97941266199666,-16.8380269600675,-288.9817048938709,-40.21356328503768
2555,-326.47790900465094,-15.435700523230933,-290.7652114926019,-40.18118591757589
2556,-313.2014217152513,-52.299081494077065,-291.21213565927746,-39.813597847027694
2557,-254.97175588688685,-23.99497042977949,-291.84422365999677,-39.87837491082997
2558,-426.82755491064927,-102.17362104887094,-292.6119877815109,-39.73349493004783
2559,-238.35129531954303,-27.04269287640285,-291.6215216332687,-39.8352471182217
2560,-277.1075912584109,-80.43964566250034,-292.692971269688,-40.45484896033153
2561,-240.78077745503592,-15.89373161626537,-291.66953029386116,-40.00397119342785
2562,-275.25274818928415,-18.215503781427508,-291.2785790527465,-39.04372491461555
2563,-249.05983173340982,-52.576956587961554,-290.4593147502195,-38.87568012096312
2564,-253.0422552316298,-15.20065932682482,-289.3237948039127,-38.49709546523471
2565,-304.41747085976846,-70.87884492466856,-288.63151641500656,-38.004723119575274
2566,-422.15358336546893,-18.559473309968457,-290.6838307098517,-38.003365648422914
2567,-211.80888813169594,-20.914827240052194,-289.472932904017,-38.006321046531575
2568,-248.57831076734163,-15.381584438055816,-288.35525874048346,-37.99111613063155
2569,-360.4833346348558,-17.937349458080007,-287.98428617501463,-37.94793180481326
2570,-370.3880911287303,-23.46489675349552,-288.9054591156439,-37.97605634962364
2571,-218.37541435143706,-53.08895611006564,-287.75077906672243,-38.07424875415558
2572,-328.9613346864424,-16.174725052916074,-287.56575907861895,-37.29381427732219
2573,-368.9481724145192,-17.57034303176479,-289.1622554398534,-37.30224355836394
2574,-321.6444679444018,-55.02410141495941,-290.28568651680297,-37.7004407132316
2575,-394.72668178244925,-16.0978354930798,-291.330550517698,-37.59740838900619
2576,-314.4906628939967,-100.63066891783839,-291.0461930299054,-37.87646606852127
2577,-352.41357119355035,-21.05782404425426,-292.47033342799074,-37.07010943990831
2578,-254.2129189112893,-15.60933647397382,-292.1239005916367,-37.058635873542016
2579,-264.5402383721694,-17.926223322856345,-292.8515405321779,-35.756162303823466
2580,-284.34914836913464,-18.879980493777126,-293.67784331924173,-35.35227074063859
2581,-265.9149327745996,-146.31092511288702,-292.7720401431277,-36.594430651501796
2582,-272.4044619200414,-52.32339189725146,-293.129031116359,-36.40817337604075
2583,-249.37099576186017,-17.851478649082,-293.4481443552945,-36.40929299290144
2584,-290.6155917904616,-153.85857993709024,-295.0367825684103,-37.78843281409256
2585,-360.0407002864628,-18.424190067847068,-295.3905191131719,-37.780473634908674
2586,-314.662394107883,-22.81900187982171,-295.9446922606865,-37.455744698517215
2587,-348.94522505549713,-57.62532408343506,-297.1355426916868,-37.84560114079587
2588,-291.5169254447625,-68.70587174584468,-297.8816072615401,-38.350900899470034
2589,-224.872500238694,-37.71823800180402,-297.3098090297938,-38.10395062249594
2590,-507.437629407849,-17.33098684991058,-299.9413256557702,-38.076973778047055
2591,-359.6523781387487,-20.243929975386063,-299.64476285190796,-37.962582565727736
2592,-188.13717762852602,-14.275247450403056,-298.6618730117346,-37.94142916859565
2593,-280.7622952235101,-18.387354971178898,-299.4688941066927,-37.630649329229634
2594,-257.44201852727764,-73.04014831626472,-298.9565739339185,-38.084951236798126
2595,-327.1358313071346,-37.032364823334994,-298.8435583522789,-38.11550842556202
2596,-250.6198420763965,-53.38234373030551,-297.35126782712905,-38.46821519514352
2597,-251.64113504642629,-17.756309037410535,-297.63544489189485,-38.449199461155736
2598,-335.7518626122038,-51.674310510161966,-299.47024447421325,-38.80669361838187
2599,-336.01126542599184,-59.8802517024098,-299.8929857854812,-39.221097615295044
2600,-320.68814920912075,-50.88915538035919,-298.98911400028567,-39.495313934920084
2601,-319.26560791504767,-24.08268860612088,-299.0751641377611,-39.58477592643508
2602,-281.4167246780037,-57.86876286130988,-298.73843164044393,-39.112299830635514
2603,-281.22869610066874,-18.21683005435235,-299.5250667072308,-38.437661297430274
2604,-266.8804201724636,-17.916248096173018,-298.6151606787798,-38.27762231322693
2605,-361.3993170308435,-109.84729277554909,-299.7078163453438,-38.86452279228328
2606,-266.2376173801123,-73.96379398106069,-299.6393035223994,-39.38843415453642
2607,-276.3079227422521,-26.37515895516929,-299.7937103478901,-39.01726935568548
2608,-226.91319209195757,-17.96733095657051,-298.68585657000233,-39.03440403002542
2609,-296.7467548206696,-17.431336304408273,-298.8805081383879,-39.020063665968216
2610,-346.0731144643762,-19.501763279502924,-298.2972970713194,-38.64679828509599
2611,-271.75695580892244,-19.345791567071082,-298.54420585143873,-38.4878251962899
2612,-279.59289792588635,-18.60569612880931,-299.25486407962023,-38.504087875861636
2613,-317.6439923663118,-54.78200900607283,-299.4050939796053,-38.87491403765772
2614,-359.0674832500392,-76.91220336928833,-299.33245598521194,-39.17662131511251
2615,-231.7268222279159,-17.196079282915523,-299.42661117510846,-39.17027315982866
2616,-337.3300088759372,-55.59030831687619,-300.2471888952819,-39.52979261574639
2617,-229.83053272186316,-16.589497539663835,-298.867693984292,-39.10231870969456
2618,-283.20015894668364,-69.02585342430132,-298.1895443773426,-38.512776501948245
2619,-422.0928004483174,-18.52651468982788,-298.0250075728161,-37.953814714543206
2620,-302.740175851213,-17.93729423751134,-298.3959140190689,-37.52081789888247
2621,-385.12669632601984,-23.984842470614335,-299.9564910604678,-37.329869099203975
2622,-260.46503611126064,-20.351210620089397,-300.0290549122121,-37.37004941617658
2623,-274.2490775670104,-24.16715874218401,-299.4634534914019,-37.38699890993791
2624,-270.0677887773525,-66.1806759127605,-299.2008397811849,-37.89009408629497
2625,-310.17494370919405,-86.50445228281751,-299.45722900739503,-38.5271099479435
2626,-291.77435590558514,-37.64162045588298,-300.7269659199244,-38.72728965861364
2627,-248.36159059082075,-19.156635739806784,-297.8922579291855,-38.72764794936295
2628,-473.6997578697103,-23.37427519685663,-300.12074835503,-37.920878570405016
2629,-283.1435021058274,-59.7374769557543,-299.7431235630361,-38.31498820977114
2630,-318.2199469500164,-17.65257044040449,-299.7251793264242,-38.005744296971706
2631,-433.19001741888883,-16.654139734999603,-300.56596997669976,-37.938592984070645
2632,-229.88022600104892,-18.0915145622305,-300.0314003529407,-37.785566860821376
2633,-335.5520721252166,-17.166483435449297,-300.76748720042474,-37.68197910962673
2634,-303.04507973589324,-19.227616286469956,-301.0852281547803,-37.683363975763406
2635,-324.16640028731996,-20.39496926310204,-301.63255667430855,-36.87322753934607
2636,-377.4332759140249,-48.786240693306944,-302.8926600618228,-37.1814335411716
2637,-411.4328138191048,-26.335678440077267,-303.90878859433116,-37.22309149791779
2638,-363.9325802305317,-21.93034554810734,-304.07358374780137,-37.29858798035884
2639,-341.41063456170673,-17.4658868243498,-304.50338264617716,-37.16089704607421
2640,-298.73256043495616,-122.53286535408597,-305.4332831365532,-38.20161452897538
2641,-248.16567648972404,-21.210519162460518,-304.04503976762777,-38.203716341364554
2642,-345.3075329803136,-21.129990043120166,-304.0473709979617,-37.81430459698302
2643,-346.99002763896516,-17.753564415575692,-304.7367664442006,-37.63573350490057
2644,-285.29848886124125,-21.168198961594154,-305.0540997009589,-37.67345618561541
2645,-279.069244548667,-18.368223695497324,-305.1984778379967,-37.68834220285012
2646,-294.0214141675936,-16.69547311041822,-305.88670208225864,-37.66582514324042
2647,-299.01089220535954,-62.2102421151528,-305.8016179699922,-37.77470518009714
2648,-271.6655854196445,-16.433409427148323,-304.17354761727023,-37.731331393631876
2649,-452.7742183835236,-15.913617777336992,-305.4448116279646,-37.3278183063652
2650,-256.80152208311864,-18.313695601056914,-305.5138426417776,-37.27359271421149
2651,-239.8520004473664,-19.02590729358752,-304.04334113081654,-37.21259073435338
2652,-375.3152472841247,-68.03166126959903,-304.73583565444693,-36.98764958850726
2653,-271.97798916979076,-15.779787235068468,-305.3492754709785,-36.958903674089235
2654,-364.989119487301,-18.490909707526285,-307.3193725392316,-36.97543250156382
2655,-314.38116196452836,-68.71174395554398,-307.19840506883037,-37.50819293588696
2656,-548.7510532783068,-14.75085412795889,-309.5539013844609,-37.13271066222578
2657,-386.81533540669625,-17.773979885324927,-310.87233717965904,-37.070500756781236
2658,-281.2134187068842,-54.61388553098848,-309.4161958176214,-36.59490340160241
2659,-305.10318335634014,-50.94449085632465,-310.08371469798936,-36.83392138140162
2660,-294.17308004118706,-70.27411454479736,-310.25436958581713,-36.73226607022459
2661,-358.18144819741406,-16.7593285113943,-311.42837629324094,-36.74092203917588
2662,-339.19720754922673,-18.026917920477104,-312.0678208868403,-36.73903618056637
2663,-353.2825363175656,-17.20918284691914,-313.1100479326819,-36.38535844315595
2664,-292.9807443237616,-19.49162366378632,-313.5094328236032,-36.42826808652557
2665,-385.3354871767537,-103.85084372759658,-314.3186129867731,-36.75798807455485
2666,-307.1782338621787,-15.940128511542273,-313.16885949174014,-36.73179462657058
2667,-335.0416958303663,-56.36612513523549,-314.40118756872687,-37.08630760552242
2668,-291.5659164188822,-16.389958351160185,-314.8310636252422,-37.09639134465346
2669,-239.05011532206524,-19.463502325178894,-313.61673143211436,-37.11165287332445
2670,-382.44141377411177,-17.692657386992607,-313.73726465856817,-37.05393047965943
2671,-200.38824906649285,-88.03404806436889,-313.5573930057188,-37.40338139920245
2672,-261.98475413056997,-16.726357899776303,-312.88762720016,-37.40889772767106
2673,-263.3042928844819,-19.881153616260082,-311.83118840485963,-37.43200583351601
2674,-197.04888815007862,-17.38119087231299,-310.5852326069164,-37.05557672808954
2675,-287.5346298960788,-80.22225070326658,-309.51331208805266,-37.69682088019141
2676,-231.00410486756607,-20.869534770010866,-308.6784465077884,-36.899209538713144
2677,-330.22051940395545,-17.821686524979174,-308.45651598989247,-36.86684816352039
2678,-244.64224726192805,-17.227282893954403,-308.36080927339884,-36.88302762772019
2679,-397.3873694977214,-96.03220479080282,-309.6892805846544,-37.664087442399655
2680,-228.08051407854748,-16.87738219595577,-309.12659424174853,-37.64406145942144
2681,-478.0859278953943,-57.104528305763324,-311.2483041929564,-36.7519974913502
2682,-299.1965876216692,-41.378449666628335,-311.51622544997264,-36.642548069043976
2683,-181.17602283936841,-35.46390800603264,-310.83427572074777,-36.818672362613476
2684,-179.23221180703766,-18.758808008036798,-309.7204419209135,-35.467674643322944
2685,-398.01910120053327,-58.002037049151056,-310.10022593005425,-35.86345311313598
2686,-293.0088348116517,-16.225981808044736,-309.88369033709193,-35.797522912418216
2687,-353.57904446788024,-63.05312232649626,-309.9300285312158,-35.85180089484883
2688,-196.57774384736368,-18.848323329769187,-308.98063671524176,-35.35322541068807
2689,-369.8990981217619,-19.68223351284856,-310.4309026940724,-35.172865365798515
2690,-362.3772418463702,-19.85946084198209,-308.98029881845764,-35.19815010571923
2691,-272.4652889047797,-16.726058265743095,-308.108427926118,-35.16297138862281
2692,-321.90557520136923,-22.45301780179039,-309.4461119018464,-35.24474909213668
2693,-341.15496327622986,-26.60529607154654,-310.05003858237353,-35.32692850314035
2694,-370.15239709264006,-94.40082998237037,-311.17714236802715,-35.54053531980141
2695,-343.19233987475013,-19.70790599243204,-311.3377074537034,-35.367290731492375
2696,-356.8584439719579,-22.41820641313289,-312.400093472659,-35.05764935832065
2697,-248.77385736238898,-16.57587903273656,-312.3714206958187,-35.04584505827391
2698,-399.5515910922433,-23.30895867066478,-313.0094179806191,-34.76219153987894
2699,-296.72883223992943,-15.354173808652675,-312.6165936487584,-34.31693076094137
2700,-383.29073600156266,-106.92083921634818,-313.24261951668285,-34.87724759930126
2701,-292.74271714162006,-17.466473768495536,-312.9773906089485,-34.811085450925006
2702,-345.1578582754566,-16.01530686287382,-313.61480194492304,-34.39255089094065
2703,-176.54887216208607,-14.884511695674497,-312.5680037055372,-34.35922770735387
2704,-265.9328414253129,-18.06330260524275,-312.55852791806575,-34.360698252444564
2705,-306.61359209360165,-72.81128387097367,-312.0106706686933,-33.99033816339881
2706,-396.82941757737626,-72.77519365134305,-313.31658867066596,-33.978452160101625
2707,-311.54020868917996,-16.289855934467734,-313.66891153013523,-33.87759912989461
2708,-315.40975183589325,-138.66583309323545,-314.55387712757454,-35.08458415126127
2709,-307.5763397149576,-22.160032731104018,-314.6621729765174,-35.13187111552823
2710,-370.2159147492592,-56.84002121749932,-314.9036009793662,-35.50525369490819
2711,-395.6977671792445,-18.683427530966156,-316.1430090930695,-35.49863005454714
2712,-350.67016862566186,-19.285215602832686,-316.8537818000673,-35.50542524928738
2713,-234.60431683461596,-18.681273535475906,-316.02338504475034,-35.14441789458141
2714,-334.4515091968803,-16.45094394113706,-315.77722530421875,-34.539805300299896
2715,-365.4482200663467,-16.871931737729305,-317.11443928260303,-34.53656382484803
2716,-341.490517006146,-66.35111868800819,-317.1560443639051,-34.644171928559345
2717,-220.53401892602574,-17.034873866659563,-317.06307922594675,-34.6486256918293
2718,-375.24097453571244,-67.52976917522237,-317.98348738183705,-34.633664849338516
2719,-368.62201184103003,-16.132065317874094,-317.44877949576414,-34.60972035561898
2720,-285.7179168858535,-110.35469196958692,-317.27855690611057,-35.53389433293973
2721,-338.03527794425105,-15.814974160072833,-316.80764272229277,-35.452195649834316
2722,-246.94636535180416,-20.37206375529155,-316.67245601469824,-35.45240418118634
2723,-424.2685442309602,-43.14634833013834,-318.17265068133776,-35.64219607706588
2724,-257.01299734352773,-19.2696921085567,-318.0421027669995,-35.17308623902386
2725,-304.4703075009102,-17.2946257095657,-317.98505640491675,-34.48098797329134
2726,-279.4277391582592,-16.873237840719305,-317.86159023744347,-34.273304147139704
2727,-286.83882474106537,-15.314942545535363,-318.24636257894593,-34.234887215196984
2728,-369.3316442358546,-28.135144512642313,-317.2026814426074,-34.282495908354846
2729,-329.46399784955923,-71.29717954613453,-317.66588640004466,-34.39809293425864
2730,-295.71704634024115,-20.138190324777106,-317.4408573939469,-34.422949133102364
2731,-324.5201198160326,-16.53944827514552,-316.35415841791826,-34.42180221850383
2732,-353.016898022846,-65.94564449468284,-317.58552513813623,-34.90034351782834
2733,-346.5228614382738,-70.47485428207573,-317.69523303126687,-35.43342722629461
2734,-319.09144376340475,-27.007928798026658,-317.855696671542,-35.51123035141018
2735,-372.32798479496927,-19.388639900993095,-318.3373125166185,-35.50116705778909
2736,-270.08280576489,-23.668697131903926,-317.26380781512717,-35.24999162217507
2737,-265.2235159781744,-20.370094157325504,-315.80171483671785,-35.19033577934754
2738,-317.15879996112227,-24.82233222773507,-315.33397703402375,-35.21925564614382
2739,-263.1546927339171,-24.289416158371925,-314.5514176157459,-35.28749093948404
2740,-213.97722066643956,-18.284851304068464,-313.7038642180607,-34.245010798983856
2741,-305.09290069685153,-18.870910066267,-314.273136460132,-34.221614708021924
2742,-317.598640668952,-20.55326972049919,-313.99604753701834,-34.21584750479572
2743,-329.690142159775,-16.35562589985733,-313.82304868222644,-34.20186811963854
2744,-364.18765444070164,-17.481182041017988,-314.611940338021,-34.16499795043278
2745,-309.09866639678813,-20.301593022677537,-314.9122345565022,-34.18433164370458
2746,-284.2390901857515,-102.50917558399783,-314.81441131668385,-35.04246866844038
2747,-272.463926150323,-120.06183532551816,-314.5489416561335,-35.62098460054403
2748,-259.73574179786414,-20.175293293961207,-314.42964321991565,-35.65840343921216
2749,-305.6954938150991,-22.801189527350843,-312.95885597423137,-35.7272791567123
2750,-295.4621799042749,-22.191205572057996,-313.3454625524429,-35.76605425642231
2751,-270.95261135422106,-19.783064845629802,-313.6564686615115,-35.77362583194273
2752,-232.0861384841264,-23.2736945016999,-312.22417757351144,-35.326046164263744
2753,-353.95558045384513,-25.252515473501493,-313.04395348635205,-35.42077344664808
2754,-240.17146929923604,-67.6060019382111,-311.7957769844714,-35.91192436895493
2755,-181.05844318725963,-21.774192201595962,-310.4625497966987,-35.442548851415445
2756,-353.5884346550534,-69.90376908586641,-308.5109236104662,-35.99407800099451
2757,-385.5028842479696,-21.1186582310114,-308.4977990988789,-36.02752478445138
2758,-248.55405339988343,-65.68663983358758,-308.17120544580894,-36.138252327477375
2759,-277.12566060649914,-18.32574704524897,-307.89143021831046,-35.81206488936661
2760,-331.45916661371587,-17.682654252656924,-308.2642910840358,-35.286150286445206
2761,-278.386362872036,-102.20022275348586,-307.46634023078207,-36.140559228866124
2762,-219.6677275122526,-17.334846932137058,-306.2710454304123,-36.133638518982714
2763,-369.62251668693574,-21.41871061725284,-306.43444523410597,-36.17573379668605
2764,-273.42168191353005,-67.1658619466428,-306.2388546100037,-36.652476179514615
2765,-264.17615815459317,-53.896820908389465,-305.0272613197821,-36.152935951322554
2766,-308.0217864969626,-15.670553206922163,-305.03569684613,-36.15024019827636
2767,-286.24890645263787,-16.42056499514416,-304.5477689523527,-35.75078459687544
2768,-495.48292483544446,-15.81776645792104,-306.5869390365183,-35.74506267794305
2769,-279.25170182894925,-21.26234473488674,-306.98895490158714,-35.76305110204013
2770,-338.38599805805984,-67.13234384879894,-306.5484007444266,-36.257447966658184
2771,-402.0926005881727,-71.78942123110066,-308.5654442596434,-36.09500169832551
2772,-344.54567894736397,-20.04792261054421,-309.3910535078114,-36.128217345433185
2773,-250.56274775640847,-17.222385139990504,-309.2636380565306,-36.10162966067049
2774,-297.2923542523457,-25.322430001000598,-310.26607271755324,-36.18104205195736
2775,-325.44212303518,-16.200131488888434,-310.6451476489443,-35.54082085981358
2776,-346.00395955002324,-49.15016953441431,-311.79514619576884,-35.82362720745762
2777,-290.4998721187984,-18.420041493830023,-311.39793972291733,-35.82961075714613
2778,-420.41059657378094,-16.341283244999346,-313.15562321603585,-35.82075076065657
2779,-304.47096673514767,-71.03608259398098,-312.2264591884101,-35.57078953868835
2780,-291.96608131281823,-16.482194954592895,-312.86531486075285,-35.56683766627473
2781,-320.38611962221705,-76.94475144304681,-311.288316778021,-35.76523989764756
2782,-348.7299644631747,-17.502453115982583,-311.7836505464361,-35.52647993214111
2783,-304.1430838985064,-17.598199885856708,-313.01332115702746,-35.347822850939345
2784,-278.80461023661695,-18.326357392443413,-314.00904514132327,-35.34349834478341
2785,-234.5886008253558,-16.473482259382607,-312.37474013757145,-34.92821279688574
2786,-352.56247539426374,-57.65961116194157,-312.9702765433975,-35.342549090424704
2787,-240.2722609389307,-65.83055130013251,-311.83720870810805,-35.37032338016106
2788,-344.1682104196015,-22.23201249595668,-313.3131133738304,-35.40416027182294
2789,-280.60117087139054,-61.278862676081204,-312.42013410132665,-35.820126563455254
2790,-358.42660483202405,-37.698350640074246,-312.38062773118327,-35.99851546143618
2791,-339.5065382974298,-97.94485133546381,-313.0510402251097,-36.81070339213339
2792,-183.55463899084134,-16.48956049855831,-311.6675308630045,-36.751068819101064
2793,-262.34476745344057,-17.852200796776074,-310.8794289047766,-36.663537866353366
2794,-234.29617536260957,-103.06270082497832,-309.5208666874763,-36.750156574779446
2795,-388.9089686002463,-17.69785316161784,-309.9780329747313,-36.7300560464713
2796,-329.2774555913571,-15.4930736321952,-309.7022230909253,-36.66080471866193
2797,-310.86038418649105,-18.776339130556515,-310.3230883591663,-36.68280931964012
2798,-381.8490399936299,-15.734680157677527,-310.1460628481802,-36.60706653451025
2799,-330.33028484956697,-55.69111535354399,-310.4820773742765,-37.01043594995917
2800,-288.7312910783848,-26.338169053212713,-309.53648292504477,-36.20460924832781
2801,-239.63038067303057,-57.870105900584186,-309.0053595603589,-36.6086455696487
2802,-213.51057070401745,-50.540292260837745,-307.68888668464444,-36.95389542362834
2803,-290.52280473829995,-62.062056179313,-308.8286260104066,-37.42567086846472
2804,-278.853495343859,-17.757632324643236,-308.95783254959207,-37.422614165658736
2805,-383.82449134834405,-40.118763999825504,-309.72994154213944,-37.09568896694725
2806,-448.10585467772927,-15.10426034778468,-310.242705913143,-36.51897963391166
2807,-258.6533744981063,-22.39643912852337,-309.7138375712323,-36.58004546585222
2808,-215.4589339124014,-17.97618200470285,-308.7143293919974,-35.37314895496689
2809,-476.98823705962735,-54.53256960180736,-310.40844836544414,-35.696874323673924
2810,-261.30974263183145,-59.907953576182074,-309.3193866442698,-35.727553647260756
2811,-244.96319751132572,-17.734312153180134,-307.8120409475906,-35.71806249348289
2812,-219.704445550193,-17.78065588216629,-306.50238371683594,-35.70301689627623
2813,-338.5256448999964,-18.098728885182393,-307.5415969974897,-35.69719144977329
2814,-333.1686475829542,-16.720879758004266,-307.52876838135046,-35.69989080794197
2815,-283.1762743560177,-45.90989827415951,-306.70604892424717,-35.990270473306275
2816,-329.65857405039714,-17.59004214400074,-306.5877294946897,-35.50265970786619
2817,-320.46996678479405,-97.88858285084498,-307.5870889732774,-36.31119679770805
2818,-309.625410054926,-18.753553503991082,-306.9309333284695,-35.823434640995735
2819,-316.18627780018267,-19.44047516029181,-306.40657598806104,-35.85651873941991
2820,-240.47212359366983,-20.155462400253825,-305.9541180551392,-34.954526443726586
2821,-225.09960168654004,-16.976294608826233,-304.8247612925621,-34.96613964821412
2822,-192.43237888426845,-18.98667396187151,-304.2796214278867,-34.95228575027991
2823,-331.350301258713,-78.9136916561797,-303.3504389981643,-35.30995918354033
2824,-200.63162135756141,-22.50789255219111,-302.7866252383046,-35.34234118797667
2825,-306.7296459102398,-27.25684367740846,-302.8092186223979,-35.4419633676551
2826,-274.27517903033004,-15.88819125805057,-302.75769302111865,-35.43211290182841
2827,-284.0268252615367,-26.48691324298322,-302.7295730263233,-35.543832608802894
2828,-342.977725592244,-57.29838772221542,-302.46603383988725,-35.835465040898626
2829,-307.31524200448473,-43.75738079446516,-302.2445462814365,-35.56006705338193
2830,-283.4254225911016,-67.45328871292168,-302.12163004394506,-36.033218037263374
2831,-217.5099038945333,-17.551225912733734,-301.05152788473004,-36.04333581363926
2832,-236.82133615352745,-17.302613460208747,-299.88957226603685,-35.556905503294516
2833,-167.53534377200333,-30.95643250066385,-298.09969708937416,-35.1617212854804
2834,-365.2757716675044,-72.07661566532529,-298.5615403684152,-35.612408154153385
2835,-279.1251370717267,-17.82348610976124,-297.6295118911827,-35.59675661624107
2836,-288.5752227465693,-16.029409095750598,-297.8144360609995,-35.520363735879535
2837,-209.6196912134292,-17.72036193328474,-297.2583978133521,-35.49386641363913
2838,-245.93904868067585,-17.693800849418732,-296.5462003005476,-35.42258109985597
2839,-372.41453777866957,-17.659325958918604,-297.6387987509951,-35.35628019786143
2840,-310.688575797753,-42.00322238571959,-298.6059123023082,-35.59346390867794
2841,-261.99439402508926,-58.0904881668659,-298.1749272355906,-35.98565968968392
2842,-369.18204312904885,-102.19324840562263,-298.6907612601916,-36.80205947653516
2843,-312.90178507971257,-18.411504658178924,-298.522877689391,-36.822618264118375
2844,-373.33040859840787,-20.404924587630827,-298.61430523096806,-36.8518556895845
2845,-205.01966581413345,-18.223062783559367,-297.5735152251415,-36.83107038719332
2846,-270.2253158638226,-16.760188846240837,-297.43337748192215,-35.97358051981574
2847,-405.7652334784314,-36.775270529879805,-298.76639055520326,-35.140714871859366
2848,-371.43830363549694,-20.02213116381728,-299.8834161735796,-35.13918325055793
2849,-284.46064756651896,-16.45695731865784,-299.6710677110938,-35.075740928471
2850,-243.96514850876613,-83.30227180310223,-299.1560973971388,-35.686851590781444
2851,-334.3301482032945,-16.348904082407014,-299.78987276562947,-35.65250998314921
2852,-249.99256604956017,-75.91156301519406,-299.96893704128377,-36.17888866828415
2853,-266.1117042899964,-28.152790851353902,-299.09049827964526,-36.20789142206267
2854,-299.921962795118,-116.23724050843194,-299.688003214604,-36.69420380776488
2855,-221.0487729118639,-32.04621433829165,-300.0879065118501,-36.796924029131844
2856,-233.23998890978174,-39.579244895291836,-298.8844220543974,-36.4936787872261
2857,-401.72599722046846,-47.42619966157895,-299.0466531841224,-36.75675420153177
2858,-231.43505328317642,-52.94217357859058,-298.8754631829554,-36.6293095389818
2859,-176.00334164842215,-16.896579409466423,-297.86423999337467,-36.61501786262397
2860,-403.82869817758325,-16.507761272416705,-298.58793530901335,-36.60326893282157
2861,-245.25859785362027,-15.731721609105863,-298.25665765882917,-35.73858392137778
2862,-312.24171358185475,-14.782129854443816,-299.1823975195252,-35.71305675060085
2863,-389.3096496752314,-21.82907660659257,-299.37926884940816,-35.717160410494245
2864,-183.58533518113205,-16.170617651361017,-298.48090538208413,-35.20720796754143
2865,-327.39470517553264,-39.15473752933982,-299.1130908522935,-35.05978713375092
2866,-248.71065006349318,-18.304275999142956,-298.5199794879588,-35.086124361673136
2867,-167.41327130745526,-17.122895552821408,-297.3316231365069,-35.09314766724991
2868,-303.611907532692,-60.71364010114351,-295.41291296347936,-35.54210640368213
2869,-252.44155046658076,-88.03040471251002,-295.14481144985575,-36.20978700345837
2870,-305.071899811444,-47.93828958791964,-294.8116704673896,-36.017846460849576
2871,-205.82284945856284,-21.417326074795035,-292.8489729560935,-35.514125509286515
2872,-201.68141257273217,-19.10123640016032,-291.4203302923472,-35.50465864718267
2873,-222.50851673580073,-53.490198255224826,-291.1397879821412,-35.867336778335016
2874,-192.69461355290576,-18.9995782602951,-290.0938105751468,-35.804108260927954
2875,-276.5462433511824,-17.519950083374383,-289.6048517783068,-35.81730644687282
2876,-187.36364225039128,-20.077000838837147,-288.0184486053105,-35.526574759917054
2877,-217.67230196687677,-22.783910902898807,-287.29017290379124,-35.57021345400774
2878,-214.3809834650302,-15.585642893811208,-285.22987677270373,-35.562657050495865
2879,-286.28159092882504,-16.838075209792283,-285.0479830146405,-35.02067697665399
2880,-290.60771707610104,-72.5507541109498,-285.03439937227336,-35.58136256821755
2881,-280.6473027088156,-115.82794974702587,-284.6370112031393,-35.97019455125734
2882,-243.7527516279203,-19.30575692547947,-283.5872390747868,-35.98822758935231
2883,-308.3085716867451,-25.13593900740116,-283.62889395266916,-36.06360498056776
2884,-187.4687535845636,-23.806152986699974,-282.7155353861486,-36.118402936510314
2885,-320.91577677986527,-20.366749977236804,-283.5788071456937,-36.15733561368885
2886,-212.56608579089294,-17.159746578627885,-282.17884324966,-35.75233696785571
2887,-214.27837710419482,-107.35039124798294,-281.91890441131267,-36.16753536733422
2888,-235.96413847441906,-67.42634204029214,-280.8368636918608,-36.619478662777574
2889,-192.38832747642158,-31.32180876013316,-279.9547352579111,-36.3199081236181
2890,-236.47647239963433,-18.58477777212715,-278.7352339335872,-36.12877239493863
2891,-190.1606763229348,-19.528515193168978,-277.24177531384225,-35.34460903351569
2892,-252.419805791317,-18.557501844044136,-277.930426981847,-35.36528844697054
2893,-197.7046407039534,-19.84493572845217,-277.2840257143522,-35.3852157962873
2894,-268.11265777728966,-89.60785800095402,-277.62219053849896,-35.250667368047054
2895,-273.81109604675044,-23.79954530717315,-276.47121181296404,-35.31168428950261
2896,-197.42887844630698,-87.23526795297873,-275.1527260415135,-36.029106232710454
2897,-139.73289312646202,-39.793116389793745,-273.44145113091315,-36.239274005302825
2898,-227.4316165995136,-123.76035894816052,-271.897276896972,-37.319530793207655
2899,-244.3628761443443,-46.62004842413321,-271.03760280991975,-37.22882012391354
2900,-259.7256816827511,-70.0836298820655,-270.74754671596344,-37.66627473220207
2901,-249.2118634773302,-19.724020989936502,-270.8433615440064,-37.284813883095595
2902,-209.56713873856523,-17.181732325155636,-270.8039272243519,-36.95122828373877
2903,-204.48589138520686,-22.64889441949271,-269.943558090821,-36.55709666614056
2904,-242.04712267737764,-72.00076878476077,-269.57549436415627,-37.09952803074173
2905,-250.49272681973426,-65.55308165284704,-268.2421767188701,-37.35387120727195
2906,-201.8800373043111,-18.995980077268765,-265.7799185451359,-37.392788404566794
2907,-411.02521867017475,-16.298878364839247,-267.3036369868566,-37.33181279692996
2908,-198.98936516714025,-17.90488107053329,-267.138941299404,-37.331099787588265
2909,-293.4477790958614,-16.53319531013848,-265.30353671976644,-36.951106044671576
2910,-341.266727770956,-75.00730624790675,-266.10310657115764,-37.10209957138882
2911,-190.0903890072876,-103.34092439583908,-265.55437848611723,-37.9581656938154
2912,-178.0806122830884,-26.86482530737484,-265.13814015344616,-38.04900738806749
2913,-251.52378085290954,-18.081956010091037,-264.26812151297526,-38.04883965931657
2914,-190.32160386139157,-17.292034692271343,-262.83965107575966,-38.05455120865925
2915,-267.18952223000247,-20.611913521735875,-262.6797835544995,-37.80157136113501
2916,-277.496852682416,-18.803054896769048,-262.1581663408197,-37.81370148866269
2917,-200.04856608998946,-35.277803445809454,-260.9539523338717,-37.18759369461234
2918,-285.6846419123015,-55.238856944204336,-260.71454465244545,-37.55244672901447
2919,-206.81142696012847,-24.03350589018437,-259.62079614404485,-37.598377036313394
2920,-201.95830105058928,-16.38296756703162,-259.23565791861404,-37.560652087981175
2921,-277.2114642107776,-22.446287599573914,-259.75677654385646,-37.615352017888654
2922,-295.3443163739387,-83.31448675773358,-260.78589591875317,-38.25863014584728
2923,-274.7191994837114,-46.14696254538014,-260.21958490100315,-37.93096285473928
2924,-237.10917121264214,-73.57545908467974,-260.58436039955393,-38.44163852006417
2925,-316.22826810036815,-72.9893024936908,-260.67934662145524,-38.89896310822699
2926,-272.5673507291845,-24.668941004889447,-260.66226833844377,-38.98677060569537
2927,-206.2279319804632,-18.076513444688786,-259.8842794056331,-38.902666607712426
2928,-303.74142301775504,-100.6992013056105,-259.49191637988815,-39.33667474354638
2929,-268.0051698653778,-92.88071827929704,-259.0988156584971,-39.8279081183947
2930,-195.0697694701543,-18.45769098483334,-258.2152591272876,-39.33795214111381
2931,-292.31965006385917,-17.242349730222802,-258.96335658898084,-39.334863379288706
2932,-148.15798761488233,-17.171045282612607,-258.0767231035944,-39.33354769751274
2933,-211.94852711841486,-63.77651668887067,-258.5208549370585,-39.66174853939481
2934,-348.7093791279005,-69.29028902185769,-258.3551910116625,-39.633885272960136
2935,-191.61139541825656,-17.91711388138768,-257.48005359512774,-39.6348215506764
2936,-268.989592028566,-24.337664931885236,-257.28419728794773,-39.717904109037754
2937,-182.60621655416998,-61.228881894687916,-257.01406254135514,-40.15298930865178
2938,-247.7601000971582,-17.311510215049022,-257.03227305552,-40.14916640230808
2939,-180.02472057460568,-21.490937839458464,-255.10837488347937,-40.18748252111348
2940,-235.19626907328825,-22.297828139416684,-254.35345181623472,-39.99042857865045
2941,-258.02849460009725,-21.215570744517457,-254.31379282198478,-39.62167940442697
2942,-298.3092223784797,-20.0768419104902,-253.6050646144791,-38.80051533947565
2943,-342.41691322269514,-48.84744295750684,-253.90021589590893,-39.104874722468935
2944,-204.72739413673648,-35.80788954455405,-252.2141857512922,-39.25890437203816
2945,-151.7326956210481,-19.020074122055785,-251.68131604936136,-39.266874485423116
2946,-289.2737311170115,-16.777071874984454,-251.87180020189322,-39.26704331571055
2947,-249.24549101316663,-89.60948675630615,-250.3066027772406,-39.79538547797481
2948,-372.65523177861877,-17.324770526314616,-250.31877205867184,-39.76841187159979
2949,-293.46819183229314,-20.729403430420103,-250.40884750132957,-39.81113633271741
2950,-342.4094699658902,-19.504267008012274,-251.3932907159008,-39.173156284766506
2951,-368.81985570153824,-24.89645870582948,-251.73818779088322,-39.258631831000734
2952,-437.9567320136418,-144.05733184081373,-253.61782945052403,-39.94008951925693
2953,-253.01124401005532,-21.962590597565185,-253.48682484772462,-39.878187516719045
2954,-225.58680168091635,-18.86874415139833,-252.74347323658262,-38.90450255314871
2955,-208.27452290492565,-21.084571004508142,-252.61573073651329,-38.79488611981088
2956,-274.82877852933484,-16.036842721216168,-253.03161863270878,-38.55946209807013
2957,-251.57396393577883,-57.418662215197344,-251.53009829986186,-38.6593867236063
2958,-209.34772695211225,-46.94303106196576,-251.30922503655123,-38.59939529844006
2959,-270.6686722351782,-67.5116002686868,-252.25587834241878,-39.10554550703226
2960,-267.28836455664816,-39.29597653850566,-250.8904750062094,-39.33342765969315
2961,-188.84861311747298,-40.902509321099885,-250.32637515884795,-39.58513553681309
2962,-398.16518743998694,-15.892540666138498,-251.1856098974293,-39.59623964493004
2963,-265.3033644775933,-26.404979707694945,-249.9455470454529,-39.64199867594106
2964,-280.50450170859324,-66.15681160459894,-250.91473871072753,-40.14186061547344
2965,-213.01076851069033,-20.02022451473917,-249.77089934407914,-39.950515485327436
2966,-302.0323351396171,-24.633385908724943,-250.3041161948404,-40.01380658442326
2967,-273.1527046082286,-75.07842085885909,-251.36151052784808,-40.593361837483634
2968,-156.44078831700995,-64.93857158776633,-249.88979933569127,-40.63561115234986
2969,-147.8453467197228,-19.851505279831862,-248.84383729822267,-39.95382215802308
2970,-377.96250208100685,-69.91413724477657,-249.57274332091828,-40.173580634591644
2971,-358.02510127491877,-20.500659295679373,-251.09476583908184,-40.16441396680049
2972,-339.65314213656166,-18.621509652481503,-252.47448313472012,-40.1596166993237
2973,-273.64897703573445,-15.938930729974473,-252.98588773771945,-39.7841040240712
2974,-340.7682380404308,-21.42912190193345,-254.4666239825947,-39.80839946048758
2975,-173.1260553913326,-71.56635541822352,-253.43242210299624,-40.34886351383607
2976,-310.1245251213339,-87.90788230485012,-254.66003093170568,-41.027172328496206
2977,-246.1242841269291,-17.857681511148353,-254.9445507533062,-40.9779100345787
2978,-258.1867264321502,-18.824153418055428,-255.38260818297738,-41.01029513982114
2979,-169.97324333308117,-16.37545374997367,-254.21952470701993,-41.005668925222956
2980,-216.00404349138375,-19.04184772204189,-253.47348797117277,-40.470579861333874
2981,-355.6739182927209,-71.19106153785185,-254.2237541270118,-40.02421097924214
2982,-267.4640561669407,-56.325235977019844,-254.460867172402,-40.39440576975755
2983,-198.97673771833027,-16.27963288603882,-253.3675488327179,-40.30584270854392
2984,-282.95373036475297,-19.487638981828283,-254.32239860051976,-40.2626575684952
2985,-152.9799933044714,-52.738201163248895,-252.64304076576585,-40.58637208035532
2986,-251.3996721512479,-37.29325956097909,-253.03137662936942,-40.78770721017883
2987,-174.80013434289816,-47.69295338153531,-252.63659420175645,-40.19113283151435
2988,-221.32946843269565,-18.752547348080956,-252.49024750133924,-39.70439488459224
2989,-278.0679958410775,-65.72737041099148,-253.3470441849858,-40.048450501100824
2990,-249.9459444504465,-115.76906329092324,-253.48173890549387,-41.02029335628878
2991,-244.67461458318,-21.445938684973036,-254.02687828809633,-41.03946759120682
2992,-247.51672630706753,-71.55362850118215,-253.97784749325382,-41.569428857778206
2993,-284.88821264240823,-74.86549302469581,-254.84968321263838,-42.11963443074064
2994,-426.79897097159653,-59.46328378317774,-256.4365463445815,-41.81818868856288
2995,-264.4469275439565,-15.49998872572692,-256.34290465955354,-41.73519312274841
2996,-246.42894597738913,-62.18725390681653,-256.83290533486434,-41.484712982286794
2997,-372.15276876432625,-15.22683262164062,-259.15710409124296,-41.239050144605265
2998,-218.06854127870326,-20.04666743351329,-259.0634733380349,-40.201913229458796
2999,-360.6772330354247,-18.395746630178323,-260.2266169069457,-39.91967021151925
3000,-284.5834034943168,-66.90124048253477,-260.4751941250613,-39.887846317523945
3001,-186.5973261930685,-15.900959253522318,-259.8490487522187,-39.849615700159795
3002,-233.749076836875,-17.73896966944276,-260.0908681332018,-39.85518807360266
3003,-256.07091749108946,-61.148005808539835,-260.6067183942606,-40.24017918749313
3004,-240.86654457653157,-41.418745806479755,-260.59491261325223,-39.93435895771032
3005,-272.35002770306147,-60.24208339460975,-260.81348562208547,-39.88124897512795
3006,-180.09640373778717,-22.858675605851463,-260.5956492864202,-39.91987593041378
3007,-272.6476739300165,-70.81211626897135,-259.2118738390186,-40.4650083094551
3008,-350.0986693734416,-20.026255926117084,-260.7229668810816,-40.48622205801094
3009,-209.35323729321055,-19.690805747638525,-259.8820214630551,-40.517798162385944
3010,-223.98168712942973,-108.31350525444351,-258.70917105663983,-40.85086015245131
3011,-383.2864748055633,-16.731776508748716,-260.6411319146226,-39.984768673580405
3012,-188.5915819147159,-17.994486833145455,-260.7462416109389,-39.896065288838116
3013,-260.4839060729102,-62.155227869436516,-260.8358428631389,-40.336798007431575
3014,-298.2580336232396,-16.862000344946,-261.9152071607574,-40.332497663958314
3015,-290.00859837216353,-38.08081971692783,-262.14339792217896,-40.50718672591024
3016,-329.7801789037973,-18.910449649545374,-262.66623118439276,-40.508260673438
3017,-259.89300678620384,-68.98063860264908,-263.26467559135494,-40.845289025006394
3018,-209.41599378582708,-19.370518431772275,-262.50198911009016,-40.48660563988207
3019,-290.1704429249992,-23.516682490206797,-263.3355792697389,-40.481437405882296
3020,-204.4145829309613,-66.73092581220342,-263.3601420885426,-40.984916988334014
3021,-278.42993727742044,-64.9825947656502,-263.3723268192091,-41.410280059994776
3022,-176.01009584005993,-19.85259939783521,-262.1789846138703,-40.77566118639579
3023,-328.8482422862266,-98.94777440268096,-262.7202750418954,-41.30366930496879
3024,-223.831450548672,-66.41552848379759,-262.58749783525565,-41.23206999895997
3025,-265.3901858877052,-17.997544444755512,-262.07911701312906,-40.68215241847062
3026,-247.8763873424167,-16.990915877326877,-261.83220737926143,-40.605372167195
3027,-283.3920765029067,-49.279083557903284,-262.60384882448585,-40.917397868327136
3028,-237.5077708813809,-72.3020739258642,-261.9415123031221,-40.63342659452968
3029,-356.4894938735741,-21.914031921354002,-262.82635554320404,-39.923759730950245
3030,-237.65396581124176,-21.891002832794896,-263.2521975066149,-39.95809284942986
3031,-180.38550231515103,-46.388662561203084,-262.1328560291279,-40.24955597773967
3032,-193.84595754611914,-69.06563525966843,-262.58973572844025,-40.76850187751023
3033,-198.46531832034512,-20.10690043182816,-262.4549036404596,-40.33180571493981
3034,-217.2110017082352,-129.17891841504127,-261.13991986626286,-40.930692008871645
3035,-341.0215078554391,-20.936599295230266,-262.6340209906347,-40.96088686301007
3036,-233.9333777752709,-19.468197627551085,-262.28345884810176,-40.91219218996673
3037,-208.922073695569,-24.714503157750155,-262.54661741951577,-40.54704840259734
3038,-333.0558790414544,-98.86783580291313,-263.3995752089587,-41.36261165847599
3039,-287.0842661239601,-62.13271166468669,-264.4701706644522,-41.76902939672828
3040,-286.38279775152387,-20.854984129253072,-264.9820359512346,-41.75460095662664
3041,-319.3134015492807,-19.821234352452226,-265.59488502072645,-41.740657592705986
3042,-251.90690186161802,-21.505959705560652,-265.1308618155578,-41.75494877065669
3043,-309.1163004912071,-21.934202026002996,-264.7978556882429,-41.485816361341655
3044,-190.9089280012301,-103.01870156233178,-264.6596710268879,-42.15792448151944
3045,-266.61391755922676,-53.70977347931511,-265.8084832462697,-42.50482147509202
3046,-163.12589532393508,-98.85151085573418,-264.54700488833896,-43.32556586489952
3047,-248.83516886685769,-50.40872463171128,-264.5429016668758,-42.93355824365357
3048,-273.38077441161056,-25.356267131646902,-263.5501570932057,-43.01387320970689
3049,-141.24100137887473,-60.658909549537434,-262.0278851886716,-43.41316827089806
3050,-216.73611091445696,-20.486759133804505,-260.7711515981572,-43.42299319215598
3051,-170.22704908698728,-18.613629192603995,-258.78522353201174,-43.36016489702373
3052,-286.9738842418313,-52.04859601857441,-257.2753950542936,-42.44007753880134
3053,-229.48808951124997,-24.543101841866733,-257.04016350930556,-42.46588265124435
3054,-215.47774947823083,-20.78082510844046,-256.9390729872787,-42.485003460814774
3055,-266.3163586191656,-21.229825194152138,-257.5194913444211,-42.48645600271121
3056,-222.0343203508318,-37.986847751289474,-256.991546762636,-42.70595605301194
3057,-328.2756052613831,-21.289812890734034,-257.7585631758921,-42.34466755976731
3058,-269.932532597675,-113.87476932965907,-258.3644112323477,-43.013984942444246
3059,-234.67480361029186,-78.5074422273496,-258.00447254609884,-43.12394336203088
3060,-333.17914044563673,-50.57041529029454,-258.6633803049887,-43.236687749548764
3061,-324.5298218677452,-118.34820903210489,-260.0201923924915,-44.011144746658815
3062,-221.0313852499256,-19.56846662596488,-258.2488543705909,-44.04790400625708
3063,-250.16294727421533,-84.8842483179028,-258.09745019855706,-44.632696692359154
3064,-327.8152833712117,-16.86166398902373,-258.5705580151833,-44.13974521620341
3065,-283.3609668718422,-18.138229035598666,-259.2740599987948,-44.120925261412005
3066,-133.807418606674,-104.5978323028853,-257.5918108334654,-44.9205697253536
3067,-388.1103512056139,-16.180057044035717,-258.7413872994392,-44.33158608720537
3068,-316.88959091606034,-40.59137776227323,-260.3458753254297,-44.08811414895044
3069,-237.14525189434707,-28.57698805253923,-261.23887437717593,-44.17536897667752
3070,-229.875348910461,-111.88416202940847,-259.7580028454705,-44.595069224523826
3071,-233.4402631126293,-75.28749291979116,-258.5121544638476,-45.14293756076494
3072,-241.34836411662877,-19.02285804213886,-257.52910668364825,-45.14695104466152
3073,-224.42405135593094,-64.22760325454058,-257.03685742685025,-45.629837769907176
3074,-220.08558088065055,-17.676336418155145,-255.83003085525243,-45.5923099150694
3075,-289.24780030735315,-69.16337910454676,-256.99124830441264,-45.56828015193264
3076,-304.09488451786706,-20.75366809216017,-256.930951898378,-44.89673800980574
3077,-243.86180971146123,-91.18958148294737,-256.9083271542233,-45.63005700952372
3078,-312.20278001334583,-35.40418064332024,-257.4484876900353,-45.79585728177637
3079,-216.8692538197503,-22.819522493685472,-257.91744779490193,-45.860297969213484
3080,-160.0363586434208,-61.088126618521045,-257.3577709464223,-46.280760758178275
3081,-254.90574582550755,-22.069070901751452,-256.3500892217501,-45.78954085181728
3082,-381.65428689739844,-31.183674130602007,-257.49199152905476,-45.5381252333531
3083,-327.32672159498287,-23.4152129477694,-258.77549136782125,-45.609481033970404
3084,-153.5209210801899,-57.249317642610755,-257.48116327497564,-45.98709782057823
3085,-282.9965317766805,-58.46932379251164,-258.78132865969775,-46.044409046870854
3086,-290.54410757889764,-110.42110610305119,-259.1727730139742,-46.775687512291576
3087,-242.1889371046392,-102.84109543980982,-259.84666104159163,-47.32716893287432
3088,-258.9750532134485,-22.27455102958088,-260.2231168893992,-47.36238896968933
3089,-245.08046541162074,-18.250979678060894,-259.89324158510465,-46.887625062360016
3090,-315.2976863056398,-23.727525060046247,-260.5467590036565,-45.96720968005124
3091,-238.38114418726394,-61.112792026979186,-260.48382429969735,-46.36387821347131
3092,-294.1987031079411,-18.627668717239334,-260.95064406770615,-45.83461861563188
3093,-233.74599830907627,-36.05725596624542,-260.4392219243728,-45.446536245047376
3094,-282.722217267472,-151.5574500325921,-258.99845438733155,-46.36747790754152
3095,-260.03669750839083,-17.093649754766503,-258.9543520869759,-46.383414517831916
3096,-406.7126078869136,-15.637662967168348,-260.55718870607114,-45.91791860843543
3097,-236.0075823730947,-23.321585827547786,-259.19573684215885,-45.998866140494506
3098,-183.98389311451746,-21.60309031285657,-258.854890360517,-46.01443036928794
3099,-414.77273216849744,-58.72567477947863,-259.3958453518477,-46.41772965078095
3100,-266.9154350308672,-70.20981437840749,-259.2191656672132,-46.45081538973968
3101,-310.0153712329326,-65.42307413897421,-260.45334611761183,-46.9460365385942
3102,-175.13756285242874,-24.04259823057983,-259.86723097776735,-47.00907282420557
3103,-292.9546959325269,-17.438024893743542,-260.23606876218173,-46.5719730150576
3104,-327.2366006828499,-25.093935980418003,-261.09976932324497,-46.40872491679698
3105,-254.2419845011435,-58.75672118405163,-260.9186888912258,-46.39387129469141
3106,-386.73189530157805,-15.585243586229002,-262.9850438068637,-46.321136974495175
3107,-264.6693896847844,-17.06074970072129,-262.9052609644114,-45.783623308812665
3108,-232.0702701048432,-60.65340560669977,-261.7249769717254,-46.1898948056185
3109,-353.8989743060297,-86.03186405817769,-263.1704343418536,-46.85330538872389
3110,-244.1557354706282,-90.60506574737315,-263.3721748252655,-46.67622099365318
3111,-256.6333663312067,-24.68113610564323,-262.10564374052194,-46.75571458962213
3112,-308.899980738279,-123.74831570373476,-263.3087277287576,-47.81325287832802
3113,-242.70784973996848,-18.43551603545054,-263.1309671654282,-47.37605575998817
3114,-381.372581247947,-54.80433558091787,-263.9621126416753,-47.755479112347885
3115,-254.5924960967993,-76.49558241452296,-263.60795161892156,-48.13962673932384
3116,-363.7021630471117,-17.24181115692703,-263.94717146035475,-48.122940354397656
3117,-438.1334338818604,-14.784512859426114,-265.7295757313113,-47.58097909696543
3118,-337.96616884124666,-17.578673979376788,-267.0150774818655,-47.56306065244147
3119,-353.5340064312887,-16.82322933953591,-267.64871311692843,-47.496126120934754
3120,-293.3906465429996,-19.87373121912918,-268.5384737530488,-47.027554175004006
3121,-419.1175371748916,-14.045455785513427,-269.9453497520235,-46.51818278520264
3122,-314.4950476703591,-22.89582230249392,-271.3301992703265,-46.54861501424923
3123,-411.45413909269877,-18.931626186397423,-272.1562582383912,-45.748453532086394
3124,-378.498682454445,-62.38897903367223,-273.70293055744895,-45.708188037585145
3125,-407.58991249951765,-18.379770842164795,-275.1249278235671,-45.71201030155923
3126,-396.51306572482997,-18.504366389236342,-276.61129460739124,-45.72714480667833
3127,-350.16605818447135,-19.806403860812466,-277.2790344242069,-45.432418009707426
3128,-460.2646460005392,-67.0126771969705,-279.5066031753985,-45.37952404241849
3129,-353.56556533180145,-101.49479275244917,-279.4773638899808,-46.17533165072944
3130,-537.4855267581486,-14.025657702380457,-282.4756794994498,-46.09667819942529
3131,-371.06016858188764,-14.515192093791708,-284.3824261621172,-45.777943494751185
3132,-371.7750031074032,-63.12683736189492,-286.16171661773,-45.71855551577345
3133,-446.2137944848569,-54.11756286499745,-288.6392013793751,-46.05866214010515
3134,-375.2510111333048,-24.00263289780208,-290.21960147362574,-45.00689928493275
3135,-366.00567452381114,-15.644745985315518,-290.4694431403095,-44.953980751833605
3136,-347.34418676279586,-56.3777807180593,-291.6035512301848,-45.32307658273868
3137,-358.30362864514376,-15.04000054716766,-293.09736677968056,-45.22633155663285
3138,-474.650814248927,-16.041279776234482,-294.51331613175535,-44.39806599636607
3139,-402.2383938489698,-108.53792846658422,-295.66485740900544,-44.862118164385045
3140,-334.81252372282154,-69.42354985786451,-296.1491546687184,-45.34780382167116
3141,-460.91168817323614,-63.43166587441552,-297.5651375349579,-45.78390813689079
3142,-424.40004119706487,-16.006842167142285,-299.29006892831234,-45.728916961506606
3143,-357.18126481490685,-69.94767029775942,-299.7707185715493,-46.20905164422417
3144,-455.03302345971065,-15.773334026826427,-302.4119595261342,-45.33659796886912
3145,-375.62898878373414,-18.05241952177071,-303.5021102383792,-44.98002442929368
3146,-411.59542001248093,-14.043538865211111,-305.98680548526465,-44.13194470938844
3147,-442.2021285033124,-114.23417545383849,-307.9204750816292,-44.770199217609715
3148,-365.49571652641913,-67.66610353631084,-308.8416245027773,-45.19329758165635
3149,-399.7653869154082,-15.106082520414054,-311.4268683581426,-44.73776931136512
3150,-446.174487842843,-59.516903424180704,-313.72125212742645,-45.12807075426888
3151,-347.8676846246464,-14.715501320667753,-315.49765848280305,-45.08908947554952
3152,-388.97136644757217,-64.63829672848756,-316.51763330486045,-45.21498648264866
3153,-358.06610328287854,-94.85676254943908,-317.8034134425768,-45.91812308972438
3154,-374.7748544830182,-45.78075869649468,-319.3963844926247,-46.16812242560493
3155,-439.5427749457689,-17.295881177917757,-321.12864865589074,-46.12878298544258
3156,-344.8093932814531,-17.87741867047451,-322.35639938519694,-45.92768869463442
3157,-399.1447720266486,-88.90195088407091,-323.06509105284954,-46.60381007456779
3158,-362.7756412312441,-19.710883590610052,-323.99352213918525,-45.6621712171773
3159,-361.6663951600337,-16.691871061083415,-325.2634380546827,-45.04401550551464
3160,-403.960474140833,-12.970418921749486,-325.9712513916346,-44.66801554182919
3161,-317.8809958111514,-23.98174564947732,-325.90476313106876,-43.72435090800292
3162,-373.56261572634196,-17.19097449401067,-327.43007543583286,-43.70057598668338
3163,-352.33849240335326,-72.75829285834484,-328.45183088712423,-43.5793164320878
3164,-315.7929534865206,-60.866275747157616,-328.3316075882773,-44.01936254966915
3165,-352.67076041936855,-21.846827062608973,-329.0247055237526,-44.056448529939246
3166,-392.4234618337754,-57.87914594385265,-331.6108659560236,-43.58926166634892
3167,-405.0001670009058,-21.042862970115344,-331.77976411397657,-43.63788972560971
3168,-359.0524081159295,-96.06869836748696,-332.20139228597526,-44.19266293166184
3169,-341.9322117464326,-14.626776862643368,-333.24926188449615,-44.05316081976289
3170,-376.9577565800633,-21.488656350019532,-334.7200859611921,-43.149205762969
3171,-412.4019436440277,-45.39556423220811,-336.5097027665061,-42.85028647609316
3172,-369.2523236861897,-19.687224880177276,-337.78874236220173,-42.85693014447355
3173,-392.17030870664,-64.27222999156139,-339.46620493570884,-42.85737641184376
3174,-445.3637202558291,-33.50369676276551,-341.7189863294606,-43.015650015289864
3175,-349.8804069942033,-72.03059316815967,-342.3253123963291,-43.04432215592599
3176,-392.6513477060039,-52.85905692561801,-343.21087702821046,-43.365376044260564
3177,-517.9319030332343,-13.393586914337526,-345.9515779614282,-42.58741609857447
3178,-323.7040155627185,-22.4440455839298,-346.0665903169219,-42.45781474798057
3179,-336.52436514399955,-15.214283578264086,-347.2631414301644,-42.38176235882636
3180,-388.71304915072625,-99.47939162604793,-349.54990833523743,-42.76567500890162
3181,-391.8140189189318,-20.778028827204988,-350.9189910661717,-42.752764588156154
3182,-338.9595954133902,-51.36691552763733,-350.4920441513316,-42.954597002126505
3183,-401.8920914306348,-18.148453985310656,-351.2376978496881,-42.90192941250192
3184,-366.74440796135644,-14.276759391036729,-353.3699327184998,-42.472203829986185
3185,-335.55822509152614,-64.71531572811101,-353.89554965164825,-42.53466374934219
3186,-346.0086466965921,-103.11989712402492,-354.45019504282516,-42.461651659551926
3187,-319.71654649024674,-25.491051733478894,-355.2254711366813,-41.68815122248861
3188,-335.2599389349576,-103.76118259476654,-355.98831999389637,-42.503017538140455
3189,-358.0418457255248,-17.848479414860865,-357.1179337970354,-42.49899253550846
3190,-348.1972437411068,-14.550207164962059,-357.44692937139,-42.40721935655762
3191,-367.88486109181713,-16.430304032417055,-358.74196654043556,-41.960394476611995
3192,-427.538125019507,-20.276799322355956,-360.0753607595513,-41.97688578266317
3193,-310.3856674633484,-15.51825098153864,-360.84175745109405,-41.7714957328161
3194,-357.25103981142865,-61.96606428716452,-361.58704567653365,-40.875581875361824
3195,-385.1717952909328,-106.54050354417939,-362.83839665435903,-41.770050413255944
3196,-358.34392087241224,-77.29130097644781,-362.35470978421404,-42.38658679334874
3197,-313.0640625500155,-16.180051155296837,-363.12527458598316,-42.31517144662623
3198,-424.60284553251034,-17.177528321782923,-365.53146411016314,-42.27091582671549
3199,-348.8916680579496,-17.652574593250286,-364.8726534690577,-41.86018482485321
3200,-357.19505053627597,-49.043430874663635,-365.77544962411173,-41.648520989815765
3201,-363.00043171282294,-13.64379255975652,-366.3053002289106,-41.13072817402359
3202,-343.8013638510518,-15.465238909460144,-367.99193823889686,-41.044954580812394
3203,-381.6936007821106,-52.42467927252128,-368.8793272873927,-41.39482112460017
3204,-394.4338660358388,-56.64890532470273,-369.5512999409226,-41.71037081804302
3205,-329.03714809381245,-46.4468718615189,-370.29925157684926,-41.5872723248177
3206,-336.2263259290991,-49.80121829065061,-369.7941958831244,-41.92943207186191
3207,-397.4950626136205,-80.7851429961654,-371.1224526124128,-42.566676004816344
3208,-323.026333901382,-18.37663089603922,-372.03201325037827,-42.14390825770975
3209,-445.24604021268937,-63.726703511377934,-372.9454839094449,-41.92085665224175
3210,-366.2922956187189,-102.95724263734071,-374.1668495109257,-42.04437842114143
3211,-341.70183422857144,-69.62591818310499,-375.01753418989944,-42.49382624191605
3212,-383.0767984027446,-15.71826854679258,-375.75930236654403,-41.413525770346624
3213,-329.35327425292263,-54.12813716113379,-376.6257566116735,-41.77045198160346
3214,-346.21484500302483,-14.916409122550334,-376.27417924922435,-41.37157271701978
3215,-333.0449891590202,-15.904043725176306,-377.0587041798466,-40.76565733012631
3216,-368.9252776742104,-17.835663650189574,-377.11093532611756,-40.77159585505893
3217,-376.2967389888054,-57.430827358115394,-376.49256837718696,-41.19805900004582
3218,-364.25328435517963,-79.63587783988409,-376.7554395323263,-41.8186310386509
3219,-427.33382559606525,-65.23812808375165,-377.49343772397407,-42.30278002609307
3220,-353.92051136335397,-39.4697759972279,-378.09873637217765,-42.49874047387405
3221,-367.7970856706238,-17.708600835660768,-377.585531857135,-42.53537192437553
3222,-392.9500083690132,-72.3272870455179,-378.3700814641215,-43.02968657180576
3223,-360.15419666499946,-36.76209668226159,-377.85708203984456,-43.2079912767644
3224,-451.49711726161,-18.61483096834211,-378.5870663879162,-42.770249796111095
3225,-412.51952316295643,-14.21123137725355,-378.6363624945506,-42.72856440146198
3226,-320.85414568217607,-19.419426496315232,-377.8797732941241,-42.737715002532774
3227,-319.4506986271251,-19.873876083829114,-377.5726196985506,-42.73838972476294
3228,-346.8666873928582,-62.33468193776684,-376.4386401124737,-42.69160977217091
3229,-401.10586314630325,-64.1605680154062,-376.9140430906187,-42.318267524800476
3230,-350.0758840623674,-19.78538041028089,-375.03994666366094,-42.37586475187948
3231,-311.71657103529003,-19.028132819612473,-374.44651068819485,-42.420994159137685
3232,-332.68091121968115,-17.738600448899643,-374.05556976931774,-41.96711179000773
3233,-435.5328008511329,-54.91285538665954,-373.9487598329805,-41.97506471522435
3234,-418.45200767404583,-120.97015994653037,-374.38076979838786,-42.94473998571164
3235,-335.5856542328388,-14.46501997822786,-374.0765695954782,-42.932942725640764
3236,-358.074295259006,-20.530252310757216,-374.1838706804403,-42.57446744156774
3237,-424.1445827206579,-14.940407816936064,-374.84228022119544,-42.57347151426543
3238,-416.942371041111,-16.684817680234183,-374.26519578911734,-42.57990689330542
3239,-345.0435999492505,-19.748603100898155,-373.69324785012014,-41.69201363964856
3240,-420.76268585013935,-14.846933904717702,-374.5527494713933,-41.14624748011709
3241,-392.3016612745334,-50.532777577231485,-373.8666492024063,-41.01725859714525
3242,-340.95466334297765,-14.970453649822627,-373.0321954238654,-41.00689471197206
3243,-442.28273238616623,-15.24865557098721,-373.883210099578,-40.45990456470434
3244,-328.6806733049573,-18.962970674143047,-372.6196865980304,-40.49180093117751
3245,-406.9415760073915,-60.31772015980843,-372.932812470267,-40.91445393755789
3246,-371.4292431504122,-16.138646905099353,-372.5311507016463,-40.93540501795677
3247,-316.04356836335285,-75.62040386484784,-371.26956510024667,-40.54926730206686
3248,-410.80179112025166,-18.626237917535168,-371.72262584618505,-40.05886864587911
3249,-303.8654556900379,-16.603586671278258,-370.76362653393136,-40.07384368738775
3250,-309.4007471157488,-15.724490952741341,-369.39588912666045,-39.63591956267335
3251,-348.34778527658284,-20.770600583776197,-369.4006901331798,-39.69647055530444
3252,-404.86651133556273,-53.67929124199762,-369.5596415820597,-39.586880500439534
3253,-394.97121791598704,-15.038699278348215,-369.92869272839073,-38.788699867728624
3254,-322.79684031590114,-18.448040120952893,-369.40891258671957,-38.515372681973204
3255,-313.28122624893706,-16.9245542684381,-368.1462970997513,-38.51165941287841
3256,-379.74620132197106,-15.931556858793636,-368.49566518015644,-38.492200794761594
3257,-365.7432706773673,-36.19951326111186,-368.16165016666366,-37.96517641853201
3258,-394.02814528399716,-13.108011734588088,-368.4741752071912,-37.8991476999718
3259,-366.2350976631887,-78.76590512250976,-368.51986223222275,-38.51988804058607
3260,-345.58704853115074,-61.00680185122055,-367.9361279761259,-39.00025186988078
3261,-380.21134727755555,-14.003868623539768,-368.5594314907899,-38.9004730996214
3262,-488.1424246936815,-36.98786339798336,-369.7052295804633,-39.09844198866112
3263,-407.79665691494046,-21.570680696029164,-370.25981122557914,-38.58656586703796
3264,-294.92131115722435,-14.892090128376031,-370.0510948022862,-38.12682401085014
3265,-387.01327052501847,-14.240540533347495,-370.39451990334265,-38.05076114555753
3266,-427.71351413133,-17.703164361502846,-370.7474204263182,-37.64900132973404
3267,-466.603913447702,-22.89333652623042,-371.36345789078626,-37.66750606529519
3268,-329.3561085649523,-18.16938443055122,-371.0664948952765,-36.88851292592584
3269,-413.7470959754395,-17.730954277573826,-371.7846437375665,-36.91955470007514
3270,-302.83419218259314,-28.724855712311797,-371.04340809359184,-36.99191669369806
3271,-410.85071834013837,-13.053958164971425,-371.0278958405529,-36.668500633025694
3272,-407.93248938787525,-15.22831943167425,-371.4146974975698,-36.62391157854066
3273,-384.61066804782035,-39.71484627826823,-371.33910109098167,-36.37833774140773
3274,-465.8322147870545,-73.50900465399702,-371.5437860362939,-36.77839082032004
3275,-480.6518983501875,-12.883053616955355,-372.8515009498537,-36.186915424808
3276,-336.65875725147913,-39.8336433407623,-372.2915750453084,-36.05666128895944
3277,-369.7755659265444,-15.29724581072758,-370.8100116742415,-36.075697877923346
3278,-335.3632870930067,-15.588308167543419,-370.9266043895444,-36.00714050375948
3279,-364.04125352971244,-14.293204911374016,-371.20177327340156,-35.99792971709058
3280,-316.04048997008994,-52.669332593336385,-370.4750476815952,-35.52982912676347
3281,-485.9260291235284,-105.30634404331288,-371.4161677836412,-36.37511227892454
3282,-348.53459343868,-103.93025434858248,-371.511917763894,-36.90074566713399
3283,-337.72934181458953,-17.73465887700223,-370.8702902677336,-36.89660771605091
3284,-369.55062749835514,-15.024657282746634,-370.89835246310355,-36.90408669496801
3285,-432.6213056515517,-14.5578076963992,-371.8689832687038,-36.402511614650884
3286,-358.2736373979662,-18.70076693308694,-371.99163317571754,-35.55832031274151
3287,-350.2205987309263,-53.670384671324065,-372.2966736981244,-35.84011364211996
3288,-389.32713376541244,-12.618810188291082,-372.83734564642896,-34.9286899180552
3289,-353.67503706488156,-63.57108497977892,-372.7936775598225,-35.38591597370438
3290,-386.926073706533,-100.40955393671838,-373.1809658594767,-36.24450944142195
3291,-359.49820446954,-13.242296949637787,-373.09709929325396,-36.21262937059416
3292,-379.8423608367749,-15.734799767162576,-372.6201416514266,-36.167209375042226
3293,-322.2247369653826,-18.765293755807992,-372.73853234644696,-36.199679802784914
3294,-312.1626245744912,-16.657414883528833,-372.2876481940776,-35.74659330874856
3295,-318.6163248976032,-15.319190171961715,-371.6220934901442,-34.83438017502638
3296,-432.45753778905606,-13.65220400513073,-372.36322965931066,-34.1979892053132
3297,-482.7458599996048,-21.876551458690095,-374.06004763380656,-34.25495420834714
3298,-317.5018504530752,-16.125764813632365,-372.9890376830122,-34.24443657326563
3299,-363.4687542179409,-49.11825159777071,-373.13480854461216,-34.559093343310835
3300,-332.1986124752978,-17.316742118016013,-372.8848441640024,-34.24182645574436
3301,-381.06678275585296,-29.96152648013583,-373.0655076744327,-34.405003794948165
3302,-390.06173866752493,-12.137495242902087,-373.5281114225975,-34.37172635828259
3303,-429.7052742521494,-14.471734311169705,-374.0082281572979,-33.992196908669065
3304,-419.72691799901594,-64.71202484283498,-374.2611586769296,-34.072828103850384
3305,-428.18817887627074,-83.14650862824952,-375.25266898475417,-34.439824471517696
3306,-387.13591169606065,-13.72642802518304,-375.7617648424238,-34.079076568863016
3307,-341.69422729280524,-17.070281879982574,-375.20375648921566,-33.44192795770118
3308,-358.9971836895127,-16.564487692902695,-375.56346498709695,-33.42380652566982
3309,-296.3955285803114,-15.485490271555646,-374.0749598707733,-32.9413943932716
3310,-393.9604059999702,-43.34583423930127,-374.3516409745858,-32.345280309291205
3311,-337.03681847900947,-17.68569343978134,-374.3049908170902,-31.825878061857967
3312,-402.5425483690446,-21.27190557210399,-374.49964831675317,-31.881414432111082
3313,-342.53053429591023,-47.134755653282035,-374.63142091718305,-31.811480617032565
3314,-420.2898295763064,-81.86634000580507,-375.37217076291586,-32.480979925865114
3315,-337.15198633979884,-22.165290791387573,-375.4132407347236,-32.54359239652723
3316,-402.37595566338075,-66.04340606610403,-375.7477475146153,-33.025669820686375
3317,-351.0533491726103,-14.959009399686629,-375.49531361645336,-32.60095164110208
3318,-380.54427539635356,-14.60218016496574,-375.658223526865,-31.950614664352898
3319,-431.198882101836,-14.305903117979172,-375.6968740919227,-31.441292414695173
3320,-392.0170156086524,-77.87253211745683,-376.0778391343757,-31.825319975897468
3321,-396.33934536225655,-14.284390291129144,-376.363261731292,-31.791077870452146
3322,-462.20269040207404,-15.764539562012637,-377.05578855162264,-31.225450395617095
3323,-339.0425193330069,-59.3005027882433,-376.8446717783028,-31.450834456676912
3324,-441.641898968636,-15.95219634827172,-376.7461195953731,-31.424208110476208
3325,-386.3430130426817,-16.722536372300855,-376.4843544941703,-31.44932116042668
3326,-397.54328157456166,-13.83891711902512,-377.25124585309413,-31.39351606665378
3327,-423.672089454185,-19.1269029264455,-378.2934597613647,-31.386046335079946
3328,-365.03278129154285,-65.86118381608279,-378.4751207003515,-31.421311353863103
3329,-341.32070140315903,-33.73953802450044,-377.87726908292007,-31.117101053954045
3330,-349.9534641490815,-77.42263343484856,-377.87604488378724,-31.693473584199722
3331,-469.26384593428725,-27.30977085022087,-379.45151763277715,-31.77628996450581
3332,-484.7933307193331,-13.665829712814137,-380.9726418277737,-31.735562257144956
3333,-382.68120196937997,-52.19557874061624,-380.44412583895627,-31.708389490684525
3334,-327.24155629341226,-80.88330618212038,-379.5320213251499,-31.307520953040424
3335,-365.3966625609963,-15.191267036950071,-379.8301314084315,-31.31478342362765
3336,-417.2791001833237,-14.713905870136099,-380.42217945767464,-31.25661995922143
3337,-364.7396696734154,-26.324629523308282,-379.8281303272022,-31.370462176285148
3338,-329.04716344905984,-48.18929477635472,-378.9491782512817,-31.685506947246353
3339,-461.6009278596498,-23.477708586569747,-380.1147515303857,-31.72279800210307
3340,-436.27742321764606,-17.401955996094483,-380.2698989040607,-31.74834822301684
3341,-377.8454066934523,-75.8659608096161,-380.1253363582499,-32.00168005534069
3342,-554.351091557029,-14.851832900294939,-382.2593006403904,-32.00049384784541
3343,-360.72738987119175,-65.56666376909841,-381.44374721524065,-32.503673929826526
3344,-339.7574976932916,-17.036810244279227,-381.55451545912405,-32.484412325527884
3345,-390.6027299858117,-15.652648398252964,-381.3911269989083,-32.03776160791233
3346,-367.55000363512636,-110.27307294959373,-381.3523346037554,-32.97910586835727
3347,-307.83930786193247,-13.825786326078454,-381.27029199874124,-32.36115969296958
3348,-356.6337457826733,-12.910103654910634,-380.7286115453654,-32.303998350343335
3349,-320.60581407416043,-15.427871781133812,-380.89601512920666,-32.2922412014419
3350,-402.46540071387426,-14.344255957029086,-381.82666166518794,-32.278438851484765
3351,-291.2329498403226,-16.60657559429944,-381.2555133108253,-32.236798601589996
3352,-380.6134227149883,-95.21800316167597,-381.01298242461957,-32.65218572078678
3353,-364.2074989644835,-100.73866267572025,-380.70534523510446,-33.509185354760504
3354,-380.5775009191319,-14.934759718545402,-381.28315184113677,-33.47405255073643
3355,-402.5400553770792,-77.14202901843079,-382.17574013241824,-34.076227298236354
3356,-319.4091103047387,-14.830446055376148,-381.5723692222459,-34.06521619020218
3357,-414.90324242259277,-31.64703291733516,-382.0639689396982,-34.019691386764414
3358,-411.3094983856381,-17.3571562957066,-382.2367824707146,-34.0621828323756
3359,-548.1256416401119,-15.748395810546873,-384.05568791048387,-33.432007739255965
3360,-343.85963489528905,-14.1510366593174,-384.0384137741252,-32.96345008733693
3361,-425.469885641492,-17.13709675562704,-384.4909991577645,-32.99478236865781
3362,-378.0672495419934,-18.45995665683051,-383.3902474062476,-32.809503301246274
3363,-400.8470885971523,-34.52344313565954,-383.32075172306986,-32.939030925642584
3364,-441.03613081852706,-15.062902468433107,-384.7818999196828,-32.94073904904315
3365,-433.0715250641503,-14.635871360813724,-385.2424824650742,-32.94469235731781
3366,-419.60753145432176,-12.133914375614648,-385.1614226383041,-32.88899985745893
3367,-354.6990662980797,-15.717227480695971,-384.04237416680786,-32.81723876700359
3368,-442.2162592983404,-46.75997147714348,-385.17097567414174,-33.10314463746952
3369,-356.95991816904973,-13.831319766768784,-384.60310389607787,-33.06414829236146
3370,-386.41111742759927,-62.59720979935619,-385.43887314852793,-33.40287183323191
3371,-416.5283021048042,-18.163083779939335,-385.49564898617456,-33.45396308938159
3372,-488.33441328160836,-18.190144010840484,-386.2996682251119,-33.48358133517325
3373,-376.71710856690254,-17.089152946215307,-386.2207326303027,-33.25732440185273
3374,-449.66261216040294,-13.172639404399353,-386.0590366040362,-32.65396074935674
3375,-369.77441560285365,-47.39092994766502,-384.95026177656285,-32.99903951266384
3376,-394.96584215068606,-79.95030371966043,-385.5333326255549,-33.40020611645282
3377,-431.0880407065987,-14.9840443785162,-386.14645737335553,-33.3970741021307
3378,-384.6084077748549,-15.151853115678028,-386.638908580174,-33.39270955161205
3379,-574.6821965903805,-12.912984991499398,-388.74531801078064,-33.37890735241331
3380,-465.94532675178766,-18.462699221739967,-390.24436637859765,-33.03684101869735
3381,-331.3519223585101,-120.41530422986453,-388.6986253109475,-33.18793062056286
3382,-440.98333936465406,-122.60700448175622,-389.6231127702072,-33.374698121894596
3383,-433.66196905693164,-15.13486642990126,-390.5824390426306,-33.34870019742359
3384,-380.2569944584867,-161.13021700914322,-390.6895027122319,-34.80975579468756
3385,-371.29919402861736,-49.57506591543511,-390.0762815960026,-35.15992837687792
3386,-362.3967126738653,-16.849568359296857,-390.11751234876164,-35.14141639114001
3387,-478.85149274775324,-14.904527123329606,-391.40382128892986,-34.75375781566007
3388,-407.94213652617555,-18.798894856484807,-391.58997131653746,-34.815558662342006
3389,-331.6044108198897,-12.498741555236313,-391.3692650540876,-34.30483522809658
3390,-422.02141013846216,-14.575173618723694,-391.7202184184069,-33.44649142491663
3391,-373.8305022143694,-16.36570936149266,-391.8635413958552,-33.47772554903518
3392,-425.82336729727984,-83.72898909240418,-392.32335146046023,-34.1576674422876
3393,-416.48963864918403,-14.433818147794904,-393.2660004772982,-34.11435268620747
3394,-346.62914237556504,-21.045104624410573,-393.61066565530894,-34.158229583616276
3395,-372.20959657276734,-21.565245047371768,-394.1465983720605,-34.22069013237038
3396,-341.8168188386048,-66.34688243129966,-393.24019118255603,-34.747636916632075
3397,-343.764438675462,-32.46985358115687,-391.85037696931465,-34.85356993785675
3398,-317.6013033558486,-19.400831552828418,-391.85137149834236,-34.88632060524871
3399,-307.6901594932935,-21.44856627485769,-391.29358555109593,-34.60962375201958
3400,-421.97375356106767,-17.27426049485103,-392.19133696195365,-34.60919893578793
3401,-420.2968299425182,-20.80799358917322,-392.58363743382034,-34.5176636068783
3402,-346.88687996565915,-18.858949983644997,-392.1518888468017,-34.58487815428573
3403,-439.8433704623941,-14.175614395459556,-392.25326980890407,-34.58191695512863
3404,-369.56474126691586,-12.801861528531829,-391.751648041583,-34.062815321985596
3405,-379.9919375556733,-50.46064121074836,-391.26968562837703,-33.73595664781059
3406,-418.04629545597373,-12.945308648912578,-391.5787894659762,-33.72814545404788
3407,-414.74867641255753,-15.160198039937248,-392.3093339571737,-33.70904461564743
3408,-345.38289338234705,-26.115558024855055,-392.17319105410206,-33.80455531896695
3409,-313.48861552386256,-109.01762920883053,-392.34412192353756,-34.73987670833969
3410,-371.1170735445839,-20.351194960123333,-392.11568859898364,-34.50993031554791
3411,-357.1182113202472,-73.15404589960075,-392.31650252739604,-35.06461384014611
3412,-337.88878123250356,-15.877123580643554,-391.6699648560307,-35.01066602023151
3413,-370.75979353929563,-15.92526885630786,-391.9522574484646,-34.69857115226176
3414,-565.5652981637322,-11.029247191584368,-393.40501213433885,-33.99020022411955
3415,-356.5513377399394,-77.35154617860275,-393.59900564834027,-34.542062777991696
3416,-328.8782841773721,-16.081135784561678,-392.86402893348014,-34.04244007517628
3417,-439.6298306242674,-19.00672605192095,-393.7497937479967,-34.082917241698624
3418,-311.0750469094162,-17.993798306710282,-393.0551014631273,-34.11683342311607
3419,-387.9895485308556,-14.721890246674624,-392.62300812741745,-34.12099329440303
3420,-343.36540185074085,-17.54565279599801,-392.1364919898384,-33.51772450118845
3421,-420.24842469333254,-19.53021321683882,-392.3755827831492,-33.570182730445545
3422,-396.54338034859876,-14.369724093539885,-391.7189896826144,-33.556234575760804
3423,-333.10540586808304,-66.7033021287904,-391.6596185479651,-33.630262569166284
3424,-354.04445966351005,-17.73978783395882,-390.78364415491393,-33.64813848402316
3425,-364.4976322728305,-22.5935324458951,-390.56519034721543,-33.706848444759096
3426,-303.8482151520076,-59.89451028664174,-389.6282396829899,-34.16740437643527
3427,-342.8946894647847,-13.832033049054516,-388.8204656830959,-34.114455677661354
3428,-351.3517746135086,-54.0101489040791,-388.68365561631555,-33.99594532854132
3429,-485.098633904131,-37.48049943228796,-390.1214349413253,-34.03335494261919
3430,-417.89372555454895,-14.867334204026422,-390.80083755537987,-33.40780195031097
3431,-314.46045036777946,-14.874322748067408,-389.25280359971475,-33.283447469289435
3432,-504.08277820596226,-15.031890460832997,-389.44569807458106,-33.29710807676962
3433,-398.2784861272083,-65.05718564608462,-389.6016709161594,-33.4257241458243
3434,-454.7551501317111,-81.56399308810502,-390.8768068545424,-33.43253101488415
3435,-417.9887696581049,-16.10461002523422,-391.4027279255135,-33.44166444476699
3436,-317.3514336659914,-20.580030387195407,-390.40345126034015,-33.50032568993758
3437,-339.5546669716274,-50.68463772528556,-390.15160123332225,-33.74392577195736
3438,-366.26206588106925,-80.78521983172185,-390.52375025764235,-34.06988502251103
3439,-350.6099043365938,-67.92467711191205,-389.4138400224118,-34.514354707764454
3440,-353.25932534477244,-53.801638014837195,-388.58365904368304,-34.87835152795188
3441,-488.0921493402832,-13.845622859223793,-389.6861264701513,-34.25814814844796
3442,-339.1550283362601,-15.827202476954291,-387.53416583794365,-34.267901844214556
3443,-416.5194570662314,-23.25741227204155,-388.092086509894,-33.844809329243986
3444,-427.89622985850957,-13.89893925803695,-388.97347383154624,-33.81343061938156
3445,-406.9638683474423,-13.994087534056515,-389.1370852151626,-33.79684501073959
3446,-407.43014517474114,-16.336245461712945,-389.5358866305587,-32.857476735860786
3447,-382.0100068481056,-22.12384481661036,-390.2775936204204,-32.94045732076611
3448,-474.38255058269846,-15.819976653934006,-391.4550816684207,-32.96955605075633
3449,-403.2305527187314,-13.315239605781118,-392.2813290548664,-32.94842972900281
3450,-473.22293678226714,-96.31762119274144,-392.9889044155503,-33.76816338135993
3451,-454.5809239874605,-12.68178990568745,-394.6223841570217,-33.72891552447381
3452,-358.9757116343686,-91.36536832754747,-394.40600704621545,-33.690389176132534
3453,-371.7264709056984,-18.29598697127325,-394.4811967656276,-32.86596241908806
3454,-428.1290477729263,-14.594663849360117,-394.95671223416554,-32.86256146039621
3455,-365.2421080810235,-58.56301931480105,-394.583732761205,-32.67677136335991
3456,-367.40169985185423,-12.920875795965761,-395.06365865667624,-32.657675660765804
3457,-382.35785381995845,-25.073223665605994,-394.7382047706499,-32.59193756824852
3458,-388.6457799901928,-17.147229003938794,-394.5115675866954,-32.58983829533084
3459,-523.552963731646,-14.49736838253799,-394.2658408076107,-32.57732802105075
3460,-295.882699023207,-15.447897815737019,-393.78607144888986,-32.590296632614944
3461,-408.95683416735835,-14.708655528088244,-393.62094093414856,-32.56601222033956
3462,-412.6338172696622,-64.14297451266788,-393.96660661142533,-33.02284239889793
3463,-373.5931479997009,-53.06401268544137,-393.69406720545084,-33.20824809439575
3464,-330.84195026271465,-68.7017207587805,-392.59212539989267,-33.74463627729922
3465,-336.6188310205374,-66.65998704796323,-391.6275984594565,-34.264877434170714
3466,-429.7901243644381,-14.815454356689441,-391.7294243885577,-34.291692833981465
3467,-445.62753335000195,-19.8269242542186,-392.6387090590768,-34.33278980171669
3468,-362.8268337644845,-39.41874430942907,-391.84481480373825,-34.25937753003955
3469,-459.9842547572672,-11.155614032324438,-392.8750581696205,-34.23262047269511
3470,-350.5160595538693,-23.6970385643626,-392.51610759088317,-33.843618760345166
3471,-358.97276389429675,-20.282421482653838,-391.9405522087782,-33.864812137372304
3472,-415.1521679351116,-47.69413830537086,-391.2087297553132,-34.159852080317606
3473,-336.3167631705195,-15.905200993426865,-390.8047263013494,-34.148012560789724
3474,-336.4054607063436,-15.794544294768677,-389.6721547868088,-34.17423160969342
3475,-396.2524971386833,-45.30286695716093,-389.936935602167,-34.15335097978838
3476,-334.5691505624664,-17.680906000756703,-389.3329686862848,-33.53065700259934
3477,-429.4860004325749,-94.47814168290054,-389.3169482835446,-34.32559797564318
3478,-404.31901589896285,-15.726566875791095,-389.51405436478564,-34.33134511324431
3479,-329.66871452703185,-20.008220616747064,-387.06391954415216,-34.402297469496794
3480,-396.0327143856342,-21.633931070413528,-386.3647934204906,-34.434009787983534
3481,-494.24285711704414,-66.76602933775777,-387.993702768076,-33.89751703906247
3482,-421.2395290855693,-12.478146906819957,-387.7962646652851,-32.7962284633131
3483,-472.69192304002695,-14.348555528530852,-388.18656420511604,-32.7883653542994
3484,-382.7831607938325,-14.179102842650462,-388.21182586846953,-31.31885421263447
3485,-378.21673213867916,-17.728894537988403,-388.2810012495701,-31.000392498860005
3486,-401.0076867381925,-79.8022503772333,-388.6671109902134,-31.62991931903937
3487,-347.4349602071796,-16.535766187869733,-387.35294566480775,-31.64623170968477
3488,-300.83158976955144,-96.43399408178202,-386.28184019724154,-32.42258270193774
3489,-330.7846791677355,-22.491255886557248,-386.27364288072005,-32.522507845250956
3490,-301.54394237340796,-16.43861907891196,-385.0688682030695,-32.54114229985284
3491,-434.72219396777916,-19.075194403419694,-385.6777851206036,-32.5682371502721
3492,-378.3862178683293,-59.65598364123692,-385.2034136263141,-32.32750709576043
3493,-332.50133030664165,-14.642350619149783,-384.36353054288867,-32.32959242047398
3494,-382.50735512879237,-14.904380759366912,-384.72231267042093,-32.26818518182354
3495,-482.4283454286537,-17.057987085201905,-385.8245001589798,-32.22311260220184
3496,-376.9783524706059,-59.666487483679596,-386.1761154952997,-32.15630865272564
3497,-314.4774626903957,-14.058014011908558,-385.883245735449,-31.972190257033166
3498,-312.2169948848052,-16.583165400225024,-385.8294026507386,-31.94401359550713
3499,-413.4854992785744,-49.51352146078848,-386.88735604859136,-32.224663147366435
3500,-444.9052764739031,-14.560595548409765,-387.1166712777198,-32.197526497902025
3501,-439.9641186507786,-17.472105356065484,-387.31334416480234,-32.164167615570946
3502,-352.8398996401678,-18.376212383501954,-387.3728743615475,-32.15934023956952
3503,-478.3181007705834,-52.568149159633045,-387.7576216646293,-32.54326558721125
3504,-353.19899257934765,-78.54693735286313,-387.59396417775366,-33.200716345454566
3505,-339.31450005505496,-63.49634368533919,-387.18718980274747,-33.33107337020047
3506,-294.6343516319339,-72.31721368071481,-385.9530703645071,-33.92479242051849
3507,-329.17422104173187,-14.094951634927748,-385.09732581079885,-33.914139956468404
3508,-359.40053007858575,-16.196653763888662,-385.23750217776126,-33.814950913858745
3509,-439.9558666925163,-16.693490318627134,-386.50217468944777,-32.89170952495671
3510,-406.9079184384169,-124.65319562605634,-386.86008313838613,-33.934729531616036
3511,-312.2275077969948,-83.49716113365173,-386.4111761031536,-34.03816068395654
3512,-368.666711064361,-13.075452878956883,-386.71895540147216,-34.01014397693967
3513,-349.05191316230315,-15.7344787891531,-386.5018765977022,-34.008236076268126
3514,-392.18372311207014,-15.758603954080822,-384.76806084718567,-34.055529643893095
3515,-445.66384499515914,-15.926864060591292,-385.6591859197378,-33.44128282271298
3516,-405.7105881062291,-15.068329245824723,-386.4275089590264,-33.43115475732561
3517,-391.5220670453238,-14.434812045201257,-385.94643132323694,-33.385435617258416
3518,-391.9745699744782,-20.681557892559756,-386.75542655388756,-33.41231321311691
3519,-386.8666739040097,-15.173850604086729,-386.7441978076192,-33.41683281669103
3520,-458.93658653368095,-52.074771870043776,-387.89990965444855,-33.76212400743148
3521,-349.5129079411844,-17.65466383146206,-387.192554486927,-33.743368513577714
3522,-343.9958252073757,-13.693217163892932,-386.6670789355148,-33.73660344428124
3523,-373.04269913970415,-15.446414317112893,-387.066451868231,-33.22403456616447
3524,-466.3429594673891,-17.121213865454596,-388.18943686626983,-33.217848826479425
3525,-320.2837743414139,-15.329227828647948,-387.74729828695564,-33.14520578030695
3526,-443.15275932662655,-84.27266981235724,-389.1403437287018,-33.388987375564106
3527,-368.74850839584514,-16.39565052714688,-389.39888191801236,-33.414623550345034
3528,-364.51691147406837,-39.242389008234646,-389.530533286618,-33.266945951386596
3529,-389.0395856188828,-16.139785663459755,-388.5699428037655,-33.05353881369832
3530,-387.07121636685474,-21.808550378618836,-388.26171771188854,-33.12295097544425
3531,-332.558491294116,-17.470506412305973,-388.4426981211519,-33.14891281208663
3532,-422.08838145839337,-41.1978734881658,-387.6227541536763,-33.41057264235995
3533,-416.84477252508,-128.69484370525586,-387.808417017655,-34.04694922295166
3534,-389.18286797757895,-31.836632176146665,-387.1526941961137,-33.54967561383208
3535,-277.45945696093946,-15.547470891919694,-385.74740106914203,-33.54410422249893
3536,-333.64788465515466,-15.871643963505766,-385.9103655790336,-33.497020358262034
3537,-358.8297756058378,-15.24003218793602,-386.1031166653757,-33.14257430288854
3538,-369.1190787843796,-14.966544096138202,-386.13168679440884,-32.484387545532705
3539,-461.212765745361,-23.526984062381104,-387.2377154084965,-32.04041061503739
3540,-280.9785627647653,-14.225780972786938,-386.51490778269647,-31.64465204461689
3541,-275.74546121756856,-27.34025950553457,-384.39144090146937,-31.77959841108
3542,-323.9097079376582,-14.521467462108099,-384.23898769748325,-31.766541060931537
3543,-419.2566883786867,-16.298399081109448,-384.2663600106078,-31.696950929022215
3544,-288.5685170280241,-70.7560922871082,-382.8730828823029,-32.26552245931293
3545,-356.4917543809139,-126.36050203492613,-382.3683617426376,-33.38918660432162
3546,-251.24257741142856,-20.269792424598897,-380.80648606500455,-33.42852207395048
3547,-253.9264211224927,-106.94137689804597,-379.52565020774836,-34.27669739476484
3548,-255.44876754624087,-17.36372474613139,-377.33631237738376,-34.29213487568681
3549,-287.423704730065,-22.183680449692332,-376.1782438974971,-34.38081928412593
3550,-285.15229171102396,-14.085150711508167,-374.2975374467847,-33.558494579313596
3551,-365.33808459400836,-25.607170875947492,-373.4051090528502,-33.68774838901619
3552,-211.7423451749818,-59.08225307375023,-371.93277538825635,-33.36491723647823
3553,-340.70500830684335,-19.29713854805322,-371.6225607622678,-33.37492875224602
3554,-181.67115953758253,-18.376309503719867,-369.15798187991436,-33.41274520878962
3555,-238.97556934438,-24.562053970078747,-367.8953164925479,-33.0727355553424
3556,-270.0748804421469,-16.452372192838194,-366.9220482984509,-33.10805051931112
3557,-320.44362829774553,-66.06003622057361,-366.30290604322875,-33.5179186448608
3558,-384.89732204584425,-45.5735214467765,-366.26542146378534,-33.802181569289175
3559,-309.95831430955485,-44.548756593776794,-364.1294749695644,-34.10269545140156
3560,-261.3234385663794,-42.3348699935647,-363.7838823649961,-34.37156517317983
3561,-416.51727948054275,-15.416908340596436,-363.85948681812795,-34.37864770130492
3562,-321.70184666926497,-85.57104819284399,-362.95016711212395,-34.59292843810668
3563,-484.8645669984422,-51.341674201878234,-364.06288130211135,-34.57570505327105
3564,-255.92601769110897,-17.6576610938511,-363.3137219763953,-34.06526445662176
3565,-287.4726481517559,-18.91905953025798,-362.8222601477075,-33.5878551814447
3566,-356.5409528241205,-62.953265238656606,-362.0897684323043,-34.06923329026437
3567,-350.68219779867286,-19.224862229266357,-361.14031507679096,-34.06321267001485
3568,-424.8541925287156,-17.909093972557294,-361.7605886644333,-33.848116166646136
3569,-303.80937795722974,-19.115240873237084,-360.19883989643296,-33.92771243505527
3570,-369.7321469829377,-15.701428884703871,-360.3910007707236,-33.84775633825868
3571,-318.523516304999,-19.061984768160695,-359.9865082948307,-33.835551971113745
3572,-450.63868832238575,-19.375418544622175,-360.34137349870343,-33.552364773506255
3573,-304.33263873124736,-17.84527253575528,-360.02153225431067,-33.57176548892954
3574,-366.1587736657822,-83.9465044623409,-360.31906538390507,-34.25328509060526
3575,-428.9439190874839,-18.15461147127288,-360.6459796033931,-33.98180253574638
3576,-462.94475272375564,-19.288251485298755,-361.92973562500595,-33.99787599059181
3577,-330.1577606539752,-18.325331179395715,-360.93645322722,-33.236347885556754
3578,-459.4749212648151,-14.575858365434906,-361.4880122808785,-33.22484080045319
3579,-342.752816761273,-16.981201435316837,-361.6188533032209,-33.19457060863889
3580,-382.13715667945274,-15.079314867269373,-361.4798977261591,-33.129024446607445
3581,-530.2144440777535,-66.71341450361678,-361.83961359576614,-33.12849829826603
3582,-384.90519171494,-68.55101864950299,-361.47627022205984,-33.689227015692865
3583,-487.13682367698726,-66.84987229979939,-361.62071922842944,-34.21424018340555
3584,-269.02086920168756,-19.02811933035319,-360.483096312508,-34.26273034828258
3585,-344.7184563378237,-16.86135594937544,-360.1481135544995,-34.25405496239645
3586,-385.9796675094238,-100.53459209268202,-359.9978333622118,-34.46137837955094
3587,-361.8837754438844,-14.422506901742818,-360.14232151457884,-34.44024578668968
3588,-323.6830500622149,-15.753601799723318,-360.37083611750546,-33.63344186386909
3589,-343.3214747247789,-18.342635268188868,-360.49620407307594,-33.5919556576854
3590,-470.32343603340496,-62.82959275417034,-362.18399900967586,-34.05586539443798
3591,-303.47104767813465,-40.17308666302499,-360.8714875467794,-34.266844317034035
3592,-307.9447377336761,-19.399531471497223,-360.1670727454329,-33.86427979533664
3593,-360.85609724495094,-19.635773730407802,-360.45062041481594,-33.914214026449216
3594,-276.0020516910708,-16.5152693675965,-359.3855673804388,-33.930322912531516
3595,-319.12285059469394,-15.117064850574417,-357.7525124320991,-33.91091369018525
3596,-221.8251655097569,-16.304614011018604,-356.2009805624906,-33.47729495545863
3597,-348.32144863009825,-22.980013938730135,-356.53942042188766,-33.56651495472684
3598,-329.46994845952355,-43.850628236797874,-356.7119499576349,-33.839189583092576
3599,-296.159744499597,-60.369482456654346,-355.5386924098451,-33.94774919305123
3600,-299.78270908863874,-22.203653294794282,-354.0874667359925,-34.02417977051508
3601,-428.3289056487893,-75.34789637385593,-353.9711146059726,-34.60293768069299
3602,-365.68580257883866,-18.159841414956574,-354.0995736353593,-34.600773971007534
3603,-437.51841840560655,-17.232030648434534,-353.6915768117096,-34.24741278589555
3604,-368.8392493004609,-23.55329069131453,-353.8479793789207,-33.69747631928006
3605,-432.8478299702931,-66.02212381713301,-354.78331267807306,-33.722734120598
3606,-283.6889596209178,-16.51722521165346,-354.6738587579629,-33.164734235907375
3607,-254.92696680241428,-17.547754422147516,-353.93138621556966,-33.19926226377957
3608,-233.88089611929072,-13.77504892798757,-352.6761898759767,-33.175046215420565
3609,-367.4289407190112,-17.270274307188917,-351.95092061624166,-33.18081405530618
3610,-354.3131292170927,-22.739838191839002,-351.42497272402846,-32.16168048096401
3611,-304.2920450002358,-18.719623920802377,-351.34561809606095,-31.51390510883552
3612,-402.79338029428897,-56.70757046784839,-351.68688478836015,-31.950226284724437
3613,-340.6070491556386,-100.97357316773468,-351.6024361482935,-32.80261722851025
3614,-349.605482125662,-54.8559409410924,-351.1766537384294,-33.19359059838037
3615,-225.0027541639037,-22.894001073615375,-348.9700428301169,-33.26326196851061
3616,-312.905707980526,-28.46765536571134,-348.0419940288598,-33.39725522970948
3617,-327.4818778262338,-15.734722766586453,-347.40159213666897,-33.41025433692334
3618,-328.5444623000909,-63.27151428858927,-346.76729105992507,-33.83615390088362
3619,-354.92012850117595,-17.720313473116942,-346.4478256058967,-33.861618529573924
3620,-266.1417553384956,-67.4910694529607,-344.5198772939449,-34.0157815054031
3621,-265.9826657903785,-22.070315020250735,-343.6845748724368,-34.05993801729098
3622,-366.91168274040336,-18.169853971726496,-343.91373344776713,-34.10470438536932
3623,-197.2242591194873,-18.275266648823816,-342.15554904756493,-34.13299290868643
3624,-482.9328963303826,-14.569154752595827,-342.32144841619487,-34.10747231755784
3625,-216.27659300095658,-131.999121252434,-341.2813766027903,-35.2741712517957
3626,-315.4687360607306,-36.63102601877635,-340.00453637013135,-34.797754813859896
3627,-254.71353994356866,-58.7898765322034,-338.8641866856086,-35.221697073910455
3628,-160.82508403793256,-149.6841215898164,-336.8272684112472,-36.32611439972627
3629,-338.46196166240554,-20.06462187110557,-336.32149217168234,-36.36536276180273
3630,-218.95081604555529,-19.898820488227795,-334.6402881684694,-36.34626546289881
3631,-114.54977541038826,-21.04396751296975,-332.4602010096321,-36.38200007390546
3632,-230.6711286003228,-21.98417951294354,-330.54602848105145,-36.189863134153235
3633,-223.97780981310987,-60.18903381018747,-328.61735885393176,-35.50480503520255
3634,-416.3699995493306,-18.698626095244528,-328.8892301696493,-35.37342497439353
3635,-257.8428853126661,-23.608856578993997,-328.6930644531666,-35.45403883126427
3636,-232.27929949699836,-57.59266806798801,-327.679378601585,-35.87124907230909
3637,-216.18169492811776,-20.170099050052873,-326.2528977948077,-35.920549740930255
3638,-243.7429186080515,-20.896910998083374,-324.9991361930445,-35.97985340994971
3639,-319.95487681985634,-98.33738443737026,-323.58655730378945,-36.7279574136996
3640,-346.41118006983646,-24.508652731771992,-324.24088347684017,-36.83078613128945
3641,-286.8766517409316,-15.166595800748553,-324.35219538207383,-36.7090494942416
3642,-174.53873840680475,-58.23437285709976,-322.85848568676533,-37.14617854819151
3643,-239.69370603971973,-25.271809664747035,-321.06285586337566,-37.235912654027885
3644,-215.94944363162986,-24.565104235007027,-320.3366651294117,-36.77400277350688
3645,-210.91425628223092,-45.3023029905805,-318.88089014842484,-35.96342078306343
3646,-264.8031445507046,-70.09644147320687,-319.01649581981764,-36.46168727354951
3647,-220.48792862775065,-18.93204724252018,-318.68211089487016,-35.58159397699424
3648,-275.06957217406233,-19.654857048282842,-318.8783189411484,-35.60450530001576
3649,-135.53811262865946,-63.9084825770679,-317.35946302013434,-36.02175332128951
3650,-135.20350832872262,-37.432630977515934,-315.85997518631126,-36.25522812394958
3651,-245.25652873115226,-19.231328053765626,-314.65915962768275,-36.19146969572776
3652,-338.03520578263806,-82.99556655657655,-315.9220882337593,-36.43060283055603
3653,-216.64756376203374,-102.30164380628426,-314.6815137883112,-37.26064788313834
3654,-215.28073697388288,-31.677083717096224,-315.0176095626742,-37.3936556252721
3655,-163.38004523175198,-37.55945121681516,-314.2616543215479,-37.523629597739465
3656,-246.15554242933013,-36.89156563289285,-314.02246094141975,-37.72802153214002
3657,-280.448240067963,-78.44159047683617,-313.6225070591219,-37.851837074702644
3658,-287.96338216531143,-22.075389048467805,-312.65316766031657,-37.61685575071956
3659,-210.87869851926024,-19.989274833803517,-311.6623715024136,-37.37126093311983
3660,-168.47096281990437,-72.26834307467698,-310.73384674494883,-37.670595663930946
3661,-267.0033776108486,-58.061997043024405,-309.2387077262519,-38.097046550955234
3662,-240.18597960931717,-24.48459930599514,-308.4235490556524,-37.48618206208674
3663,-193.11717295163388,-29.502460794426455,-305.5060751151844,-37.26778992801222
3664,-207.68743346655313,-23.515821355089628,-305.0236892729389,-37.326371530624606
3665,-226.67024288404883,-22.55070881697096,-304.41566522026176,-37.362688023491735
3666,-250.49159892339065,-79.26634624256772,-303.3551716812545,-37.52581883353084
3667,-249.4363068599397,-54.13676233273109,-302.3427127718671,-37.87493783456549
3668,-283.07381487859743,-103.57828110267786,-300.92490899536597,-38.7316297058667
3669,-367.29283623811324,-21.430563730768057,-301.5597435781748,-38.754782934442005
3670,-291.7876627314766,-19.569278581110794,-300.7802987356602,-38.79346143140608
3671,-170.37397726655973,-16.297711928080332,-299.29880334527576,-38.76581870300527
3672,-386.6702585499594,-17.693146906895983,-298.6591190475514,-38.748995986628024
3673,-249.59851206746205,-22.349875887864503,-298.1117777809136,-38.79404202014912
3674,-205.9960057220887,-77.54233986505167,-296.5101501014767,-38.73000037417622
3675,-293.0096424693598,-59.79826075993163,-295.1508073352955,-39.1464368670628
3676,-267.82014881853524,-21.720295626406212,-293.19956129624336,-39.170757308473874
3677,-252.91901498667914,-24.807952196924525,-292.4271738395704,-39.23558351864916
3678,-202.25498165272353,-23.56405041704391,-289.8549744434495,-39.32546543916525
3679,-330.61387607074573,-74.5228314701621,-289.73358503654424,-39.9008817395137
3680,-307.3617639153663,-16.078331244600417,-288.98583110890337,-39.91087190328702
3681,-223.4343957280831,-104.66582959677454,-285.91803062540663,-40.2903960542186
3682,-181.37726672926436,-27.36366901953359,-283.88275137554984,-39.878522557918906
3683,-261.5646365190886,-20.996897431559553,-281.62702950397085,-39.41999280923651
3684,-283.41679990222417,-17.92701670627266,-281.77098881097623,-39.408981782995696
3685,-378.57025748333405,-37.289954937260696,-282.10950682243134,-39.61326777287455
3686,-155.81615265791237,-79.5058479151457,-279.8078716739163,-39.40298033109918
3687,-227.07377825547647,-18.04062707665944,-278.4597717020321,-39.43916153284835
3688,-233.6029494442794,-14.738698624003593,-277.5589706958528,-39.42901250109116
3689,-204.78579182840548,-14.487779918604405,-276.17361386688907,-39.39046394759531
3690,-511.85154636600953,-17.526374584134157,-276.58889497021516,-38.93743176589495
3691,-205.8590554935196,-143.73801160878622,-275.61277504836903,-39.97308101535256
3692,-244.70738846811454,-36.93476791218028,-274.9804015557134,-40.14843337975939
3693,-233.62708796388884,-77.33098033029208,-273.70811146290276,-40.72538544575824
3694,-191.40175796665943,-19.655149348891708,-272.86210852565864,-40.75678424557119
3695,-463.81344434811433,-69.29099015821082,-274.3090144631928,-41.298523498647555
3696,-282.76227163100157,-67.93045117762445,-274.91838552440527,-41.81478187031361
3697,-339.7079059951499,-19.060945674371677,-274.8322500980558,-41.775591187670024
3698,-292.13267669515665,-69.20592535740714,-274.4588773804121,-42.029144158876115
3699,-272.93268711813505,-105.8152151094106,-274.2266068065975,-42.483601485403675
3700,-196.08478444078884,-21.600863460595825,-273.189627560119,-42.47757358706169
3701,-329.3154621007179,-19.86121769819391,-272.1994931246383,-41.92270680030507
3702,-302.8703432803027,-67.1836507952947,-271.5713385316529,-42.41294489410845
3703,-254.28340669317518,-16.975314739115074,-269.7389884145286,-42.41037773501526
3704,-326.8715320392723,-22.370777380359513,-269.3193112419167,-42.398552601905706
3705,-250.5535265107418,-20.360837942479208,-267.49636820732115,-41.94193974315917
3706,-380.8704984493976,-28.30104076630501,-268.468183595606,-42.05977789870568
3707,-333.0106806079252,-20.499493565124567,-269.2490207336611,-42.08929529013546
3708,-274.2657326944826,-18.207446879583326,-269.652869099413,-42.13361926965141
3709,-205.76882606960444,-77.79399232538786,-268.036267952919,-42.738856449833406
3710,-375.78835406734356,-112.81455140405495,-268.2510202014215,-43.63960358195556
3711,-373.2961827460769,-15.00694604361785,-268.9410615788799,-43.60247680318372
3712,-336.5254778849359,-22.96182493911108,-268.27838255478633,-43.26501934789634
3713,-189.14358700434562,-39.50575530995882,-266.76374793327335,-42.65034116931858
3714,-408.46947704889106,-67.93976248889237,-267.35238788250564,-42.78117938479659
3715,-219.54939271318193,-53.358446442872854,-267.2978542679984,-43.08582383848916
3716,-270.7267487857679,-39.84251826062523,-266.8760646760508,-43.1995724674383
3717,-220.60928204198584,-47.21460824302541,-265.8073387182084,-43.51437132220269
3718,-287.6527770641595,-15.725402205550692,-265.3984218658491,-43.0389102013723
3719,-201.1973030457834,-19.47498599117835,-263.8611936112952,-43.05645692655291
3720,-243.98941167714014,-135.13412278246722,-263.63967017468167,-43.73288745984797
3721,-275.35665840670447,-18.17880348826736,-263.73341010084494,-43.69397234452814
3722,-279.21927458997874,-68.42571044218369,-262.85648601934065,-44.19653090923272
3723,-265.1967546283625,-63.78147854007334,-263.5362109744294,-44.65159302814522
3724,-272.69442189413644,-23.561130654857052,-261.4338262300669,-44.741512787167835
3725,-177.45268117075096,-16.381756216481655,-261.04558711176486,-43.58533913680831
3726,-253.9453480777025,-20.692149658450816,-260.4303532319346,-43.425950373205055
3727,-271.3752882543832,-55.13259468796107,-260.5969707150427,-43.38937755476263
3728,-321.0869575278625,-95.04162554398559,-262.19958944994204,-42.84295259430432
3729,-153.58905082658174,-19.12472044086636,-260.35086034158377,-42.833553580001926
3730,-308.0203796962322,-37.033084992437,-261.24155597809056,-43.00489622504402
3731,-277.0960277295107,-49.3250426342897,-262.8670185012818,-43.28770697625722
3732,-329.5276449187278,-22.40271559312448,-263.8555836644658,-43.29189233705903
3733,-222.4827959329026,-54.46312974152558,-263.84063352566375,-43.23463329637242
3734,-236.01693604291356,-117.29605767806845,-262.03710289059967,-44.22060761220065
3735,-315.47197590485735,-82.55743100815138,-262.61339379652156,-44.810093356492224
3736,-207.01096582315918,-16.703361756634656,-262.36071045978315,-44.40120029337869
3737,-151.70361178994426,-111.79907444552231,-261.7159296284014,-45.31749004733338
3738,-289.15974611907774,-29.564490716346693,-262.17009790351165,-45.404165844516015
3739,-214.39936452216133,-179.735454054056,-261.11454278053463,-46.21814654068287
3740,-259.91385608487815,-17.300780664241536,-260.24956954068506,-46.146067820007566
3741,-268.48029194046933,-16.834638425380167,-260.0656059426805,-46.162748246253884
3742,-205.18086599664056,-16.405085066199366,-260.37202721857886,-45.74445536834488
3743,-359.53206001194394,-18.656126358432864,-261.5704107583011,-45.67829853528174
3744,-214.04258897266874,-70.71927278242573,-261.5513422117115,-46.13984022075593
3745,-328.46406170730825,-14.788915914897592,-262.72684026596227,-45.834706349999095
3746,-371.53327253910885,-55.98434083756194,-263.7941415458463,-45.693585343642646
3747,-231.9828517361021,-78.23654595971796,-263.9090907769298,-46.286630330814624
3748,-368.1545642836714,-50.738044468614696,-264.8399406980259,-46.59746220501795
3749,-211.5764763135291,-24.604449066883067,-265.6003243348746,-46.204421869916104
3750,-266.13546527746024,-15.55966858280876,-266.909643904362,-45.98569224596903
3751,-289.65613137994416,-110.96707467851033,-267.3536399308499,-46.90304971221647
3752,-174.70391956586892,-104.63945588234421,-265.7203270686822,-47.11948860547415
3753,-412.30964386366884,-11.544476604316449,-267.67694786969855,-46.21191693345447
3754,-219.13637006913999,-61.11744392858709,-267.71550420065114,-46.50632053556938
3755,-222.6193175317386,-62.473365267950506,-268.307896923651,-46.755459676080726
3756,-217.67826280043798,-14.98798775694245,-268.02312412736205,-46.53642389732122
3757,-155.221260146831,-71.03221241559677,-266.77085432815073,-46.462330116708834
3758,-355.8739086207042,-73.79081332598537,-267.4499595927046,-46.979484359484005
3759,-184.47571444733515,-67.4218238031792,-267.1859297519854,-47.45380984917776
3760,-188.63322681714575,-16.258512161147454,-267.3875523919578,-46.89371154004246
3761,-301.9587811145363,-50.981686141567344,-267.73710642699467,-46.82290843102789
3762,-275.4594592555848,-96.76864060793841,-268.08984122345737,-47.54574884404733
3763,-251.0965470084318,-16.894884981067698,-268.66963496402536,-47.41967308591374
3764,-289.5827340901884,-21.14697363915155,-269.4885879702617,-47.39598460875436
3765,-208.829428799515,-51.26801477690122,-269.31017982941637,-47.683157668353665
3766,-405.68826517333684,-14.194339420951037,-270.8621464919158,-47.0324376001375
3767,-242.98070502972672,-14.755520835130357,-270.7975904736137,-46.638625185161494
3768,-251.48772555606146,-23.027144725684618,-270.4817295803884,-45.83311382139157
3769,-308.26150423521204,-14.69871228996062,-269.89141626035934,-45.76579530698349
3770,-214.2000692867973,-43.47097204118522,-269.11554032591255,-46.00481224158423
3771,-367.3669941245193,-12.645718955487432,-271.08547049449214,-45.9682923118583
3772,-341.72757525936925,-71.25359190292865,-270.6360436615862,-46.50389676181863
3773,-239.81236179273907,-99.26203295787559,-270.538182158839,-47.273018332518745
3774,-299.8991650692425,-23.484310187098767,-271.4772137523105,-46.732438035739214
3775,-264.8215545142343,-55.049824837737155,-271.1953328727593,-46.68495367651727
3776,-198.39683519681043,-137.10156056727592,-270.501099736542,-47.83876632592597
3777,-252.29971411096346,-23.699755127112226,-270.49490672778484,-47.827684355227845
3778,-301.69771594599996,-26.59020034242993,-271.48933407071763,-47.857945854481706
3779,-323.8589300948221,-18.835302143663856,-271.42178461095835,-47.301070561216726
3780,-194.4631362790734,-18.04285143144708,-270.29279833459543,-47.3207157630852
3781,-195.11784779428,-66.49069725930251,-270.0096328552574,-46.93896443971047
3782,-209.83949407098427,-21.627292879273245,-270.29425512867465,-46.88160067830786
3783,-185.51392325218433,-50.08851708133333,-269.5337479960056,-47.1725168748056
3784,-263.1101780051969,-19.208724023364397,-269.3306817770353,-47.185333947976524
3785,-270.83117073620974,-81.58696045031039,-268.25329090956404,-47.62830400310702
3786,-313.02964567149115,-23.428217836877522,-269.82542583969985,-47.06752770232434
3787,-321.3683359670555,-15.045723683243903,-270.7683714168156,-47.03757866839018
3788,-218.79407187461624,-15.702495565368052,-270.62028264111905,-47.04721663780382
3789,-209.67318183506097,-24.387076742317113,-270.6691565411856,-47.14620960604095
3790,-307.68533745635585,-34.25634833907517,-268.6274944520891,-47.31350934359036
3791,-326.09078444920897,-60.382858891689295,-269.8298117416459,-46.47995781641939
3792,-253.97448831571194,-59.704836535315266,-269.92248274012195,-46.70765850265074
3793,-190.84136495206806,-23.885220064248347,-269.49462551000374,-46.173200899990306
3794,-192.79399442350473,-15.875735512787683,-269.5085478745722,-46.13540676162926
3795,-385.10338847899203,-20.157751692203483,-268.72144731588094,-45.644074376969186
3796,-246.82032895907568,-58.30296495935802,-268.36202788916165,-45.54779951478652
3797,-321.23614838036764,-18.460720130909014,-268.17731031301383,-45.541797259351895
3798,-217.89061886997138,-14.445097044404806,-267.434889734762,-44.99418897622187
3799,-383.8831425288129,-15.486675691616362,-268.5443942888688,-44.09090358204393
3800,-256.79241062954435,-116.04357539998125,-269.15147055075636,-45.035330701437786
3801,-351.2461990869375,-18.480174972577625,-269.37077792061854,-45.021520274181626
3802,-516.8809155142518,-13.994930081765503,-271.510883642958,-44.489633067046334
3803,-454.8793581837137,-105.57687534960263,-273.5168431578634,-45.375648673151204
3804,-482.48792096208444,-105.56299844242139,-275.07300704709155,-46.20757088377183
3805,-348.4074271257028,-14.251573887476587,-276.05154605324117,-46.14647824322179
3806,-366.43314965233367,-12.894854942940423,-275.90717256527057,-45.99241638498815
3807,-294.7815943906258,-15.916476503431953,-275.5248817030976,-45.94658621437122
3808,-522.3317268541405,-19.550438512600973,-278.0055416446941,-45.9600161307014
3809,-563.738046869469,-45.69623768736294,-281.5852338526928,-45.63903858432115
3810,-485.2035340373852,-15.697685254927618,-282.6793856523932,-44.66786992282988
3811,-462.4416770459425,-18.839240566834953,-283.5708405953918,-44.70619286806205
3812,-400.42386126278825,-13.223452399510236,-284.20982442917034,-44.60880914266605
3813,-426.8002465889192,-15.26239204533254,-286.5863910250161,-44.36637551001978
3814,-431.18390217721753,-15.471553850628824,-286.8135352762994,-43.84169342363714
3815,-423.92368336594456,-153.06940213682142,-288.857278182827,-44.838802980576624
3816,-498.63075218473773,-14.340845823535783,-291.1363182168167,-44.58378625620573
3817,-406.4219712475108,-17.34760685208114,-292.9944451088719,-44.28511624229629
3818,-461.5240302880908,-104.16256518852308,-294.73315764111123,-45.16948787212601
3819,-418.4933771116131,-9.566356262817504,-296.90611838176955,-45.070401574842414
3820,-477.5250214151409,-63.227343026926235,-299.24147447914953,-44.351333777287
3821,-538.5519037034672,-31.507688330781196,-301.8734269321172,-44.484622625712134
3822,-427.75448560029406,-31.80885911805772,-303.3587790422203,-44.11845411247087
3823,-516.6792736967371,-19.171672254399954,-305.87360423290403,-43.672356049614145
3824,-463.3073741831783,-10.975222677215147,-307.7797337557944,-43.54649696983772
3825,-454.74477484793704,-58.02086795874691,-310.5526546925663,-43.96288808726038
3826,-479.7940056498126,-81.72316759662061,-312.8111412682874,-44.57319826664208
3827,-364.4728343154927,-14.482900257104635,-313.7421167288985,-44.16670132233351
3828,-510.0293105668146,-75.91559038189872,-315.63154025928804,-43.97544097071264
3829,-486.63819375956666,-27.18890577437484,-318.9620316886179,-44.05608282404772
3830,-489.6949003239976,-55.358041259717325,-320.7787768948956,-44.23933238672052
3831,-466.84779191808366,-9.209774696321283,-322.67629453678126,-43.83817970734084
3832,-488.87337908133634,-15.734184217270188,-324.26975187840736,-43.771494393582294
3833,-508.54228272307193,-53.51897658790883,-327.13034674630904,-43.76205286204613
3834,-534.1443381625826,-13.680250543054047,-330.11162076750577,-42.72589479069599
3835,-421.2809901231295,-69.038874882911,-331.1697109096885,-42.59070922944358
3836,-433.7625465184683,-10.93342434812356,-333.43722671664153,-42.53300985535847
3837,-431.8604691545561,-15.01292475131622,-336.23879529028767,-41.56514835841641
3838,-500.85278221556484,-14.745500734987413,-338.3557256512525,-41.41695845860282
3839,-448.37699345916457,-21.652953027285307,-340.6955019406225,-39.83613344833512
3840,-435.7327220930587,-11.512401146914662,-342.4536906007043,-39.77824965316185
3841,-513.1302676522037,-90.38911792657902,-344.9001903578217,-40.51379444817384
3842,-506.83662972652075,-10.938165759256707,-347.91674799512043,-40.45912525510441
3843,-468.0056578993735,-12.063718244876007,-349.0014839739948,-40.39320117396884
3844,-404.7367006338674,-34.61117797569759,-350.9084250906068,-40.03212022590155
3845,-532.7389913374357,-14.799131752735056,-352.95117438690806,-40.03222238427993
3846,-458.9753242481416,-15.358934287775387,-353.8255949039984,-39.625968318782064
3847,-431.92249362941686,-14.506762308601951,-355.82499132293157,-38.988670482270905
3848,-574.0038579674863,-58.72362618177031,-357.8834842597697,-39.068526299402464
3849,-411.16147262296215,-71.38453581893147,-359.8793342228641,-39.53632716692295
3850,-447.98822015193025,-13.156880387268126,-361.6978617716088,-39.51229928496755
3851,-386.0046247440963,-10.33586700359932,-362.6613467052503,-38.505987208218436
3852,-486.22411235766083,-30.33459484510259,-365.7765486331682,-37.762938597846016
3853,-439.0788762175271,-14.557477678653738,-366.04424095670674,-37.79306860858939
3854,-423.0865715334875,-119.74009647071101,-368.0837429713502,-38.379295134010626
3855,-436.56226135949294,-12.194675989853383,-370.2231724096278,-37.87650824122966
3856,-447.86088738287526,-60.4321386774361,-372.5249986554522,-38.33094975043459
3857,-459.8173461582529,-56.67791470169965,-375.5709595155664,-38.18740677329562
3858,-465.74182328327703,-32.52859785781651,-376.6696386621921,-37.77478461861393
3859,-412.34473674974794,-12.261849025155076,-378.9483288852162,-37.22318487083369
3860,-426.95862709865435,-14.436729178148646,-381.3315828880313,-37.204967041003705
3861,-422.0559453727666,-10.94305975545296,-382.53255453061365,-36.80458077714256
3862,-474.75243113790845,-62.730939056265655,-384.5254842494369,-36.46420376162583
3863,-435.23456985619276,-46.49085616571132,-386.36686447791453,-36.76016347347226
3864,-471.1489956923299,-70.1974926574829,-388.1825270939359,-37.25066866365558
3865,-366.8689021309802,-10.218413207125073,-389.76292182725047,-36.840172647957814
3866,-401.3385779751882,-15.864779125862821,-389.719424955269,-36.85687704500694
3867,-508.95712439374756,-48.99159953280302,-392.3791891489093,-37.199237831983666
3868,-464.98223805290723,-81.61443163014268,-394.51413427387774,-37.785110701028245
3869,-405.5062098005753,-13.085099810288172,-395.4865813295314,-37.76897457623152
3870,-517.08215434859,-17.711491829412495,-398.5154021801493,-37.51137977411379
3871,-394.8419624366812,-103.83439364915961,-398.79015186327086,-38.42326652105051
3872,-543.6191993801856,-12.665303734667656,-400.809068104479,-37.8373836393679
3873,-411.9412048798736,-12.145270622203038,-402.53035653535034,-36.966216016011174
3874,-484.6580734905352,-20.97703598998132,-404.37794561956326,-36.94114327404001
3875,-462.4050733495287,-10.35196450921024,-406.3537808079162,-36.494164670754735
3876,-436.0162684601121,-14.77490078712054,-408.72997514054924,-35.27089807295318
3877,-563.9885803549058,-14.800273996730876,-411.8468638029887,-35.181903261649374
3878,-423.8257095340622,-10.753642321372334,-413.06814373886937,-35.02353768143879
3879,-499.5100156189429,-23.3798424163615,-414.82465459411054,-35.06898308416577
3880,-437.9174073281958,-17.135119912746344,-417.2591973046018,-35.05990576897877
3881,-458.5428794059239,-124.49129581913047,-419.8934476207182,-35.63991175457705
3882,-443.14821172151875,-68.6780006054381,-422.22653479722356,-36.1104188318387
3883,-478.490923591215,-11.617459573219543,-425.15630480061384,-35.725708256757564
3884,-486.12413685341687,-34.54773727971145,-427.3864443890961,-35.87909838932102
3885,-477.23591914682174,-45.27739959144061,-429.4504918732022,-35.51600278073232
3886,-433.633123399567,-66.69830461372918,-430.656526650483,-35.94870364850083
3887,-449.4175941817848,-13.572233645067792,-431.9370192326303,-35.93396874811908
3888,-373.6347503818531,-57.243552284914145,-433.48542601770265,-36.34937931531454
3889,-475.1090172303003,-61.56712722391454,-436.139784371655,-36.721179820130516
3890,-471.35120759986097,-16.12874355886557,-437.7764430730901,-36.53990377232842
3891,-449.0414985054167,-20.595654453956943,-439.0059502136521,-36.14203172795109
3892,-470.74047622230165,-12.472298721688542,-441.173610092718,-35.669706349814824
3893,-434.1698520244688,-12.76151670990675,-443.60689496344196,-35.55846931627141
3894,-428.3409016565837,-10.514658142148233,-445.9623640357728,-35.50485854256501
3895,-413.789675667596,-55.43176100231538,-446.24922690765885,-35.85759863566613
3896,-429.9239715398289,-25.110854570918452,-448.08026333346635,-35.525677531781746
3897,-535.96243369297,-114.7732037675576,-450.2275261865924,-36.48880236814823
3898,-475.60027672609095,-21.54469468673697,-452.80462276515357,-36.559798344571554
3899,-374.17087554869653,-12.062810885527702,-452.70750009535243,-36.52555969651066
3900,-380.74600886958825,-12.295757386414948,-453.9470360777529,-35.48808151637499
3901,-491.5349834227007,-18.952147992807152,-455.34992392111053,-35.49280124657729
3902,-372.91663982172355,-44.678500840374745,-453.9102811641853,-35.79963695416339
3903,-426.42740315061496,-14.012107240619306,-453.62576161385425,-34.88398927307356
3904,-427.1390505607852,-53.55670522478473,-453.0722729098412,-34.36392634089719
3905,-411.4373097871059,-36.830380561764265,-453.70257173645524,-34.58971440764007
3906,-539.9889348140834,-23.13506204885453,-455.43812958807274,-34.69211647869921
3907,-405.1161881990724,-15.175908119168598,-456.5414755261572,-34.68471079485658
3908,-479.95839026359334,-15.546604336282954,-456.1177421602518,-34.64467245309339
3909,-454.5215005537795,-43.08407224902076,-455.0255766970949,-34.618550798709975
3910,-506.57698795300865,-19.268437858989977,-455.2393112362511,-34.6542583247506
3911,-470.3991948508981,-15.835657462934366,-455.3188864143007,-34.62422249371159
3912,-488.75452833724984,-105.5632982569946,-456.2021930850453,-35.54762095228644
3913,-468.7019564016044,-13.6120113969377,-456.62121018317214,-35.53111714580249
3914,-470.798130124233,-12.083673960174895,-457.01735246264235,-35.49723834689795
3915,-398.0866614446679,-63.940646199212395,-456.7589822434295,-34.605950787521856
3916,-473.92914701937815,-53.74043472539489,-456.5119661917759,-34.99994667654044
3917,-378.6792330636273,-12.358617104579197,-456.2345388099371,-34.95005677906543
3918,-433.32828778208886,-13.343744299162351,-455.952581384877,-34.041868570171815
3919,-528.7724667056523,-35.937140057999365,-457.0553722808175,-34.305576408123635
3920,-403.5934037220812,-72.14404014004553,-456.31605610388687,-34.394743379254834
3921,-379.1795120966445,-13.031373838774693,-454.7223321878186,-34.209980234334765
3922,-432.074119407071,-70.50981299706454,-454.76552852588645,-34.59698977312484
3923,-371.9474323410697,-14.388716513050841,-453.3182101123297,-34.54916021571134
3924,-466.9730542411743,-19.94188794406162,-453.3548669129097,-34.6388268683798
3925,-426.52550036813864,-12.745619165172876,-453.07267416811163,-34.18607438044406
3926,-467.7984338172463,-14.666798123507695,-452.952718449786,-33.51551068571293
3927,-422.8778828184028,-19.199879782164743,-453.53676893481514,-33.562680480963536
3928,-502.65944934014584,-16.86647998594794,-453.4630703225484,-32.97218937700403
3929,-364.83079830379,-13.387016849338018,-452.2449963679907,-32.83417048775366
3930,-389.96338573564066,-50.14558600191691,-451.2476812221072,-32.78204593517566
3931,-489.98016154394213,-13.24700331708223,-451.4790049183657,-32.82241822138327
3932,-530.2197956348485,-12.313137192534562,-451.8924690839009,-32.788207751135914
3933,-537.0280129526725,-65.31195677482253,-452.1773263861969,-32.90613755300505
3934,-414.5745235795721,-15.510809278767155,-450.98162824036683,-32.92444314036218
3935,-506.0180135889391,-107.43200813749675,-451.8289984750249,-33.30837447290804
3936,-395.2489761455921,-59.72418823864367,-451.4438627712961,-33.79628211181324
3937,-400.9963504664933,-37.66201576649727,-451.13522158441543,-34.02277302196505
3938,-505.8353155345767,-19.932771004512702,-451.1850469176055,-34.0746457246603
3939,-574.1289875291228,-95.39952453999088,-452.44256685830516,-34.81211143978735
3940,-361.17530278930855,-13.239456260968993,-451.69699266526766,-34.8293819909279
3941,-347.19976050463345,-13.931693064200164,-450.03768759379193,-34.06480774230411
3942,-421.2969723209524,-43.33156906751905,-449.1822910197363,-34.38874177538674
3943,-443.86948767289755,-18.1910863709386,-448.9409293174715,-34.450015456647364
3944,-399.28436671167884,-130.34919454131648,-448.8864059782496,-35.407395622303554
3945,-486.4748754880587,-13.30098936929765,-448.42376481975583,-35.39241419846918
3946,-450.5992369200809,-12.65667715482464,-448.3400039464752,-35.36539162713967
3947,-502.4148385205182,-14.323995817134534,-449.04492739538625,-35.363563962224994
3948,-483.2060223631282,-13.899452868033753,-448.13694903934265,-34.91532222908763
3949,-395.5330429573033,-87.75374009963498,-447.9806647426861,-35.079014271894664
3950,-383.1180448343451,-20.033034518910732,-447.33196298951026,-35.14777581321109
3951,-378.77092977553974,-21.051636129758673,-447.25962603982464,-35.25493350447269
3952,-346.55313827117544,-13.860516782842561,-445.86291629895976,-35.09019272385009
3953,-417.39959499490845,-36.59284009634093,-445.64612348673353,-35.31054634802696
3954,-451.3770163686082,-13.297713550180587,-445.9290279350848,-34.24612251882165
3955,-374.93082309692284,-15.35037871228953,-445.3127135524591,-34.27767954604601
3956,-360.18375792384995,-12.05449214128773,-444.4359422578689,-33.79390308068453
3957,-439.83209984114023,-98.10685188223927,-444.23608979469776,-34.20819245248992
3958,-420.0809638721257,-18.11911967707727,-443.77948120058625,-34.064097670682536
3959,-359.8792516454949,-13.996576420912358,-443.2548263495437,-34.081444944640104
3960,-424.8394964644153,-62.69223071675195,-443.2336350432013,-34.56399996002614
3961,-468.6715073739943,-15.216714439522875,-443.6997906632135,-34.60673650686684
3962,-406.68024123514,-21.34990492078937,-443.0190687641859,-34.19292616551208
3963,-464.7067275917975,-19.949057801977634,-443.3137903415419,-33.92750818187474
3964,-449.17193186734374,-14.803668500405573,-443.0940197032921,-33.37356994030397
3965,-356.5844312009669,-16.852672852036395,-442.991174993992,-33.439912536753084
3966,-452.0512261597763,-71.05583264672882,-443.4983014758378,-33.99182307196174
3967,-413.61399465985465,-24.85377216331772,-442.5448701784989,-33.750444798266884
3968,-478.2825002366218,-102.34913489380716,-442.67787280033605,-33.95779183090353
3969,-461.64903941007896,-12.57251125008323,-443.23930109643106,-33.95266594530148
3970,-381.08019990107925,-12.920844568320422,-441.8792815519559,-33.90475947269056
3971,-364.9847986967842,-12.647036273142167,-441.5807099145571,-32.99288589893039
3972,-484.859591542831,-14.111753567679385,-440.9931138361835,-33.0073503972605
3973,-351.75492674368917,-46.49022560989449,-440.3912510548217,-33.35079994713742
3974,-440.6183964105965,-15.707768841678039,-439.9508542840223,-33.29810727565438
3975,-407.3910948797812,-66.2851368969002,-439.40071449932475,-33.857438999531276
3976,-466.27672231946343,-72.95526667072969,-439.70331903791833,-34.43924265836738
3977,-496.26541366683495,-13.674587483808985,-439.02608737103753,-34.42798579323815
3978,-410.49304056373546,-71.6250622588735,-438.8927606813342,-35.03669999261317
3979,-423.12005227980734,-14.193257465293968,-438.12886104794296,-34.944834143102504
3980,-421.9124233143583,-60.002372004405466,-437.96881120780455,-35.3735066640191
3981,-401.2381542883872,-39.11892481396501,-437.3957639566292,-34.51978295396744
3982,-472.3560737818477,-13.146072595864055,-437.6878425772325,-33.96446367387169
3983,-435.73992641978214,-14.238488552256543,-437.26033260551816,-33.99067396366207
3984,-396.1218007234803,-12.212392426346389,-436.3603092442188,-33.76732051512841
3985,-471.2743831704404,-13.95911627635358,-436.300693884455,-33.45413768197754
3986,-342.11037866494104,-113.26190247551041,-435.3854664371087,-33.91977366059535
3987,-473.80435224447365,-11.906369356552275,-435.6293340177356,-33.90311501771019
3988,-438.04553078991717,-13.347489644738253,-436.2734418218163,-33.46415439130843
3989,-438.2274431654759,-14.400484015275516,-435.90462608116803,-32.99248795922204
3990,-489.3472022004228,-141.92760225392263,-436.08458602717366,-34.250476546172614
3991,-425.6429695996428,-110.1209801343322,-435.8506007381159,-35.14572980297637
3992,-426.8280733935284,-65.04050248676309,-435.41147670982815,-35.671411840627115
3993,-441.6256082429426,-25.47208965900785,-435.4860342720129,-35.79851757011813
3994,-427.8084669019929,-14.47087294536564,-435.48070992446696,-35.838079718150304
3995,-434.6660258127981,-15.086460433482804,-435.689473425919,-35.43462671246197
3996,-489.1587731668839,-13.297508793065713,-436.28182144218954,-35.31649325468345
3997,-450.73379440640247,-70.98690377893013,-435.4295350493239,-34.87863025479717
3998,-393.03749873218084,-13.295200149234201,-434.60390726938476,-34.79613530942215
3999,-531.767812262638,-14.443217975076557,-436.17987663652417,-34.819939380317635
4000,-446.05213690848456,-15.573378275581335,-436.8329379169131,-34.85271558920929
4001,-455.252472533306,-14.73838118996777,-436.47011280801917,-34.8105779211809
4002,-387.47859910700254,-14.429324861934646,-436.61573240087205,-34.508086161396506
4003,-441.3799359880073,-34.78312387934975,-436.76525772924595,-34.715796327783806
4004,-501.47597308277506,-44.98213415095433,-437.5086269544658,-34.6300506170455
4005,-432.8523990058687,-16.878823928249464,-437.7227778466534,-34.43053505071035
4006,-421.32336432248536,-16.594611168009568,-436.5361221417374,-34.3651305419019
4007,-432.2717282045054,-14.053791083439686,-436.80767754179175,-34.35390937154461
4008,-447.02602109380706,-13.37147866450963,-436.47835385009387,-34.332158114826875
4009,-413.117142222657,-14.933299071116746,-436.0643102667826,-34.05065038304784
4010,-529.061704203297,-43.57608962842884,-436.2891574292856,-34.29372690074222
4011,-478.4191977600008,-13.642841114680502,-436.36935745837667,-34.27179873725968
4012,-347.67380284059345,-14.444056350553971,-434.9585502034101,-33.36060631819528
4013,-394.5710128222885,-15.084826894933569,-434.21724076761694,-33.37533447317524
4014,-430.4549831804821,-68.2346257585035,-433.8138092981794,-33.93684399115854
4015,-447.8621465931267,-51.65348583886229,-434.311564149664,-33.81397238755504
4016,-425.5494931356138,-13.721495241689345,-433.8277676108263,-33.41378299271798
4017,-373.3913077868493,-73.00632879581688,-433.77488835805855,-34.02026010963035
4018,-395.2420910009685,-13.4279420804785,-433.39402639024735,-34.02110208744351
4019,-499.5852432988354,-20.23208459185586,-433.10215415617915,-33.86405153278207
4020,-463.8660554051988,-15.459144656572025,-433.70488067301034,-33.29720257794734
4021,-438.1260519482012,-70.45197208781158,-434.29434607152587,-33.871408560437715
4022,-366.9344582141166,-15.386870609503532,-433.6429494595963,-33.320179136562096
4023,-500.164666791247,-10.519954317406276,-434.9251218040981,-33.28149151460565
4024,-375.6036446923298,-14.425108228783762,-434.0114277086097,-33.22632371745287
4025,-412.19492097504184,-13.281996231274348,-433.8681219146788,-33.231687488113884
4026,-351.6149645607062,-13.012608416680422,-432.70628722211336,-33.21514559104562
4027,-367.3019728141218,-14.79792725621437,-432.15052812207057,-33.171126065786126
4028,-423.2601083886884,-14.492659372714872,-431.356534712556,-33.14738785965379
4029,-407.1092788858926,-17.055878038725183,-431.77931951837706,-33.18407647154766
4030,-454.42417258179285,-14.000810206655249,-432.42392738683856,-32.82262871359505
4031,-423.5959998280215,-40.58852344989473,-431.7600857696794,-33.09604391492317
4032,-415.58026544222935,-36.5414838667728,-430.6136904677532,-33.33832738166554
4033,-440.1027236311392,-72.66431508748558,-429.64443757453785,-33.41185096479218
4034,-428.75270829692704,-53.551483460637115,-429.78621942171134,-33.792257706610876
4035,-499.51233360115395,-12.717270000304508,-429.7211626218335,-32.845110325238956
4036,-403.435514179859,-16.076918813494345,-429.8030280021761,-32.408637630987464
4037,-423.9517671296488,-55.0497700726753,-430.03258216880766,-32.582515174049234
4038,-424.87662605297174,-54.821128365231736,-429.2229952739916,-32.931398747656424
4039,-406.33389670177615,-85.54801965819684,-427.5450443657181,-32.83288369883849
4040,-438.7676681611966,-13.618778931454735,-428.3209680194371,-32.83667692554335
4041,-398.4568564275369,-16.022462043424127,-428.8335389786661,-32.85758461533559
4042,-393.0661516644231,-14.86376019839558,-428.5512307721009,-32.57290652664435
4043,-453.54765889811944,-34.39643898420671,-428.64801248435305,-32.73496005277703
4044,-431.76734830929837,-25.32614992406701,-428.9728423003292,-31.68472960660454
4045,-355.98183776296247,-13.371982991586988,-427.66791192307824,-31.68543954282743
4046,-394.8546850567537,-108.31938509270212,-427.11046640444494,-32.64206662220621
4047,-354.29451305343235,-54.0160315251878,-425.6292631497741,-33.03898697928673
4048,-405.81468533258055,-14.911123580573117,-424.85534977946867,-33.04910368641213
4049,-340.0496690893002,-15.782275302894838,-424.30051604078864,-32.32938903844473
4050,-359.9762141385939,-13.54786262188318,-424.06909773383114,-32.26453731947446
4051,-378.40525029918354,-16.10349210863047,-424.0654409390675,-32.215055879263176
4052,-349.404860925442,-15.112957598145758,-424.0939581656102,-32.2275802874162
4053,-404.5875141710367,-14.557109428964562,-423.9658373573715,-32.00722298074244
4054,-417.58058350499994,-86.37173932595468,-423.6278730287354,-32.737963238500186
4055,-468.0570297522538,-54.52500021785544,-424.55913509528875,-33.12970945355585
4056,-512.4781512306987,-12.430436588155274,-426.0820790283572,-33.13346889802452
4057,-356.63875656594814,-62.63771754866503,-425.25014559560526,-32.77877755468877
4058,-372.17150334034756,-117.85718191412242,-424.7710509902875,-33.77615817705923
4059,-351.6608997232175,-13.799069190639635,-424.6888674710647,-33.7741831047565
4060,-408.3729185949848,-67.90739564896386,-424.5242016923704,-33.82633475407862
4061,-394.11213601681874,-62.76187097266589,-423.77860797879873,-34.301786319410056
4062,-488.6341578552063,-146.38583625579378,-424.59814714499936,-35.552145632760094
4063,-342.7334144199606,-14.328655563132818,-423.37841401328103,-35.495941610371645
4064,-407.44869672540494,-10.608821567225439,-422.96118166186164,-35.45399314103984
4065,-382.96442128421614,-12.966835513948848,-423.2249815626941,-35.41513476765896
4066,-400.1342173824454,-13.0557295222013,-422.70581147492084,-34.83513373641369
4067,-402.0103349783478,-34.84653546742534,-422.58977487810574,-34.935061369454765
4068,-411.57694236305167,-13.042378862321954,-421.92271929937,-34.04199380913992
4069,-432.1331789448092,-12.641854571301826,-421.6275606947173,-34.0426872423521
4070,-377.4489029177182,-68.61130963299017,-421.5912477248837,-34.5995918929988
4071,-368.7246180301811,-14.084734235199907,-421.62864591821767,-34.613968872619374
4072,-360.2429341454802,-15.22925309023799,-420.3824793442442,-34.62514386784496
4073,-409.0018005593459,-63.03667403260041,-420.9549480824007,-34.79060835207202
4074,-390.0734962612101,-12.438588378564042,-420.44949908090683,-34.757916547440885
4075,-452.3992386373319,-16.95089450437768,-420.8995805184823,-34.26457412351566
4076,-366.06493460706434,-13.06746809578478,-419.89746264135835,-33.665696137766204
4077,-368.9868164197039,-19.129134099001845,-418.6246766688871,-33.72024160391813
4078,-351.7123628633586,-14.56651836289659,-418.0368698918834,-33.149656164958365
4079,-499.6987547736673,-14.412605216523797,-418.80265691682195,-33.151849642470665
4080,-409.05030126503834,-13.127633899198793,-418.6740356963287,-32.683102261418604
4081,-392.35037388377947,-16.96433759313636,-418.5851578922826,-32.461556389210315
4082,-446.3844610050764,-13.67811417434736,-418.3254417645149,-32.46687680499515
4083,-383.586063554095,-17.22088784701972,-417.80390313585804,-32.49670079794278
4084,-408.5178396350249,-14.187368994497554,-417.92786352497353,-32.51645056362429
4085,-446.7153565190714,-100.64657166508465,-417.6822732584598,-33.383325117511596
4086,-447.04930965164203,-13.949129389587764,-418.7316625683268,-32.390197386652375
4087,-352.3734329534241,-16.992407405541964,-417.5173533754163,-32.441057767142276
4088,-346.0540252624466,-17.14777134569318,-416.5974383201416,-32.479060584151824
4089,-420.3677908047781,-14.591338190982139,-416.4188417965346,-32.480969125908885
4090,-361.4655724027888,-13.96434936537054,-415.1400254985583,-31.201336597023364
4091,-518.530100399772,-86.63273979774033,-416.0688968065595,-30.966454193657448
4092,-423.1907228318661,-18.50920312709006,-416.03252330094296,-30.50114120006072
4093,-433.2431985613733,-42.13339843143961,-415.94869920412725,-30.667754287785037
4094,-417.19483143838545,-15.279368451637348,-415.8425628494912,-30.675839242847758
4095,-417.2169959531784,-16.94875907735184,-415.668072550895,-30.694462229286447
4096,-475.5395685581424,-19.808965407315103,-415.5318805048076,-30.759576795428938
4097,-404.0099352926247,-41.48682875562191,-415.06464191366985,-30.46457604519586
4098,-402.5284289065897,-13.791982002067327,-415.1595512154139,-30.469543863724187
4099,-473.53672117896815,-14.84705350895743,-414.5772403045772,-30.473582219063
4100,-391.46660967555374,-109.77275432558541,-414.03138503224784,-31.41557597956304
4101,-427.4361882687486,-18.60091216181819,-413.75322218960224,-31.454201289281542
4102,-382.56289792054235,-15.919596754397343,-413.7040651777377,-31.469104008206166
4103,-447.5369659431454,-15.132874911045677,-413.765635477289,-31.272601518523125
4104,-387.1358930967976,-61.54497246485931,-412.6222346774292,-31.438229901662176
4105,-372.5258735186761,-13.479182304587637,-412.01896942255735,-31.40423348542556
4106,-436.1228263914786,-14.436651135137382,-412.1669640432473,-31.38265388509684
4107,-357.8515572743867,-14.60821722163109,-411.4227623339461,-31.38819814647875
4108,-404.26235244926215,-14.558753413591633,-410.99512564750063,-31.40007089396957
4109,-369.82757151515176,-54.406472294543185,-410.5622299404256,-31.794802626203836
4110,-515.502510051898,-73.72159213312682,-410.4266379989116,-32.096257651250816
4111,-445.7200728224997,-49.35064862681589,-410.0996467495366,-32.453335726372174
4112,-441.7456979410659,-17.96747629461902,-411.0403657005413,-32.488569925812826
4113,-339.27717615445766,-12.353082965994593,-410.487427333863,-32.461252486523435
4114,-413.9614970858812,-124.6117991657041,-410.322492472917,-33.02502422059544
4115,-434.6352324666916,-69.69640476532892,-410.1902233316526,-33.205453409860105
4116,-490.8307338321457,-14.9764080594818,-410.8430357386179,-33.21800253803803
4117,-423.53812181433165,-16.981629989587997,-411.34450387889274,-32.65775554997574
4118,-362.67096561811525,-68.64670933035374,-411.0187926250642,-33.209943222474486
4119,-393.85042302090613,-13.331742537215916,-409.96144442228496,-33.14093980192809
4120,-332.4756849943718,-37.84339577415229,-408.64754071817663,-33.36478231310389
4121,-402.4490581030819,-12.524215738205188,-408.29077077972545,-32.78550474960783
4122,-385.68348256750477,-13.508119342116913,-408.47826102325934,-32.766717236933964
4123,-385.87719994935793,-15.459711939459568,-407.33538635484047,-32.8161148131545
4124,-436.39445517452367,-14.015996205062045,-407.94329445966247,-32.81202369291728
4125,-352.3661702370277,-27.292763649608624,-407.34500695228235,-32.95213136710061
4126,-424.53820866996404,-46.422490372323885,-408.0742393933749,-33.28623018665705
4127,-372.44186081119403,-12.722501600512855,-408.1256382733456,-33.26547593010004
4128,-369.4256736751605,-16.27975361157472,-407.58729392621035,-33.283346872488636
4129,-374.13289140112744,-70.4457445158313,-407.2575300513626,-33.8172455372597
4130,-461.78523566153785,-12.488417858386606,-407.3311406821601,-33.80212161377702
4131,-434.7864934690467,-12.690798849343407,-407.4430456185704,-33.5231443677715
4132,-412.88073749329766,-13.242389619960957,-407.4160503390811,-33.29015342530339
4133,-429.7473813095203,-75.59322729774736,-407.312496915865,-33.319442547406005
4134,-342.6519256849472,-15.04854137675628,-406.4514890897451,-32.93441312656719
4135,-415.59695893837863,-12.720874375944014,-405.61233534311737,-32.93444917032358
4136,-339.86960394354776,-13.585030529224662,-404.9766762407543,-32.909530287480884
4137,-443.30361403152693,-11.057284110799015,-405.170194709773,-32.46960542786212
4138,-404.5014532601229,-58.248481230583316,-404.9664429818445,-32.50387895651565
4139,-363.1039870207333,-60.22789019786775,-404.53414388503415,-32.250677661912356
4140,-407.4981659655497,-11.912776007985853,-404.2214488630776,-32.233617632677664
4141,-396.4699396277638,-92.89273832408807,-404.2015796950799,-33.002320395484304
4142,-429.48276932038607,-11.509756600514956,-404.56574587163954,-32.968780359505494
4143,-442.6854359637191,-13.590363530321746,-404.4571236422955,-32.760719604966646
4144,-407.5538541843566,-76.52105704879928,-404.2149887010461,-33.27266867621397
4145,-407.80322484947516,-13.49821444674574,-404.7332025719112,-33.27393099076556
4146,-425.78689004731865,-13.54760147096942,-405.0425246218169,-32.32621315454823
4147,-353.23518688078366,-10.966143487630626,-405.03193136009037,-31.895714274172658
4148,-401.4902832839683,-22.22246872384373,-404.98868733960427,-31.968827725605365
4149,-420.8700567003513,-63.0911900607524,-405.79689121571477,-32.44191687318394
4150,-430.39527753211746,-12.913880918421745,-406.50108184965,-32.43557705614933
4151,-412.5753704722276,-15.243990946956936,-406.8427830513805,-32.42698204453259
4152,-474.85215060082476,-13.932806732385394,-408.0972559481343,-32.41518053587499
4153,-386.704765625414,-62.90067853620661,-407.9184284626781,-32.898616226947404
4154,-353.3717406511877,-12.987203828467129,-407.27634003414,-32.164770871972536
4155,-359.9884552045161,-17.58683016268133,-406.1956542886626,-31.79538917142079
4156,-469.22056220688603,-29.034957255253506,-405.76307839842445,-31.96143437809177
4157,-445.8957343299733,-74.53826815493464,-406.6556481760647,-32.08043988415447
4158,-437.08723373590004,-11.40537860263726,-407.3048054800202,-31.01592185103962
4159,-351.893103655141,-12.049706690073261,-407.3071275193394,-30.998428226033955
4160,-464.71899682639867,-13.113709654924165,-407.8705883016536,-30.450491366093555
4161,-362.7616030145806,-12.222204800759465,-407.5570829716312,-29.94509470437449
4162,-435.039547606304,-96.6501940747083,-407.0211368691422,-29.447738282563638
4163,-481.7077452269134,-13.521258183022644,-408.41088017721177,-29.439664308762538
4164,-451.95025875160894,-13.683045917878362,-408.8558957974738,-29.470406552269065
4165,-372.63726834453297,-98.80786498201716,-408.75262426807694,-30.32881684694975
4166,-342.57523817517745,-14.234426766797034,-408.1770344760042,-30.340603819395707
4167,-438.70736671549395,-18.572230132627656,-408.5440047933757,-30.177860766047726
4168,-419.6452369192259,-17.226726736018346,-408.6246877389374,-30.21970424478469
4169,-402.9757891406795,-12.789339935558392,-408.3331138408961,-30.221179098427257
4170,-377.374684036825,-16.960928384661404,-408.3323716520872,-29.70467528594397
4171,-477.96958304140577,-56.06339460235874,-409.42482130219946,-30.12446188961556
4172,-362.08463415175606,-13.380916030172537,-409.4432383022622,-30.105978519014908
4173,-346.9864018577245,-13.659643851942342,-408.82308431524604,-29.612208217208323
4174,-467.76290636500346,-12.995775289112027,-409.59997841628393,-29.617780086313804
4175,-476.92978961777237,-14.113682658785946,-409.8452839260883,-29.589407967857888
4176,-400.4333073041034,-16.31276135741941,-410.1889676530587,-29.621860900474232
4177,-650.0071824655791,-10.399492094715125,-412.9991713135174,-29.534564480431364
4178,-425.1565921856837,-12.617642075431421,-413.7336136067406,-29.51507571755672
4179,-436.8042566476869,-85.23399167756106,-413.1046686254808,-30.223289582167087
4180,-446.84165396538754,-49.7605398608396,-413.4825821524843,-30.589618641783495
4181,-474.79645687892963,-35.10056191754439,-414.30704298243586,-30.770980885027576
4182,-433.2527005835029,-40.849232495770536,-414.17572537822014,-31.042692068241802
4183,-360.8900829432864,-14.305791045044193,-413.94876557211205,-31.01354110022205
4184,-408.7206576158808,-15.017349767947026,-413.95079375192057,-31.021840907956545
4185,-375.4934877954058,-12.566375314593996,-413.2385750646839,-30.14103894445164
4186,-504.6378950371315,-56.441394888533175,-413.8144609185388,-30.565961599441092
4187,-380.2495786119547,-38.15129650244772,-414.0932223751241,-30.77755049041015
4188,-427.784609302683,-11.715034975319714,-414.91052821552654,-30.72322312670641
4189,-540.2427346024072,-12.96495255018886,-416.10927765350283,-30.706959270298483
4190,-521.8474753057251,-11.906267112323778,-417.7130966825322,-30.686378447768014
4191,-410.4969615806355,-71.93643223470518,-416.6327652943408,-30.539415372137665
4192,-371.44125611652225,-107.72689330603579,-416.11527062718733,-31.431592273927123
4193,-351.859562826865,-13.784224280683697,-415.3014342698423,-31.14810053241956
4194,-388.81928478500936,-25.081981315256854,-415.01767880330857,-31.246126661055754
4195,-380.2633810044285,-12.853887350976159,-414.64814265382114,-31.205177943792
4196,-442.331052842609,-61.36468154768177,-414.31605749666585,-31.620735105195664
4197,-366.9514445444954,-20.285303097270933,-413.9454725891845,-31.40871984861215
4198,-458.86070428736815,-14.012485427657893,-414.50879534299224,-31.41092488286806
4199,-355.3263614790508,-14.047883553850813,-413.32669174599306,-31.402933183316996
4200,-341.657081315829,-17.351950460961884,-412.8285964623958,-30.47872514467076
4201,-342.85516959884734,-14.891998989082044,-411.98278627569675,-30.441636012943402
4202,-375.68570510102825,-16.253119502040878,-411.9140143475016,-30.44497124041984
4203,-472.69631439211304,-12.751414059822721,-412.1656078319912,-30.421156631907603
4204,-358.67254588552566,-65.45000707468829,-411.88097435987856,-30.460206978005896
4205,-334.63413640791913,-18.541831218733876,-411.502056988771,-30.510833467147357
4206,-434.09512200623277,-49.729317746609226,-411.48177994491857,-30.863760133262076
4207,-364.76766566575424,-12.53622905986884,-411.55094102883226,-30.843040251644453
4208,-378.566706386314,-14.14056269384911,-411.29398456820275,-30.838858344447026
4209,-420.76623803502866,-69.50410757503465,-411.80337123340155,-30.98983469725194
4210,-569.7144822952611,-68.4576351766128,-412.3454909558352,-30.937195127686802
4211,-431.4311403057691,-10.949482192645034,-412.20260163066786,-30.553183463345093
4212,-375.7315937597081,-67.24341850046184,-411.5424605888543,-31.045942885403523
4213,-403.9229894969163,-12.509890904384601,-412.18891872227886,-31.047510964787424
4214,-433.6278280488224,-15.21507028718698,-412.3855820319082,-29.95354367600225
4215,-417.289534530868,-28.87349837094259,-412.21212505255,-29.545314612058387
4216,-430.49571759695084,-13.251364743985157,-411.60877489019805,-29.528064178903417
4217,-353.04731116792937,-14.881374406996146,-410.90386678373403,-29.507061623077497
4218,-413.1558853553361,-14.9853268204,-411.4087159811063,-28.970447797977965
4219,-368.8010987282843,-22.763488022018457,-411.15822273818003,-29.06476525282599
4220,-459.52726908429986,-68.20289846077868,-412.4287385790793,-29.368360279692254
4221,-402.6029227785924,-127.56852236877293,-412.43027722583446,-30.518803345997934
4222,-401.90363045804645,-14.0451546706152,-412.59247870473985,-30.524173699282915
4223,-400.9981376002245,-18.952328133122172,-412.74368808124854,-30.559099861219543
4224,-416.3421018640687,-17.28015920982997,-412.543164548144,-30.59174149126722
4225,-373.78903425478256,-18.19607341046665,-412.75739318832154,-30.500774588875803
4226,-455.591324469847,-44.328311443499665,-413.06792434632035,-30.47983279958756
4227,-371.49075991940697,-14.312096416086366,-413.05841333740244,-30.495728747743296
4228,-352.1704975507836,-53.721264687699346,-412.8858615761587,-30.870143858504544
4229,-457.27924984229884,-15.054608535351882,-413.7173251605704,-30.316232498699748
4230,-506.3124903703803,-12.268014442354474,-414.16259770765885,-30.314028464539426
4231,-440.4227039928138,-14.064746055347982,-414.21895981289646,-30.32776793659947
4232,-367.96400598071415,-12.77013059445994,-413.7697924977706,-30.323045346344454
4233,-300.9441193294907,-22.704934229675793,-412.4817598779704,-29.79416241566374
4234,-460.9032687212257,-65.84796151014186,-413.6642733083331,-30.3021566169976
4235,-425.11181210513655,-72.90574942931592,-413.7594218400008,-30.90400536753132
4236,-350.44917180524743,-81.08104831920808,-413.8652175186178,-31.578965545431156
4237,-477.4107093652121,-13.075954449618681,-414.2062884719546,-31.599152248819355
4238,-329.13648273994966,-18.825460135749292,-413.4526387667529,-31.20492203787101
4239,-459.71093384327577,-61.743034582989615,-414.4187082349783,-31.220073481722228
4240,-411.07706256152574,-12.904599052216371,-414.454497200938,-31.229991712164534
4241,-334.62829537391923,-11.99900092531354,-413.8360807583996,-30.421054338176788
4242,-425.96116434346374,-60.991577937046706,-413.8008647086304,-30.91587255154211
4243,-366.68810056849804,-34.41850856825647,-413.0408913546782,-31.124154001921458
4244,-460.0636350934231,-89.09957935649174,-413.56598916376885,-31.249939224998382
4245,-439.4442526735241,-13.775976465129853,-413.8823994420094,-31.25271684518222
4246,-338.9798219648843,-44.75522320248533,-413.014328761185,-31.56479306249738
4247,-410.1388473561062,-16.369791748101978,-413.5833653659383,-31.618829545102095
4248,-336.8688179768777,-18.52630709654445,-412.9371507128674,-31.5818679288291
4249,-420.9594685663151,-18.207821114145588,-412.93804483152695,-31.13303423936303
4250,-391.704682204203,-49.97211209024966,-412.5511388782478,-31.503616551081308
4251,-468.225970998076,-12.88291637793707,-413.1076448835063,-31.480005805391112
4252,-477.98946158528366,-15.771716406861213,-413.1390179933509,-31.498394902135868
4253,-383.9189062508616,-13.256435428709603,-413.1111593996054,-31.001952471060896
4254,-445.10456071539767,-50.973233431728424,-414.02848760024744,-31.38181276709351
4255,-284.39656498886626,-13.855981489663272,-413.272568698091,-31.34450428036333
4256,-439.3670876598564,-13.039007835283583,-412.9740339526207,-31.184544786163634
4257,-308.09417907532384,-20.995662207407406,-411.5960184000742,-30.64911872668836
4258,-274.5914984114625,-61.960159330521535,-409.9710610468298,-31.154666533967205
4259,-216.4865044119948,-14.909714869106363,-408.61699505439833,-31.183266615757532
4260,-200.08730251147495,-85.16601443933078,-405.9706781112491,-31.903789663601597
4261,-217.76390719073223,-17.060390728252973,-404.52070115301063,-31.952171522876533
4262,-298.07620035918285,-126.88942006593139,-403.1510676805394,-32.254563782788765
4263,-216.57176915317353,-20.124710311730386,-400.499707919802,-32.320598304075844
4264,-267.74018672150504,-17.199307259193947,-398.65760719950094,-32.355760917489
4265,-170.7725797572817,-20.839814716932175,-396.6389603136285,-31.57608041483815
4266,-244.86258152662185,-47.027513636613655,-395.6618337471429,-31.904011283536313
4267,-303.4144688739451,-63.81903797211609,-394.3089047687274,-32.3564793619312
4268,-131.21906588861245,-77.8290955641528,-391.42464305842134,-32.96250305021255
4269,-544.0502517248049,-15.23131305923743,-392.8353876842625,-32.98692278144934
4270,-280.77070766467745,-14.777282748931675,-391.86934792054103,-32.965086325092045
4271,-240.44566047495957,-19.882254292963083,-389.49410869487656,-32.60327492199809
4272,-296.496212469149,-24.369266947388486,-388.8382244780505,-32.71315843117025
4273,-248.66201224450847,-89.33960231522492,-387.85498058191837,-33.46995801580307
4274,-304.1816635840637,-17.624470166918044,-386.21916815410896,-33.51624496458114
4275,-260.73445576011574,-77.80081571342564,-384.0572148155324,-34.15311629512753
4276,-192.69339138042554,-15.82388371653289,-381.9798156562956,-34.14822751871866
4277,-313.50440320922746,-15.515475457446696,-378.61478786373203,-34.19938735234598
4278,-370.0936438905774,-14.75077879097437,-378.064158380781,-34.22071871950141
4279,-252.96659394010968,-13.832956871174423,-376.22578175370523,-33.50670837143754
4280,-340.7195304295526,-16.712843277911965,-375.16456051834683,-33.17623140560827
4281,-394.8059307246121,-15.830405600008286,-374.36465525680364,-32.98352984243291
4282,-385.6163123793479,-60.09774960815848,-373.88829137476216,-33.176015013556786
4283,-296.46273186261794,-49.28984916721337,-373.2440178639555,-33.525855594778484
4284,-454.4557864454284,-14.878903846781947,-373.701369152251,-33.52447113556683
4285,-368.14916135271784,-14.63984595330527,-373.6279258878241,-33.54520584195394
4286,-351.61952110167306,-70.73711584396406,-372.09774214846954,-33.68816305150825
4287,-526.1024917434636,-101.36842706795488,-373.5562712797846,-34.32033435716332
4288,-365.13497978505126,-13.932976051872163,-372.9297749846083,-34.34251376792884
4289,-420.20826750940995,-21.62224838176971,-371.72943031367834,-34.42908672624464
4290,-429.0285850736369,-14.938595828056911,-370.8012414113574,-34.45941001340198
4291,-448.63215565256695,-86.56860450512049,-371.18259335207676,-34.60573173610613
4292,-342.3251103453097,-40.24080108011248,-370.89143189436464,-33.9308708138469
4293,-430.90780216811345,-16.17819902587868,-371.68191428777715,-33.95481056129885
4294,-325.7940210800683,-12.83922222626055,-371.05166165072774,-33.83238297040889
4295,-371.79107815414187,-11.442189334185764,-370.96693862222486,-33.81826599024098
4296,-317.34489201859697,-54.13974404284904,-369.7170770139848,-33.74601661519265
4297,-367.0259445055411,-15.734054756156894,-369.71782201359525,-33.70050413178151
4298,-360.29525731690956,-70.89256263028004,-368.7321675438906,-34.26930490380773
4299,-332.0030366511216,-18.094276137129093,-368.4989342956113,-34.30976882964052
4300,-270.192041136643,-15.603258454716535,-367.7842838938194,-34.29228190957806
4301,-417.88626383215353,-21.984206386530794,-368.5345948361525,-34.36320398355255
4302,-348.7898594892372,-25.9225950689757,-368.2656363800346,-34.459898739221906
4303,-241.4362024354332,-68.30815394307031,-365.95303526046774,-35.01546613805438
4304,-192.0323871655763,-18.07041867837486,-364.2866336732682,-34.54167025409125
4305,-256.1758888338282,-14.089626755781,-363.5020511975273,-34.49714820946171
4306,-403.3231310719038,-49.59090915664872,-363.194331288184,-34.495764123562104
4307,-275.270586312629,-15.301853431250848,-362.2993604946527,-34.523420367275925
4308,-312.36107530315564,-13.971111697903417,-361.63730418382124,-34.521725857316476
4309,-264.17399977351124,-56.32416188929986,-360.07138180120603,-34.389926400459125
4310,-495.5210789862485,-27.337860588390956,-359.3294477681159,-33.978728654576905
4311,-294.4790502485406,-14.835074989583724,-357.9599268675437,-34.0175845825463
4312,-422.2713439001386,-13.681809235807641,-358.42532436894794,-33.48196848989975
4313,-359.67813382881536,-70.27462811961712,-357.98287581226697,-34.059615862052084
4314,-208.4263975914803,-17.500583009115843,-355.73086150769353,-34.082470989271364
4315,-224.1360325063116,-113.2709186815033,-353.79932648744796,-34.926445192376974
4316,-212.30551680985414,-98.02143081550852,-351.617424479577,-35.7741458530922
4317,-282.93483213495176,-63.763785755019505,-350.9162996892472,-36.26296996657244
4318,-223.038471752469,-18.015194008260153,-349.0151255532185,-36.29326863845104
4319,-328.8345105091173,-13.562744751390747,-348.61545967102694,-36.20126120574476
4320,-222.94762281243663,-18.433429864861385,-346.24966320830833,-35.70356651978559
4321,-235.07612455246067,-64.14622160460553,-344.574395226047,-35.06934351214392
4322,-346.19573232199764,-12.325597728769537,-344.01731624468647,-35.05214794272546
4323,-187.46403954206878,-14.345499268912501,-341.8819752641049,-35.00607965408337
4324,-237.85232564303408,-62.76519356720378,-340.0970775018945,-35.46092999765711
4325,-419.3001345979003,-13.062187927116971,-340.5521885053257,-35.40959114282361
4326,-313.3945344585487,-13.786783196251644,-339.1302206052127,-35.10417586035113
4327,-231.46688077206184,-17.345157265871162,-337.72998181373924,-35.134506468848976
4328,-253.91308252367503,-131.7198399818892,-336.74740766346815,-35.914492221790866
4329,-331.9670720492958,-98.67842955967744,-335.49428588553815,-36.750730432034125
4330,-383.2108671916273,-59.10090109759655,-334.2632696537506,-37.21905929858655
4331,-245.99098548809977,-66.64649337659309,-332.3189524687035,-37.74487677179899
4332,-264.0688307018524,-15.24603897824046,-331.2800007159149,-37.7696358556368
4333,-415.00527873443633,-20.448702783880204,-332.4206123099643,-37.74707354117885
4334,-169.8829445764651,-14.951943443205696,-329.51040906851676,-37.23811336050949
4335,-357.1123794442048,-11.578084031752333,-328.8304147419074,-36.624836706533856
4336,-387.75631627082,-21.597427530486318,-329.2034861865631,-36.030000498646636
4337,-441.29354246403335,-19.570663268883262,-328.84231451755136,-36.09494758683928
4338,-337.85477983328013,-19.321173381234928,-328.9294974884847,-36.09990471929414
4339,-272.1847868431593,-44.98212768884238,-327.05423601848355,-35.932295650352664
4340,-458.15763395009685,-20.747862223590666,-327.5250417323692,-36.0107282820664
4341,-371.98945254971454,-59.092869523540095,-327.89865330412715,-36.481666968048664
4342,-188.588041679899,-17.135190134388857,-325.5249220774915,-36.043103090022086
4343,-251.66468599768893,-13.302439672099213,-324.3746879317834,-35.831942401060516
4344,-333.53595102053424,-71.96488953421559,-323.1094110910546,-35.66059550283775
4345,-281.85985349943064,-73.503598807847,-321.53356709931364,-36.25787172626493
4346,-227.18804653388955,-17.775200270715175,-320.41564934500366,-35.98807149694723
4347,-337.96510135810274,-16.99653714576573,-319.6939118850236,-35.99433895092387
4348,-394.9328095355715,-23.036105056606893,-320.27455180061054,-36.03943693052449
4349,-283.652218220719,-33.78311845085344,-318.90147929715465,-36.19518990389157
4350,-257.9548645660932,-15.858245898428137,-317.5639811207735,-35.85405124197336
4351,-270.568410410248,-14.802247761694773,-315.58740551489524,-35.873244555810935
4352,-194.02000977249784,-22.30035115952693,-312.74771099676735,-35.938530903337586
4353,-326.6842980046181,-16.781778874996498,-312.1753649143049,-35.97378433780046
4354,-239.8948087907024,-70.61052484209458,-310.12326739505795,-36.170157251904115
4355,-294.07182956643464,-78.81091264064642,-310.2200200408336,-36.81970656341394
4356,-359.37583610410695,-82.88373319181109,-309.4201075252761,-37.518153816979215
4357,-297.5794449670512,-21.178322278220747,-309.31496018419335,-37.51998041768736
4358,-310.723557080045,-14.543065256045319,-309.67628077087926,-37.0458094769426
4359,-281.40719083671763,-23.75613158175737,-310.3254876351265,-37.13427364406911
4360,-184.80402184121752,-16.047361616924004,-310.17265482842384,-36.443087115845046
4361,-328.20623425223476,-40.70604057441976,-311.27707809903893,-36.67954361430671
4362,-361.6394864888144,-158.7923141937522,-311.91271096033523,-36.998572555584914
4363,-384.1674545014155,-17.638043427702534,-313.58866781381766,-36.97370588674464
4364,-314.60208166646174,-13.122815102307523,-314.05728676326726,-36.93294096517577
4365,-345.8899829963978,-12.545476586963803,-315.8084607956584,-36.849997583876096
4366,-536.8658665586029,-19.476671983388695,-318.72849364597823,-36.57448916734384
4367,-325.02528960003633,-75.41333369335908,-318.94460185323913,-36.69043212455627
4368,-367.48687396890136,-48.1021403105108,-321.307279934042,-36.39316257201985
4369,-317.3779779725712,-101.03025849451173,-319.04055719651967,-37.25115202637259
4370,-373.45382687375815,-35.78334193811871,-319.96738838861046,-37.46121261826446
4371,-350.44467512520123,-14.07713613298394,-321.06737853511294,-37.40316143666467
4372,-233.98539800919264,-13.841113120282909,-320.44227039051333,-37.29787989839361
4373,-416.4484850568514,-50.559957114750596,-322.12013511863677,-36.91008344638887
4374,-338.13936625270924,-16.66031295447194,-322.45971214532324,-36.90044187426441
4375,-234.03023377036592,-14.582456725873598,-322.1926699254257,-36.268258284388885
4376,-342.11945019686783,-14.63315089626158,-323.6869305135901,-36.256350956186175
4377,-545.8656510640261,-43.37486562958025,-326.0105429921381,-36.53494485790752
4378,-271.2750789797333,-17.52825428312103,-325.0223573430297,-36.562719612828985
4379,-194.18674178425184,-14.325515200730722,-324.43455882147106,-36.56764519612455
4380,-223.48434384304977,-35.62013481816505,-323.2622069556061,-36.75671811152708
4381,-231.57119363864143,-14.900964122994601,-321.6298595847464,-36.74742369675693
4382,-387.07988723918857,-20.623383019413946,-321.6444953333448,-36.35268003086948
4383,-250.65240206598324,-18.734193749124717,-321.1863920353785,-36.04712347668859
4384,-236.2724704923311,-66.00451030577696,-319.0045588758475,-36.55837954127854
4385,-234.9895834376683,-15.337504312016424,-317.67296309669695,-36.56535612486566
4386,-214.4352280118987,-82.17780165829559,-316.30112016579926,-36.67976298300898
4387,-249.09687636364765,-49.46105430208385,-313.5310640120011,-36.16068925535027
4388,-323.8791395456202,-14.100710129801396,-313.11850560960676,-36.162366596129566
4389,-410.334582438618,-13.030849217838421,-313.0197687588988,-36.07645260449026
4390,-360.9014886988402,-14.337563569761155,-312.33849779515083,-36.07044228190729
4391,-384.96185371989395,-58.229533845467245,-311.7017947758241,-35.787051575310755
4392,-328.5833810373855,-87.66711354345264,-311.5643774827449,-36.26131469994416
4393,-304.7434127105612,-13.408928009300192,-310.3027335881693,-36.23362198977837
4394,-243.3029048208208,-52.23038909212085,-309.47782242557685,-36.627533658436974
4395,-313.86600263448594,-13.421432610162189,-308.8985716703803,-36.64732609119674
4396,-430.20735299384796,-100.54464321338702,-310.0271962801328,-37.11137508290212
4397,-194.2522148305504,-22.830158411247478,-308.29945898338286,-37.182336119453026
4398,-195.44518224807967,-66.56240622963115,-306.65095823269456,-37.139034555446536
4399,-217.4591674380804,-37.38029578083342,-305.5055195405642,-37.33189475188358
4400,-267.19539094976426,-84.4526622673406,-305.4755530386954,-38.02038879000982
4401,-356.8122833287333,-59.82982350618998,-304.8648132336612,-38.398844961206414
4402,-273.30232244817086,-14.81748556959174,-304.1099378632506,-38.28779386621258
4403,-375.016331491692,-14.95298175023766,-305.4457391538132,-37.75424214428425
4404,-240.2376848378435,-17.283566615275795,-305.9277921305358,-37.746373623653255
4405,-247.39823216272364,-20.582804378129886,-305.8400155638248,-37.811305399876744
4406,-422.79084092762065,-13.113899995776697,-306.034692662382,-37.446535308268025
4407,-182.7875065844914,-18.768246864634307,-305.10986186510064,-37.48119924260186
4408,-241.27782201369294,-72.88993029852453,-304.39902933220606,-38.07038742860807
4409,-232.83953580256457,-21.639971114053044,-304.08568469249656,-37.72354552085561
4410,-299.3334467423547,-66.80436412418594,-302.1238083700576,-38.118210556213555
4411,-281.8062576856615,-51.11062237287854,-301.9970804444288,-38.48096603004651
4412,-187.3906693294155,-20.13881066917198,-299.64827369872154,-38.54553604438015
4413,-281.41188201197326,-19.803369411405555,-298.8656111805531,-38.040823457298025
4414,-273.92095934454767,-16.180397008707292,-299.5205567980838,-38.02762159729394
4415,-257.57690234793256,-40.59229715490384,-299.85496549650003,-37.30083538202794
4416,-161.03357351206046,-17.596019915368696,-299.34224606352205,-36.49658127302655
4417,-322.9701811786062,-61.68006996736142,-299.7425995539586,-36.475744115149965
4418,-181.96962979503658,-20.391505173911142,-299.33191113438426,-36.49950722680647
4419,-293.9597413068049,-15.148486207053994,-298.98316344236116,-36.51536464136311
4420,-214.79173921621177,-62.94985926956094,-298.9016046063989,-36.9605289354101
4421,-254.41721857955284,-15.751611984890864,-299.0950155466698,-36.47658283921296
4422,-238.9396091420251,-23.034576835542406,-298.02245431487006,-36.583672630280695
4423,-273.5088628984881,-104.41416228932006,-298.8829025484343,-37.484359260484766
4424,-285.3102978772739,-16.204048879242393,-299.3574822707767,-37.01874781360515
4425,-173.73469314822083,-25.861831741785384,-296.9018278562799,-37.146744251751834
4426,-226.44607250260708,-52.18895369852518,-296.0323432367205,-37.530765956774566
4427,-273.0501960166573,-16.084225638545846,-296.44817638916646,-37.51815664050132
4428,-188.43674059046552,-15.587329224368455,-295.7934129698343,-36.35683153292611
4429,-201.50213283795708,-62.126513434038046,-294.48876357772093,-35.991312371669714
4430,-240.16446984584516,-18.374663941468437,-293.05829960426314,-35.58405000010844
4431,-351.6308057710479,-57.04124262680572,-294.1146978070926,-35.48799749261057
4432,-261.6011654098299,-57.683534016651286,-294.0900211541724,-35.91237244299467
4433,-208.97790723237702,-129.35731235080107,-292.0297474391518,-37.00145853866388
4434,-451.9413504204402,-16.374800053703712,-294.8503314975916,-37.015687104768865
4435,-249.5055251784277,-59.14292486472159,-293.7742629549338,-37.491335513098555
4436,-153.5215147893023,-66.81134907559935,-291.4319149401186,-37.94347472854968
4437,-234.36976928758426,-49.0872150632795,-289.3626772083541,-38.23864024649365
4438,-289.89131846069654,-23.040736904794716,-288.88304259462825,-38.275835881729236
4439,-216.79724900645874,-40.67875157251238,-288.3291672162612,-38.232802120565935
4440,-215.70057142226,-57.36339080589513,-285.9045965909828,-38.59895740638898
4441,-298.3489136848965,-47.49861845995802,-285.16819120233464,-38.483014895753165
4442,-324.00585055492877,-15.378386496090428,-286.522369291085,-38.46544685937018
4443,-271.22476403927107,-57.95991373537143,-286.7179700715009,-38.91202160000291
4444,-335.490722552162,-39.26993752280623,-286.73751778681714,-38.58507207988881
4445,-212.5258655463455,-19.84466325614486,-286.0441779072863,-38.0484827243718
4446,-260.47632956322826,-20.660584462780708,-286.3770607375797,-38.07733656629245
4447,-241.1829909528883,-17.918191551235775,-285.40923963352753,-38.08655311034715
4448,-308.60007250135044,-69.95292087535667,-284.5459122631853,-38.55572126853465
4449,-377.89114096098587,-61.1654441556002,-285.48830149058796,-38.82954452558211
4450,-225.56841843287938,-127.60369153575147,-285.1644370292558,-39.946998981955346
4451,-186.14360342787833,-17.649565442243198,-284.32018895943213,-39.97547215876082
4452,-356.98149785682364,-25.657811707103686,-285.94980384027537,-40.00904676423659
4453,-251.54285190281357,-16.888388112543222,-285.1983893792573,-40.010112856612054
4454,-143.99483353069698,-75.9544295124356,-284.23938962665727,-40.063551903315464
4455,-261.11820620136024,-18.594351219070862,-283.90985339300653,-39.461386289099714
4456,-331.04483311804574,-72.87376197119404,-283.6265433631459,-39.36128657689355
4457,-272.7179887271626,-25.638510703056777,-283.37792880074704,-39.40588846114191
4458,-241.1085259373729,-23.859342263932348,-282.6817784893204,-39.49905123122078
4459,-179.49033647810035,-16.84287942570088,-281.66260994573423,-39.42991870966022
4460,-306.48880044995616,-16.43666803352416,-282.87945773182156,-39.433811773826214
4461,-205.40945659889465,-22.480934440364077,-281.6514899552882,-39.25156071248566
4462,-258.34971649681063,-72.7354669611725,-280.61859225536807,-38.39099224015987
4463,-236.7805528918635,-21.064338199320037,-279.1447232392725,-38.42525518787603
4464,-323.5646605727521,-25.883602186644858,-279.23434902833543,-38.55286305871941
4465,-260.6546354078883,-36.8653477592134,-278.38199555245035,-38.79606177044191
4466,-195.5597965425162,-17.491582053155867,-274.9689348522895,-38.776210871139575
4467,-258.4137121175928,-73.05694279164338,-274.30281907746513,-38.75264696212243
4468,-270.879304325135,-62.1897707877072,-273.3367433810275,-38.89352326689439
4469,-239.82367487304532,-19.713859985847122,-272.56120035003215,-38.080359281807745
4470,-206.75308153840882,-14.96343316755075,-270.89419289667865,-37.872160194102065
4471,-261.7032788176349,-21.124426503134707,-270.00677893360296,-37.942633097803565
4472,-251.9777635880734,-18.944929717910988,-270.1867025893918,-37.993671263779845
4473,-359.92795419874096,-54.604229008922154,-269.62149728081073,-38.034113982721564
4474,-265.754897239064,-14.665344622825378,-268.8976525906743,-38.014164299405095
4475,-448.36523952018837,-51.54421279121286,-271.04100264817254,-38.38378186005849
4476,-269.28336404911414,-26.02934834885275,-270.31264178669494,-38.4977438345844
4477,-310.639639881638,-17.34647073542021,-267.9603816748711,-38.2374598856428
4478,-278.65638700573584,-27.334124012585622,-268.0341947551311,-38.335518582937446
4479,-235.07887844824728,-122.5821437952079,-268.443116121771,-39.41808486888221
4480,-325.1448204615529,-23.475948222385185,-269.4597208879561,-39.29664300292441
4481,-299.0150642188723,-23.103859224552053,-270.13415959375834,-39.37867195393999
4482,-225.08796652874275,-39.767285162459515,-268.5142403866539,-39.57011097537045
4483,-380.449878540557,-18.26289341927383,-269.81221515139964,-39.565397972071935
4484,-349.1831366836838,-15.378176973172256,-270.9413218133131,-39.05913463874589
4485,-255.4818959974798,-43.31407798011522,-271.14624493891125,-39.33890037542688
4486,-278.87616516520046,-67.33581498003332,-271.79065431044427,-39.19048050864426
4487,-224.13045634754857,-23.00105525034144,-271.5409901102833,-38.92588051812684
4488,-248.965338287605,-24.574372202145366,-270.79185209770316,-39.030617138850275
4489,-150.9497069897692,-29.214479788646717,-268.1980033432147,-39.19245344455835
4490,-230.53130249228917,-23.34902072853287,-266.89430148114917,-39.282568016146065
4491,-279.46359521445834,-26.63700711387229,-265.8393188960948,-38.96664274883012
4492,-260.93856756147136,-21.702172500337806,-265.1628707613357,-38.306993338398975
4493,-264.3704995950876,-61.63164035689382,-264.7591416301809,-38.78922046187491
4494,-149.94314404318862,-63.21700918530094,-263.8255440224046,-38.89908666280672
4495,-302.0705746017698,-17.321241037284448,-263.70758974207746,-38.93808474707793
4496,-179.90292691902548,-137.6404504970641,-261.20454548132926,-39.30904281991471
4497,-142.8809561595634,-61.21296023259138,-260.6908328946194,-39.692870838128144
4498,-270.5152484683994,-17.87358504423723,-261.4415335568226,-39.205982626274206
4499,-170.59295969765728,-22.55814046501245,-260.9728714794183,-39.057761073116
4500,-327.9337481658847,-17.17618376256553,-261.5802550515795,-38.38499628806824
4501,-485.904851005316,-27.3116257407614,-262.8711807283454,-38.059814310413955
4502,-420.45352868480046,-26.371023136881238,-264.3426927907117,-38.175349686086854
4503,-180.21701480255535,-85.53162637016996,-262.3946996238203,-38.88113613228618
4504,-158.6007359792572,-62.72726948448061,-261.57833013523447,-39.33557316097823
4505,-334.57042025753157,-14.947071495857719,-262.4500520161825,-39.27921583215551
4506,-258.9942654116853,-28.46218607553451,-260.8120862610231,-39.43269869295309
4507,-232.26407324680153,-18.990335134275345,-261.3068519276462,-39.434919575649495
4508,-222.3046450612326,-18.502314080335633,-261.1171201581217,-38.891043413467614
4509,-270.83381264583863,-18.6753493410819,-261.4970629265544,-38.8613971957379
4510,-203.1627747007077,-70.88188577219242,-260.5353562061379,-38.902172412217965
4511,-332.51933255880897,-25.826247386821017,-261.0424869548694,-38.649328662357384
4512,-376.10035384679514,-27.264802334229763,-262.9295838000432,-38.72058857900796
4513,-258.08385600411935,-36.80153319968606,-262.6963035399646,-38.89057021689076
4514,-269.8292598449437,-37.113028836852244,-262.6553865449686,-39.099896535172206
4515,-320.3334355432049,-62.690095471228666,-263.2829518769213,-39.32087451833546
4516,-222.83477769783792,-17.744643903550703,-263.9009639187791,-39.32236075821727
4517,-153.07225710309174,-22.312986178040422,-262.20198467802396,-38.928689920324075
4518,-184.48828204538157,-100.92610668710662,-262.2271712005274,-39.73403593545603
4519,-344.6263638252221,-23.305304947890473,-262.73383742571156,-39.8156041228644
4520,-251.34141031387762,-110.99660213684524,-263.09933413668824,-40.29607155153724
4521,-342.9957876202884,-17.222418794805957,-263.9851198270956,-40.310779619636385
4522,-223.26926356733443,-18.57021234902641,-263.8284163713487,-40.26613597477123
4523,-270.9945428351288,-33.520319953868395,-263.8032731707151,-39.557197551416714
4524,-238.39229199473237,-55.257808750654064,-263.3340931118897,-39.947735150130825
4525,-249.33181024435925,-20.291780553495894,-264.090064282851,-39.89203463824793
4526,-240.94430934133345,-22.321331724066052,-264.23504665123835,-39.59335841850334
4527,-209.21515945604733,-54.406641256567404,-263.5966962856322,-39.97658257468356
4528,-295.8120799675789,-16.436922429718752,-264.67044967940336,-39.98507850673707
4529,-265.3509220354652,-18.2340378859164,-265.3089375713784,-39.54615375125585
4530,-229.43567723161053,-23.244508027389948,-265.2016496452361,-39.59485219211506
4531,-274.1851056675649,-20.62298060347877,-264.4271926442013,-39.23066957188179
4532,-327.8035800234515,-40.44288154873173,-265.0892167903375,-39.058263047202594
4533,-396.0620611444853,-28.017482474247945,-266.96005832945866,-38.04486474843706
4534,-256.00781731656576,-71.88750360728,-265.00072299841986,-38.599991783972825
4535,-215.73021844228296,-67.33909003823497,-264.6629699310584,-38.68195343570796
4536,-260.889922051358,-18.263461307433168,-265.73665400367895,-38.19647455802631
4537,-168.7670974975878,-47.07218559205152,-265.080627285779,-38.17632426331403
4538,-252.85113118652788,-59.72577648811825,-264.7102254130373,-38.54317465914726
4539,-484.55268977934514,-38.89247722537297,-267.3877798207661,-38.525311915675864
4540,-384.9565247958974,-18.846021557847017,-269.08033935450254,-38.140138223195386
4541,-241.19555497658166,-50.09078635655372,-268.5088057674194,-38.166059902161344
4542,-308.67096460816975,-54.922976746535035,-268.35545690795186,-38.561505804665785
4543,-269.7957542969752,-21.699084737938282,-268.3411668105288,-38.19889751469145
4544,-317.89073309456273,-58.89243298236943,-268.16516691595285,-38.39512246928708
4545,-260.67516551949603,-60.06849514416207,-268.6466599156843,-38.79736078816726
4546,-176.3615228435294,-38.498184554042076,-267.8055118484873,-38.97573678907988
4547,-243.28474817167344,-60.94758319793463,-267.82652942067523,-39.40603070554686
4548,-457.56789870362365,-117.95934550869231,-269.31620768269795,-39.88609495188022
4549,-307.51447026430907,-115.56212410205369,-268.6124409757312,-40.43006175134475
4550,-175.01599413518628,-69.1874384989938,-268.10691673275426,-39.845899220977174
4551,-358.2787686893,-63.690168846518844,-269.8282683853685,-40.30630525501993
4552,-257.8152233977416,-67.53433165051244,-268.83660564077763,-40.72507045445402
4553,-211.06249587361066,-15.97867073476745,-268.43180208048557,-40.71597328067626
4554,-252.5108314755937,-26.091188042565754,-269.51696205993454,-40.21734086597756
4555,-332.81021257341337,-37.54905843712134,-270.23388212365506,-40.40688793815807
4556,-286.1200506553505,-19.260537290644155,-269.78463429902814,-39.87075569135257
4557,-313.62476664958285,-146.1096393219843,-270.19370207825233,-41.075466977541836
4558,-309.6484948460436,-21.577869586075042,-270.8791017673391,-41.05265225076326
4559,-248.00412390055303,-84.70469422697123,-271.56423964156363,-41.73127039877597
4560,-231.23285348732344,-15.12801655338319,-270.8116801719373,-41.718183883974554
4561,-444.49094646854496,-48.66814534913342,-273.2024950706338,-41.98005599306226
4562,-258.81475546753694,-18.948980639096554,-273.20714546034105,-41.4421911298415
4563,-503.3558386423641,-111.5829044627476,-275.872898317846,-42.34737679247577
4564,-177.34025520813123,-51.360844361849665,-274.4106542641998,-42.602149214227815
4565,-257.61481548358984,-32.10850574486909,-274.3802560649568,-42.554580794084366
4566,-256.9444997550104,-43.67491418012439,-274.9941030970818,-42.81641411535406
4567,-273.46991611399864,-68.11891708519718,-275.1446651370458,-42.767033858289594
4568,-413.2700936112718,-54.33269431296067,-276.5685730299072,-42.68846309354213
4569,-262.07807736108646,-70.604914713184,-276.7911170547876,-43.197373640815506
4570,-236.90083448577252,-17.513023240612736,-277.0925945842613,-43.222869541546125
4571,-365.1213595894285,-59.03552801554322,-278.12677539197915,-43.60198055667021
4572,-326.20074050319977,-46.00928951753739,-278.8690051611305,-43.872624154666475
4573,-380.7444562057081,-91.04012130624095,-279.07717018120013,-44.23698307763966
4574,-242.85902892517743,-47.30533156653039,-278.84821149806123,-44.563382947076704
4575,-441.6432338056113,-18.069505675401185,-278.7809914409155,-44.228635875918584
4576,-182.8401874365113,-35.55890229051652,-277.9165596747894,-44.32393141533523
4577,-282.7668938448226,-16.041141626844535,-277.6378322144212,-44.31087812424947
4578,-160.6053590397774,-17.079934826533126,-276.4573219347617,-44.20833623238895
4579,-257.8176074925722,-18.14887220727806,-276.68470922520504,-43.164003516509645
4580,-347.52028217881616,-81.19814301757032,-276.9084638423776,-43.7412254644615
4581,-268.258570449003,-18.34582293225369,-276.60089890467896,-43.693645101538515
4582,-287.6526264544644,-41.765221643633446,-277.2265455039361,-43.71362446635026
4583,-311.704810351882,-92.5141510754648,-276.5390948220493,-44.45613704291218
4584,-323.4007586904821,-21.436974812571417,-276.2812710421173,-44.51672502130616
4585,-313.3067696421225,-89.64938926970386,-276.85951977856377,-44.980078134202046
4586,-356.9429588866989,-61.021239494064574,-277.6401877157787,-44.916932379342356
4587,-295.8350863340137,-54.11607272416456,-278.35723401564337,-45.228082554080586
4588,-321.2318369659749,-27.750625754727245,-279.07989900242706,-45.25984508960641
4589,-438.57189836875375,-62.94443300488231,-281.9561209162169,-45.597144621768756
4590,-311.22487819960253,-54.594082502911476,-282.76305667329007,-45.90959523951254
4591,-337.3089708599604,-88.3576164572657,-283.34151042974503,-46.52680133294648
4592,-242.62825288876903,-18.134940665595032,-283.15840728301805,-46.491129014599046
4593,-209.21213908420762,-40.918193115248826,-282.60682367790923,-46.283994542182604
4594,-213.87838778045673,-35.58111984794804,-283.2461761152819,-46.00763564880907
4595,-323.8684183870056,-19.80709875301916,-283.4641545531343,-46.03249422596642
4596,-161.52422781404513,-22.82998090548053,-283.2803675620845,-44.88438953005058
4597,-331.699559986663,-40.645553294118585,-285.1685536003555,-44.678715460665856
4598,-310.91017421008576,-111.98038390706407,-285.5725028577724,-45.61978344929413
4599,-235.23821882597406,-14.640182486265731,-286.21895544905556,-45.54060386950666
4600,-287.02787693366065,-49.5261791448486,-285.8098967367333,-45.86410382332949
4601,-218.72821769568182,-58.30723384833002,-283.13813040363704,-46.174059904405176
4602,-287.92624961787146,-23.7618372315537,-281.8128576129678,-46.1479680453519
4603,-257.3261211162278,-80.69685501282963,-282.58394867610446,-46.099620331778496
4604,-252.46405275887932,-23.034564545759675,-283.5225818439007,-45.70269328239129
4605,-160.3418651626934,-67.2118109209115,-281.7802962929523,-46.22534067664183
4606,-227.77287469809016,-60.94072820844738,-281.4680823858164,-46.55012609797096
4607,-398.21653108650594,-17.18358326769815,-283.12760696421344,-46.532058579305186
4608,-243.24682315538956,-60.52031043057217,-283.337028745155,-46.95223854280756
4609,-277.7884368314922,-64.82870264445364,-283.4065749870115,-47.413772075841266
4610,-268.09345383434993,-32.62819892434567,-284.05588177834784,-47.0312352073628
4611,-310.57459967226094,-51.25441239803748,-283.83643444948234,-47.28551685747496
4612,-163.55540996769273,-59.02090737677821,-281.71098501069133,-47.60307790790044
4613,-285.2172445405809,-25.8322440923943,-281.982318896056,-47.493385016827524
4614,-221.10664543085971,-35.17278397335728,-281.49509275191514,-47.473982568192575
4615,-269.4628128490909,-93.76945087831739,-280.986386524974,-47.784776122263466
4616,-229.05185515694978,-18.144825787238794,-281.0485572995651,-47.78877794110035
4617,-370.2333814509252,-155.08666657130695,-283.2201685430435,-49.11651474503301
4618,-234.92475918822836,-35.546727668449925,-283.72453331447196,-48.46272095484644
4619,-502.956118273418,-135.8013247140261,-285.3078308589539,-49.587681152507805
4620,-221.092143524134,-110.00325311503244,-285.00533819105647,-49.577747662289674
4621,-244.7133993744236,-23.62610064293192,-284.0225143085978,-49.64178448077094
4622,-195.1717719333068,-22.268361459886755,-283.74153939225755,-49.678765971879535
4623,-196.857137293645,-30.75920856684859,-283.00016533684266,-49.651154858009335
4624,-349.05985755129745,-16.948347751264528,-284.1068409924083,-49.26806024801544
4625,-300.5845804049564,-61.526459290113664,-284.6193686940143,-49.68040703538162
4626,-173.422183607246,-34.15329683935183,-283.9441474366734,-49.79872668653448
4627,-331.56084050765907,-66.26152760078308,-285.16760424718956,-49.91727554997664
4628,-282.16691001250956,-72.22493215580685,-285.03115254763884,-50.47515564723752
4629,-247.38319824225124,-95.58585357376701,-284.8514753097067,-51.248673804116024
4630,-277.9380285094329,-20.489607256519683,-285.33649882248494,-51.221124796407324
4631,-390.7793723561975,-23.403810558032816,-286.5024414893712,-51.24893309595286
4632,-185.54773856707806,-60.96784329224027,-285.07988307480747,-51.454182713387944
4633,-194.1071577798892,-22.42785414393856,-283.0603340411615,-51.398286430084845
4634,-212.8473349932698,-17.221587042334125,-282.62872921792854,-50.85162726443539
4635,-215.8680499760013,-17.138297442612124,-282.63010753326574,-50.34961933847917
4636,-339.14958434496566,-107.62431126841922,-283.41270415620187,-51.24322783808903
4637,-262.0627059335197,-17.467244052787816,-284.3456602405612,-50.94717842269639
4638,-272.1968051295965,-49.715798254762525,-284.53911697999195,-50.84707864036283
4639,-205.58145291693734,-65.5026352034843,-281.7494046113678,-51.113180220143946
4640,-382.2804125865667,-186.00029049462415,-281.7226434892745,-52.78472290951172
4641,-176.6335868171725,-90.92071390083636,-281.07702380768035,-53.19302218495455
4642,-240.63992727309233,-96.20305225485515,-280.3967134343296,-53.605822940037754
4643,-291.59532332355235,-119.17778165251178,-280.61470912459544,-54.58060990918349
4644,-298.1239574232831,-132.88188781400228,-280.41704136788263,-55.32050445749981
4645,-279.6367369500407,-25.685899989286195,-280.60665708218806,-54.97667850595105
4646,-363.79286598151083,-86.58876892087356,-282.48097051356785,-55.45758434961937
4647,-286.77415589191065,-27.045272397495435,-282.9158645907702,-55.11856124161497
4648,-266.890325848162,-34.79940658473433,-281.00908886221555,-54.2869618523754
4649,-322.24843754447704,-101.16207143593535,-281.15642853501726,-54.14296132571421
4650,-239.43947297218716,-90.64202154567505,-281.80066332338725,-54.35750715618102
4651,-390.0270742971974,-18.916270264707332,-282.1181463794663,-53.90976817036291
4652,-160.7251914613762,-30.3413234518397,-281.14724606010265,-53.537838088376176
4653,-246.43029578433456,-20.718634123294116,-281.50092405920986,-53.58523772226144
4654,-304.2357698329438,-68.4570605565601,-282.0181734427834,-54.00889644740139
4655,-178.37270498530071,-19.682413583993373,-280.4737983669022,-53.83022999887011
4656,-254.2213432557836,-20.87639122384931,-280.1548112929066,-53.84638853820216
4657,-153.3520106741651,-18.674935370675495,-278.5520837331524,-52.572041498689075
4658,-345.41689188063697,-28.419902596403453,-278.9097677034983,-52.64046182879236
4659,-112.45659964568006,-28.101476792940026,-277.55429246094957,-52.074429654452054
4660,-270.3685399517905,-63.278840859119676,-277.9456493255942,-52.55593789750941
4661,-277.6865751341791,-24.617107392853203,-276.27760561225057,-52.31542751794661
4662,-154.39430934402966,-35.10894208514702,-275.2334011510155,-52.47702713240711
4663,-286.1835263894194,-59.0392332673107,-273.0616780284861,-51.951590420452746
4664,-163.67104607163824,-16.623925824908984,-272.92498593712116,-51.60422123508334
4665,-192.74844189558877,-42.06943348689439,-272.27632220124116,-51.703830512503586
4666,-285.0106279633942,-105.86661827102083,-272.556983483325,-52.32574755341255
4667,-419.4237051232771,-114.85183574775472,-274.0165213734178,-52.79307674003813
4668,-326.55072276989085,-121.38229384167794,-273.14932766500397,-53.4635727353253
4669,-154.3701140024915,-84.62445156718937,-272.07224803141804,-53.603768103865356
4670,-202.1093429840244,-17.536879927091977,-271.7243331164005,-53.60400667073016
4671,-362.43088624615064,-58.1734294414547,-271.69742838296776,-53.59538568498927
4672,-187.4404371767234,-71.31679015717005,-270.30982534970303,-53.84846069138559
4673,-429.617938536005,-17.95617055535609,-270.79856017300597,-53.11762118387674
4674,-310.96600390732516,-37.52437514880288,-271.47962992282754,-53.01981161969947
4675,-211.66460858613104,-37.321494931133195,-269.1798436706327,-53.21233151225679
4676,-185.6710368953042,-36.161919899943506,-269.2081521652206,-53.21836168835106
4677,-366.36644287160675,-104.43421867142023,-270.04414765548836,-54.10229245879681
4678,-261.5774671382766,-17.717843330159212,-271.05386873647336,-54.108671543833076
4679,-245.63082040889208,-53.87542725306546,-270.9320008656366,-54.46593709429095
4680,-267.2908609775026,-17.420562230728134,-270.1297066536235,-53.82816128642253
4681,-366.76743102311167,-61.48784086865906,-271.1147952593646,-54.25958146578658
4682,-276.11800464437704,-80.66646942914392,-270.99944904126374,-54.64859394364169
4683,-178.26072579041025,-64.26798697552952,-269.66500819564897,-54.36613230264234
4684,-242.7549968641929,-65.06274742008311,-268.85855057738604,-54.802390028717454
4685,-321.4490647373551,-42.20319172987164,-268.9399735283384,-54.327928053319134
4686,-154.0760927462741,-53.70989817841803,-266.91130486693413,-54.25481464016267
4687,-153.07628654053204,-16.728721133483646,-265.48371686899935,-53.880941124255855
4688,-232.34058971660792,-92.58282768075371,-264.59480439650565,-54.52926314351612
4689,-166.97231690664884,-95.15469400750413,-261.87880858188464,-54.85136575354233
4690,-190.29684870672492,-44.96657024838637,-260.6695282869558,-54.755090630997074
4691,-261.81156146737453,-68.38327893553709,-259.91455419302997,-54.55534725577979
4692,-290.6991121340865,-57.73598808242405,-260.39526278548317,-54.951357729948086
4693,-189.5398581842559,-53.60414686181411,-260.1985399764837,-55.07821726741374
4694,-299.21933721586873,-13.276729119263642,-261.05194947083777,-54.8551733601269
4695,-302.0139464859154,-82.19544167238884,-260.83340475182683,-55.4790567893206
4696,-241.85418313586308,-100.36497435433711,-261.63670430504504,-56.25440672380916
4697,-307.81915982767947,-44.739881438387194,-261.3979003034552,-56.29535000525185
4698,-242.63738334582146,-22.06954725636597,-260.71517239481256,-55.39624163874487
4699,-228.79076421756372,-23.57585088469603,-260.65069784872844,-55.485598322729174
4700,-188.80302710880494,-88.90182855344734,-259.6684493504799,-55.87935481681516
4701,-365.3712076444875,-55.26950987153968,-261.134879249968,-55.84897757704726
4702,-178.13076674492274,-49.77026940247808,-260.0369244212385,-56.1090618987565
4703,-262.83215175485964,-16.278394155074118,-260.0919847276248,-55.46487729017895
4704,-357.1811881026839,-119.86770591015666,-261.1391560810628,-56.43320870382292
4705,-273.5644404981891,-94.273654173877,-262.27138183441775,-56.70382713635257
4706,-177.64580398426241,-46.265887933067866,-261.77011112727945,-56.55707873359877
4707,-378.1342886266086,-97.58767877958566,-261.5692887026805,-57.361119688717636
4708,-242.06027407411145,-16.204413936408148,-261.55742321186773,-56.917960723776005
4709,-309.65584539331394,-98.16209475039466,-261.87609729748596,-57.25129464483542
4710,-256.7926429324104,-52.8275558230937,-261.7630891884666,-57.4532882138229
4711,-359.74438423621353,-13.947203583452303,-262.2547870341061,-57.08021612567705
4712,-279.29233907443177,-47.53579518375694,-263.41215632517344,-56.96536500374683
4713,-307.1568911268319,-97.06375108818047,-263.631552791036,-57.67768007370469
4714,-343.7084855492345,-110.70399231782031,-264.8575711922198,-58.43299215714933
4715,-237.5211140885712,-123.0041533059621,-264.53815420461456,-58.725339181425774
4716,-308.4859104641028,-15.070164763733832,-265.3324947576861,-58.694592571190725
4717,-176.38026354316517,-77.5831097306753,-263.3939635786085,-57.91955700278441
4718,-225.61056076785883,-56.000315805376005,-263.30082159440485,-58.12409288415367
4719,-303.31795257152874,-87.27170248739712,-261.3044399373859,-57.63879666188738
4720,-392.2871585121186,-109.10708974442151,-263.01639008726573,-57.629835028181276
4721,-206.86830984621383,-87.11395046565757,-262.63793919198366,-58.26471352640853
4722,-229.74637072130994,-66.90842436520094,-262.98368517986376,-58.711114155461665
4723,-274.205234632018,-129.39774033246252,-263.75716615324745,-59.69749947311781
4724,-290.373757826823,-74.54329359064994,-263.1703051560027,-60.27344893151166
4725,-188.3733698263556,-21.19416559350432,-262.04819305021664,-59.87012599454557
4726,-513.024779952295,-148.27272513523081,-265.4442190136672,-61.01132027750436
4727,-128.49708854104787,-16.503012088709987,-263.41358149400105,-60.513735122383636
4728,-156.57535687060155,-83.96082193725098,-262.157665962582,-60.63109402019807
4729,-203.39755277787546,-102.4646321542085,-261.7178095079382,-60.69988180600249
4730,-209.78748085225675,-87.75873263594633,-261.03630403136646,-61.37257305979675
4731,-323.6896925556431,-30.743152995319733,-260.3654072333609,-61.44596648416962
4732,-263.0305272695943,-40.3328990629751,-261.140235120386,-61.239617041876976
4733,-173.66894599054132,-20.073173888513427,-260.9358530024925,-61.21607023932271
4734,-237.17444943157813,-86.06390219485323,-261.17912414687567,-61.904493390847904
4735,-210.7199970101149,-111.96126989553456,-261.1276436172168,-62.852723115377124
4736,-172.39758752064222,-18.828180934110982,-259.46012364897354,-61.96476181203405
4737,-436.87737489078074,-64.82983999185981,-261.20827033854613,-62.438387771424765
4738,-240.15619202038388,-31.776387901549583,-260.887864207454,-62.25899366789264
4739,-257.8319722090184,-38.44599010300052,-261.4103694003748,-61.9884272168878
4740,-330.62474488733125,-61.23954491076734,-260.8938127233825,-60.74081976104923
4741,-153.4624624819734,-46.07928516882275,-260.6621014800305,-60.2924054737291
4742,-294.21506710399643,-15.034686542972054,-261.1978528783396,-59.48072181661026
4743,-345.8176477823315,-99.03057044650771,-261.7400761229273,-59.27924970455022
4744,-271.57398205177645,-19.169295182381514,-261.4745763692123,-58.142123778234016
4745,-298.81582152138094,-19.85924500343881,-261.66636721492563,-58.08385722837555
4746,-229.18774222808452,-71.0354048040906,-260.3203159773914,-57.928323587207714
4747,-178.83259779412307,-65.9462853583984,-259.2409003964135,-58.31733371681675
4748,-240.62383565256482,-66.70431622695395,-258.9782354944576,-58.63638281323893
4749,-270.47738209513153,-139.4833559916852,-258.4605249399641,-59.019595658796426
4750,-259.41535212873424,-18.4648801113473,-258.6602837315296,-58.29782424445316
4751,-239.7895512787994,-51.25076197930048,-257.1579085013456,-58.62116916159909
4752,-489.4022552072285,-13.694070155253456,-260.44467913880413,-58.45469662863323
4753,-172.9356588920244,-83.17910195532303,-259.70973276988104,-59.07930130695352
4754,-215.12089221772956,-87.30979967800123,-258.81858399372885,-59.267828698167925
4755,-238.05614307003026,-73.2323949219124,-259.4154183745762,-59.80332851154711
4756,-205.0483754854628,-46.49505560832194,-258.92368869687294,-60.059515155391836
4757,-295.7378418695792,-40.67972492956294,-260.3475470088271,-60.27956305098071
4758,-219.85465089874995,-14.760936295496927,-259.0919245990082,-60.142973387971644
4759,-155.6826322395211,-19.292911286038407,-259.52418492494667,-60.05488773290263
4760,-285.10332315682007,-17.06035211776972,-259.6715327569969,-59.592702845489136
4761,-247.10534363896207,-124.93323615660603,-259.3657204420448,-60.59586413312667
4762,-375.4787720845239,-72.59964122506872,-261.5765650694497,-60.97077112452588
4763,-290.0817738474753,-58.36360826896471,-261.6155475440303,-60.964014874542414
4764,-280.76084928165164,-80.55703811892519,-262.78644557613046,-61.60334599748258
4765,-366.73435706033945,-16.533244330820562,-264.5263047277779,-61.34798410592184
4766,-185.35695039985174,-57.46960178139966,-263.52976795214255,-60.86401394102563
4767,-237.76272689239912,-91.41856615975962,-261.7131581698337,-60.62968124514568
4768,-211.8519845233133,-27.97035274861456,-260.566170787368,-59.695561834215056
4769,-369.2634522102942,-45.27268955880502,-262.715104169446,-59.302044214131215
4770,-194.53072049556826,-18.512301588983014,-262.63931794456136,-59.31179843075012
4771,-181.71846832039793,-25.46870459106997,-260.8321937653039,-58.98475118224627
4772,-349.30831944290134,-93.24065054149968,-262.45087258796565,-59.203989786089565
4773,-334.38933815137966,-96.57413150799415,-261.49858658411944,-59.990169395615936
4774,-240.28681934249437,-86.69336668101413,-260.7917947384711,-60.481859310938056
4775,-337.8305731608723,-80.10096687601151,-262.0534543842185,-60.90965403038683
4776,-345.352411722901,-120.64871715777242,-263.65026813249443,-61.754522002965125
4777,-236.10331849508003,-38.94893340845361,-262.3476368887292,-61.099669150335465
4778,-336.5969917296717,-80.80092616229236,-263.09783213464317,-61.730499978656795
4779,-199.76243628995147,-17.518296377395906,-262.63914829345373,-61.3669286699001
4780,-313.4946611783183,-99.32284593424848,-263.10118629546184,-62.1859515069353
4781,-165.4347655470163,-19.889620405805754,-261.08785964070097,-61.76996930230677
4782,-348.9601662209177,-15.52562623130676,-261.81628125646637,-61.118560870328395
4783,-226.75466807844765,-17.233987801149826,-262.3012206793467,-60.648220878584596
4784,-282.78025431040663,-16.645847563993758,-262.70147325380884,-60.164051880023706
4785,-386.571668797479,-47.956629441563855,-263.35269929441006,-60.22158625714062
4786,-336.1062394691655,-84.25904787538855,-265.173000761639,-60.52707775411033
4787,-244.7395050451859,-95.86503494184103,-266.0896329466855,-61.318440892193905
4788,-337.3780086812728,-91.73848613457683,-267.14000713633214,-61.30999747673214
4789,-294.03542522927273,-18.414108864814093,-268.4106382195584,-60.54259162530524
4790,-368.73425817341973,-18.20882399334159,-270.1950123142253,-60.27501416275479
4791,-337.56272256204,-65.02987765341702,-270.952523925172,-60.241480149933594
4792,-344.60018290944555,-17.439190260129223,-271.4915346329256,-59.83851217171065
4793,-243.72388833869542,-19.182590082897804,-272.03337493447,-59.494296603921484
4794,-275.17907063019715,-18.9295487030983,-271.7929722686133,-59.55082479975983
4795,-161.5859481796679,-20.59154333481296,-270.3886922855508,-58.93478581638407
4796,-212.51249410207728,-79.09417384462837,-270.095275395213,-58.72207781128699
4797,-258.69318267387894,-18.494183860735284,-269.60401562367497,-58.459620835510464
4798,-481.90655675234586,-24.56125532427589,-271.99670735774026,-58.48453791618956
4799,-225.7572315152698,-17.578877015531496,-271.9663720307173,-58.42456817749791
4800,-407.83306634799186,-113.07244225746409,-274.15667242310917,-58.66627431453808
4801,-346.2028255128056,-128.63700968699467,-273.96498860179236,-59.399949312692634
4802,-269.00474780597455,-138.03201779990877,-274.87372841240284,-60.28256679666695
4803,-416.55169798041334,-113.56336382866502,-276.41092387465835,-61.255416493402855
4804,-208.104725597419,-64.14280280238054,-274.9201592496057,-60.69816746232509
4805,-302.73977952983967,-17.062673670477302,-275.2119126399222,-59.926057657291096
4806,-303.9938196012367,-63.09600041129167,-276.47539279609197,-60.09435878207333
4807,-251.44476724546644,-21.822423382603688,-275.20849758228053,-59.33670622810351
4808,-251.74550372399483,-15.100841906510114,-275.30534987877934,-59.32567050780453
4809,-287.6483923001891,-70.88947265791423,-275.08527534784815,-59.052944286879715
4810,-327.486885842165,-121.56896605879028,-275.7922177769457,-59.74035838923669
4811,-255.04255311288134,-95.72200837930419,-274.7451994657124,-60.55810643719521
4812,-285.3588539849496,-16.928111969520867,-274.8058646148176,-60.25202960505285
4813,-162.77649935360407,-23.24655785985934,-273.3620606970853,-59.51385767276964
4814,-264.0408943108618,-28.783114382815306,-272.5653847847016,-58.69464889341958
4815,-253.61453760554383,-58.0031909682871,-272.72631901987137,-58.044639270042836
4816,-258.1465560451184,-66.85327933920603,-272.2229254756815,-58.56247041579756
4817,-316.04727877798746,-109.67886596738764,-273.61959562802974,-58.88342797816468
4818,-276.6080690050741,-85.0236993184995,-274.1295707104018,-59.17366181329592
4819,-226.32501496263458,-19.53868183271299,-273.35964133431287,-58.496331606749074
4820,-283.989156970872,-18.57218995956404,-272.2766613189004,-57.590982608900504
4821,-250.9306535681895,-98.92981643564647,-272.71728475612014,-57.70914126860039
4822,-222.28412897637807,-35.474286195817,-272.64266233867085,-57.394799886906554
4823,-203.7697606956674,-31.048528256004285,-271.93830759930734,-56.411307766141974
4824,-266.58069577253735,-37.14210293088267,-271.70037697876444,-56.037295859544294
4825,-271.02820425011885,-20.651971042060204,-272.5269253230021,-56.03187391402985
4826,-271.31187020954843,-46.34900171105551,-270.10979622557466,-55.0126366797881
4827,-359.280269385035,-15.526634836874553,-272.4176280340145,-55.002872907269754
4828,-292.9738016172519,-18.10184494070293,-273.78161248148103,-54.34428313730427
4829,-316.67645393989454,-105.12168162760166,-274.91440149310125,-54.370853632038205
4830,-299.4567057531544,-18.422978033630645,-275.8110937421102,-53.67749608601505
4831,-284.85846398714443,-120.07862251573226,-275.4227814564252,-54.57085078121917
4832,-161.46424676631977,-21.232407507903496,-274.40711865139247,-54.37984586566846
4833,-142.94496347133403,-64.28364284250644,-274.0998788262004,-54.82195055520838
4834,-197.97106969998782,-75.50187147950757,-273.7078450288845,-54.71633024805492
4835,-280.67127191745993,-17.69446781239409,-274.40735777795794,-53.77366222722352
4836,-299.19269817695385,-45.994011070487396,-275.6753088845211,-54.04532052858728
4837,-230.18679486749753,-83.90745305785131,-273.60840308428817,-54.236096659247195
4838,-368.7643780582565,-51.75957561843468,-274.89448494466694,-54.43592853641604
4839,-317.09196592856506,-17.76616897249335,-275.48708488186236,-54.22913032511098
4840,-280.2060975596807,-91.69131179400647,-274.98289840858587,-54.533647993943376
4841,-241.36290877669833,-85.40433070398332,-275.8619028715331,-54.926898449294974
4842,-283.26218023311986,-114.36621942136601,-275.75237400282435,-55.92021377807892
4843,-326.29790573271526,-26.31024614254597,-275.55717658232817,-55.1930105350393
4844,-331.81816619265345,-76.73400247667743,-276.15961842373696,-55.768657607982256
4845,-346.0045318353299,-30.037998552754487,-276.6315055268764,-55.870445143475415
4846,-317.9393485290799,-162.2078679723649,-277.51902158988645,-56.78216977515815
4847,-164.23583494932728,-20.352682288130893,-277.37305396143853,-56.32623374445548
4848,-185.32661856187633,-45.10228586014017,-276.8200817905316,-56.11021344078735
4849,-374.6299746837984,-145.07718678725521,-277.86160771641823,-56.16615174874305
4850,-339.34426299817505,-114.902137101968,-278.6608968251126,-57.13052431864925
4851,-304.6724285548111,-87.10698970401003,-279.3097255978727,-57.48908659589635
4852,-202.2538766939809,-16.75773780098281,-276.4382418127403,-57.519723272353644
4853,-389.5065381834218,-64.6805023867763,-278.6039506056543,-57.33473727666817
4854,-250.98149289787352,-19.724127638956983,-278.9625566124558,-56.65888055627773
4855,-309.89536448369904,-23.29745529614233,-279.68094882659244,-56.15953116002003
4856,-202.9139932834206,-16.269983340861344,-279.65960500457203,-55.85728043734543
4857,-320.4622703647235,-22.403632922029125,-279.90684928952345,-55.67451951727009
4858,-288.8028596697204,-57.79254032321593,-280.5963313772332,-56.104835557547275
4859,-281.90035460980994,-32.7260687722986,-281.85850860093603,-56.239167132409875
4860,-277.60659707477805,-16.592554758330486,-281.7835413401156,-56.23448915881548
4861,-204.22482306790462,-25.396570031902986,-281.35473613440496,-55.239122497568445
4862,-240.798008410481,-93.23210930391377,-280.0079284976645,-55.4454471783569
4863,-208.44246945640066,-41.67988263935749,-279.19153545375383,-55.27860992206083
4864,-174.27691499560413,-18.972994853369247,-278.1266961108933,-54.66276948940528
4865,-240.07769100595266,-77.63896974573662,-276.86012945034946,-55.27382674355443
4866,-298.2593899612966,-59.81444262897019,-277.9891538459639,-55.29727515203014
4867,-206.48745925170311,-96.38497573096117,-277.6764011695569,-55.34693924774216
4868,-282.0617019660326,-59.22744342834546,-278.3784983439842,-55.65951015453946
4869,-145.14577169053368,-41.5695252798455,-276.13732153878664,-55.62247851174987
4870,-325.7377763072142,-54.21589409312097,-277.44939209690307,-55.97951443679125
4871,-299.10382093136514,-65.06004805942383,-278.6232456230128,-56.375427871474784
4872,-364.10986424485526,-92.96920144906169,-278.77126107103226,-56.37271338055041
4873,-140.5812315189012,-104.42436967047423,-276.83318000470746,-56.45121576217521
4874,-193.746154435963,-16.50186111695912,-276.36777335564216,-55.749300706534655
4875,-280.6480249756296,-14.61255747772242,-275.79594787378966,-55.09441661255177
4876,-217.3956021769655,-15.138086346744176,-274.51637977833036,-54.039310304441486
4877,-300.8609352367747,-81.07996649795984,-275.1639559457473,-54.460620635336554
4878,-220.768400807035,-92.63588121934234,-274.005670036521,-54.578970185907046
4879,-303.73815123423543,-15.211822342046618,-275.0454271859638,-54.555905445553556
4880,-338.09535148571524,-83.71496638229347,-275.29143408903775,-54.399826650034
4881,-265.46335706692355,-71.04503600958422,-276.2917200042369,-54.91138080607179
4882,-366.4992765171737,-14.556646554646862,-276.4671111071994,-54.90169100930519
4883,-252.06893621108068,-18.304072527168152,-276.7202537885258,-54.91239185656537
4884,-500.6011677346044,-132.1207022069147,-278.8984629227678,-56.06714040299458
4885,-327.6337745799081,-57.89438823291397,-278.3090839805921,-56.16651799090808
4886,-346.4888946800878,-15.591761121823053,-278.41291053270135,-55.47984512337243
4887,-330.6453195650515,-42.31415014660236,-279.27196867789996,-54.94433627542004
4888,-236.84867665553722,-82.4069163517845,-278.26667535764255,-54.851020577592124
4889,-490.285382852571,-161.5207490528461,-280.2291749338755,-56.282086979472446
4890,-263.13021189283984,-20.719430012760643,-279.1731344710697,-56.307193039666636
4891,-329.50750629308766,-81.6365459688268,-279.0925823083802,-56.473259722820735
4892,-246.5564678066417,-14.70715147653469,-278.1121451573522,-56.44593933498478
4893,-203.5879127601533,-43.674847634840496,-277.71078540156674,-56.69086191050421
4894,-313.6248293699571,-84.13512762121786,-278.09524298896434,-57.34291769968541
4895,-271.2473794215418,-86.64084178524078,-279.1918573013831,-58.00341068418968
4896,-367.81465047190403,-65.17811357457354,-280.7448788650814,-57.86425008148913
4897,-160.2362260845183,-115.38314206482644,-279.7603092991878,-58.83313966353005
4898,-475.71865125776355,-53.9643646224722,-279.69843024424193,-59.12717075651201
4899,-241.083543565458,-54.124295268012446,-279.8516933647438,-59.49262493903682
4900,-273.99758832508076,-116.18710631030262,-278.51333858451466,-59.523771579565214
4901,-210.2896453796325,-17.054613769757935,-277.15420678318293,-58.40794762039284
4902,-231.58333973345694,-108.77287448852337,-276.7799927024578,-58.115356187278984
4903,-263.2121154280999,-94.91331094162828,-275.24659687693463,-57.928855658408615
4904,-206.04215174737752,-18.353476622644695,-275.22597113843426,-57.47096239661125
4905,-216.98361443310952,-37.4808291854492,-274.3684094874669,-57.675143951760965
4906,-470.61522816994596,-55.9691082293502,-276.034623573154,-57.603875029941555
4907,-198.2165060979085,-28.534125352997695,-275.50234096167844,-57.6709920496455
4908,-137.0017384311483,-37.2642591069921,-274.35490330874995,-57.892626221650325
4909,-350.4642575155581,-60.97346058266754,-274.9830619609036,-57.79346610089785
4910,-241.62623714324764,-103.85680324597347,-274.12445547391445,-57.61634447276968
4911,-305.62292677566325,-60.16885947431238,-274.6302592105423,-57.26081298371976
4912,-216.12229304784873,-120.11577400990645,-273.93789360117125,-58.292689604123616
4913,-368.7562595649971,-80.66683036819069,-275.9976912032852,-58.866892329206934
4914,-287.20871751533974,-36.24195329758011,-276.22936943533,-58.94148071835458
4915,-245.99779864220002,-131.01080094186662,-276.15320204569656,-59.67155681809037
4916,-173.8244573725395,-17.25202322226924,-275.30998105897083,-59.17554425692101
4917,-290.78395911155246,-19.84457636526032,-275.0573478623065,-58.27720136089973
4918,-280.21315000914126,-44.03508455439133,-275.0933986723471,-57.86731521325865
4919,-280.6288622709748,-78.56264108934715,-275.63643714543053,-58.45755480582499
4920,-265.8858929268256,-98.25469368784293,-275.4554045049901,-59.25437984310778
4921,-298.02740894208995,-20.041946881781104,-275.9263720587291,-58.46550114756913
4922,-524.8764837532823,-81.67022334705325,-278.95229560649807,-58.92746051908149
4923,-175.1311050792786,-17.908971140876336,-278.66590905033416,-58.796064947930205
4924,-313.4283451978433,-68.29682580636137,-279.1343855445872,-59.107612176684995
4925,-291.5411105262489,-84.7399784174607,-279.33951460734846,-59.748492250439
4926,-233.9095482592572,-25.214934225495867,-278.9654913878456,-59.53715157558341
4927,-211.99951089730385,-21.611044980551508,-277.4926838029683,-59.59799567702018
4928,-405.5653447864415,-19.7683704772881,-278.6185992346602,-59.61466093238602
4929,-307.6182996272409,-68.08587281980782,-278.52801769153376,-59.24430284430808
4930,-212.698075722302,-45.01137124010404,-277.6604313912252,-59.51018677637282
4931,-183.98222067815297,-16.871241775576475,-276.65166895813525,-58.47811296897126
4932,-174.88718818722606,-68.83254185072043,-276.7858983723443,-58.95411431239943
4933,-411.320117071261,-85.47900437318559,-279.4696499083436,-59.16606792770623
4934,-354.57558588807154,-81.44068275547029,-281.0356950702245,-59.22545604046586
4935,-224.8454389089704,-19.61443820799772,-280.4774367401396,-59.24465574442189
4936,-223.72893753395073,-60.323343797701334,-279.72279913370954,-59.38794907169404
4937,-285.1249514356216,-64.29702832513624,-280.2721806993908,-59.19184482436689
4938,-311.2426179528753,-72.05837619425297,-279.69696309833694,-59.39483283012507
4939,-366.569315687844,-58.67453938272485,-280.1917365959297,-59.80391653422738
4940,-363.4371037238356,-111.35163073558527,-281.0240466575712,-60.00051972364317
4941,-244.93641109553613,-12.842311880582024,-281.0597816807596,-59.274899535409155
4942,-393.88101723128875,-33.522096079047444,-282.16597005074135,-58.46645830198597
4943,-262.04419643213316,-25.82574847862182,-281.5234329577355,-58.461613325346725
4944,-268.6912567967593,-134.98701108323064,-280.89216386377655,-59.044143411412264
4945,-367.73586656562594,-125.6523182789366,-281.10947721107954,-60.00028660867408
4946,-256.66713013235994,-85.51340880068152,-280.49675502711233,-59.233342016957245
4947,-342.5439750609042,-19.04531871572858,-282.27983642822807,-59.220268381233225
4948,-275.6432726377124,-70.55191263301863,-283.1830029689864,-59.47476464896201
4949,-381.7258991957453,-66.76949162277663,-283.25396221410585,-58.69168769731723
4950,-258.94406766782305,-20.447849199202523,-282.44996026080236,-57.74714481828958
4951,-234.04451932129783,-26.01871498757107,-281.7436811684672,-57.13626207112518
4952,-240.7106439833273,-95.71244788099088,-282.1282488413607,-57.925809171925266
4953,-287.51777530167624,-22.932660821261024,-281.1083612125433,-57.50833075627011
4954,-381.65248199076336,-82.51212290510585,-282.4150711034722,-58.1362107089316
4955,-370.0216470112713,-57.77514498015428,-283.0163339287479,-58.480987605771716
4956,-229.58880703851025,-18.094501692899748,-283.2830820662988,-58.499232789292094
4957,-317.3824442712674,-44.65737671010083,-283.2522838053642,-58.72177022717281
4958,-317.6213715163925,-18.852297761477942,-283.540468923831,-58.33236780155544
4959,-256.1029304365513,-58.9933062827625,-283.2824946820984,-58.59504017666008
4960,-316.0581769401077,-88.10763488351732,-283.6670104807517,-59.31019097791195
4961,-295.67834989966195,-41.20299653787944,-284.5815457490693,-59.468255242971715
4962,-306.4630345324842,-124.89495987773928,-285.23819601028924,-59.78488374870996
4963,-277.517005238351,-90.37357953764733,-285.9289413681087,-60.27182071769286
4964,-352.6169524447141,-20.17604040088723,-287.71234174259985,-60.283851173168046
4965,-355.6273169510806,-43.71220426183168,-288.86783800205114,-59.944583518329004
4966,-359.33633389907715,-42.57745552181859,-289.478607441429,-59.77221364725748
4967,-373.5561569092499,-68.45863064232485,-291.14929441800444,-59.49295019637111
4968,-345.13614392652596,-32.760315399056886,-291.7800388376094,-59.228278916078224
4969,-449.4248834653133,-59.64477374022082,-294.82282995535724,-59.40903140068197
4970,-294.3423313772543,-37.050293314436594,-294.5088755060576,-59.23737539289513
4971,-259.7229400812872,-36.0232770511572,-294.1150666975568,-58.947007682812476
4972,-244.78296255202974,-20.99335811823176,-292.9217976806285,-58.22724924950417
4973,-318.84569740182604,-19.601700652533374,-294.7044423394577,-57.37902255932476
4974,-345.06559495617546,-101.8266632325158,-296.21763674465984,-58.232270580480325
4975,-256.0274124424108,-68.14370213479691,-295.9714306193277,-58.76758202705108
4976,-440.84571326326306,-17.00495171170117,-298.2059317301907,-58.78625068070065
4977,-272.6719262779041,-66.55394052387147,-297.924041640602,-58.64099042095977
4978,-174.79781398230912,-63.99226769308263,-297.46433577235473,-58.35455428569717
4979,-238.00547135364565,-15.976087577012656,-296.8070089735489,-58.362196938046836
4980,-204.1127016751266,-20.852164642330823,-295.46718247544294,-57.7335689206472
4981,-339.71049717533754,-35.045217502682696,-296.20965387652706,-57.37357073557818
4982,-366.10761151872737,-73.73137712075973,-296.2057372265426,-57.96531804123931
4983,-184.85803236621013,-47.01599509022087,-295.53362818809387,-58.25243726686983
4984,-344.00845174655046,-19.39696322758221,-293.9677010282133,-57.12519987707651
4985,-289.2884536212725,-62.264392353440165,-293.5842478186269,-57.16889991828178
4986,-401.34448375668114,-21.92317112335538,-294.1328037093929,-57.23221401829711
4987,-316.40210704437897,-17.458553035109073,-293.99037158418616,-56.98365804718217
4988,-308.4282537906423,-21.33269328716943,-294.7061673555372,-56.372915816536015
4989,-533.3682181025724,-56.23317638920569,-295.1369957080372,-55.32004008989961
4990,-322.7632101197363,-26.379429909680823,-295.7333256903062,-55.37664008886881
4991,-347.86800466687254,-65.74530906454578,-295.91693067404407,-55.21772771982601
4992,-275.9777687300754,-118.17259884819163,-296.2111436832784,-56.25238219354257
4993,-228.8956874497153,-15.369659863356775,-296.46422143017406,-55.96933031582774
4994,-247.44528089005772,-55.400782137440835,-295.8024259453751,-55.681986860989966
4995,-268.69118679212653,-56.7898128007887,-295.7768640190809,-55.383476571145444
4996,-253.4300671817853,-48.3446522559662,-294.6330181861797,-55.21514195795937
4997,-285.00404782177037,-64.94756752404645,-295.88069640355224,-54.71078621255157
4998,-341.30659016859875,-17.52091163724899,-294.5365757926605,-54.34635168269935
4999,-241.09175897915296,-59.5698810459405,-294.5366579467975,-54.400807540478624
