episode,total_reward,target_reward,smoothed_total_reward_100,smoothed_target_reward_100
0,-240.88989328581843,-66.92338155922732,,
1,-442.105979947715,-83.47356893336114,,
2,-243.12726787825613,-41.75155585567023,,
3,-205.52909048719522,-29.775893819260162,,
4,-365.2267642398391,-29.47385796506611,,
5,-240.5487126069953,-53.125976649412706,,
6,-206.1084133088602,-10.97746533406303,,
7,-147.53837303710975,-13.748071801125352,,
8,-252.6871741188215,-76.94738105213888,,
9,-146.89060936478484,-17.779852025119993,,
10,-145.00344054856134,-15.418167011686752,,
11,-190.5550209309143,-63.62553169726742,,
12,-129.72033038484952,-59.461467540499804,,
13,-288.4618193725319,-13.604610381520311,,
14,-146.3433874756408,-18.182565822788806,,
15,-140.81983923577982,-12.803229358606542,,
16,-206.1723205172624,-20.416957567575704,,
17,-164.7289976897114,-12.420084224622064,,
18,-220.13015667299672,-13.363622810138734,,
19,-121.00686979291225,-17.6196983076233,,
20,-187.48908474900284,-14.689627090498158,,
21,-231.53782460725327,-15.95150567197251,,
22,-158.06869568902775,-18.28458371553895,,
23,-189.47212014990762,-16.504579162322162,,
24,-172.47071821030195,-16.66710877624572,,
25,-183.36014505962652,-19.851289498457476,,
26,-155.25345737253355,-15.991403360749167,,
27,-135.80974536661427,-15.349769896692262,,
28,-147.5373317480558,-32.978684543214946,,
29,-92.10861397562948,-40.967120277997296,,
30,-147.07916535021286,-39.359941010577735,,
31,-198.29846935692743,-15.914783602021876,,
32,-127.19604326646302,-17.227148340778495,,
33,-185.05259821846454,-14.062527266830724,,
34,-203.5310856772462,-17.613266047682355,,
35,-110.3284786769049,-17.22041396607242,,
36,-139.69003197252792,-15.499557194778994,,
37,-147.69407212327923,-64.47258572048598,,
38,-143.37595684619558,-16.252935824053505,,
39,-165.37715059403223,-25.006446259595656,,
40,-124.98815383532238,-17.34129222030582,,
41,-192.63586874667402,-34.28888863515407,,
42,-127.2038005455853,-14.910829189048446,,
43,-63.60776070228953,-16.819696605932105,,
44,-147.05831846331535,-18.284114818250995,,
45,-124.22878028238122,-56.59485081612743,,
46,-178.05759219591457,-13.549607760299407,,
47,-129.77487970926595,-29.666584887778793,,
48,-112.32723962095152,-17.90870392310191,,
49,-203.95248417883778,-16.196209284114076,,
50,-142.9251237938708,-16.15987868301793,,
51,-79.21220197264518,-52.95919296504099,,
52,-209.11173767864733,-35.03377344629633,,
53,-116.51788615917083,-16.701384406608856,,
54,-222.20837205695972,-21.747859176507145,,
55,-138.60768347997146,-15.723549278202862,,
56,-169.56344641075344,-20.395869360834975,,
57,-169.0346210453627,-13.94582349830116,,
58,-143.07708985155372,-15.22364199830863,,
59,-205.2054342523249,-14.36755957054493,,
60,-191.59920583391838,-18.851998005547866,,
61,-158.6545420010697,-18.484953826974113,,
62,-146.68349851946041,-15.241660801640574,,
63,-212.87580603503437,-39.49832520309199,,
64,-195.83271202958107,-38.21803834844542,,
65,-152.50382762524413,-12.052665351137932,,
66,-239.10329419237354,-11.261138840922232,,
67,-122.16516441824565,-15.122499832533231,,
68,-139.3120160995752,-30.915453099357073,,
69,-92.27468266868702,-14.493539719988359,,
70,-157.34336258651334,-55.4279093151728,,
71,-163.99714675812075,-27.84183942751789,,
72,-182.27842267311115,-14.271925562873136,,
73,-192.63364070770237,-13.271675300329244,,
74,-223.57266593438953,-17.792801216228742,,
75,-197.88718834135915,-12.52703988743508,,
76,-310.3714423966892,-19.11610641013508,,
77,-193.4332588567629,-85.99801963086985,,
78,-175.0433111175767,-12.801832438590237,,
79,-140.2233788148768,-12.10964547333374,,
80,-96.383127927699,-12.707903195681467,,
81,-211.79767789365167,-14.777008131490133,,
82,-124.49553543088135,-51.99180142173921,,
83,-132.7629827533683,-15.985157962195442,,
84,-189.5406769659926,-19.32989697615896,,
85,-195.5116135533423,-11.23540425050714,,
86,-175.3959923457855,-28.07485893437372,,
87,-142.35799041369697,-15.205352652082695,,
88,-247.89360308728908,-15.360709247072602,,
89,-155.6521434003964,-14.1795102521415,,
90,-229.42917768631872,-16.20590473866854,,
91,-176.4709428155656,-16.61847822616395,,
92,-129.63862735450405,-16.30424349626026,,
93,-110.86039176816624,-16.701145611823275,,
94,-138.0152052545304,-16.35092005594108,,
95,-108.34963344616787,-12.495720171054307,,
96,-171.07654923541412,-15.302905974089517,,
97,-187.22629229577373,-12.224675474311677,,
98,-230.6861824981462,-14.440117166972609,,
99,-123.99549458672037,-12.889121180401304,-173.28952133212263,-24.12257430278372
100,-184.03586051583395,-13.573150258640567,-172.72098100442278,-23.589071989777853
101,-127.68655631766481,-13.870685257754472,-169.57678676812228,-22.893043153021786
102,-125.90241423701627,-13.542243482020622,-168.40453823170986,-22.610950029285288
103,-235.84351470132097,-59.73999839811288,-168.70768247385112,-22.910591075073818
104,-135.63896029473756,-14.064957429437905,-166.41180443440012,-22.756502069717534
105,-110.38672301724588,-14.213587165118343,-165.11018453850264,-22.36737817487459
106,-146.91654060893268,-16.741546068586924,-164.51826581150337,-22.425018982219832
107,-145.7416912441734,-9.243721216172275,-164.500298993574,-22.379975476370298
108,-163.91030682853395,-14.653374046112843,-163.6125303206711,-21.757035406310038
109,-184.55127801504796,-15.47524799660874,-163.98913700717375,-21.73398936602492
110,-137.43616159621374,-12.18877103210636,-163.9134642176503,-21.70169540622912
111,-149.66682544846628,-15.008368155076143,-163.5045822628258,-21.215523770807206
112,-127.48435038941889,-11.255901232565426,-163.48222246287148,-20.733468107727866
113,-156.61753507490795,-14.529671806764934,-162.16377961989522,-20.742718721980307
114,-178.16152123211793,-14.265151220895333,-162.48196095746002,-20.70354457596137
115,-132.88648167345167,-51.633632259462,-162.40262738183674,-21.091848604969925
116,-170.93715415820134,-11.825637962811772,-162.05027571824613,-21.005935408922287
117,-166.491924009885,-12.027863624066827,-162.06790498144784,-21.00201320291674
118,-206.78400942651632,-10.186843364783462,-161.93444350898304,-20.970245408463185
119,-208.69230207106858,-12.165770024987483,-162.8112978317646,-20.915706125636827
120,-199.61557089847233,-8.335684181561039,-162.9325626932593,-20.852166696547457
121,-160.0371355704797,-12.195440138931412,-162.21755580289158,-20.81460604121704
122,-296.8352603215377,-11.814349454761208,-163.60522144921669,-20.749903698609266
123,-200.85181649997372,-12.682308415833493,-163.71901841271736,-20.71168099114438
124,-173.45111321613723,-9.325075713009848,-163.72882236277573,-20.63826066051202
125,-190.7556862705548,-12.20568898710486,-163.802777774885,-20.5618046553985
126,-242.4300986699248,-10.367263858261337,-164.67454418785888,-20.50556326037362
127,-218.36732611716093,-10.366421721199808,-165.50011999536434,-20.455729778618696
128,-151.4117406107877,-16.257374700774648,-165.53886408399168,-20.28851668019429
129,-170.52126842064504,-16.624936378573324,-166.32299062844186,-20.045094841200054
130,-208.20800639561003,-8.1018170220179,-166.93427903889582,-19.73251360131446
131,-204.5726984077315,-15.656555804585516,-166.99702132940388,-19.72993132334009
132,-219.78330387131047,-18.56705512988122,-167.92289393545232,-19.74333039123112
133,-205.1494451896022,-8.950626593655201,-168.1238624051637,-19.692211384499362
134,-205.22082234196805,-8.81438026561175,-168.14075977181088,-19.604222526678655
135,-235.14505746595052,-13.752213467358702,-169.38892555970136,-19.56954052169152
136,-228.10506604802427,-14.842662210527534,-170.27307590045635,-19.562971571849005
137,-243.34582855623012,-7.53914745527034,-171.22959346478584,-18.993637189196846
138,-211.03935601001416,-57.87648110935552,-171.906227456424,-19.40987264204987
139,-264.35914385728734,-16.098750797725657,-172.89604738905658,-19.32079568743117
140,-246.33547674448985,-14.940789642060055,-174.10952061814828,-19.29679066164871
141,-225.06864313525998,-18.65929602666958,-174.4338483620341,-19.140494735563866
142,-228.42861204165797,-29.554477664600313,-175.44609647699482,-19.286931220319385
143,-225.10647931608344,-28.49972966782263,-177.06108366313273,-19.403731550938293
144,-292.2275533111168,-31.137749300984897,-178.51277601161075,-19.53226789576563
145,-231.18674078779793,-35.518443921656505,-179.58235561666493,-19.32150382682092
146,-261.1409830152081,-15.295606270086203,-180.41318952485787,-19.338963811918784
147,-225.97573493363365,-35.70170150998046,-181.37519807710154,-19.3993149781408
148,-268.60001963468306,-94.36649035132739,-182.93792587723885,-20.163892842423053
149,-218.85728297701203,-9.349285433193698,-183.0869738652206,-20.09542360391385
150,-248.5392672792197,-34.82018012516844,-184.1431153000741,-20.282026618335355
151,-212.3929466673328,-13.043343900670212,-185.474922747021,-19.882868127691648
152,-270.9742646185297,-54.44665766109278,-186.09354801641985,-20.076996969839616
153,-202.18583320740888,-12.896759506194977,-186.9502274869022,-20.038950720835476
154,-243.76218556401145,-22.427365033601564,-187.16576562197275,-20.045745779406424
155,-239.27468713172675,-89.346366594746,-188.17243565849026,-20.781973952571857
156,-228.60155573058134,-89.49057748589543,-188.76281675168855,-21.472921033822463
157,-272.5805002827261,-58.4884704924217,-189.79827554406216,-21.918347503763663
158,-282.9705745106419,-72.90560354688633,-191.19721039065305,-22.49516711924944
159,-226.33777940971544,-72.27098276211551,-191.40853384222697,-23.074201351165147
160,-209.33403685092773,-54.733839147177136,-191.58588215239706,-23.433019762581438
161,-221.7780804811789,-89.67038527887385,-192.21711753719813,-24.144874077100436
162,-243.99281679327598,-27.87642152026012,-193.1902107199363,-24.27122168428663
163,-203.60000448538483,-38.73488145859042,-193.09745270443977,-24.263587246841613
164,-241.83148166975747,-45.7959467755477,-193.55744040084153,-24.339366331112632
165,-199.75596619789104,-29.658611386490314,-194.029961786568,-24.51542579146616
166,-207.66346596477072,-94.3690882683559,-193.715563504292,-25.3465052857405
167,-232.69234550380168,-59.18277865679828,-194.82083531514758,-25.78710807398315
168,-195.67822556761737,-77.01859744856289,-195.384497409828,-26.248139517475206
169,-251.07905249281657,-68.7515134060375,-196.97254110806927,-26.790719254335695
170,-243.1197670287329,-92.72815756800121,-197.83030515249146,-27.16372173686398
171,-221.59310230750566,-57.50098214536422,-198.40626470798531,-27.460313164042443
172,-224.07779182322443,-81.09669374029166,-198.82425839948647,-28.12856084581663
173,-189.51881308969314,-65.88459007308518,-198.7931101233064,-28.65468999354419
174,-204.1091114198676,-73.54596585840144,-198.5984745781612,-29.21222163996591
175,-233.0177880604799,-90.53283895681216,-198.94978057535238,-29.992279630659684
176,-227.93230985674973,-88.4643020265159,-198.12538924995297,-30.685761586823492
177,-243.37701901002256,-105.2736372685527,-198.62482685148558,-30.87851776320032
178,-274.10937294051695,-106.52694872995934,-199.61548746971496,-31.815768926114014
179,-289.88781531502804,-71.53120699488635,-201.11213183471648,-32.40998454132954
180,-206.08424133864006,-53.853388937143386,-202.20914296882592,-32.82143939874416
181,-191.2665364781334,-83.51837940814536,-202.00383155467074,-33.50885311151071
182,-212.93038742467485,-66.34202698459025,-202.88818007460867,-33.652355367139215
183,-201.7596370752829,-60.4433327297261,-203.57814661782783,-34.09693711481452
184,-243.08356137664026,-32.42321658166647,-204.1135754619343,-34.227870310869605
185,-220.37110995643684,-73.1206633005895,-204.36217042596522,-34.84672290137043
186,-168.8169933550721,-47.51458995966914,-204.29638043605806,-35.04112021162338
187,-216.15106972317113,-85.63175046921903,-205.0343112291528,-35.74538418979475
188,-206.28630489539665,-66.08929823374002,-204.6182382472339,-36.25267007966142
189,-231.0694270128158,-91.80272355284899,-205.3724110833581,-37.0289022126685
190,-238.9319760186446,-30.361227025891985,-205.46743906668135,-37.17045543554073
191,-227.1620084117214,-102.46312591723482,-205.97434972264293,-38.02890191245143
192,-225.2305833174417,-83.52418859158689,-206.9302692822723,-38.701101363404696
193,-195.69005305241274,-44.379593985351505,-207.77856589511475,-38.97788584713998
194,-236.58686524853272,-84.29714206212776,-208.76428249505474,-39.657348067201845
195,-188.0948783098828,-59.13445547048659,-209.5617349436919,-40.12373542019618
196,-183.297242824809,-74.14361258517165,-209.6839418795859,-40.71214248630699
197,-273.63128726826255,-24.301520301666066,-210.54799182931075,-40.83291093458053
198,-244.55087328148895,-80.02144623092218,-210.6866387371442,-41.48872422522003
199,-217.2945366686298,-39.515954112544506,-211.6196291579633,-41.75499255454146
200,-146.78185061627994,-69.39787972361698,-211.24708905896773,-42.31323984919123
201,-201.94827520546232,-26.415666871319424,-211.98970624784567,-42.438689665326876
202,-231.61033557453595,-81.95666862920456,-213.04678546122088,-43.12283391679872
203,-204.24735580809795,-71.27350918655856,-212.73082387228865,-43.238169024683174
204,-154.53876493426614,-33.58487778844172,-212.91982191868397,-43.43336822827321
205,-191.04588959473506,-13.357599201863117,-213.72641358445887,-43.42480834864065
206,-188.17975989855955,-20.34778731588221,-214.13904577735516,-43.460870761113604
207,-153.41030013181467,-3.185413567728488,-214.21573186623155,-43.40028768462918
208,-161.25578353927193,-8.581646747068696,-214.18918663333892,-43.33957041163874
209,-170.95625189344588,-36.648841107812814,-214.0532363721229,-43.551306342750784
210,-105.85617280927801,-34.92375175295306,-213.73743648425355,-43.778656149959254
211,-185.00751869281183,-23.67631239970572,-214.09084341669697,-43.86533559240555
212,-189.56217139003883,-53.551531678160494,-214.7116216267032,-44.2882918968615
213,-202.4509571312641,-23.479914715607666,-215.16995584726675,-44.377794325949914
214,-154.49769716992802,-20.354043820382184,-214.93331760664486,-44.43868325194479
215,-134.37342394247696,-27.145292840777593,-214.94818702933512,-44.193799857757945
216,-173.54181545913107,-52.67857814096873,-214.97423364234442,-44.602329259539516
217,-177.47925070516234,-30.107360894935482,-215.08410690929716,-44.7831242322482
218,-266.5860331422599,-44.99022525795929,-215.68212714645463,-45.13115805117996
219,-212.8063061556932,-21.77180882085094,-215.72326718730085,-45.22721843913859
220,-167.77311628583982,-40.76621269922904,-215.40484264117453,-45.55152372431527
221,-187.41243908957898,-23.99895020166187,-215.67859567636555,-45.66955882494257
222,-210.63898393248485,-66.85280056511193,-214.81663291247503,-46.21994333604608
223,-157.09165976738743,-50.88879627054907,-214.37903134514917,-46.60200821459324
224,-103.85275612123033,-81.84858622342078,-213.6830477742001,-47.327243319697345
225,-164.9631713301411,-56.995285952243705,-213.42512262479596,-47.77513928934874
226,-168.5562698126466,-18.331879291983405,-212.68638433622314,-47.85478544368596
227,-168.900487976101,-17.881830383045703,-212.19171595481254,-47.92993953030442
228,-166.91835124011314,-65.72859066058334,-212.34678206110578,-48.42465168990251
229,-222.01537743830298,-88.73479851594405,-212.86172315128235,-49.14575031127621
230,-175.6611444282309,-32.53384102166813,-212.53625453160856,-49.390070551272714
231,-202.9802574250425,-45.080574203256894,-212.52033012178168,-49.68431073525944
232,-177.6311564078344,-40.54205365416719,-212.09880864714694,-49.904060720502294
233,-199.2864008845208,-11.909838028088469,-212.04017820409612,-49.93365283484662
234,-187.40850588910797,-87.72677534763007,-211.8620550395675,-50.7227767856668
235,-192.42574352997548,-30.16197183785731,-211.43486190020778,-50.88687436937179
236,-199.60520044227533,-84.39947513678689,-211.14986324415025,-51.582442498634386
237,-244.5232631812278,-43.72995993558116,-211.16163759040023,-51.944350623437494
238,-155.0923206334813,-20.57344164518692,-210.6021672366349,-51.5713202287958
239,-172.77338997604687,-56.63522024519449,-209.6863096978225,-51.97668492327049
240,-195.46705583314116,-90.3741365300709,-209.17762548870903,-52.73101839215061
241,-205.58499105624546,-80.43217389075438,-208.98278896791888,-53.348747170791455
242,-202.80964919517658,-19.731961826655592,-208.72659933945408,-53.250522012412006
243,-169.63275219058093,-68.1167480232459,-208.17186206819906,-53.64669219596624
244,-203.46187850745423,-53.174563241973885,-207.28420532016244,-53.86706033537613
245,-234.667561128427,-49.88002510294705,-207.3190135235687,-54.01067614718903
246,-215.54417209287413,-82.19685257925443,-206.86304541434538,-54.679688610280714
247,-203.10669073420107,-75.75468221482228,-206.63435497235108,-55.080218417329135
248,-152.7629142848218,-90.88064596712638,-205.47598391885248,-55.045359973487116
249,-186.36153796400623,-70.69677427515269,-205.1510264687224,-55.65883486190671
250,-173.57450058102506,-70.41847909323137,-204.40137880174046,-56.01481785158734
251,-217.52331617002173,-54.88116829427585,-204.45268249676735,-56.4331960955234
252,-194.72687493252315,-71.63068194771468,-203.69020859990727,-56.605036338389624
253,-181.60837661485186,-68.80749651251487,-203.4844340339817,-57.16414370845281
254,-262.5575913948169,-64.36034269111936,-203.67238809228976,-57.58347348502799
255,-168.20473491729734,-54.139195336119826,-202.96168857014547,-57.23140177244173
256,-152.722559129783,-63.39754925055976,-202.20289860413746,-56.97047149008837
257,-198.98457606722403,-71.3132003116411,-201.46693936198244,-57.09871878828057
258,-185.14353267951935,-71.7809285546648,-200.48866894367117,-57.08747203835836
259,-251.13417318589617,-75.79835575152359,-200.736632881433,-57.12274576825244
260,-191.9655284022706,-100.66164992157996,-200.56294779694642,-57.58202387599647
261,-194.09275776434254,-79.16746734933425,-200.28609456977807,-57.47699469670107
262,-179.39569538749848,-100.96111777843494,-199.6401233557203,-58.20784165928281
263,-168.0616483799089,-38.32550398493356,-199.2847397946656,-58.20374788454625
264,-214.35671051868204,-43.41300648884928,-199.00999208315486,-58.179918481679266
265,-200.22424125197645,-56.22864244190342,-199.0146748336957,-58.4456187922334
266,-207.08966107886206,-33.88379914350821,-199.00893678483664,-57.84076590098492
267,-273.62650187275756,-51.63640209084755,-199.41827834852617,-57.76530213532541
268,-256.3052572020168,-25.93011031255486,-200.02454866487014,-57.25441726396534
269,-181.54938836422906,-33.65346929902006,-199.32925202358427,-56.90343682289516
270,-219.9850092458771,-57.81039887844838,-199.0979044457557,-56.55425923599963
271,-313.0884811373185,-38.46258751977078,-200.01285823405382,-56.36387528974369
272,-211.37769721141376,-11.27682852458415,-199.88585728793572,-55.665676637586614
273,-215.38668355267987,-32.51099129900859,-200.14453599256558,-55.331940649845855
274,-146.32199119221127,-16.31109936416892,-199.56666479028905,-54.75959198490352
275,-243.19892224385376,-33.9373551784428,-199.66847613212278,-54.19363714711982
276,-145.22859004281796,-14.307843601034852,-198.84143893398348,-53.45207256286501
277,-156.9768502843566,-14.024078655815579,-197.97743724672682,-52.53957697673764
278,-290.0492755226031,-33.16924178582654,-198.13683627254764,-51.80599990729631
279,-158.0618287524303,-48.10010964588594,-196.8185764069217,-51.571688933806314
280,-152.65832515163072,-32.13242865719005,-196.2843172450516,-51.354479331006786
281,-166.20732849366925,-34.921515145407106,-196.03372516520696,-50.8685106883794
282,-183.16917575217568,-14.539719034170163,-195.73611304848197,-50.350487608875206
283,-221.21136945746443,-16.16528962601253,-195.93063037230377,-49.90770717783806
284,-269.4464478048679,-15.796665428439432,-196.19425923658605,-49.74144166630579
285,-159.01664755407103,-51.123869856037956,-195.5807146125624,-49.521473731860276
286,-202.35287816518243,-12.595323207193259,-195.91607346066348,-49.17228106433552
287,-190.8460013083987,-93.79106095668743,-195.66302277651576,-49.253874169210206
288,-185.3444525705626,-55.50698748907816,-195.4536042532674,-49.148051061763596
289,-205.703305832984,-16.88201084848566,-195.19994304146908,-48.39884393471996
290,-222.47661310630704,-56.487599268675,-195.0353894123457,-48.66010765714779
291,-175.25311870207128,-35.007836167804406,-194.51630051524918,-47.98555475965348
292,-227.14742935348647,-18.96529920156385,-194.53546897560963,-47.33996586575325
293,-174.45549485159646,-18.668643442558523,-194.32312339360146,-47.08285636032532
294,-190.42897505460533,-22.67714488696455,-193.8615444916622,-46.46665638857369
295,-123.18637882674501,-31.43828254704725,-193.2124594968308,-46.189694659339295
296,-134.9227015757363,-58.49952971248529,-192.7287140843401,-46.033253830612445
297,-185.87130883851538,-30.878911991579507,-191.8511143000426,-46.09902774751157
298,-180.53882844366188,-59.31075278988369,-191.21099385166434,-45.89192081310118
299,-149.83047358237008,-15.8623471264207,-190.53635322080174,-45.655384743239935
300,-119.64869107811529,-21.05179695144913,-190.2650216254201,-45.17192391551826
301,-199.09035997471872,-39.6819173205585,-190.2364424731127,-45.30458642001065
302,-199.79839125364464,-57.68698749571939,-189.91832302990377,-45.0618896086758
303,-151.91961394924905,-21.744996898033417,-189.3950456113153,-44.56660448579055
304,-179.13221012323294,-23.67017683845344,-189.64098006320498,-44.46745747629067
305,-203.52411985389568,-48.0723859914955,-189.7657623657966,-44.81460534418699
306,-304.85277001535667,-47.59570733973951,-190.93249246696456,-45.08708454442556
307,-183.14142566359743,-31.831097310237283,-191.22980372228238,-45.37354138185065
308,-149.62172119266214,-46.84639067417645,-191.11346309881628,-45.75618882112173
309,-167.0968362735677,-15.669286589893886,-191.07486894261748,-45.54639327594254
310,-118.84597987795836,-81.43344702877664,-191.2047670133043,-46.01149022870078
311,-138.3620196284031,-23.231373184816785,-190.73831202266018,-46.007040836551894
312,-172.89570851519315,-12.639987512622252,-190.57164739391175,-45.59792539489651
313,-201.4729330665105,-36.042305119049615,-190.56186715326425,-45.72354929893093
314,-168.30300002359928,-42.260994097057335,-190.69992018180093,-45.94261880169768
315,-152.3813446883589,-33.71512883276903,-190.87999938925978,-46.0083171616176
316,-145.307057458819,-20.717571181674266,-190.59765180925666,-45.68870709202465
317,-180.1091290270113,-13.504612195982922,-190.62395059247513,-45.52267960503513
318,-179.12163079926182,-28.242855414425318,-189.74930656904513,-45.355205906599785
319,-218.71237117916843,-84.6691254067096,-189.8083672192799,-45.984179072458375
320,-216.27171637321288,-13.399094124040149,-190.29335322015365,-45.71050788670648
321,-198.63777322480308,-25.70765232532326,-190.4056065615059,-45.72759490794309
322,-170.44221035639936,-57.55532286863601,-190.003638825745,-45.634620130978334
323,-208.04927431888024,-12.890270559544323,-190.51321497125994,-45.254634873868284
324,-198.58366800549726,-27.461450251089026,-191.4605240901026,-44.71076351414497
325,-217.01593146495605,-11.150315784215419,-191.98105169145077,-44.252313812464685
326,-186.33489625243067,-14.850406153089695,-192.1588379558486,-44.21749908107575
327,-217.93022506275014,-11.104765765906473,-192.64913532671508,-44.149728434904354
328,-223.2758279226763,-12.808088152959586,-193.21271009354072,-43.62052340982812
329,-249.7413946314594,-12.120368023642122,-193.4899702654723,-42.8543791049051
330,-187.8765838253256,-28.724048314333047,-193.61212465944325,-42.81628117783175
331,-263.11740345687844,-12.292855886258822,-194.2134961197616,-42.488403994661766
332,-236.7439206726196,-21.1918408544575,-194.80462376240945,-42.294901866664674
333,-217.74318289401248,-10.925674217853606,-194.98919158250433,-42.28506022856232
334,-235.25922256620223,-10.706561866828096,-195.46769874927529,-41.514858093754306
335,-234.85115184596023,-10.21102437402363,-195.89195283243512,-41.31534861911596
336,-234.3410853261945,-11.41215559062791,-196.23931168127436,-40.58547542365437
337,-319.9760601066015,-12.638160131906696,-196.9938396505281,-40.27455742561763
338,-235.97208969415794,-11.93550155380246,-197.80263734113484,-40.18817802470379
339,-246.65146995053982,-11.456835234675358,-198.54141814087978,-39.736394174598594
340,-285.46604514639137,-12.740938832803833,-199.44140803401226,-38.96006219762592
341,-274.07491235952097,-93.9165999736409,-200.12630724704505,-39.094906458454794
342,-208.60681182384278,-13.065714508844998,-200.1842788733317,-39.02824398527668
343,-214.83725674522825,-14.932772590302138,-200.63632391887813,-38.49640423094725
344,-237.600882877193,-10.940415819638995,-200.97771396257556,-38.0740627567239
345,-244.5735391715336,-11.571132631108158,-201.07677374300664,-37.690973832005504
346,-265.3017497264224,-17.907961284031188,-201.57434951934212,-37.048084919053274
347,-255.51289866825454,-15.311136284689715,-202.09841159868267,-36.44364945975195
348,-307.3897914128347,-10.223786254993968,-203.64468036996277,-35.637080862630626
349,-290.742797291618,-23.20933547672394,-204.68849296323884,-35.16220647464634
350,-258.90811928837667,-13.190804177624713,-205.5418291503124,-34.58992972549028
351,-261.54295979735383,-13.117609132723643,-205.9820255865857,-34.17229413387475
352,-297.2300531423844,-23.715542215707945,-207.00705736868431,-33.693142736554684
353,-295.6789997133703,-12.756587686708901,-208.14776359966953,-33.132633648296625
354,-254.19274960900745,-13.799597255131262,-208.06411518181145,-32.62702619393674
355,-297.06629771412156,-22.869618003886536,-209.3527308097797,-32.31433042061441
356,-260.1975422669959,-11.542272463947873,-210.42748064115182,-31.79577765274829
357,-253.34436611672402,-13.772660288863998,-210.97107854164682,-31.220372252520523
358,-254.13934451603882,-12.762830254568708,-211.661036660012,-30.630191269519564
359,-243.58465408622348,-13.09032582320244,-211.58554146901525,-30.00311097023635
360,-250.52504381005892,-51.8460836944644,-212.17113662309316,-29.51495530796519
361,-329.1356527082214,-32.72281459072802,-213.52156557253193,-29.05050878037913
362,-281.78439153768477,-11.38154773715763,-214.54545253403379,-28.154713079966356
363,-310.65046142212344,-35.68269346062549,-215.9713406644559,-28.128284974723275
364,-243.94372911179815,-11.909031788552625,-216.26721085038707,-27.81324522772031
365,-218.3954067160044,-11.447848818547257,-216.44892250502735,-27.365437291486746
366,-283.28407427121124,-12.93623506648675,-217.21086663695084,-27.155961650716527
367,-211.9358683310866,-58.40842187655059,-216.59396030153417,-27.22368184857356
368,-268.30092484974506,-28.052855109726796,-216.71391697801147,-27.24490929654528
369,-281.2334770754426,-11.703194337097443,-217.7107578651236,-27.025406546926053
370,-224.42165718389992,-12.623031053443452,-217.75512434450383,-26.573532868676004
371,-195.74650390991476,-35.23359540621249,-216.58170457222977,-26.54124294754042
372,-215.38043674346974,-33.1668700883192,-216.62173196755032,-26.76014336317777
373,-219.17032426134764,-18.329964665273934,-216.659568374637,-26.618333096840423
374,-295.45363379257975,-13.822873111156046,-218.15088480064065,-26.593450834310296
375,-199.1647020555644,-11.848949888929969,-217.71054259875777,-26.372566781415166
376,-226.55633621965728,-13.53709538499107,-218.5238200605262,-26.36485929925473
377,-160.5119539305543,-25.875072350171433,-218.55917109698817,-26.483369236198286
378,-202.76989003885737,-19.039676921465837,-217.6863772421507,-26.34207358755468
379,-165.7487896638731,-20.83964682942279,-217.76324685126517,-26.06946895939005
380,-176.29403801681332,-12.317877241001487,-217.99960397991703,-25.871323445228164
381,-168.13755109960675,-27.73081371874492,-218.0189062059764,-25.799416430961543
382,-155.5389149935397,-87.04987918380415,-217.74260359839005,-26.524518032457884
383,-173.9386416932269,-13.204831502792498,-217.2698763207476,-26.494913451225685
384,-247.59331671792805,-13.684089249846416,-217.05134500987822,-26.473787689439757
385,-137.70132441297716,-10.91401744154933,-216.8381917784673,-26.07168916529487
386,-161.02706946373527,-12.61481241221398,-216.42493369145282,-26.071884057345077
387,-242.95700280604564,-12.761488923560027,-216.9460437064293,-25.2615883370138
388,-197.41155464369425,-12.260001322181859,-217.06671472716062,-24.829118475344842
389,-192.00900418209986,-12.161691494658998,-216.92977171065175,-24.781915281806572
390,-110.3005602544338,-21.003595164730733,-215.808011182133,-24.427075240767127
391,-225.63774236186592,-32.60219038381424,-216.31185741873094,-24.403018782927226
392,-154.98830009045116,-18.01763858590687,-215.5902661261006,-24.393542176770655
393,-174.60749507853984,-20.6319037031741,-215.59178612837002,-24.413174779376813
394,-223.56596624897134,-26.533669547546495,-215.9231560403137,-24.45174002598263
395,-217.28590653174285,-22.385105037821468,-216.8641513173637,-24.361208250890375
396,-248.31599173543648,-19.323090776537807,-217.99808421896068,-23.9694438615309
397,-256.68671929571065,-32.10737621344112,-218.7062383235327,-23.981728503749515
398,-223.3350253906125,-38.282757002932236,-219.13420029300218,-23.771448545880006
399,-148.05312719624806,-22.223659179633028,-219.11642682914098,-23.835061666412127
400,-260.19602980977174,-44.395888705279475,-220.52190021645754,-24.06850258395043
401,-198.51366745814352,-28.20196791943451,-220.51613329129177,-23.95370308993919
402,-222.20162248163388,-54.299122446489804,-220.74016560357165,-23.91982443944689
403,-213.68998293706102,-52.02515851600988,-221.35786929344974,-24.222626055626655
404,-343.5818416591387,-64.53996507856263,-223.00236560880882,-24.63132393802775
405,-214.4746505295924,-41.05992848081505,-223.11187091556576,-24.56119936292095
406,-229.33798550497045,-66.51416656734871,-222.3567230704619,-24.75038395519704
407,-219.0688789728751,-81.19266860164046,-222.71599760355468,-25.243999668111073
408,-248.2540876447223,-49.41144669327072,-223.70232126807528,-25.269650228302012
409,-234.8099871678699,-68.71691652689724,-224.3794527770183,-25.800126527672045
410,-247.73962022453105,-85.19430215017687,-225.668389180484,-25.837735078886045
411,-180.43783940313838,-58.75527127074125,-226.08914737823136,-26.19297405974529
412,-216.7958126029016,-77.4458654983589,-226.52814841910845,-26.841032839602658
413,-212.7076121307868,-64.56339664649443,-226.6404952097512,-27.126243754877105
414,-182.799762032849,-92.73581279864572,-226.7854628298437,-27.630991941892994
415,-272.4101984463008,-97.66675293378327,-227.98575136742315,-28.270508182903132
416,-209.94390620397655,-70.80589074041649,-228.63211985487473,-28.771391378490556
417,-208.45335609472437,-72.62839832692177,-228.91556212555187,-29.362629239799944
418,-224.9323596261257,-62.86232944798,-229.37366941382055,-29.70882398013549
419,-216.37178630225083,-47.61924592436733,-229.35026356505136,-29.33832518531207
420,-207.38670875237915,-59.6114169117099,-229.26141348884298,-29.80044841318877
421,-218.3402200704257,-59.26353389477229,-229.45843795729917,-30.136007228883255
422,-212.1919925376883,-44.407256692767724,-229.8759357791121,-30.00452656712457
423,-206.56936917890863,-32.994830899970104,-229.86113672771236,-30.20557217052883
424,-213.2938382333047,-47.47389320377987,-230.00823842999043,-30.405696600055737
425,-233.21358347654046,-39.188886265020095,-230.17021495010633,-30.68608230486378
426,-222.41455254210825,-45.92127731675988,-230.53101151300308,-30.996791016500485
427,-195.87589571871757,-29.598436046377895,-230.31046821956275,-31.181727719305204
428,-165.0091880829882,-45.586010718661456,-229.72780182116585,-31.50950694496222
429,-213.3472915674542,-23.566220090174383,-229.3638607905258,-31.62396546562754
430,-204.12178427601577,-24.842283309455198,-229.5263127950327,-31.585147815578758
431,-226.2576594561818,-16.911744507623002,-229.15771535502572,-31.6313367017924
432,-186.48958352066757,-43.953863298212205,-228.6551719835062,-31.858956926229943
433,-185.0764818918302,-41.87783834091475,-228.32850497348437,-32.168478567460554
434,-193.8431109963799,-26.93588817316181,-227.91434385778615,-32.330771830523894
435,-149.8064788053082,-41.862103658825475,-227.06389712737965,-32.64728262337192
436,-181.71237076194785,-42.65683079126018,-226.5376099817372,-32.959729375378245
437,-182.08531865213217,-39.07072485834155,-225.15870256719253,-33.224055022642595
438,-200.8110974695545,-28.45383081894309,-224.8070926449465,-33.389238315294
439,-148.36267750308576,-33.66150932011736,-223.82420472047195,-33.61128505614842
440,-144.6154661549073,-15.862640805377675,-222.4156989305571,-33.64250207587416
441,-142.74314614406342,-19.58079859412503,-221.10238126840252,-32.899144062078996
442,-131.30695107562823,-68.89321090041136,-220.32938266092037,-33.45741902599466
443,-131.05951576692476,-71.94912151589219,-219.49160525113734,-34.027582515250565
444,-162.10773920022973,-82.7351063265174,-218.7366738143677,-34.74552942031935
445,-182.63635279625865,-47.0671286725006,-218.11730195061494,-35.10048938073327
446,-144.37706147123706,-49.54684869714171,-216.9080550680631,-35.41687825486438
447,-108.00559150759528,-35.68414006026478,-215.43298199645653,-35.620608292620126
448,-200.74581396400475,-93.7356593720055,-214.36654222196825,-36.455727023790246
449,-107.93773035981947,-42.31515771140018,-212.53849155265024,-36.64678524613701
450,-192.64550012973302,-50.06365920047528,-211.8758653610638,-37.01551379636551
451,-136.2258680717569,-44.528626284610404,-210.6226944438078,-37.32962396788437
452,-149.96973087005892,-90.12895849951852,-209.15009122108455,-37.99375813072248
453,-168.32133430308784,-82.0438848833656,-207.87651456698174,-38.68663110268904
454,-136.4375198446451,-38.88710408983659,-206.6989622693381,-38.93750617103609
455,-149.1977677247242,-82.81100229218745,-205.22027696944411,-39.53692001391911
456,-118.76408521288609,-86.93670067409286,-203.80594239890303,-40.29086429602056
457,-145.50098935344465,-35.565935631173694,-202.72750863127027,-40.508797049443665
458,-226.6108695292041,-88.37158518378467,-202.45222388140192,-41.264884598735826
459,-153.59009558743867,-79.4770258969474,-201.55227829641407,-41.928751599473266
460,-202.88860012141828,-67.49478601979192,-201.07591385952765,-42.08523862272654
461,-171.39815019186764,-84.91525590992819,-199.4985388343641,-42.60716303591854
462,-172.071954906125,-92.56171174534907,-198.4014144680485,-43.418964676000456
463,-147.24852653335472,-62.424132018792406,-196.76739511916082,-43.68637906158213
464,-181.34097826307504,-68.4269289730714,-196.14136761067357,-44.25155803342732
465,-294.66041264882074,-69.47649224434949,-196.90401767000176,-44.83184446768534
466,-227.50208706310397,-86.39491211552392,-196.3461977979207,-45.56643123817571
467,-216.80738381845853,-63.9658290818066,-196.3949129527944,-45.62200531022827
468,-230.40259193834626,-100.63896597775936,-196.01592962368042,-46.347866418908595
469,-292.1160694365011,-66.49512419328607,-196.124755547291,-46.89578571747048
470,-229.35173891374703,-62.35253646965205,-196.17405636458946,-47.39308077163257
471,-245.61207501268646,-63.205248623719314,-196.6727120756172,-47.67279730380764
472,-232.5033876282061,-103.51314290277406,-196.84394158446452,-48.376260031952185
473,-250.78371190636648,-105.18373897985062,-197.16007546091473,-49.24479777509796
474,-251.90619637072345,-78.90208277254808,-196.72460108669617,-49.89558987171187
475,-252.43570633123937,-102.65848617937189,-197.25731112945292,-50.803685234616296
476,-251.34929934600055,-103.81700207270636,-197.50524076071636,-51.70648430149345
477,-253.72048249104782,-74.82211450404164,-198.43732604632132,-52.19595472303215
478,-249.04946991151868,-81.39883579208524,-198.90012184504792,-52.81954631173835
479,-239.31385981696815,-68.8320656023934,-199.63577254657886,-53.29947049946805
480,-262.1737385575144,-99.71938917021195,-200.49456955198585,-54.173485618760154
481,-266.18009160269423,-103.58965566174109,-201.47499495701672,-54.932074038190116
482,-266.74054848620324,-72.78358086572668,-202.58701129194338,-54.78941105500933
483,-277.88535868001804,-64.61936322151968,-203.62647846181127,-55.3035563721966
484,-275.4168224581813,-61.435942933875005,-203.9047135192138,-55.78107490903688
485,-248.03151080445917,-73.38163203424678,-205.00801538312862,-56.405751054963865
486,-273.089922046222,-68.59658471281648,-206.1286439089535,-56.96556877796989
487,-283.12207442040034,-70.67601119848833,-206.53029462509707,-57.54471400071918
488,-276.4077850323484,-77.39353661935708,-207.3202569289836,-58.19604935369094
489,-225.41784750490328,-92.32909440138828,-207.65434536221164,-58.997723382758224
490,-241.8671344595649,-106.82978532972422,-208.97001110426294,-59.85598528440816
491,-255.39576440916204,-78.37976145856288,-209.26759132473586,-60.31376099515565
492,-255.56598070295206,-105.08957162763089,-210.27336813086092,-61.18448032557289
493,-284.0810972613504,-69.87998967370469,-211.368104152689,-61.6769611852782
494,-244.77172325037088,-96.40147081839208,-211.580161722703,-62.375639197986644
495,-269.5954041994971,-79.64806010324241,-212.10325669938055,-62.94826874864086
496,-234.19315235720507,-81.32621879059431,-211.96202830559824,-63.568300028781415
497,-252.89825502545023,-89.76226627964458,-211.92414366289566,-64.14484892944344
498,-261.3266289255427,-86.06603239412736,-212.30405969824494,-64.6226816833554
499,-228.68678202518583,-94.95507958595962,-213.11039624653432,-65.34999588741866
500,-261.188823606599,-82.22136059071846,-213.1203241845026,-65.72825060627306
501,-230.55200090579908,-79.83521182985022,-213.44070751897917,-66.24458304537721
502,-270.2948514109878,-97.8259392848957,-213.92163980827272,-66.67985121376127
503,-311.46061338514664,-70.22275103474895,-214.89934611275356,-66.86182713894866
504,-282.4119691561656,-81.52504648770815,-214.28764738772384,-67.03167795304012
505,-236.96027475923682,-87.39454637958671,-214.51250363002026,-67.49502413202784
506,-224.96829775686888,-95.02101194134327,-214.46880675253925,-67.78009258576778
507,-247.49124816200083,-89.03419700963585,-214.7530304444305,-67.85850786984774
508,-255.98791019726866,-83.10230577567327,-214.83036866995596,-68.19541646067177
509,-241.71857415383914,-103.07743343667792,-214.89945453981565,-68.53902162976958
510,-300.1196186922746,-69.50767979178414,-215.4232545244931,-68.38215540618566
511,-234.07430860911998,-90.5163109192929,-215.9596192165529,-68.69976580267117
512,-247.26897550188232,-99.26618216515197,-216.26435084554274,-68.91796896933909
513,-267.8000587265305,-83.88973506121621,-216.81527531150016,-69.1112323534863
514,-263.0126935310177,-119.21000026458798,-217.61740462648183,-69.37597422814572
515,-274.6778004354179,-100.4728828221657,-217.640080646373,-69.40403552702955
516,-241.48499702449885,-87.15630081357497,-217.95549155457826,-69.56753962776114
517,-219.28452360907193,-104.03632977160348,-218.06380322972177,-69.88161894220796
518,-306.9288312375762,-85.00352597035165,-218.88376794583627,-70.10303090743169
519,-244.3868862803429,-100.02733132895418,-219.16391894561718,-70.62711176147755
520,-267.08088135306303,-105.89959963783545,-219.76086067162402,-71.0899935887388
521,-239.14603369748787,-104.90997750410042,-219.96891880789465,-71.54645802483208
522,-246.81379643995572,-95.09773792152185,-220.31513684691728,-72.05336283711962
523,-287.4538415893555,-80.54936395982322,-221.12398157102177,-72.52890816771814
524,-235.04831811285692,-79.82467196337038,-221.34152636981727,-72.85241595531404
525,-244.657984084917,-94.50438257797522,-221.45597037590105,-73.4055709184436
526,-253.6580936168409,-103.21537949911382,-221.76840578664837,-73.97851194026714
527,-240.2450030496686,-83.97177491245161,-222.21209685995785,-74.52224532892788
528,-253.62700714136315,-102.25964529706908,-223.09827505054162,-75.08898167471196
529,-234.07680697876225,-69.8101198734816,-223.30557020465469,-75.55142067254504
530,-210.12101547238655,-109.23772024830882,-223.3655625166184,-76.39537504193358
531,-233.58879072117657,-106.21837585811838,-223.43887382926837,-77.28844135543854
532,-260.1029044263499,-105.16872409723656,-224.1750070383252,-77.90058996342879
533,-241.8992056962219,-90.23693003009386,-224.74323427636912,-78.38418088032057
534,-357.91219818349225,-71.41212582569437,-226.38392514824025,-78.82894325684589
535,-330.8625089638547,-82.56869215906752,-228.19448544982572,-79.2360091418483
536,-302.3481352116078,-91.30228399375726,-229.4008430943223,-79.72246367387325
537,-230.0950700616103,-83.37328219530914,-229.8809406084171,-80.16548924724295
538,-247.37800495670962,-105.18931237217289,-230.34660968328865,-80.93284406277523
539,-213.95870364580963,-77.26879590095194,-231.00256994471587,-81.36891692858359
540,-109.42793868381456,-110.1129264024391,-230.65069467000492,-82.31141978455422
541,-175.35776061142388,-104.74209744090203,-230.97684081467855,-83.16303277302198
542,-56.89409298229924,-81.77372361037246,-230.23271223374525,-83.29183790012159
543,-81.23495909139373,-106.04212859241377,-229.73446666698993,-83.6327679708868
544,-158.4797437066623,-74.59892646226623,-229.69818671205425,-83.5514061722443
545,-116.03333275629207,-81.41893261063822,-229.03215651165456,-83.89492421162568
546,-126.77554262797396,-101.69281657417977,-228.85614132322192,-84.41638389039606
547,-105.27730945792307,-112.7898755262195,-228.8288585027252,-85.18744124505562
548,-175.57168351044263,-89.8245478503133,-228.57711719818963,-85.14833012983868
549,-108.53347948238357,-109.42498983228626,-228.5830746894153,-85.81942845104753
550,-133.7083311638084,-104.88979733828592,-227.993702999756,-86.36768983242564
551,-50.01437879677151,-114.43912452401132,-227.13158810700617,-87.06679481481964
552,-168.66605498209407,-103.45923695187072,-227.3185513481265,-87.20009759934317
553,-101.8872763476727,-105.02528912194191,-226.65421076857237,-87.42991164172894
554,-122.58664675653219,-107.521359711113,-226.51570203769126,-88.1162541979417
555,-170.20459355831835,-88.25025156196068,-226.72577029602715,-88.17064669063942
556,-120.01982401989824,-96.5858818577839,-226.7383276840973,-88.26713850247634
557,-193.13037423007518,-59.64782951520951,-227.2146215328636,-88.5079574413167
558,-220.25725103051417,-63.74538867154761,-227.1510853478767,-88.26169547619435
559,-133.04578343728494,-106.35476647765634,-226.94564222637516,-88.53047288200143
560,-190.6319211169382,-88.07751040077363,-226.82307543633036,-88.73630012581125
561,-101.34606638632425,-115.7703427298877,-226.12255459827495,-89.04485099401084
562,-102.97724607900948,-82.53233716180065,-225.4316075100038,-88.94455724817536
563,-170.07940024960604,-100.44595453643072,-225.65991624716625,-89.32477547335175
564,-182.3225554243018,-92.47658331793302,-225.66973201877852,-89.56527201680038
565,-162.04230513930682,-113.34580529896581,-224.34355094368337,-90.00396514734653
566,-183.91115523762497,-108.68425554434474,-223.90764162542857,-90.22685858163474
567,-184.3679641948422,-91.87491991955756,-223.58324742919245,-90.50594949001224
568,-143.55681948780583,-110.74427206123744,-222.71478970468704,-90.607002550847
569,-212.56158557554664,-92.99630937224273,-221.91924486607746,-90.87201440263658
570,-166.44647223735933,-105.45191657272899,-221.2901921993136,-91.30300820366733
571,-131.64076507142815,-102.16179838855177,-220.15047909990102,-91.69257370131567
572,-129.79643788858274,-113.57887855864496,-219.1234096025048,-91.7932310578744
573,-53.62360479528989,-96.79191809855497,-217.15180853139407,-91.70931284906143
574,-94.71565897315597,-86.95413239737064,-215.57990315741839,-91.78983334530966
575,-193.96648109661666,-103.41691767670196,-214.99521090507218,-91.79741766028296
576,-169.3624903389685,-110.0639246107166,-214.17534281500184,-91.85988688566304
577,-125.94160668697423,-71.2833994243414,-212.89755405696107,-91.82449973486604
578,-168.89533629810632,-107.62280719562395,-212.09601272082696,-92.08673944890143
579,-221.8489431705725,-94.9378248223646,-211.921363554363,-92.34779704110115
580,-273.9795161962898,-82.98053272965058,-212.03942133075077,-92.18040847669555
581,-184.33736081753298,-76.87610825086588,-211.22099402289916,-91.9132730025868
582,-120.72875287572053,-111.3356524334699,-209.76087606679434,-92.29879371826425
583,-180.59885819476986,-80.94682647664177,-208.78801106194186,-92.46206835081547
584,-177.98959608070652,-72.00099675315519,-207.81373879816712,-92.56771888900826
585,-179.00169133197,-102.3799854997124,-207.12344060344222,-92.85770242366291
586,-138.75317727876478,-96.76310384929297,-205.78007315576764,-93.13936761502767
587,-83.67502445534268,-91.42846004298727,-203.78560265611705,-93.34689210347264
588,-194.2809194459805,-84.29556882717708,-202.9643340002534,-93.41591242555084
589,-129.16901949128865,-75.94175721214393,-202.00184572011725,-93.2520390536584
590,-217.77420707332425,-80.78174901778706,-201.76091644625484,-92.99155869053902
591,-232.16151620353594,-101.72545455322515,-201.52857396419856,-93.22501562148565
592,-212.58651469939392,-103.91843973796092,-201.09877930416297,-93.21330430258895
593,-195.5661995873227,-102.950607734482,-200.2136303274227,-93.54401048319673
594,-250.5825691178436,-104.17654541845195,-200.27173878609742,-93.62176122919733
595,-229.51100340222794,-81.889955468811,-199.87089477812475,-93.64418018285302
596,-127.72717269864768,-66.06741874831707,-198.80623498153918,-93.49159218243022
597,-137.67677425795245,-111.6973455044868,-197.6540201738642,-93.71094297467866
598,-139.80241503500912,-126.68595890963061,-196.43877803495886,-94.11714223983371
599,-166.52936180912482,-106.61579556819176,-195.81720383279824,-94.23374939965602
600,-163.23233690597772,-98.28810889475155,-194.83763896579202,-94.39441688269636
601,-199.05722340071702,-111.05572229554572,-194.52269119074123,-94.70662198735333
602,-158.60596892072607,-100.00267172612415,-193.4058023658386,-94.72838931176561
603,-190.95155118915773,-79.64894774225871,-192.2007117438787,-94.8226512788407
604,-189.2791894458106,-82.86075185162578,-191.26938394677515,-94.83600833247986
605,-138.16150448779638,-101.67821395293859,-190.28139624406077,-94.97884500821338
606,-287.5687385958434,-78.80355527656647,-190.90740065245046,-94.81667044156562
607,-90.93842076334295,-82.89766163945654,-189.34187237846388,-94.75530508786383
608,-151.6743017784198,-88.11250355689748,-188.2987362942754,-94.80540706567606
609,-156.26442930931657,-106.64080521331938,-187.4441948458302,-94.84104078344248
610,-223.35145955214432,-99.25907816966138,-186.6765132544289,-95.13855476722125
611,-210.56217734081483,-90.45520176525771,-186.44139194174585,-95.13794367568092
612,-109.38371602635368,-76.22614151929923,-185.06253934699058,-94.90754326922239
613,-165.46103268552446,-73.04731568580863,-184.03914908658052,-94.79911907546831
614,-176.80517671822977,-98.83563623205512,-183.17707391845263,-94.59537543514297
615,-120.6570462496379,-125.86058722574688,-181.63686637659484,-94.84925247917877
616,-139.43840635784238,-99.75136263528582,-180.61640046992827,-94.97520309739588
617,-127.97048038381196,-81.64358678868098,-179.70326003767565,-94.75127566756666
618,-192.81898421590475,-65.91776766370084,-178.56216156745893,-94.56041808450016
619,-196.47498033059873,-94.50498299875095,-178.08304250796147,-94.50519460119814
620,-185.49715863134327,-88.86104338227946,-177.2672052807443,-94.33480903864256
621,-213.98405028550886,-97.76129396025847,-177.0155854466245,-94.26332220320415
622,-114.77672313490046,-95.23476748446424,-175.69521471357396,-94.26469249883355
623,-75.9404228618587,-112.98968175547024,-173.58008052629899,-94.58909567679004
624,-133.81756269748217,-100.90684134305037,-172.56777297214524,-94.79991737058684
625,-196.45096692833667,-84.47899402289872,-172.08570280057944,-94.69966348503608
626,-127.13677784400053,-67.8550746476419,-170.82048964285104,-94.34606043652137
627,-89.6249407346052,-78.96794646926725,-169.3142890197004,-94.2960221520895
628,-96.07912134215968,-85.21843673351812,-167.7388101617084,-94.125610066454
629,-169.00093428736002,-102.58552870264661,-167.08805143479435,-94.45336415474564
630,-131.72262310881052,-83.5633184909941,-166.3040675111586,-94.19662013717249
631,-213.31384066713926,-85.7432656709921,-166.10131801061823,-93.99186903530124
632,-196.32152782339173,-106.52277057362751,-165.46350424458865,-94.00540950006514
633,-227.12814809539097,-79.60440275773767,-165.31579366858034,-93.89908422734159
634,-107.69631622948415,-106.87134478889243,-162.81363484904026,-94.25367641697358
635,-132.32360096297415,-88.7193722084741,-160.82824576903144,-94.31518321746765
636,-108.10643238868111,-94.34389476257073,-158.88582874080217,-94.34559932515579
637,-70.10553727851936,-80.57918412250551,-157.28593341297125,-94.31765834442776
638,-95.03516156360314,-101.48415091643405,-155.7625049790402,-94.28060672987036
639,-102.28210842408346,-94.51605341970834,-154.64573902682292,-94.45307930505791
640,-138.78946104249255,-107.35570738479261,-154.9393542504097,-94.42550711488144
641,-127.11274054747359,-114.75468608612339,-154.4569040497702,-94.52563300133367
642,-94.6791331280727,-108.51637942308679,-154.83475445122792,-94.7930595594608
643,-159.10258138321558,-89.45491746484178,-155.61343067414614,-94.62718744818508
644,-121.74846047933335,-97.6777094194625,-155.24611784187286,-94.85797527775705
645,-194.53504396448574,-88.91922668241197,-156.0311349539548,-94.93297821847479
646,-220.05367832405065,-106.30237565101798,-156.96391631091555,-94.97907380924316
647,-91.36517561635145,-73.28838782369965,-156.82479497249986,-94.58405893221796
648,-178.44142141818656,-71.02775632474302,-156.8534923515773,-94.39609101696226
649,-173.36435280355738,-78.48684305651494,-157.50180108478904,-94.08670954920453
650,-147.66065355202866,-99.12990600667591,-157.64132430867124,-94.02911063588844
651,-78.62117180476503,-97.93803607018928,-157.92739223875117,-93.86409975135024
652,-274.40791617689626,-82.10921455309085,-158.98481085069918,-93.65059952736244
653,-180.11121305575855,-67.17391063290636,-159.76705021778002,-93.27208574247209
654,-86.61260919515654,-101.57745204568498,-159.40730984216628,-93.2126466658178
655,-145.45573154328093,-100.22240648364695,-159.15982122201592,-93.33236821503466
656,-91.79687907045853,-85.85781033645625,-158.87759177252153,-93.22508749982138
657,-123.48134497868733,-101.17090389730528,-158.18110148000767,-93.64031824364234
658,-173.3782937254882,-66.4084474655375,-157.7123119069574,-93.66694883158223
659,-102.64315803145288,-100.49321674139831,-157.40828565289908,-93.60833333421965
660,-131.61259983945487,-71.69294533907048,-156.81809244012422,-93.44448768360262
661,-120.61297379366565,-83.93794866864013,-157.0107615141976,-93.12616374299013
662,-130.82366208805118,-59.107858303611636,-157.28922567428805,-92.89191895440825
663,-110.79982528493098,-84.45184409897209,-156.69642992464128,-92.73197785003366
664,-144.6456865357566,-79.14431445884524,-156.31966123575586,-92.59865516144279
665,-116.0718219574186,-74.73883093229166,-155.859956403937,-92.21258541777604
666,-113.77710346550255,-88.97051534908147,-155.15861588621578,-92.0154480158234
667,-148.91160400096263,-81.1895054500986,-154.804052284277,-91.90859387112883
668,-83.12712891618239,-110.78122127567565,-154.19975537856075,-91.9089633632732
669,-132.89791258219068,-66.81158650756308,-153.4031186486272,-91.6471161346264
670,-164.86374075997898,-99.91931733996475,-153.38729133385337,-91.59179014229878
671,-132.24266137999425,-89.66652043650637,-153.393310296939,-91.46683736277832
672,-167.27648485684253,-72.81984575400493,-153.7681107666216,-91.05924703473191
673,-153.45255486958894,-70.4508263443038,-154.7664002673646,-90.7958361171894
674,-161.29346450007463,-100.01608576033567,-155.43217832263377,-90.92645565081905
675,-108.90407206215835,-77.44300143377444,-154.5815542322892,-90.66671648838977
676,-152.0129133569858,-102.54924790052395,-154.40805846246937,-90.59156972128784
677,-198.63716171190933,-71.69101124007732,-155.13501401271873,-90.5956458394452
678,-129.9562701634786,-94.82992163701422,-154.74562335137247,-90.4677169838591
679,-146.7086114424158,-97.60639013987051,-153.9942200340909,-90.49440263703417
680,-106.70540298563158,-62.612119264309015,-152.32147890198428,-90.29071850238076
681,-157.4226219763156,-69.32158750715855,-152.05233151357208,-90.21517329494368
682,-191.35971077711815,-104.94661435717285,-152.75864109258606,-90.15128291418071
683,-121.51847514795998,-87.92816115417648,-152.16783726211798,-90.22109626095607
684,-181.7457303315288,-107.81229947030968,-152.20539860462623,-90.57920928812763
685,-115.25909043927844,-69.14815391944752,-151.5679725956993,-90.24689097232496
686,-92.1944559304143,-101.26175164960675,-151.1023853822158,-90.29187745032809
687,-148.46231204496553,-69.35039201895052,-151.75025825811207,-90.07109677008772
688,-90.84182619516262,-94.37420162976464,-150.71586732560388,-90.1718830981136
689,-276.0009284134347,-96.60432875512144,-152.18418641482535,-90.37850881354338
690,-145.96050554272506,-91.5941749340722,-151.46604939951936,-90.48663307270623
691,-92.2319546660859,-99.27623214097154,-150.06675378414485,-90.46214084858369
692,-80.48200753591837,-103.1307762098028,-148.7457087125101,-90.4542642133021
693,-140.40253907006488,-99.77498114613189,-148.1940721073375,-90.4225079474186
694,-116.10123186008562,-88.0897194497005,-146.8492587347599,-90.26163968773109
695,-121.4746249183119,-104.53682233982794,-145.76889494992076,-90.48810835644127
696,-77.25919532778154,-96.16668465601182,-145.2642151762121,-90.78910101551823
697,-92.89175661537463,-64.27157901182751,-144.81636499978634,-90.31484335059163
698,-124.54201430645678,-73.01418385879914,-144.66376099250078,-89.77812560008333
699,-73.43393891116696,-98.48743772252189,-143.7328067635212,-89.69684202162662
700,-146.88626067094026,-94.56531348041753,-143.56934600117086,-89.65961406748328
701,-123.56591782277766,-78.76640005027458,-142.81443294539142,-89.33672084503057
702,-97.30189129126877,-64.43637518673373,-142.20139216909686,-88.98105787963665
703,-87.58691497680023,-73.52097821548466,-141.16774580697327,-88.91977818436891
704,-60.31294327440013,-108.77881087483742,-139.87808334525917,-89.17895877460101
705,-81.4324048735249,-108.0110803383789,-139.31079234911647,-89.2422874384554
706,-77.77835912561552,-89.77484511083344,-137.2128885544142,-89.35200033679808
707,-113.2749742975325,-90.93468835106998,-137.43625408975612,-89.43237060391422
708,-113.70198774295282,-97.97549211581631,-137.05653094940146,-89.53100048950341
709,-82.56046696086517,-105.95999812707579,-136.31949132591694,-89.52419241864098
710,-85.05234328152115,-94.2143964240216,-134.9365001632107,-89.47374560118459
711,-114.8549216525826,-79.43881624915156,-133.97942760632836,-89.36358174602353
712,-109.01066450690357,-87.3057419366337,-133.97569709113387,-89.47437775019687
713,-119.63533703857522,-90.80447307204678,-133.51744013466435,-89.65194932405925
714,-88.87827396687888,-81.7610987452079,-132.63817110715084,-89.48120394919077
715,-136.5456080001457,-106.12433961781346,-132.79705672465593,-89.28384147311144
716,-115.58714276444748,-111.93058926014054,-132.558544088722,-89.40563373936
717,-84.71020640771494,-121.31676263910451,-132.12594134896102,-89.80236549786423
718,-131.8117262018515,-109.69728012483701,-131.5158687688205,-90.24016062247559
719,-100.88284471663472,-104.04752043807662,-130.55994741268083,-90.33558599686886
720,-90.23255135460641,-111.0573324452308,-129.60730133991348,-90.55754888749837
721,-119.19354869759808,-106.45742394811877,-128.6593963240344,-90.64451018737697
722,-130.52369692973215,-112.39196885817405,-128.8168660619827,-90.81608220111406
723,-145.87990267448913,-85.14215542151877,-129.51626086010899,-90.53760693777456
724,-117.42932176039585,-89.1436711481303,-129.35237845073812,-90.41997523582536
725,-149.6969319499646,-104.91719306171152,-128.88483810095443,-90.62435722621349
726,-168.58664016295563,-68.63555549479888,-129.29933672414396,-90.63216203468507
727,-179.72531734617576,-97.66918345278324,-130.20034049025966,-90.81917440452023
728,-76.43273657326235,-97.5150312936674,-130.00387664257067,-90.94214035012172
729,-70.11323839799557,-101.02091591079761,-129.01499968367705,-90.92649422220322
730,-164.8388688863866,-97.26743364751813,-129.34616214145282,-91.06353537376843
731,-122.04760493088328,-89.08185780372945,-128.43349978409026,-91.09692129509583
732,-115.18355502635674,-96.77545679447418,-127.62212005611988,-90.99944815730429
733,-76.44413919155643,-101.23412066978388,-126.11527996708155,-91.21574533642475
734,-135.74327648347565,-95.350322105164,-126.39574956962146,-91.10053510958745
735,-153.8717495917556,-77.33451371303592,-126.61123105590929,-90.98668652463307
736,-117.25061928615666,-95.84192478300741,-126.70267292488403,-91.00166682483746
737,-148.08919421889146,-84.01442734465796,-127.48250949428774,-91.03601925705898
738,-85.50484048634449,-78.89565431836165,-127.38720628351516,-90.81013429107826
739,-91.0391061750291,-73.43197272006937,-127.27477626102461,-90.59929348408187
740,-131.7428025547878,-106.81402690381296,-127.20430967614757,-90.59387667927206
741,-136.6665139544351,-84.96077689803907,-127.2998474102172,-90.29593758739122
742,-92.1560898669435,-108.20941476250785,-127.27461697760592,-90.29286794078543
743,-66.12797441630792,-97.92441788116575,-126.34487090793684,-90.37756294494866
744,-149.7657788239494,-104.6451074882418,-126.62504409138299,-90.44723692563647
745,-101.47762913935084,-110.75284571310493,-125.69446994313164,-90.66557311594342
746,-84.3570396932063,-83.89707078510344,-124.3375035568232,-90.44152006728426
747,-130.75931424948266,-86.2242240502639,-124.7314449431545,-90.5708784295499
748,-114.34361303638437,-95.12910065298468,-124.09046685933647,-90.81189187283232
749,-177.7521853609707,-75.02164926802978,-124.13434518491061,-90.77723993494746
750,-89.48477652332521,-93.37854947099228,-123.55258641462358,-90.71972636959062
751,-180.7473297545967,-102.55047428979502,-124.57384799412189,-90.76585075178667
752,-124.93779408429266,-77.24356467074251,-123.07914677319587,-90.7171942529632
753,-156.48959544710135,-117.22054731725468,-122.84293059710929,-91.2176606198067
754,-174.869853413694,-93.44228888180264,-123.72550303929467,-91.13630898816785
755,-118.42715614973928,-109.24641157850806,-123.45521728535925,-91.22654903911646
756,-260.47782429370386,-101.11050660692274,-125.1420267375917,-91.37907600182113
757,-88.39624174305642,-127.67842678522061,-124.7911757052354,-91.64415123070027
758,-37.59687451730724,-88.94753115382697,-123.4333615131536,-91.86954206758318
759,-119.2040679126682,-102.29346952513947,-123.59897061196574,-91.8875445954206
760,-194.83678324940016,-102.60653028247894,-124.23121244606517,-92.19668044485466
761,-104.98671647717507,-112.61870869414106,-124.07494987290028,-92.48348804510968
762,-88.63215250438309,-102.5986055859703,-123.65303477706358,-92.91839551793328
763,-143.98345045615426,-90.86110759518918,-123.98487102877584,-92.98248815289544
764,-31.15370236353677,-108.70167984389698,-122.84995118705365,-93.27806180674597
765,-169.01408754765572,-75.85096181053416,-123.379373842956,-93.28918311552839
766,-159.9006093405044,-102.71293485848784,-123.84060890170603,-93.42660731062244
767,-87.33398086430472,-97.74910630969016,-123.22483267033944,-93.59220331921836
768,-102.46646935972008,-90.74845544173897,-123.41822607477482,-93.39187566087901
769,-120.12610435000012,-106.34318680364359,-123.29050799245292,-93.7871916638398
770,-23.017124166985177,-102.98102274044861,-121.87204182652299,-93.81780871784464
771,-121.21669782473033,-81.45453963606501,-121.76178219097034,-93.73568890984025
772,-87.34879039674419,-86.47097414737534,-120.96250524636935,-93.87220019377395
773,-109.60482258980959,-109.21426058401335,-120.52402792357157,-94.25983453617104
774,-143.32613804839946,-110.5385070601339,-120.34435465905482,-94.36505874916904
775,-134.57632534478964,-85.30179227619806,-120.60107719188115,-94.44364665759326
776,-249.73905054245134,-77.13895751637624,-121.5783385637358,-94.18954375375178
777,-160.67577451879427,-111.94111007591317,-121.19872469180464,-94.59204474211015
778,-146.82598904446104,-94.46600735778458,-121.36742188061447,-94.58840559931784
779,-158.71959197795553,-75.98355858334078,-121.48753168596987,-94.37217728375255
780,-136.16769565403663,-97.31177452114204,-121.78215461265391,-94.71917383632089
781,-147.2694873994671,-90.64470606454809,-121.68062326688542,-94.93240502189478
782,-201.45216649139616,-100.89847569107114,-121.78154782402818,-94.89192363523375
783,-154.6575852664005,-107.63964904554838,-122.11293892521259,-95.08903851414746
784,-193.0422848284511,-79.5568420588269,-122.22590447018182,-94.80648394003262
785,-153.07148353190533,-76.83196497469268,-122.6040284011081,-94.88332205058508
786,-160.2124436371575,-82.8997854486735,-123.28420827817553,-94.69970238857574
787,-137.38939259643234,-104.167546477248,-123.1734790836902,-95.04787393315873
788,-230.6565114804803,-95.56008700542732,-124.57162593654337,-95.05973278691535
789,-179.6560000704083,-86.67539988508719,-123.60817665311309,-94.960443498215
790,-175.95681255297086,-92.18141149644589,-123.90813972321556,-94.96631586383873
791,-192.2036399390679,-95.8288870914564,-124.90785657594537,-94.93184241334357
792,-167.52027737735432,-108.87816596489256,-125.77823927435975,-94.9893163108945
793,-154.91419895537237,-93.0182988632794,-125.92335587321283,-94.92174948806597
794,-156.51927239923725,-106.68989604974233,-126.32753627860433,-95.10775125406639
795,-185.55733702706672,-97.145411938464,-126.96836339969188,-95.03383715005276
796,-169.22145992593107,-85.09478385548488,-127.88798604567337,-94.92311814204749
797,-157.96714538130811,-95.81438609283602,-128.53873993333272,-95.23854621285757
798,-220.25866789067476,-83.30373245134938,-129.49590646917488,-95.34144169878307
799,-210.24656319727347,-81.10937015704658,-130.86403271203596,-95.16766102312832
800,-162.04404970211084,-97.36665920186982,-131.01561060234766,-95.19567448034284
801,-158.5251221705118,-92.49923201750426,-131.365202645825,-95.33300280001514
802,-170.0911699917396,-67.9214020207837,-132.0930954328297,-95.36785306835563
803,-200.5941649456839,-97.63344203063693,-133.22316793251855,-95.60897770650716
804,-123.33025271324664,-90.54928436619541,-133.85334102690703,-95.42668244142075
805,-134.8363750396586,-98.29106024905893,-134.38738072856836,-95.32948224052755
806,-112.82045004832653,-95.3854398635975,-134.73780163779549,-95.3855881880552
807,-95.4808784697903,-90.48992871758138,-134.55986067951807,-95.3811405917203
808,-140.98102378586992,-78.0362536012401,-134.83265103994722,-95.18174820657453
809,-175.47222085685357,-66.98120643595314,-135.7617685789071,-94.7919602896633
810,-154.33655479310738,-101.08843375859922,-136.45461069402296,-94.86070066300907
811,-101.81662805736974,-81.10605491777073,-136.3242277580708,-94.87737304969527
812,-94.73854158124303,-109.50059969152218,-136.1815065288142,-95.09932162724417
813,-119.9950284265929,-103.84689304380655,-136.18510344269438,-95.22974582696176
814,-92.56055919590275,-102.04412118116475,-136.22192629498463,-95.43257605132132
815,-173.1186173548511,-68.37356591919163,-136.58765638853168,-95.05506831433509
816,-112.86512991729126,-84.04172785296339,-136.56043626006013,-94.77617970026333
817,-131.52731434505068,-73.3296305990491,-137.02860733943348,-94.29630837986275
818,-120.23499015134355,-70.58165712850749,-136.9128399789284,-93.90515214989946
819,-178.57585506489164,-88.99131478555137,-137.68977008241097,-93.75459009337422
820,-105.80770579454324,-109.85686094910969,-137.84552162681038,-93.74258537841301
821,-157.89534269142513,-91.16489884289595,-138.23253956674864,-93.58966012736079
822,-84.0321136183388,-66.93056195474783,-137.76762373363468,-93.13504605832652
823,-226.03401414579895,-100.66442803020165,-138.56916484834775,-93.29026878441336
824,-140.00096272430795,-68.87864231094856,-138.7948812579869,-93.08761849604154
825,-122.73294254053842,-98.17129675708512,-138.52524136389263,-93.02015953299528
826,-133.53397561096563,-94.5269058141579,-138.17471471837274,-93.27907303618888
827,-146.96397234417717,-105.24627356460111,-137.84710126835273,-93.35484393730707
828,-188.68228599835732,-73.80350802797807,-138.96959676260366,-93.11772870465018
829,-250.33470803773722,-57.285586471881246,-140.77181145900113,-92.68037541026101
830,-248.2757156523892,-73.92846414337916,-141.60617992666116,-92.44698571521961
831,-191.96034219429336,-72.23578589535782,-142.30530729929527,-92.27852499613589
832,-179.7201165309437,-71.61190403759892,-142.95067291434114,-92.02688946856713
833,-157.73295401659863,-78.90198478522855,-143.76356106259152,-91.80356810972158
834,-124.87422431107255,-88.49865391379292,-143.6548705408675,-91.73505142780786
835,-199.26855505015243,-95.81033973746976,-144.1088385954515,-91.91980968805221
836,-210.60698736353834,-70.39861268478671,-145.0424022762253,-91.66537656707001
837,-259.15092926187344,-73.56329501823897,-146.1530196266551,-91.56086524380582
838,-213.50875454583226,-59.71232235327424,-147.43305876725003,-91.36903192415495
839,-249.9134646748989,-103.86365024542555,-149.0218023522487,-91.6733486994085
840,-231.79063354751239,-92.0397039800952,-150.02228066217594,-91.52560547017131
841,-217.14866293552691,-88.17835458562165,-150.82710215198685,-91.55778124704715
842,-252.89761877181192,-90.54949929684548,-152.43451744103552,-91.38118209239053
843,-219.03059570589778,-89.31289125641462,-153.96354365393142,-91.29506682614301
844,-211.8823093502332,-67.2029968419015,-154.58470895919424,-90.92064571967961
845,-247.28225096113056,-66.32992090206652,-156.04275517741206,-90.47641647156922
846,-207.98742485010692,-70.88432944581774,-157.27905902898107,-90.34628905817637
847,-179.25778673345374,-104.27850570257486,-157.7640437538208,-90.52683187469948
848,-216.59637374985016,-74.21205901807726,-158.78657136095546,-90.31766145835041
849,-213.71025644060148,-101.452473126329,-159.14615207175174,-90.5819696969334
850,-195.24179696187048,-72.7645954865127,-160.2037222761372,-90.3758301570886
851,-156.43264004900723,-76.39738456870509,-159.9605753790813,-90.1142992598777
852,-247.8510719037626,-103.74521715724521,-161.189708157276,-90.37931578474273
853,-206.04765236082517,-86.69001760436208,-161.68528872641323,-90.07401048761379
854,-189.52893836757124,-107.00840109407345,-161.831879575952,-90.20967160973649
855,-196.08873197717372,-87.28731105403466,-162.60849533422635,-89.99008060449175
856,-234.01550126577703,-66.25422210437071,-162.34387210394706,-89.64151775946624
857,-219.74662423243612,-72.11182761513993,-163.65737592884088,-89.08585176776545
858,-205.13220421101477,-70.5287522951761,-165.33272922577797,-88.90166397917895
859,-218.02660589369233,-102.08573013035529,-166.3209546055882,-88.89958658523109
860,-210.51082772137266,-82.1146229163032,-166.47769505030794,-88.69466751156935
861,-196.0098071060188,-89.41080016500814,-167.3879259565964,-88.462588426278
862,-216.8318728423905,-85.23300745868582,-168.66992315997646,-88.28893244500517
863,-253.3210913111003,-75.6424472990048,-169.76329956852592,-88.13674584204333
864,-212.26929588733464,-68.25157888739135,-171.57445550376391,-87.73224483247826
865,-222.4233238379866,-109.39773577026536,-172.1085478666672,-88.06771257207558
866,-223.67548700097535,-94.93318322851516,-172.7462966432719,-87.98991505577585
867,-194.912138766478,-107.61885124511792,-173.82207822229364,-88.08861250513014
868,-163.77180842419472,-112.37455851276151,-174.4351316129384,-88.30487353584036
869,-256.31987091920286,-71.65662267503087,-175.7970692786304,-87.95800789455421
870,-214.11681536871038,-63.488572873743024,-177.70806619064763,-87.56308339588716
871,-216.7849480923588,-93.1242057303494,-178.66374869332392,-87.67978005683
872,-188.07943494700913,-78.48288014021063,-179.67105513882657,-87.59989911675835
873,-228.4560682616767,-69.76714460004487,-180.85956759554526,-87.20542795691868
874,-198.95019017692186,-67.59981368370842,-181.41580811683048,-86.77604102315442
875,-207.6047391760238,-81.73990235415603,-182.1460922551428,-86.740422123934
876,-184.4833913851314,-86.8747534373534,-181.49353566356962,-86.83778008314378
877,-217.21085780490512,-65.1366662538605,-182.05888649643074,-86.36973564492325
878,-182.7422074734621,-92.99613359266363,-182.41804868072077,-86.35503690727205
879,-169.60614352492732,-66.51578039735834,-182.5269141961905,-86.26035912541224
880,-217.15007727940358,-92.97339587604775,-183.33673801244416,-86.21697533896129
881,-97.32708535047185,-103.53875910906427,-182.8373139919542,-86.34591586940644
882,-158.77329073335864,-98.8825263625667,-182.41052523437384,-86.32575637612139
883,-213.51231696598515,-66.88523518388732,-182.9990725513697,-85.91821223750479
884,-165.5302367714148,-76.85129248617253,-182.7239520707993,-85.89115674177823
885,-185.04017994559968,-91.82000942313238,-183.04363903493623,-86.04103718626264
886,-196.54843475579844,-98.29575173832102,-183.40699894612266,-86.19499684915911
887,-121.69188483626776,-92.56893773009821,-183.25002386852097,-86.07901076168761
888,-203.74134577990836,-82.75068970977469,-182.98087221151528,-85.95091678873109
889,-184.82990494199024,-62.60725494584864,-183.03261126023108,-85.7102353393387
890,-172.9614717647106,-94.05702256026615,-183.00265785234848,-85.72899144997689
891,-133.52871380642,-106.51684106118853,-182.41590859102203,-85.83587098967422
892,-118.03831415572704,-92.97908361350139,-181.9210889588057,-85.6768801661603
893,-193.85049442794462,-104.32339970737299,-182.31045191353147,-85.78993117460124
894,-94.74760467570071,-99.9165983404111,-181.6927352362961,-85.72219819750794
895,-122.96713321032632,-100.6655937584995,-181.0668331981287,-85.75740001570828
896,-145.76892913050864,-108.77813039190293,-180.8323078901745,-85.99423348107247
897,-175.67692097422875,-88.10178384437076,-181.0094056461037,-85.91710745858782
898,-209.2678667941079,-68.94884638687368,-180.89949763513803,-85.77355859794307
899,-153.91711866453636,-108.30826624703278,-180.33620318981065,-86.04554755884294
900,-171.53639831527454,-93.45659945429198,-180.4311266759423,-86.00644696136716
901,-133.3136493242598,-72.73524711960594,-180.17901194747975,-85.80880711238817
902,-186.23661530172652,-68.62691976321743,-180.34046640057963,-85.8158622898125
903,-96.5419098948596,-71.90398652075277,-179.29994385007134,-85.55856773471366
904,-140.5370467845377,-96.01552899698994,-179.47201179078428,-85.6132301810216
905,-123.8985979155538,-93.5383652508183,-179.36263401954324,-85.5657032310392
906,-241.43029532911265,-111.03447887599562,-180.6487324723511,-85.72219362116319
907,-161.25164369815352,-94.33203539448577,-181.30644012463475,-85.76061468793222
908,-191.8317806894098,-88.86868990562296,-181.81494769367012,-85.86893905097604
909,-131.83086224184137,-69.94509175730185,-181.37853410752,-85.89857790418952
910,-158.38059417913988,-82.09431586916209,-181.41897450138035,-85.70863672529515
911,-218.2371610048707,-101.35408808663644,-182.58317983085536,-85.91111705698381
912,-235.30729046611174,-74.37198581823729,-183.98886731970404,-85.55983091825097
913,-127.94328738388938,-106.50770639735825,-184.068349909277,-85.5864390517865
914,-140.4586929310793,-106.57099977338981,-184.54733124662874,-85.63170783770875
915,-180.0600176507349,-67.33279466883961,-184.6167452495876,-85.62130012520522
916,-219.31795078911907,-100.6754293692951,-185.6812734583059,-85.78763714036855
917,-173.82945074407473,-102.36883620319482,-186.1042948222961,-86.07802919641
918,-177.52797302296096,-76.99840272774435,-186.6772246510123,-86.14219665240236
919,-160.32237023539125,-75.26322882625257,-186.4946898027173,-86.00491579280938
920,-170.9770802984586,-97.37996542209548,-187.14638354775644,-85.88014683753923
921,-158.1361715495819,-72.58536689700175,-187.14879183633803,-85.6943515180803
922,-114.49850585174883,-76.61663289701322,-187.45345575867213,-85.79121222750295
923,-307.9286160040177,-74.23241639443842,-188.27240177725432,-85.52689211114532
924,-167.93989953728413,-89.30072078986008,-188.55179114538407,-85.73111289593443
925,-207.72282961736238,-87.02635697270799,-189.4016900161523,-85.61966349809067
926,-155.2924974870653,-98.27348896035416,-189.6192752349133,-85.65712932955262
927,-144.7710017773051,-76.79577966887567,-189.5973455292446,-85.37262439059538
928,-205.15032521339927,-91.56274328197925,-189.762025921395,-85.55021674313538
929,-127.12827279233963,-108.96359899339569,-188.52996156894102,-86.0669968683505
930,-148.2346784371083,-67.55445856733384,-187.52955119678822,-86.00325681259005
931,-128.74566471184772,-95.25939672827032,-186.89740442196376,-86.23349292091919
932,-169.1731145476104,-100.93208016773474,-186.79193440213044,-86.52669468222055
933,-135.413940144633,-86.46240916462894,-186.5687442634108,-86.60229892601456
934,-152.60037019025216,-65.9053240291073,-186.8460057222026,-86.3763656271677
935,-239.5304296849631,-63.67873991199861,-187.2486244685507,-86.05504962891298
936,-93.32585020741035,-101.71771439483213,-186.0758130969894,-86.36824064601343
937,-132.71513577761456,-103.9891260501457,-184.8114551621468,-86.6724989563325
938,-123.7997722705482,-60.16861154763173,-183.91436533939398,-86.67706184827607
939,-127.04666489631953,-102.44563495978349,-182.68569734160818,-86.66288169541967
940,-125.62620034165967,-80.37626601581103,-181.62405300954967,-86.54624731577684
941,-177.236826147342,-95.24555168645767,-181.22493464166777,-86.61691928678519
942,-140.72934504704034,-93.97009112275865,-180.1032519044201,-86.65112520504432
943,-100.31511409015188,-106.99878070900597,-178.9160970882626,-86.82798409957023
944,-133.21313535088382,-75.31018579432899,-178.1294053482691,-86.9090559890945
945,-102.92995608114234,-110.23673512418475,-176.68588239946922,-87.34812413131569
946,-154.37896001349878,-107.52121878576249,-176.14979775110316,-87.71449302471514
947,-133.5698251808087,-96.31987174806703,-175.69291813557672,-87.63490668517007
948,-111.74346862624117,-106.86475399615627,-174.64438908434065,-87.96143363495084
949,-86.07693127651955,-86.98437824610782,-173.36805583269984,-87.81675268614863
950,-153.51156116810887,-79.98299332961695,-172.9507534747622,-87.88893666457966
951,-118.33099824116331,-109.9557079456964,-172.56973705668375,-88.22451989834957
952,-146.3220742282414,-93.58178690329228,-171.55444707992854,-88.12288559581005
953,-130.63912930602547,-88.47888597278575,-170.80036184938052,-88.14077427949428
954,-163.12886159804037,-88.41567090609013,-170.53636108168521,-87.95484697761445
955,-200.3078997431451,-67.23371855464038,-170.57855275934494,-87.75431105262052
956,-167.32699829278602,-69.87738105779798,-169.91166772961503,-87.7905426421548
957,-160.20144072626505,-58.38036274339895,-169.31621589455332,-87.65322799343738
958,-187.7030520367258,-110.943424884331,-169.14192437281045,-88.05737471932895
959,-152.680713524055,-86.502500776379,-168.48846544911407,-87.90154242578917
960,-166.0972601117403,-91.26591052212282,-168.04432977301778,-87.99305530184738
961,-216.06144264633568,-64.74119002930104,-168.24484612842093,-87.74635920049029
962,-294.8733111971969,-75.45594168055452,-169.02526051196898,-87.64858854270896
963,-190.31152529879452,-83.73364889705796,-168.39516485184595,-87.72950055868951
964,-185.07605253468256,-106.31509698652097,-168.12323241831942,-88.11013573968079
965,-146.08519624294894,-75.11706940767561,-167.35985114236905,-87.7673290760549
966,-153.362817446707,-89.55787206215702,-166.6567244468264,-87.71357596439132
967,-147.67925669536032,-75.78103464696333,-166.1843956261152,-87.39519779840978
968,-192.5246999452971,-82.69960379261626,-166.47192454132622,-87.09844825120834
969,-208.79009467520564,-64.04009052023098,-165.99662677888625,-87.02228292966035
970,-154.0029171871442,-99.37148425054181,-165.3954877970706,-87.38111204342833
971,-152.5223180535732,-97.37697278717378,-164.75286149668273,-87.42363971399656
972,-167.78603855215545,-111.100233719678,-164.54992753273416,-87.74981324979123
973,-149.00524197498962,-88.26404916772512,-163.75541926986728,-87.93478229546804
974,-195.36073808670585,-91.94514597857352,-163.7195247489651,-88.17823561841668
975,-220.20582224837182,-89.39067307384339,-163.8455355796886,-88.25474332561356
976,-265.5768424037259,-110.07314447218478,-164.65647008987455,-88.48672723596188
977,-178.85487810457465,-110.40403264793932,-164.27291029287125,-88.93940089990267
978,-146.13500341114252,-95.79541736320614,-163.90683825224804,-88.96739373760809
979,-182.36866806525796,-77.02952474517963,-164.03446349765133,-89.0725311810863
980,-165.40103875704287,-87.84393691304727,-163.5169731124277,-89.0212365914563
981,-177.61708319405165,-67.4723846104182,-164.31987309086352,-88.66057284646985
982,-175.40608155109115,-76.665166664581,-164.48620099904085,-88.43839924948999
983,-239.08288933186063,-73.47052248977754,-164.7419067226996,-88.5042521225489
984,-182.4700822400306,-97.00330058815342,-164.91130517738577,-88.7057722035687
985,-185.61852895251855,-84.26914602444205,-164.91708866745495,-88.6302635695818
986,-163.85601003748465,-107.42121443920135,-164.59016442027183,-88.7215181965906
987,-161.5914340623786,-76.60824386376076,-164.98915991253295,-88.56191125792722
988,-180.55850287765963,-76.53160846482841,-164.75733148351046,-88.49972044547776
989,-152.4967125363503,-72.46320249233233,-164.43399955945407,-88.59827992094259
990,-203.54102689678638,-106.16658381974491,-164.73979511077482,-88.71937553353739
991,-188.05889506936148,-94.66132404812333,-165.2850969234042,-88.60082036340673
992,-172.99169370420495,-68.5669997821869,-165.83463071888903,-88.35669952509357
993,-286.75967902922355,-100.76144995789764,-166.7637225649018,-88.32108002759884
994,-148.96792101592573,-99.28116598942464,-167.30592572830406,-88.31472570408896
995,-221.97298342501782,-71.63953402584038,-168.295984230451,-88.02446510676238
996,-208.5319548375875,-99.01913698062543,-168.9236144875218,-87.92687517264959
997,-207.51348646414758,-73.39119249561907,-169.241980142421,-87.77976925916207
998,-149.3483369233729,-84.32339561954421,-168.64278484371363,-87.93351475148879
999,-146.96444923344464,-92.07083114637322,-168.5732581494027,-87.7711404004822
1000,-218.83148904076063,-86.16159111626567,-169.04620905665755,-87.69819031710193
1001,-144.92860880721383,-87.49380924718238,-169.1623586514871,-87.8457759383777
1002,-155.50601379344798,-81.7610256319859,-168.8550526364043,-87.97711699706537
1003,-142.57463240199542,-106.74278760352638,-169.3153798614757,-88.32550500789311
1004,-141.34813489823165,-104.07660403790602,-169.3234907426126,-88.40611575830226
1005,-144.60073261116995,-91.08273301030061,-169.53051208956876,-88.38155943589709
1006,-177.41155301491358,-88.44779808240989,-168.89032466642678,-88.15569262796124
1007,-212.58539931905634,-84.41887212530122,-169.4036622226358,-88.0565609952694
1008,-155.26443197840854,-70.33855842581086,-169.0379887355258,-87.8712596804713
1009,-216.35684984115557,-80.26318950745039,-169.88324861151895,-87.97444065797276
1010,-212.65253544138136,-101.21901777421965,-170.42596802414135,-88.16568767702334
1011,-263.03654328525016,-70.22341353844286,-170.87396184694518,-87.85438093154141
1012,-173.2102513547863,-79.85796377888411,-170.25299145583188,-87.90924071114786
1013,-218.13565931097253,-90.06578479542115,-171.15491517510267,-87.7448214951285
1014,-162.72306556114194,-103.62331127390372,-171.3775589014033,-87.71534461013364
1015,-204.38487854663416,-104.00795901454869,-171.62080751036228,-88.08209625359073
1016,-165.26424187956206,-72.21948469156732,-171.0802704212667,-87.79753680681344
1017,-164.50294305228053,-108.3751640036711,-170.98700534434877,-87.8576000848182
1018,-201.3490162941364,-99.42023685989793,-171.22521577706058,-88.08181842613973
1019,-145.55497717611766,-89.66806023944343,-171.07754184646785,-88.22586674027164
1020,-131.17918481534798,-92.14325867762491,-170.67956289163675,-88.17349967282694
1021,-172.467092023441,-94.23458447324059,-170.82287209637533,-88.38999184858933
1022,-187.92167167169495,-81.3686025135431,-171.5571037545748,-88.43751154475463
1023,-169.6727255410732,-87.15319105913863,-170.17454484994533,-88.56671929140163
1024,-152.5811046893092,-69.30046184342405,-170.02095690146558,-88.36671670193728
1025,-215.61071477042228,-64.04739586574502,-170.0998357529962,-88.13692709086766
1026,-180.3056814452303,-85.09394743902537,-170.34996759257785,-88.00513167565437
1027,-194.79501897027032,-96.9941488200094,-170.8502077645075,-88.2071153671657
1028,-142.09778418991888,-108.36562798611993,-170.21968235427272,-88.37514421420711
1029,-219.20463806554756,-80.25316740733979,-171.1404460070048,-88.08803989834655
1030,-147.10116294037468,-75.86278420714177,-171.12911085203746,-88.17112315474462
1031,-169.95553138136722,-84.86926951070816,-171.54120951873264,-88.067221882569
1032,-157.82806697222748,-80.98267821794526,-171.42775904297878,-87.8677278630711
1033,-155.2535002779641,-86.26332734304206,-171.62615464431207,-87.86573704485524
1034,-195.68570895520764,-76.76380257520222,-172.05700803196166,-87.97432183031619
1035,-126.45227716894361,-88.03375483926047,-170.92622650680144,-88.21787197958881
1036,-119.87652305071731,-78.39936788456238,-171.19173323523452,-87.98468851448611
1037,-221.2934492957856,-93.66731211186045,-172.07751637041622,-87.88147037510325
1038,-221.36478801323517,-90.01898214958292,-173.0531665278431,-88.17997408112277
1039,-149.6204912602383,-80.82794473948358,-173.27890479148232,-87.96379717891976
1040,-129.76961882311838,-101.65023770358724,-173.3203389762969,-88.17653689579754
1041,-147.82020123658,-74.19208271801872,-173.0261727271893,-87.96600220611315
1042,-219.60933733113032,-87.39815469113017,-173.8149726500302,-87.90028284179685
1043,-162.62304571968198,-88.36423238822258,-174.43805196632547,-87.71393735858902
1044,-173.83531744033152,-98.09256037257029,-174.84427378721998,-87.94176110437144
1045,-134.88891969835575,-71.59564497814908,-175.1638634233921,-87.55535020291109
1046,-147.10187049425207,-66.82076778531776,-175.0910925281996,-87.14834569290664
1047,-173.03853776517806,-90.51151448738192,-175.48577965404328,-87.09026212029978
1048,-115.73975817997214,-90.08174987889143,-175.52574254958057,-86.92243207912713
1049,-145.0749403499896,-101.96824132369503,-176.11572264031525,-87.072270709903
1050,-91.44945157261193,-99.04716908763324,-175.49510154436032,-87.26291246748316
1051,-160.6046996697753,-102.43343630670572,-175.91783855864645,-87.18768975109326
1052,-226.86549160581632,-106.24914806125909,-176.7232727324222,-87.31436336267294
1053,-177.9237011528749,-107.90909294997786,-177.1961184508907,-87.50866543244486
1054,-120.6744638042924,-97.19149982384295,-176.77157447295323,-87.59642372162239
1055,-144.72669625272727,-93.61963676919639,-176.21576243804904,-87.86028290376794
1056,-165.3640889008457,-101.35360797343537,-176.1961333441296,-88.17504517292431
1057,-127.3121681341723,-90.17431763190028,-175.86724061820868,-88.49298472180934
1058,-145.65150086432186,-105.17485439441029,-175.44672510648465,-88.43529901691011
1059,-112.9376094544682,-67.65626037240708,-175.04929406578879,-88.2468366128704
1060,-161.96818602666903,-131.25397440282308,-175.00800332493813,-88.6467172516774
1061,-151.7639949898218,-109.45386489163126,-174.36502884837296,-89.0938440003007
1062,-242.92619086341543,-75.97019018515894,-173.84555764503514,-89.09898648534674
1063,-294.2843632565765,-98.27896581522754,-174.88528602461298,-89.24443965452843
1064,-104.77790615159182,-65.45935865606319,-174.08230456078206,-88.83588227122387
1065,-150.7465750148451,-107.39546992224221,-174.128918348501,-89.15866627636953
1066,-162.79109441874164,-103.49797178438217,-174.22320111822137,-89.29806727359178
1067,-150.83896673318324,-69.00071636606661,-174.25479821859957,-89.23026409078282
1068,-129.65131185122272,-84.21230118206046,-173.62606433765885,-89.24539106467726
1069,-142.00669934284818,-70.57615171219248,-172.9582303843353,-89.31075167659688
1070,-194.24188250688422,-73.29901927026498,-173.36062003753267,-89.0500270267941
1071,-156.82980632926518,-89.25020934519806,-173.40369492028958,-88.96875939237434
1072,-135.34739893544338,-98.46139399637786,-173.07930852412247,-88.84237099514134
1073,-194.13448370137104,-89.44781028688209,-173.53060094138624,-88.85420860633292
1074,-204.69282861354014,-83.09371776938104,-173.6239218466546,-88.765694324241
1075,-190.91234459523423,-103.11176402758954,-173.33098707012323,-88.90290523377845
1076,-193.37272851884174,-80.20044650093669,-172.60894593127438,-88.60417825406596
1077,-164.85719421428684,-99.44186644359617,-172.4689690923715,-88.49455659202252
1078,-149.469548136478,-86.66508461607259,-172.50231453962485,-88.40325326455118
1079,-172.1133283771293,-79.9158820472015,-172.39976114274359,-88.4321168375714
1080,-141.3689967846534,-78.47570201264766,-172.15944072301966,-88.33843448856742
1081,-196.1486191158891,-97.94468478667933,-172.34475608223804,-88.64315749033004
1082,-144.39531887044976,-102.31372931726818,-172.0346484554316,-88.89964311685691
1083,-150.16548995630814,-84.9533678137182,-171.14547446167612,-89.0144715700963
1084,-228.39371339528515,-78.45128893589266,-171.60471077322867,-88.8289514535737
1085,-164.7347083963035,-95.69889942984074,-171.39587256766654,-88.9432489876277
1086,-140.71251813364847,-91.49332814431291,-171.1644376486282,-88.7839701246788
1087,-101.23458690633925,-102.71589149831334,-170.5608691770678,-89.04504660102432
1088,-163.95918267468818,-81.37594011380395,-170.39487597503808,-89.09348991751409
1089,-167.7069785187432,-87.56849085855627,-170.54697863486197,-89.24454280117635
1090,-101.90883653683557,-79.90859582891896,-169.53065673126247,-88.98196292126808
1091,-134.00418221463468,-76.30043716908287,-168.99010960271522,-88.79835405247766
1092,-193.24797915514742,-106.47471369123441,-169.19267245722466,-89.17743119156813
1093,-121.47976713754812,-99.00588787085138,-167.53987333830793,-89.15987557069766
1094,-128.1722267213021,-88.85871741856651,-167.3319163953617,-89.0556510849891
1095,-180.70734426657046,-98.15114161001792,-166.91926000377723,-89.32076716083087
1096,-185.53037193174742,-99.72939509315009,-166.68924417471882,-89.32786974195612
1097,-155.2786013497245,-103.45769886991206,-166.16689532357455,-89.62853480569905
1098,-82.94186694471388,-110.64903278078756,-165.50283062378796,-89.89179117731149
1099,-190.54529164279137,-56.65401331378153,-165.93863904788142,-89.53762299898557
1100,-152.35213554255085,-64.17777113018138,-165.27384551289933,-89.31778479912474
1101,-132.79889994135866,-77.65131661202042,-165.15254842424076,-89.21935987277311
1102,-158.41931473119004,-78.9761134026814,-165.18168143361822,-89.19151075048008
1103,-172.6794864884556,-80.5663828398047,-165.48272997448282,-88.92974670284286
1104,-205.72893417765349,-85.50157649055718,-166.12653796727705,-88.74399642736938
1105,-174.73031718937375,-79.53584401489304,-166.4278338130591,-88.62852753741531
1106,-160.0135798456801,-76.60882440031494,-166.25385408136674,-88.51013780059434
1107,-188.65395575758762,-85.81494953513707,-166.01453964575205,-88.52409857469269
1108,-218.53143815602152,-99.46878886521661,-166.64720970752816,-88.81540087908675
1109,-160.00699268373972,-63.646394031352585,-166.08371113595396,-88.64923292432577
1110,-175.0713144484546,-84.1536991358169,-165.7078989260247,-88.47857973794176
1111,-170.46436052428794,-97.0711993266606,-164.7821770984151,-88.74705759582395
1112,-164.92312940083096,-135.74153036787382,-164.69930587887555,-89.30589326171383
1113,-187.80900855264426,-104.3316380583705,-164.39603937129226,-89.44855179434332
1114,-151.34760345713096,-98.09571139485683,-164.2822847502522,-89.39327579555284
1115,-170.08207342079183,-93.25874063479867,-163.93925669899377,-89.28578361175535
1116,-146.01827797985987,-97.1954815973081,-163.74679705999677,-89.53554358081274
1117,-225.55361787531038,-71.26608724366378,-164.35730380822704,-89.16445281321268
1118,-188.12816736278543,-109.74429163932695,-164.2250953189135,-89.26769336100696
1119,-164.62212110070317,-95.31271628396671,-164.41576675815935,-89.32413992145219
1120,-217.70197951776146,-68.7269422327052,-165.28099470518347,-89.089976757003
1121,-200.68127333320794,-74.69008902246492,-165.56313651828117,-88.89453180249524
1122,-162.38244242267376,-94.57409776603423,-165.30774422579097,-89.02658675502015
1123,-191.86265321683004,-73.86627793974394,-165.52964350254854,-88.8937176238262
1124,-123.237970805376,-88.76377765358066,-165.23621216370924,-89.08835078192779
1125,-199.34594143996316,-69.56610952462891,-165.07356443040464,-89.14353791851663
1126,-169.21639678466406,-62.6543125754401,-164.962671583799,-88.91914156988078
1127,-186.13520763972053,-72.78820023772427,-164.87607347049348,-88.67708208405793
1128,-193.882123493187,-105.93775767049969,-165.39391686352616,-88.65280338090172
1129,-170.23919954094006,-62.662772860872394,-164.9042624782801,-88.47689943543705
1130,-219.19118949300358,-64.3359730747506,-165.62516274380636,-88.36163132411313
1131,-177.3046120593135,-63.286018759602236,-165.69865355058582,-88.14579881660207
1132,-163.82289624886295,-95.42270047126127,-165.75860184335215,-88.29019903913522
1133,-180.7440459989041,-100.58704082521423,-166.01350730056154,-88.43343617395693
1134,-205.29461567609928,-73.60632180275616,-166.10959636777045,-88.40186136623248
1135,-246.87898244040883,-103.44299780211816,-167.31386342048512,-88.55595379586106
1136,-190.46551628330906,-96.37740947926707,-168.01975335281105,-88.73573421180811
1137,-185.551949681447,-92.29781543249655,-167.66233835666768,-88.72203924501449
1138,-201.57652379482508,-71.67137171835303,-167.46445571448356,-88.53856314070217
1139,-158.8237829512895,-106.44520372478162,-167.55648863139407,-88.79473573055515
1140,-174.57932205166415,-69.70038972889215,-168.00458566367956,-88.4752372508082
1141,-82.92363305078058,-99.52637453148591,-167.35561998182155,-88.72858016894287
1142,-132.48804866602435,-69.2018723981562,-166.48440709517047,-88.54661734601314
1143,-244.86973343774608,-108.60690370464715,-167.3068739723511,-88.74904405917738
1144,-183.78162932887722,-63.17208100860931,-167.40633709123657,-88.39983926553776
1145,-191.3183672360493,-84.12932016520301,-167.97063156661355,-88.52517601740831
1146,-156.83752272207738,-91.73044796184946,-168.06798808889178,-88.77427281917363
1147,-108.53922171858427,-91.35794268277942,-167.42299492842582,-88.78273710112761
1148,-101.66373478766224,-100.19953129637895,-167.28223469450273,-88.88391491530248
1149,-160.1663222691978,-84.19216725946,-167.4331485136948,-88.70615417466011
1150,-188.58596880003878,-87.3344076631864,-168.40451368596905,-88.58902656041565
1151,-155.31117747824155,-95.01433234027527,-168.35157846405372,-88.51483552075135
1152,-117.85219047121463,-99.93789155847148,-167.2614454527077,-88.45172295572347
1153,-134.8895976070276,-107.39133643650291,-166.83110441724924,-88.44654539058872
1154,-128.58382612227183,-111.27207181257431,-166.91019804042907,-88.58735111047604
1155,-152.65903815440515,-108.48756181953405,-166.98952145944583,-88.7360303609794
1156,-150.5726863692252,-67.17654113396543,-166.84160743412963,-88.39425969258471
1157,-156.17069708844716,-79.00014699883576,-167.13019272367237,-88.28251798625405
1158,-178.42571918619873,-67.76711925073795,-167.45793490689113,-87.90844063481732
1159,-144.1503803706302,-83.22691040103308,-167.77006261605274,-88.0641471351036
1160,-162.73406307087612,-88.04734527980463,-167.77772138649485,-87.63208084387341
1161,-152.37669439082373,-114.10400598938726,-167.78384838050488,-87.67858225485098
1162,-154.30396567866578,-96.24816003069489,-166.89762612865735,-87.88136195330632
1163,-136.48955160246243,-73.79005033630924,-165.3196780121162,-87.63647279851715
1164,-173.37581048781695,-113.52998074916646,-166.00565705547845,-88.11717901944819
1165,-145.30124814259065,-66.37188298326257,-165.9512037867559,-87.70694315005841
1166,-178.2179868655594,-64.82511427200346,-166.1054727112241,-87.32021457493461
1167,-193.22849705674378,-58.524561621451376,-166.52936801445972,-87.21545302748845
1168,-157.43714097204997,-91.34893841789835,-166.807226305668,-87.28681939984685
1169,-150.90857780255723,-95.32984785776333,-166.8962450902651,-87.53435636130254
1170,-131.0173104604526,-99.30317434593658,-166.26399936980079,-87.79439791205927
1171,-118.73801147198058,-57.67529683394701,-165.88308142122793,-87.47864878694676
1172,-157.8050613112138,-82.23689328700179,-166.10765804498564,-87.316403779853
1173,-122.4658778572122,-98.39924137064004,-165.39097198654403,-87.40591809069058
1174,-167.87084818751978,-106.99036062188954,-165.0227521822838,-87.64488451921567
1175,-184.29053433011185,-71.19118814582988,-164.95653407963258,-87.32567876039805
1176,-134.82081999745645,-92.6644926149144,-164.37101499441874,-87.45031922153784
1177,-114.3010194201575,-94.19363240894447,-163.86545324647744,-87.39783688119131
1178,-264.2329187887826,-71.2147876384231,-165.0130869530005,-87.24333391141481
1179,-136.23349173160668,-79.28656128162032,-164.6542885865453,-87.237040703759
1180,-187.31543554966473,-92.27016296544149,-165.1137529741954,-87.37498531328694
1181,-183.0132992920289,-98.5975684522621,-164.9823997759568,-87.38151414994276
1182,-146.5860025597741,-97.90005212092144,-165.00430661285003,-87.3373773779793
1183,-147.52645967721017,-76.47369736578571,-164.97791631005902,-87.25258067349998
1184,-188.43774962597178,-90.88882829240505,-164.5783566723659,-87.37695606706511
1185,-143.05765084837537,-101.37889767543042,-164.36158609688664,-87.43375604952101
1186,-181.64911461906735,-104.04973603385346,-164.77095206174081,-87.55932012841642
1187,-147.022660037917,-110.83702860677683,-165.2288327930566,-87.64053149950104
1188,-144.4446133023427,-76.45213700888519,-165.03368709933315,-87.59129346845187
1189,-180.89948010202278,-72.76017907670808,-165.1656121151659,-87.44321035063338
1190,-120.17448561488075,-86.5992759570518,-165.34826860594637,-87.51011715191471
1191,-184.89636282078857,-70.49135942289988,-165.85719041200792,-87.45202637445288
1192,-178.26437189980737,-85.18613489004149,-165.70735433945455,-87.23914058644094
1193,-190.2953521889169,-86.09694801185515,-166.39551018996823,-87.11005118785098
1194,-231.1408406557262,-80.14907070533023,-167.42519632931246,-87.02295472071863
1195,-192.0679484268667,-66.00839204205735,-167.53880237091545,-86.70152722503903
1196,-159.4703469981897,-73.3100338489427,-167.27820212157985,-86.43733361259694
1197,-163.248583217794,-88.90601724635778,-167.35790194026055,-86.29181679636139
1198,-157.20834833684827,-105.46601906273744,-168.10056675418187,-86.23998665918089
1199,-136.57513968003374,-100.33913644448936,-167.5608652345543,-86.67683789048797
1200,-109.78558138549586,-117.68429125075498,-167.13519969298375,-87.21190309169371
1201,-114.2155707666152,-115.09627118726509,-166.9493664012363,-87.58635263744617
1202,-129.74110402977453,-103.73249565064206,-166.6625842942221,-87.83391645992577
1203,-85.0400288503734,-113.45514601596214,-165.7861897178413,-88.16280409168736
1204,-166.40250646275797,-148.65598983946626,-165.39292544069232,-88.79434822517645
1205,-159.23106053876697,-86.20494486336219,-165.23793287418627,-88.86103923366115
1206,-196.80769106095923,-109.3560006176051,-165.60587398633908,-89.18851099583404
1207,-225.04239522932605,-105.18006012500845,-165.96975838105647,-89.38216210173273
1208,-152.3017908129781,-84.14214268584,-165.30746190762605,-89.22889563993897
1209,-133.010789020823,-84.38966145069605,-165.0374998709969,-89.4363283141324
1210,-166.29839781873713,-74.02286788535018,-164.94977070469974,-89.33502000162773
1211,-103.45333686642144,-107.62068633269386,-164.27966046812108,-89.44051487168808
1212,-110.49939138405672,-114.94251010923787,-163.7354230879533,-89.2325246691017
1213,-116.10199383483368,-94.85743372741508,-163.01835294077523,-89.13778262579216
1214,-67.32985397288552,-108.70548683355966,-162.17817544593277,-89.24388038017919
1215,-137.01132893242678,-77.22856120297143,-161.8474680010491,-89.08357858586092
1216,-151.6387820788694,-107.74233389228968,-161.9036730420392,-89.18904710881074
1217,-121.24572479619911,-111.03089150619657,-160.8605941112481,-89.58669515143607
1218,-128.76726753973747,-105.59968413892837,-160.26698511301763,-89.54524907643209
1219,-150.5043465720658,-94.10905348275182,-160.12580736773123,-89.53321244841993
1220,-172.98794556616775,-99.14550997082506,-159.6786670282153,-89.83739812580113
1221,-226.18804613113375,-87.50689429999305,-159.93373475619455,-89.96556617857641
1222,-195.4259631383086,-93.88027091364286,-160.2641699633509,-89.9586279100525
1223,-240.786277255048,-64.04269657734504,-160.75340620373308,-89.8603920964285
1224,-179.19402920976646,-71.18606756786525,-161.31296678777701,-89.68461499557134
1225,-135.55788299872472,-115.67092509889717,-160.6750862033646,-90.14566315131403
1226,-133.1635654260633,-110.37815540503077,-160.3145578897786,-90.62290157960994
1227,-116.42154655691276,-102.83651762379174,-159.61742127895053,-90.9233847534706
1228,-166.25127424065244,-98.75567352422017,-159.34111278642516,-90.85156391200782
1229,-193.30052878189338,-99.63008976862614,-159.5717260788347,-91.22123708108536
1230,-142.5276812770544,-64.73734371744337,-158.8050909966752,-91.22525078751228
1231,-156.10307526962265,-88.07746688429198,-158.5930756287783,-91.47316526875919
1232,-199.20282019706596,-79.6630216272664,-158.94687486826032,-91.31556848031924
1233,-191.73990075693933,-92.94880963454054,-159.0568334158407,-91.2391861684125
1234,-165.71922201374716,-59.67577711229195,-158.66107947921716,-91.09988072150784
1235,-101.60222096745713,-101.94226200869139,-157.20831186448763,-91.08487336357359
1236,-187.5151651923703,-93.60024162797919,-157.17880835357823,-91.0571016850607
1237,-169.42420249275526,-95.62565197515687,-157.0175308816913,-91.0903800504873
1238,-129.78418494467175,-104.02362508424791,-156.29960749318977,-91.41390258414626
1239,-115.31958576545374,-111.1412100033855,-155.86456552133146,-91.4608626469323
1240,-123.12509540692953,-91.79890275055281,-155.35002325488406,-91.6818477771489
1241,-170.9724010417388,-93.88958340456821,-156.23051093479364,-91.62547986587973
1242,-158.8931787655264,-69.58994862488548,-156.49456223578866,-91.62936062814701
1243,-124.90780214117353,-106.28148740705265,-155.29494292282297,-91.60610646517105
1244,-90.66884872031709,-84.89031489436198,-154.3638151167374,-91.82328880402858
1245,-110.27531496917959,-85.93886437674564,-153.55338459406875,-91.84138424614402
1246,-179.3543098514367,-92.76554107792188,-153.7785524653623,-91.85173517730475
1247,-159.71802359564208,-75.0142375168296,-154.29034048413286,-91.68829812564526
1248,-200.62864040031997,-83.55578311150049,-155.27998954025944,-91.52186064379649
1249,-242.12221705784168,-100.33391159060957,-156.09954848814584,-91.68327808710798
1250,-171.4444805422555,-105.96994215123604,-155.928133605568,-91.86963343198848
1251,-144.77914897354793,-97.71424093067131,-155.82281332052108,-91.89663251789243
1252,-170.4120018963868,-78.96380763421593,-156.3484114347728,-91.68689167864986
1253,-201.12024721283856,-92.5679388999513,-157.01071793083094,-91.53865770328433
1254,-139.96012637626603,-87.37696876304577,-157.12448093337088,-91.29970667278904
1255,-164.72211017219288,-65.61608615313285,-157.24511165354875,-90.87099191612504
1256,-250.8034683225086,-92.85225102629603,-158.24741947308158,-91.12774901504837
1257,-160.47334365391922,-92.3780447635039,-158.2904459387363,-91.26152799269505
1258,-192.86547702898355,-103.438600747706,-158.43484351716413,-91.61824280766473
1259,-174.03450571527253,-78.8136579141868,-158.73368477061055,-91.57411028279625
1260,-214.7645396757141,-91.90933509977538,-159.25398953665893,-91.61273018099595
1261,-238.0005677167604,-102.47562449017575,-160.1102282699183,-91.49644636600384
1262,-213.04734089956574,-83.48118810725886,-160.69766202212733,-91.36877664676948
1263,-206.2959165496107,-110.44651011200502,-161.3957256715988,-91.73534124452645
1264,-210.12209084210465,-91.64356612802447,-161.7631884751417,-91.51647709831502
1265,-192.38609462843402,-67.88570987321945,-162.23403694000015,-91.5316153672146
1266,-187.56914306027699,-77.29866994530823,-162.3275485019473,-91.65635092394764
1267,-181.46350354865353,-93.21454825221704,-162.20989856686637,-92.00325079025531
1268,-224.02108508282637,-106.44848920861043,-162.87573800797418,-92.15424629816242
1269,-240.15304658959047,-107.98313234767664,-163.7681826958445,-92.28077914306155
1270,-225.1037994866287,-96.3962511022751,-164.7090475861063,-92.25170991062494
1271,-157.02442602232767,-120.54284030428242,-165.09191173160977,-92.88038534532829
1272,-236.1651704832642,-64.28984482101669,-165.87551282333024,-92.70091486066845
1273,-256.50744096159656,-70.79548214366115,-167.21592845437408,-92.42487726839865
1274,-176.0421684349262,-107.08077625461785,-167.29764165684816,-92.42578142472594
1275,-161.37518202817336,-82.63746429495214,-167.06848813382874,-92.54024418621715
1276,-186.64683065256088,-71.93502946872181,-167.58674824037976,-92.33294955475525
1277,-115.20677323063045,-82.89927520772673,-167.59580577848453,-92.22000598274306
1278,-146.07955648905454,-67.02981908474209,-166.41427215548723,-92.17815629720624
1279,-121.8947249210918,-103.75318350984996,-166.27088448738206,-92.42282251948855
1280,-118.80577716554207,-100.19169998880658,-165.58578790354085,-92.5020378897222
1281,-153.21580786054545,-96.79695733027987,-165.28781298922598,-92.48403177850237
1282,-125.99369646438724,-104.53033098311406,-165.08188992827215,-92.5503345671243
1283,-128.32599904386143,-110.26356503287997,-164.88988532193866,-92.88823324379523
1284,-139.8314393602696,-78.2158092039865,-164.40382221928166,-92.76150305291104
1285,-163.33354580061783,-92.19392753986219,-164.6065811688041,-92.66965335155537
1286,-92.16478054954077,-91.94316045738697,-163.71173782810882,-92.5485875957907
1287,-135.17299273351722,-63.23365582935189,-163.59324115506485,-92.07255386801647
1288,-111.0895377294024,-88.92048472121306,-163.25969039933543,-92.19723734513975
1289,-139.1324063626218,-72.03068291472054,-162.84201966194144,-92.18994238351986
1290,-104.66788397868774,-90.24734450620419,-162.68695364557948,-92.22642306901137
1291,-140.10688435436705,-70.02548919540547,-162.23905886091524,-92.22176436673644
1292,-165.96672675137128,-101.32288794943535,-162.1160824094309,-92.38313189733037
1293,-155.26494457634007,-105.09625363363375,-161.76577833330512,-92.57312495354816
1294,-215.27822834545978,-109.93355769366836,-161.60715221020246,-92.87096982343154
1295,-91.38022875523542,-66.7897149041417,-160.60027501348614,-92.87878305205238
1296,-127.59368000816809,-86.44697456409975,-160.28150834358593,-93.01015245920397
1297,-136.66015346634282,-72.23127359997964,-160.01562404607142,-92.84340502274019
1298,-125.3945049767122,-79.0138039714214,-159.69748561247008,-92.57888287182702
1299,-152.34904441518933,-91.266694867185,-159.8552246598216,-92.48815845605397
1300,-144.89082903391528,-100.09584062131516,-160.2062771363058,-92.31227394975957
1301,-84.68158458812795,-89.0608909599481,-159.91093727452093,-92.0519201474864
1302,-135.45674195968118,-88.4080081138624,-159.96809365381998,-91.89867527211861
1303,-229.72558081787906,-75.35098473685542,-161.41494917349502,-91.51763365932754
1304,-203.43790914197604,-79.83912879012993,-161.78530320028725,-90.82946504883415
1305,-112.65457805146531,-107.30780548211976,-161.3195383754142,-91.04049365502173
1306,-113.3210696724084,-113.03262793760223,-160.4846721615287,-91.07725992822171
1307,-277.7942617872073,-103.3837187258433,-161.01219082710753,-91.05929651423006
1308,-126.92741471935707,-111.57426591083231,-160.75844706617133,-91.33361774647997
1309,-123.50113973349359,-97.99219893513529,-160.66335057329803,-91.46964312132438
1310,-113.23473396276907,-91.2780247880815,-160.13271393473838,-91.6421946903517
1311,-153.0717063721903,-91.5459253627675,-160.62889762979606,-91.48144708065243
1312,-131.98153021645473,-76.75221661380554,-160.84371901812003,-91.09954414569812
1313,-184.06864580258153,-107.38699818465815,-161.5233855377975,-91.22483979027054
1314,-210.47080587705884,-60.90231330487808,-162.95479505683923,-90.74680805498372
1315,-202.09969941756057,-76.3969702658061,-163.6056787616906,-90.73849214561207
1316,-210.50307157534462,-141.10921277104356,-164.19432165665535,-91.07216093439962
1317,-135.90381548680455,-77.6858351807666,-164.34090256356137,-90.7387103711453
1318,-120.11482440006719,-80.92421683135416,-164.25437813216467,-90.49195569806956
1319,-180.9748792994317,-95.99315096367718,-164.55908345943834,-90.51079667287883
1320,-147.6583815158074,-80.83166706758568,-164.30578781893473,-90.32765824384643
1321,-146.8084433148573,-94.5750702123736,-163.51199179077196,-90.39834000297023
1322,-109.90183089766865,-85.3331196356004,-162.65675046836554,-90.31286849018981
1323,-135.8832535722388,-100.88707970874623,-161.60772023153746,-90.68131232150382
1324,-154.30152333746506,-102.49353415611138,-161.35879517281447,-90.99438698738629
1325,-165.4344761619442,-83.80849302791222,-161.65756110444667,-90.67576266667645
1326,-134.11598966923103,-66.48162204830939,-161.66708534687834,-90.23679733310922
1327,-207.07580102222934,-78.96577379884775,-162.57362789153152,-89.99808989485979
1328,-203.57507878407873,-96.31979719632733,-162.94686593696576,-89.97373113158085
1329,-182.27544761060472,-65.45624432080916,-162.83661512525285,-89.63199267710267
1330,-146.2292582492577,-106.85737340530932,-162.87363089497487,-90.05319297398134
1331,-128.24389519094026,-79.50411579814714,-162.59503909418805,-89.9674594631199
1332,-136.39049884559807,-92.67483269129279,-161.96691588067335,-90.09757757376016
1333,-199.54303466656793,-112.40097721683907,-162.04494721976965,-90.29209924958315
1334,-173.20940391942685,-70.18908315318649,-162.11984903882646,-90.39723230999209
1335,-160.66274371235608,-90.81206270945516,-162.71045426627546,-90.28593031699972
1336,-162.47100577806518,-81.82127736557806,-162.4600126721324,-90.16814067437572
1337,-170.98063734991928,-111.10345659964561,-162.47557702070404,-90.3229187206206
1338,-131.32129497001497,-77.48642943532386,-162.49094812095748,-90.05754676413137
1339,-190.70009740021084,-72.569604199084,-163.24475323730502,-89.67183070608837
1340,-170.87908340821392,-95.83793875317863,-163.72229311731792,-89.71222106611462
1341,-180.11857318677013,-106.20362970181515,-163.8137548387682,-89.83536152908708
1342,-184.02642168370008,-63.74649377461713,-164.06508726794993,-89.7769269805844
1343,-230.3699537334435,-109.34143201644682,-165.11970878387265,-89.80752642667835
1344,-187.0387649593353,-106.47149782046479,-166.0834079462628,-90.02333825593936
1345,-288.9512723859209,-93.13868080357113,-167.87016752043024,-90.09533642020762
1346,-171.225765026581,-80.32505498417446,-167.78888207218168,-89.97093155927016
1347,-220.99277092043175,-107.24522038728736,-168.40162954542953,-90.29324138797472
1348,-151.44172534861917,-88.73787101361694,-167.90976039491255,-90.3450622669959
1349,-170.87301854497932,-106.04911610518158,-167.1972684097839,-90.40221431214161
1350,-202.97657632808023,-81.52943549899241,-167.5125893676422,-90.15780924561916
1351,-236.5130106793638,-68.71423694540381,-168.42992798470033,-89.86780920576649
1352,-181.1188613989238,-105.95140844778642,-168.5369965797257,-90.1376852139022
1353,-151.4085161935581,-93.23204078358751,-168.03987926953292,-90.14432623273856
1354,-240.25747772216533,-68.12024607058744,-169.0428527829919,-89.95175900581398
1355,-228.6424232652775,-110.44935818942604,-169.68205591392274,-90.40009172617691
1356,-154.0370203119162,-72.2260175743023,-168.71439143381681,-90.19382939165696
1357,-168.88542376929334,-110.93738360545876,-168.79851223497056,-90.37942278007651
1358,-192.6145019479537,-81.42539897881757,-168.79600248416025,-90.15929076238763
1359,-148.1968465939446,-110.82145483196808,-168.53762589294698,-90.47936873156543
1360,-205.56052326264845,-66.2669880908701,-168.44558572881633,-90.22294526147637
1361,-140.9102333841372,-97.19347242990202,-167.4746823854901,-90.17012374087363
1362,-234.1987532854078,-70.34403845253662,-167.68619650934852,-90.03875224432643
1363,-168.4155382364657,-90.51857047809776,-167.30739272621705,-89.83947284798735
1364,-159.35125739462114,-74.29840354652625,-166.79968439174223,-89.66602122217238
1365,-161.51281772189768,-105.02442629285477,-166.49095162267687,-90.03740838636872
1366,-255.6318875396956,-66.53994748838109,-167.17157906747107,-89.92982116179945
1367,-208.81158582942945,-82.80360939765251,-167.44505989027883,-89.8257117732538
1368,-322.10685229066485,-116.2795891372259,-168.4259175623572,-89.92402277253996
1369,-218.6758277873122,-95.83151292068956,-168.21114537433442,-89.8025065782701
1370,-212.74906411103356,-108.54872134026473,-168.08759802057847,-89.92403128064998
1371,-195.4839017881612,-103.70668712686897,-168.4721927782368,-89.75566974887586
1372,-253.44166533929055,-79.02316037609413,-168.64495772679706,-89.90300290442663
1373,-202.62296141362356,-103.61032206393493,-168.10611293131737,-90.23115130362937
1374,-173.75352486707013,-83.6779053114407,-168.0832264956388,-89.9971225941976
1375,-223.1533591075808,-106.49221530527792,-168.70100826643286,-90.23567010430087
1376,-201.56215293326653,-111.58538670522657,-168.85016148923992,-90.63217367666591
1377,-268.23613907657693,-111.03238196001114,-170.3804551476994,-90.91350474418876
1378,-158.83544473869927,-97.36740411202891,-170.50801403019585,-91.21688059446161
1379,-204.85034097688697,-76.24545384970882,-171.33757019075378,-90.9418032978602
1380,-178.5248623644285,-75.91838872248712,-171.93476104274265,-90.699070185197
1381,-138.7831010813165,-96.83396953862791,-171.79043397495036,-90.69944030728048
1382,-124.4608051948278,-85.2659101026381,-171.7751050622548,-90.50679609847572
1383,-217.51369187561522,-111.01515830782917,-172.66698199057234,-90.51431203122522
1384,-213.8734102418107,-98.17109104887452,-173.40740169938772,-90.7138648496741
1385,-209.83208962727917,-65.83798655512359,-173.87238713765433,-90.45030543982672
1386,-134.83574774454536,-98.44586014417334,-174.29909680960435,-90.51533243669458
1387,-178.9550625566587,-71.95096683668521,-174.73691750783578,-90.60250554676792
1388,-204.5296475638193,-86.4439774800516,-175.67131860617994,-90.5777404743563
1389,-199.24063551888372,-112.36866256338745,-176.2724008977426,-90.98112027084298
1390,-138.3767086494396,-79.6583031833689,-176.60948914445012,-90.87522985761464
1391,-164.68691959511165,-100.14548927292866,-176.85528949685758,-91.17642985838987
1392,-230.47617684214248,-90.64200257314032,-177.50038399776525,-91.06962100462691
1393,-163.89458500293404,-94.86581244880159,-177.5866804020312,-90.96731659277859
1394,-215.199318558425,-72.25098259221718,-177.58589130416084,-90.59049084176408
1395,-163.71535164849377,-84.51501113566236,-178.30924253309342,-90.76774380407927
1396,-185.60204867449661,-88.18712115651462,-178.8893262197567,-90.78514527000343
1397,-173.68699753563774,-72.56464398474188,-179.25959466044964,-90.78847897385104
1398,-174.0156620230934,-95.32722608897194,-179.74580623091347,-90.95161319502654
1399,-147.77096316684344,-95.743381400375,-179.70002541843002,-90.99638006035845
1400,-220.28650518219592,-98.53046837173837,-180.45398217991283,-90.9807263378627
1401,-226.6578159430454,-79.05154610920566,-181.873744493462,-90.88063288935527
1402,-229.80791674872182,-73.99602393356986,-182.8172562413524,-90.73651304755234
1403,-195.41430831200844,-70.2902964757247,-182.47414351629368,-90.68590616494103
1404,-131.89561671702742,-86.3239245840616,-181.7587205920442,-90.75075412288034
1405,-196.98808382971748,-64.36741250889453,-182.60205564982672,-90.32135019314809
1406,-165.38134551717627,-103.51768473476506,-183.1226584082744,-90.22620076111973
1407,-138.81998625142845,-105.33626658107443,-181.7329156529166,-90.24572623967204
1408,-174.03949775417297,-127.41948832853575,-182.2040364832648,-90.40417846384908
1409,-210.32097061467132,-98.49194379088577,-183.07223479207656,-90.40917591240658
1410,-228.71961724116434,-109.07411064656111,-184.22708362486054,-90.58713677099138
1411,-188.22727905177953,-98.13511440992744,-184.57863935165642,-90.65302866146298
1412,-172.24718728854776,-62.88374052852834,-184.98129592237734,-90.5143439006102
1413,-151.07650380670842,-89.77408050160199,-184.65137450241863,-90.33821472377963
1414,-159.24934222349086,-99.43533239261322,-184.13915986588293,-90.72354491465698
1415,-197.70718118170544,-110.66566297955359,-184.09523468352435,-91.06623184179446
1416,-137.49580790202418,-80.46623893721711,-183.36516204679114,-90.4598021034562
1417,-142.64423603549284,-63.44404660693969,-183.43256625227804,-90.31738421771793
1418,-128.77248979856503,-78.23822770688315,-183.51914290626303,-90.29052432647322
1419,-134.6038656333156,-86.06728462237558,-183.05543276960185,-90.1912656630602
1420,-157.4435175735896,-92.77294717250136,-183.15328413017966,-90.31067846410936
1421,-136.84170314007227,-86.39920692366441,-183.05361672843182,-90.22891983122227
1422,-106.494875024026,-70.21762957037352,-183.0195471696954,-90.07776493057
1423,-176.07629580644522,-103.94139051103949,-183.42147759203746,-90.10830803859294
1424,-134.67451079163413,-92.20814115676782,-183.22520746657918,-90.0054541085995
1425,-101.75416245063369,-72.60697728920641,-182.58840432946607,-89.89343895121243
1426,-32.13957805853566,-115.57393693978469,-181.56864021335912,-90.38436210012718
1427,-77.97956987347158,-88.86104283871393,-180.27767790187153,-90.48331479052584
1428,-72.17136868994348,-70.91731001754525,-178.9636408009302,-90.22928991873803
1429,-117.77227879513525,-68.75143945467245,-178.3186091127755,-90.26224187007665
1430,-88.55952329816932,-94.99586233500861,-177.74191176326462,-90.14362675937365
1431,-71.94770912305958,-108.49137419453666,-177.17894990258583,-90.43349934333754
1432,-111.3537610382675,-106.49979781024417,-176.9285825245125,-90.57174899452707
1433,-116.348556264772,-74.46488818565444,-176.09663774049454,-90.19238810421523
1434,-130.8137450975249,-112.73380349314911,-175.6726811522755,-90.61783530761485
1435,-106.5667498445078,-100.09117198368882,-175.131721213597,-90.7106264003572
1436,-122.38337966927563,-100.91989765860681,-174.73084495250907,-90.90161260328749
1437,-116.59566274368862,-94.1014080214881,-174.1869952064468,-90.73159211750591
1438,-156.83009328343357,-94.19426163879268,-174.44208318958098,-90.8986704395406
1439,-87.36275880896676,-106.2463572493066,-173.4087098036686,-91.23543797004282
1440,-42.65624988165477,-100.61981274344431,-172.12648146840297,-91.28325670994548
1441,-181.9497860047487,-71.53441294819422,-172.14479359658273,-90.93656454240929
1442,-155.72047041487053,-80.09467021055852,-171.86173408389445,-91.10004630676869
1443,-74.29917884745562,-63.81405512654979,-170.30102633503458,-90.64477253786971
1444,-112.14245985131082,-73.82919453890808,-169.55206328395434,-90.31834950505413
1445,-71.19374072895666,-99.54468520640782,-167.3744879673847,-90.3824095490825
1446,-88.82701652164309,-96.5453817748446,-166.5505004823353,-90.54461281698919
1447,-89.04108414652342,-110.77399502551351,-165.2309836145962,-90.57990056337145
1448,-51.73985037188609,-111.69133095158352,-164.2339648648289,-90.80943516275113
1449,-35.26861714580187,-87.95994839823439,-162.87792085083714,-90.62854348568166
1450,-83.46963388712098,-77.46653042831721,-161.6828514264275,-90.58791443497492
1451,-105.79124891462449,-106.20415054309696,-160.37563380878012,-90.96281357095184
1452,-41.07288974501063,-91.16354117763727,-158.97517409224102,-90.81493489825036
1453,-108.89715924982359,-89.05592939776677,-158.55006052280365,-90.77317378439214
1454,-118.63008570027506,-91.71737044313122,-157.33378660258475,-91.00914502811757
1455,-112.4256496295596,-64.28045479215511,-156.1716188662276,-90.54745599414487
1456,-59.91501154361262,-67.68404698583478,-155.23039877854453,-90.5020362882602
1457,-111.25614637197849,-69.36621869878542,-154.6541060045714,-90.08632463919345
1458,-128.15527744552628,-106.85614794702998,-154.0095137595471,-90.34063212887558
1459,-100.88347214326541,-96.81199924974004,-153.53638001504032,-90.20053757305331
1460,-94.69189212748176,-71.22853602421222,-152.42769370368867,-90.25015305238674
1461,-191.96685788722968,-70.51413421383438,-152.9382599487196,-89.98335967022606
1462,-134.69410711177377,-62.05507213463616,-151.94321348698324,-89.90047000704705
1463,-125.01105040509128,-92.55570383030638,-151.50916860866948,-89.92084134056913
1464,-133.21266071599536,-72.44809796523205,-151.24778264188322,-89.9023382847562
1465,-126.78247297004646,-91.97690821897048,-150.90047919436472,-89.77186310401736
1466,-114.86457247339487,-92.88661483938726,-149.49280604370173,-90.03532977752742
1467,-96.16777563688755,-74.79699956492135,-148.3663679417763,-89.9552636792001
1468,-155.7862369251204,-96.41238344455901,-146.70316178812087,-89.75659162227343
1469,-76.95058872759596,-98.76979394333873,-145.2859093975237,-89.78597443249993
1470,-163.83356525723156,-63.29683558259612,-144.7967544089857,-89.33345557492325
1471,-173.6348048829143,-69.73669660116565,-144.5782634399332,-88.9937556696662
1472,-135.01384355102135,-60.23555414314018,-143.39398522205053,-88.80587960733666
1473,-161.7622226468953,-99.75095126090659,-142.98537783438326,-88.76728589930639
1474,-147.45749796170418,-93.08691088719534,-142.72241756532958,-88.86137595506393
1475,-94.35695966882737,-108.70005336212925,-141.43445357094205,-88.88345433563244
1476,-137.02136456086737,-106.43093258894794,-140.78904568721808,-88.83190979446965
1477,-123.8969673521496,-82.6929211584638,-139.3456539699738,-88.54851518645418
1478,-139.5019358615071,-66.37909981241627,-139.15231888120186,-88.23863214345803
1479,-80.7297625918189,-108.52115677374107,-137.91111309735118,-88.56138917269837
1480,-103.24364155565246,-50.06857168422658,-137.15830088926342,-88.30289100231576
1481,-151.70623943891522,-81.08423991237115,-137.2875322728394,-88.1453937060532
1482,-74.25606168319815,-78.0907149902768,-136.78548483772312,-88.0736417549296
1483,-94.44469601614743,-110.88546223840177,-135.55479487912845,-88.0723447942353
1484,-122.2744154466718,-93.35897202189966,-134.63880493117705,-88.02422360396555
1485,-114.11558146580582,-67.92916238850727,-133.6816398495623,-88.04513536229939
1486,-136.91909803240466,-73.20504759426821,-133.7024733524409,-87.79272723680033
1487,-101.23749251694692,-98.09650381964602,-132.92529765204378,-88.05418260662995
1488,-114.81488596076537,-90.41541134646707,-132.02815003601324,-88.09389694529412
1489,-115.51805990255869,-62.661815042788675,-131.19092427985,-87.59682847008813
1490,-88.6072447754631,-89.57961645027382,-130.6932296411102,-87.69604160275716
1491,-152.39806496223636,-76.23218113788649,-130.57034109478147,-87.45690852140675
1492,-139.46985268156268,-106.29557048917496,-129.66027785317567,-87.6134442005671
1493,-147.69494932295336,-74.63273234551009,-129.49828149637588,-87.41111339953419
1494,-93.71762711708351,-60.27802596948179,-128.28346458196248,-87.29138383330684
1495,-101.92258558271268,-100.8944864795166,-127.66553692130466,-87.45517858674538
1496,-88.4147211934027,-93.37662578760265,-126.69366364649372,-87.50707363305627
1497,-109.64827771214324,-85.90652720918095,-126.05327644825877,-87.64049246530065
1498,-158.9471965420303,-81.38902532294135,-125.90259179344812,-87.50111045764034
1499,-156.39390675898483,-93.7552218816559,-125.98882122936953,-87.48122886245315
1500,-106.3869511228886,-72.31022731319042,-124.84982568877648,-87.21902645186766
1501,-129.1254285950436,-81.6122812194211,-123.87450181529644,-87.24463380296982
1502,-203.452732919452,-92.17574846918193,-123.61094997700373,-87.42643104832594
1503,-152.165664174081,-58.43537082444735,-123.17846353562446,-87.30788179181316
1504,-151.40007968293543,-94.87200057532387,-123.37350816528355,-87.3933625517258
1505,-152.09028279975914,-62.03004278749455,-122.92453015498397,-87.36998885451182
1506,-148.83780701595325,-107.99414747962956,-122.75909476997172,-87.41475348196046
1507,-113.24030056890226,-77.0273060729075,-122.50329791314647,-87.13166387687879
1508,-162.4597233622578,-87.49452856647183,-122.38750016922734,-86.73241427925814
1509,-216.4782490692821,-73.17927829042785,-122.44907295377344,-86.47928762425356
1510,-157.56130979846387,-92.61604246497585,-121.73748987934644,-86.3147069424377
1511,-123.09580272396485,-81.08953622558876,-121.08617511606829,-86.14425116059432
1512,-128.7775794501216,-95.7552411058984,-120.65147903768403,-86.47296616636801
1513,-124.13726727621979,-103.892290469161,-120.38208667237915,-86.6141482660436
1514,-127.24448439456044,-80.05092684904244,-120.06203809408984,-86.4203042106079
1515,-208.48656832408506,-84.66138251841981,-120.16983196551362,-86.16026140599656
1516,-110.38859062065521,-85.02977903765125,-119.89875979269993,-86.2058968070009
1517,-152.01412074165955,-67.85812498308405,-119.99245863976162,-86.25003759076235
1518,-45.89479384098219,-81.87680057066882,-119.16368168018579,-86.28642331940019
1519,-143.10303057047105,-87.05155207826105,-119.24867332955733,-86.29626599395904
1520,-202.89206891673638,-61.0758480027581,-119.70315884298881,-85.97929500226161
1521,-154.00883796524676,-94.37914686748884,-119.87483019124055,-86.05909440169985
1522,-113.81143539109954,-75.60951076786625,-119.94799579491128,-86.11301321367479
1523,-168.9869775728178,-71.23523012224734,-119.87710261257502,-85.78595160978685
1524,-130.3380999012979,-78.84961414689501,-119.83373850367165,-85.65236633968813
1525,-110.25025280121768,-103.35019082083112,-119.91869940717748,-85.95979847500438
1526,-116.44962736067092,-112.31691135038588,-120.76179990019885,-85.92722821911039
1527,-92.06220906343725,-107.09884318328105,-120.9026262920985,-86.10960622255607
1528,-143.32727700670316,-57.70714032669618,-121.6141853752661,-85.97750452564757
1529,-93.26047896547169,-84.5635911656506,-121.36906737696947,-86.13562604275737
1530,-81.6808695273266,-106.23892112931858,-121.30028083926103,-86.24805663070045
1531,-55.3013760462934,-98.69616421723856,-121.13381750849337,-86.15010453092745
1532,-130.99681207056332,-94.02010145835968,-121.33024801881633,-86.02530756740862
1533,-140.64790759322202,-74.95001066677565,-121.57324153210084,-86.03015879221984
1534,-213.3730145406637,-71.89216061161093,-122.39883422653222,-85.62174236340445
1535,-124.1623116609991,-81.39971086352264,-122.57478984469712,-85.43482775220278
1536,-170.51389442492788,-65.45199872438614,-123.05609499225366,-85.08014876286057
1537,-70.96893318153404,-80.40224609658853,-122.5998276966321,-84.94315714361157
1538,-82.62510295813692,-69.01103091792267,-121.85777779337914,-84.69132483640288
1539,-78.52434040749003,-110.7417158597874,-121.76939360936439,-84.7362784225077
1540,-38.668771462805935,-98.3910998583481,-121.72951882517589,-84.71399129365673
1541,-105.89492395386583,-68.35253168309066,-120.96897020466706,-84.68217248100571
1542,-151.258667608031,-59.89068452532476,-120.92435217659866,-84.48013262415337
1543,-108.08018198846365,-104.20669470833263,-121.26216220800875,-84.8840590199712
1544,-117.15941342292292,-79.01178401416082,-121.31233174372485,-84.93588491472373
1545,-90.32312633392343,-96.21431466779146,-121.50362559977454,-84.90258120933757
1546,-91.78301763584194,-109.58172120648328,-121.53318561091653,-85.03294460365395
1547,-120.83856575008758,-74.39742325432806,-121.85116042695215,-84.66917888594209
1548,-62.972221026747995,-78.4623992918385,-121.96348413350076,-84.33688956934463
1549,-88.99890573923759,-84.18251634406289,-122.50078701943511,-84.29911524880292
1550,-130.85936393073484,-61.473011847684205,-122.97468431987126,-84.1391800629966
1551,-161.59717240899212,-85.71763390775085,-123.53274355481493,-83.93431489664314
1552,-42.30583867104562,-89.71057401384981,-123.54507304407528,-83.91978522500527
1553,-66.61171288765057,-102.94465502418936,-123.12221858045356,-84.0586724812695
1554,-115.54423245413165,-104.87321894829253,-123.09136004799213,-84.1902309663211
1555,-134.94496079562495,-60.12827234115048,-123.31655315965277,-84.14870914181104
1556,-44.1030695704162,-101.09197438989011,-123.15843373992081,-84.48278841585159
1557,-131.04132894279562,-69.01846506288169,-123.35628556562898,-84.47931087949254
1558,-302.3173387535818,-73.12789472056741,-125.09790617870954,-84.14202834722794
1559,-71.88855650668086,-69.6204037747327,-124.80795702234371,-83.87011239247786
1560,-116.40934923909919,-108.87531195382843,-125.02513159345989,-84.24658015177404
1561,-84.61999015671776,-89.4450593583284,-123.95166291615476,-84.43588940321898
1562,-146.13187294909739,-85.6543616730288,-124.066040574528,-84.6718822986029
1563,-172.38821688533233,-74.93692168752455,-124.5398122393304,-84.49569447717509
1564,-123.50806513688474,-86.2007669878618,-124.44276628353929,-84.6332211674014
1565,-168.60742362590432,-102.93885532488264,-124.86101579009788,-84.7428406384605
1566,-171.93867927732742,-82.44075319267637,-125.43175685813722,-84.63838202199341
1567,-74.22125014967283,-72.58354287585531,-125.21229160326507,-84.61624745510274
1568,-129.22751600990722,-89.54357902307635,-124.94670439411293,-84.5475594108879
1569,-118.69961507084487,-66.49352841536565,-125.36419465754541,-84.22479675560818
1570,-111.81768874033565,-80.94299354622939,-124.84403589237644,-84.4012583352445
1571,-124.80904384755524,-95.81123641447684,-124.35577828202285,-84.6620037333776
1572,-168.50121806895947,-99.92280164669275,-124.69065202720225,-85.05887620841314
1573,-139.5327674718603,-86.9915974252172,-124.4683574754519,-84.93128267005623
1574,-65.60851410591083,-96.07549213805282,-123.64986763689397,-84.96116848256483
1575,-60.84761953026555,-93.24106800391066,-123.31477423550835,-84.80657862898265
1576,-124.76764297266448,-112.0325205343077,-123.19223701962632,-84.86259450843625
1577,-97.98483485265261,-96.14292250537704,-122.93311569463135,-84.9970945219054
1578,-143.13059285544986,-110.6362445982985,-122.96940226457076,-85.4396659697642
1579,-179.50885960886902,-108.88474594502088,-123.95719323474127,-85.443301861477
1580,-78.89800304745539,-94.80579675621513,-123.7137368496593,-85.89067411219688
1581,-61.22146851611732,-96.88364278173304,-122.8088891404313,-86.04866814089048
1582,-49.18015579588758,-105.50603129441862,-122.55813008155822,-86.32282130393192
1583,-143.90799137627667,-85.50566427632941,-123.05276303515951,-86.06902332431119
1584,-56.57908304388468,-113.37163670356348,-122.39580971113165,-86.26914997112783
1585,-120.9320335832362,-92.90639704509316,-122.46397423230594,-86.51892231769368
1586,-132.21541192377742,-107.26537546915512,-122.41693737121967,-86.85952559644255
1587,-126.92361398579948,-108.0907748276844,-122.6737985859082,-86.95946830652295
1588,-47.770490849568084,-90.42988708532472,-122.00335463479622,-86.95961306391152
1589,-90.81577136745462,-74.37404130490718,-121.75633174944518,-87.07673532653271
1590,-104.77231430457412,-101.2297377953799,-121.9179824447363,-87.19323653998376
1591,-43.777606598812426,-90.13660821158562,-120.83177786110205,-87.33228081072076
1592,-83.1783496131991,-66.12633753893802,-120.26886283041841,-86.93058848121838
1593,-78.29180963410596,-104.33633474814359,-119.57483143352995,-87.22762450524472
1594,-36.57056404936283,-103.19853964901442,-119.00336080285274,-87.65682964204004
1595,-53.4971818403228,-86.35091733565109,-118.51910676542884,-87.51139395060139
1596,-18.005950176553295,-68.88201451373146,-117.81501905526035,-87.26644783786266
1597,-28.67732518458483,-75.51674797243498,-117.00530952998476,-87.16255004549521
1598,-82.7257406866195,-69.30204467674628,-116.24309497143065,-87.04168023903325
1599,-83.0036686716483,-79.58255507815822,-115.50919259055729,-86.89995357099829
1600,-176.08886584402575,-80.15431800180347,-116.20621173776865,-86.97839447788442
1601,-114.30012719384747,-71.02171083097463,-116.05795872375668,-86.87248877399996
1602,-96.17166016118999,-93.78574661069953,-114.98514799617406,-86.88858875541513
1603,-142.97168350860227,-106.99346177104232,-114.89320818951929,-87.37416966488108
1604,-5.023336580981018,-109.85642883367761,-113.42944075849975,-87.52401394746462
1605,-67.40660302124266,-107.42834585259918,-112.5826039607146,-87.97799697811567
1606,-13.983532348250964,-89.03674518967664,-111.23406121403758,-87.78842295521613
1607,-32.140407104518516,-89.00438592041998,-110.42306227939373,-87.90819375369126
1608,-18.047253582865082,-104.77451087107842,-108.9789375815998,-88.08099357673733
1609,-25.251838753792455,-106.65651921286756,-107.0666734784449,-88.41576598596173
1610,-35.83896521063406,-103.5167486334944,-105.8494500325666,-88.5247730476469
1611,-117.93878894953227,-111.28545312805406,-105.79787989482226,-88.82673221667156
1612,-206.27744353270555,-101.78671256958081,-106.5728785356481,-88.88704693130839
1613,-58.13418140120171,-111.96436611747653,-105.91284767689793,-88.96776768779154
1614,-78.71275210169422,-101.58558618106093,-105.42753035396926,-89.18311428111173
1615,-23.605157311911075,-82.48725591414639,-103.57871624384754,-89.16137301506899
1616,-21.745435399756527,-69.25575248093536,-102.69228469163856,-89.00363274950185
1617,-98.59572243287067,-72.13130071554454,-102.15810070855065,-89.04636450682646
1618,-50.36533114832336,-92.90461559602198,-102.20280608162406,-89.15664265707998
1619,-35.73786813934787,-97.44641720527117,-101.12915445731284,-89.26059130835009
1620,-116.81963632491627,-69.92870688731041,-100.26843013139464,-89.34911989719559
1621,-51.131170157754234,-93.8301489133045,-99.23965345331972,-89.34362991765373
1622,-21.685243477177153,-96.97170962955602,-98.31839153418049,-89.55725190627062
1623,-89.90257976275743,-74.10799928101437,-97.52754755607988,-89.5859795978583
1624,-79.38344595839139,-102.16004890601532,-97.01800101665083,-89.81908394544952
1625,-21.034243709069568,-72.96126491922627,-96.12584092572935,-89.51519468643347
1626,-30.818165684731635,-74.95843047281105,-95.26952630896996,-89.14160987765773
1627,-83.86223543253232,-77.15454094391939,-95.1875265726609,-88.84216685526413
1628,-231.16135727084855,-69.63525347170525,-96.06586737530235,-88.96144798671422
1629,-86.97076404566955,-80.99554309157855,-96.00297022610431,-88.92576750597351
1630,-56.00208942627435,-116.70978832403989,-95.7461824250938,-89.03047617792072
1631,-137.47577218643093,-69.34774603098947,-96.56792638649519,-88.73699199605822
1632,-107.22762350284953,-80.74691051229946,-96.33023450081805,-88.6042600865976
1633,-149.87834157195388,-69.06997489158272,-96.42253884060537,-88.54545972884569
1634,-42.77520051013346,-113.87875445247893,-94.71656070030006,-88.96532566725435
1635,-89.86071845482032,-87.21647624463108,-94.37354476823826,-89.02349332106546
1636,-79.68765432519497,-104.68324728864978,-93.46528236724095,-89.41580580670808
1637,-54.86862262063472,-106.35869041434975,-93.30427926163195,-89.67537024988567
1638,-42.165124030951084,-96.75683786451917,-92.89967947236008,-89.95282831935164
1639,-42.96890472835447,-93.17129191958365,-92.54412511556875,-89.77712407994959
1640,-135.7284538258678,-106.38799065699271,-93.51472193919936,-89.85709298793604
1641,-66.30834357293739,-68.97393148056442,-93.11885613539008,-89.8633069859108
1642,-52.96199665842215,-102.34854203514452,-92.13588942589398,-90.28788556100899
1643,-133.92454501841382,-71.79894861858759,-92.39433305619349,-89.96380810011154
1644,-75.88878314151714,-80.39346692021948,-91.98162675337942,-89.97762492917212
1645,-97.21125760889299,-78.12493868348673,-92.05050806612911,-89.79673116932908
1646,-134.23153968041046,-91.66176971020047,-92.4749932865748,-89.61753165436625
1647,-85.15834418175943,-95.77470746284729,-92.11819107089151,-89.83130449645144
1648,-161.8942968033928,-81.8323601652402,-93.10741182865799,-89.86500410518546
1649,-178.46903542994784,-76.79833385284384,-94.0021131255651,-89.79116228027327
1650,-225.89239753852544,-91.60041836041344,-94.952443461643,-90.09243634540057
1651,-217.83025635281516,-86.66201100442424,-95.51477430108122,-90.1018801163673
1652,-148.3799651573354,-111.5331505469347,-96.5755155659441,-90.32010588169814
1653,-152.1663248260505,-90.32511441639049,-97.4310616853281,-90.19391047562014
1654,-157.90964370318164,-67.66586030227214,-97.8547157978186,-89.82183688915994
1655,-114.59162154317231,-94.5911246388941,-97.65118240529408,-90.16646541213738
1656,-91.33289815744665,-69.42948913170852,-98.12348069116439,-89.84984055955557
1657,-105.18684012299167,-88.77301932601671,-97.86493580296634,-90.04738610218692
1658,-105.25243922910354,-106.61837841510348,-95.89428680772156,-90.38229093913229
1659,-144.4049342969353,-94.85578038394269,-96.6194505856241,-90.63464470522439
1660,-194.81291780355798,-71.80972142665858,-97.40348627126869,-90.26398879995268
1661,-131.99778077820682,-111.1989398826622,-97.8772641774836,-90.48152760519604
1662,-216.7817891965295,-74.20310443374149,-98.58376333995791,-90.36701503280314
1663,-131.80193539180695,-82.76269880814739,-98.17790052502265,-90.44527280400938
1664,-135.03981592102895,-104.20364518299687,-98.29321803286409,-90.62530158596073
1665,-144.4380481128033,-61.14661212563959,-98.0515242777331,-90.20737915396829
1666,-124.39504157274088,-106.80786422518247,-97.57608790068723,-90.45105026429336
1667,-107.19846906042044,-93.2045430148122,-97.90586008979471,-90.65726026568292
1668,-141.7801716608443,-73.07599777725558,-98.03138664630409,-90.4925844532247
1669,-186.69433571934383,-95.60238792939631,-98.71133385278905,-90.78367304836502
1670,-208.06106472448172,-72.37258966331866,-99.67376761263051,-90.69796900953591
1671,-161.91338159049576,-86.31694444608547,-100.04481099005991,-90.603026089852
1672,-123.0173642271583,-72.54952133735168,-99.5899724516419,-90.3292932867586
1673,-140.77871414665506,-107.81764886312672,-99.60243191838985,-90.5375538011377
1674,-100.51898906177254,-108.24196337039345,-99.95153666794849,-90.6592185134611
1675,-162.88699958900378,-109.10647842169193,-100.97193046853587,-90.81787261763891
1676,-141.60442936749172,-68.93004555606322,-101.14029833248414,-90.38684786785647
1677,-147.61101407648422,-72.59060005390204,-101.63656012472245,-90.15132464334172
1678,-157.60874612065197,-107.09140394318125,-101.78134165737448,-90.11587623679054
1679,-157.3795115574661,-76.76872095216243,-101.56004817686045,-89.79471598686196
1680,-142.90472329280487,-70.25853105947824,-102.20011537931394,-89.5492433298946
1681,-179.00072909542752,-73.6078400972523,-103.37790798510704,-89.31648530304977
1682,-188.95468137504307,-78.84432358760446,-104.77565324089858,-89.04986822598163
1683,-118.99555578812453,-100.7819107114728,-104.52652888501706,-89.20263069033307
1684,-106.20483847052913,-100.90007310056407,-105.02278643928351,-89.07791505430308
1685,-108.37248987150268,-86.67978907926503,-104.89719100216618,-89.0156489746448
1686,-180.55074294020915,-99.73614614952824,-105.38054431233051,-88.94035668144853
1687,-168.03013624890679,-101.21889686307885,-105.79160953496158,-88.87163790180249
1688,-171.43812470356872,-69.76406288662587,-107.02828587350159,-88.66497965981549
1689,-147.03446698516646,-101.22653312295395,-107.5904728296787,-88.93350457799595
1690,-181.61809940474157,-70.96250490388736,-108.35893068068037,-88.63083224908102
1691,-152.79163479196885,-95.86229421381977,-109.44907096261193,-88.68808910910336
1692,-137.6745180358543,-81.10961226090741,-109.99403264683848,-88.83792185632305
1693,-128.4561749658765,-101.55185770129849,-110.49567630015618,-88.8100770858546
1694,-194.95172183060788,-106.07705185844762,-112.07948787796865,-88.83886220794894
1695,-132.64789660353603,-75.58288150280409,-112.87099502560078,-88.73118184962047
1696,-132.8353980135037,-98.15222585320927,-114.01928950397028,-89.02388396301525
1697,-143.86052160709292,-98.58816012785424,-115.17112146819535,-89.25459808456944
1698,-130.196806693043,-101.39035768084622,-115.64583212825958,-89.57548121461043
1699,-142.74757128066247,-96.56578618686147,-116.24327115434973,-89.74531352569747
1700,-114.93633472656983,-102.52689377464262,-115.63174584317518,-89.96903928342586
1701,-129.79670598381065,-107.6860540511822,-115.78671163107481,-90.33568271562795
1702,-130.99919004512097,-98.34884796615512,-116.13498692991412,-90.3813137291825
1703,-157.1812187692632,-82.61646750528223,-116.27708228252072,-90.13754378652489
1704,-156.94958967155696,-107.55428039310897,-117.79634481342647,-90.1145223021192
1705,-121.99809694037457,-111.49455524999965,-118.34225975261779,-90.15518439609322
1706,-139.3422857355783,-88.02127927964466,-119.59584728649108,-90.14502973699291
1707,-165.71434791316176,-63.27099722391083,-120.9315866945775,-89.88769585002782
1708,-161.78967239361913,-107.19103112099516,-122.36901088268505,-89.91186105252699
1709,-140.36835728212986,-68.21028147823083,-123.52017606796842,-89.5273986751806
1710,-98.18869758577301,-113.14658875348826,-124.1436733917198,-89.62369707638057
1711,-148.7814167198233,-106.630408107772,-124.45209966942272,-89.57714662617774
1712,-138.08656346404507,-91.14471826236071,-123.77019086873612,-89.47072668310553
1713,-113.14554396314928,-89.28330072739269,-124.3203044943556,-89.24391602920467
1714,-156.70902103457777,-93.36145932323666,-125.10026718368445,-89.16167476062643
1715,-118.55403019297503,-105.82968071607851,-126.04975591249507,-89.39509900864576
1716,-120.79116130408264,-70.81418281490743,-127.04021317153833,-89.4106833119855
1717,-125.55832587523282,-78.21331537042353,-127.30983920596194,-89.47150345853429
1718,-184.786594698329,-109.34675309174675,-128.654051841462,-89.63592483349153
1719,-130.66263862717486,-100.53366581016208,-129.60329954634025,-89.66679731954044
1720,-166.5963415841487,-80.61805532133823,-130.1010665989326,-89.77369080388071
1721,-151.1411224338531,-70.58877607313032,-131.10116612169358,-89.54127707547896
1722,-126.19469468603798,-78.72460929342931,-132.1462606337822,-89.3588060721177
1723,-157.02100631725867,-85.69210009413023,-132.81744489932723,-89.47464708024886
1724,-181.52671061430772,-84.93587281594031,-133.8388775458864,-89.3024053193481
1725,-181.03423900533815,-70.41002772971451,-135.43887749884908,-89.27689294745299
1726,-168.99620923338802,-78.89671831030293,-136.82065793433563,-89.3162758258279
1727,-134.67300762239492,-96.08317365229914,-137.32876565623425,-89.5055621529117
1728,-140.65905592378934,-100.4594804697673,-136.42374264276367,-89.81380442289233
1729,-141.77465299527364,-76.90542125391696,-136.97178153225968,-89.77290320451571
1730,-160.7373132676497,-93.73189953125616,-138.01913377067345,-89.54312431658789
1731,-130.71415364544993,-68.62715201506023,-137.95151758526364,-89.53591837642858
1732,-186.0103685637432,-93.0184245572408,-138.73934503587256,-89.658633516878
1733,-179.93183148059347,-62.17578903369036,-139.03987993495898,-89.58969165829906
1734,-135.18052478156613,-69.47470245531218,-139.9639331776733,-89.1456511383274
1735,-116.44063366537397,-107.04991372784613,-140.2297323297788,-89.34398551315957
1736,-133.0023845633173,-69.24264675906605,-140.7628796321601,-88.98957950786372
1737,-91.65047120543615,-82.33869986321598,-141.13069811800807,-88.74937960235239
1738,-216.38419364556472,-93.26833669421363,-142.87288881415418,-88.71449459064934
1739,-182.83036590024173,-98.35860366707703,-144.27150342587308,-88.76636770812426
1740,-106.93131331095681,-100.42412701596236,-143.98353202072394,-88.70672907171395
1741,-133.02671518613607,-81.40133616604231,-144.65071573685597,-88.83100311856874
1742,-135.1792464903522,-86.24269702424408,-145.47288823517528,-88.66994466845973
1743,-145.03771005274803,-96.29345791229069,-145.58401988551861,-88.91488976139676
1744,-119.97820781109444,-106.61419239818896,-146.02491413221438,-89.17709701617646
1745,-93.6183885391825,-83.51716731647001,-145.98898544151726,-89.23101930250627
1746,-130.76649849221798,-82.00887865137037,-145.95433502963533,-89.13449039191798
1747,-267.4428825768008,-110.40341526618977,-147.77718041358577,-89.2807774699514
1748,-104.4633415475968,-102.87039091808249,-147.2028708610278,-89.49115777747981
1749,-134.48159712634236,-86.90795776273579,-146.76299647799175,-89.59225401657875
1750,-89.99038034452445,-83.50352039791078,-145.40397630605176,-89.51128503695372
1751,-121.56316842793117,-112.27052175557688,-144.44130542680293,-89.76737014446526
1752,-190.80281440472282,-108.53969174994032,-144.86553391927677,-89.73743555649533
1753,-175.43270881574495,-81.0833700902551,-145.09819775917373,-89.64501811323397
1754,-137.42181635242315,-68.17331516043814,-144.89331948566613,-89.65009266181563
1755,-163.32570362757767,-69.25691153191819,-145.3806603065102,-89.39675053074588
1756,-157.98467704331281,-95.4521843726895,-146.04717809536888,-89.65697748315567
1757,-141.33893033507445,-79.93556704167895,-146.40869899748972,-89.56860296031229
1758,-117.40358327854699,-72.09151562626552,-146.53021043798415,-89.22333433242392
1759,-134.39507169020163,-86.15432462784183,-146.4301118119168,-89.1363197748629
1760,-187.3234718474342,-109.67340001293852,-146.35521735235554,-89.5149565607257
1761,-117.74584100709687,-102.22058832478183,-146.21269795464445,-89.4251730451469
1762,-194.05991169660095,-94.98220431663245,-145.98547917964515,-89.6329640439758
1763,-130.03211140680045,-85.01090214704672,-145.96778093979506,-89.6554460773648
1764,-220.39495366764686,-59.17574739215833,-146.82133231726127,-89.20516709945643
1765,-167.43211681305672,-77.0331063696047,-147.0512730042638,-89.36403204189607
1766,-124.56251394580254,-106.15838584425728,-147.0529477279944,-89.35753725808682
1767,-167.14933022327477,-72.57851733199476,-147.65245633962297,-89.15127700125865
1768,-143.4679899456092,-112.0264440765418,-147.66933452247062,-89.54078146425151
1769,-141.36682960941457,-81.05173715823392,-147.21605946137132,-89.39527495653988
1770,-142.27657750314242,-74.01850344519359,-146.55821458915793,-89.41173409435864
1771,-123.2071125319879,-84.63932827770424,-146.17115189857284,-89.39495793267483
1772,-111.23117863305308,-85.09869482646505,-146.0532900426318,-89.52044966756596
1773,-185.60729553723564,-75.6925068944495,-146.5015758565376,-89.19919824787918
1774,-129.85824319705574,-94.91498132912524,-146.79496839789041,-89.06592842746652
1775,-138.0093528982399,-110.48978058238168,-146.5461919309828,-89.0797614490734
1776,-133.1654586105529,-108.79732567806174,-146.46180222341337,-89.47843425029338
1777,-134.36313093776386,-94.88338309700609,-146.32932339202617,-89.70136208072441
1778,-144.10100638683738,-109.38522233292991,-146.19424599468803,-89.72430026462189
1779,-161.0510560909974,-76.00151382671132,-146.23096144002335,-89.71662819336737
1780,-144.7034300425929,-74.92261237092707,-146.24894850752122,-89.76326900648186
1781,-201.8797775231126,-64.7841698644892,-146.47773899179808,-89.67503230415424
1782,-143.11937815679178,-70.72925944947455,-146.0193859596156,-89.59388166277296
1783,-153.1761379382054,-99.53586304486558,-146.36119178111642,-89.5814211861069
1784,-145.10526168237857,-100.69026366065748,-146.75019601323487,-89.57932309170782
1785,-159.37133340024457,-89.82490037993003,-147.26018444852227,-89.61077420471446
1786,-151.10760788135283,-97.11809946203468,-146.96575309793374,-89.58459373783951
1787,-132.81303600404607,-82.9128954346805,-146.61358209548513,-89.40153372355553
1788,-168.90973302367067,-68.58842034192898,-146.58829817868616,-89.38977729810857
1789,-181.4510581845276,-96.72962449063954,-146.93246409067976,-89.34480821178542
1790,-192.36410397207388,-72.1349345103055,-147.03992413635308,-89.35653250784961
1791,-134.1287801508765,-90.9757449655656,-146.85329558994215,-89.30766701536707
1792,-153.80035999487185,-113.08196832846073,-147.01455400953233,-89.6273905760426
1793,-167.64808276501543,-78.96040060627222,-147.40647308752372,-89.40147600509233
1794,-149.26743663661915,-71.19164262296823,-146.94963023558384,-89.05262191273755
1795,-139.96338268365145,-97.87473378248421,-147.02278509638504,-89.27554043553435
1796,-130.00057902317684,-105.77994666538316,-146.99443690648175,-89.35181764365609
1797,-150.32142237660307,-101.37425090114756,-147.05904591417686,-89.37967855138902
1798,-135.9454709747007,-91.87681531392805,-147.11653255699343,-89.28454312771984
1799,-142.10875875790487,-72.39932930906248,-147.11014443176586,-89.04287855894187
1800,-143.39180891531004,-109.54867497723602,-147.39469917365327,-89.1130963709678
1801,-142.37699098411073,-99.54904146833042,-147.52050202365623,-89.03172624513927
1802,-183.13714550229156,-98.00300540338985,-148.04188157822793,-89.02826781951161
1803,-105.31768651479507,-86.97876259038428,-147.52324625568323,-89.07189077036263
1804,-180.06967480605508,-75.15885431250443,-147.7544471070282,-88.74793650955658
1805,-176.95784881727428,-92.28433615622014,-148.30404462579725,-88.55583431861879
1806,-123.64147423133653,-99.91688006006328,-148.14703651075482,-88.67479032642296
1807,-171.7600014526246,-97.17101367895106,-148.20749304614947,-89.01379049097336
1808,-163.08545431116374,-112.66360025946642,-148.22045086532492,-89.06851618235808
1809,-170.62076116673134,-70.85015709169717,-148.52297490417092,-89.09491493849274
1810,-89.63462952651706,-100.7279487437549,-148.43743422357835,-88.9707285383954
1811,-134.8535583416856,-73.97126526693395,-148.298155639797,-88.64413710998704
1812,-149.25122224954143,-87.32259904827002,-148.4098022276519,-88.60591591784612
1813,-141.39086400656666,-98.10028548599684,-148.6922554280861,-88.69408576543218
1814,-156.60965394204223,-99.1826110727795,-148.69126175716073,-88.75229728292761
1815,-176.7085967209195,-80.3696910433966,-149.27280742244017,-88.4976973862008
1816,-153.10403001061002,-67.19503899825935,-149.59593610950546,-88.46150594803431
1817,-160.83078027871795,-75.60482603865638,-149.94866065354032,-88.43542105471664
1818,-202.92128290423466,-104.22504819711958,-150.13000753559936,-88.38420400577037
1819,-154.90344860522583,-72.9106347729569,-150.37241563537987,-88.10797369539831
1820,-280.8789423662157,-80.51914319771313,-151.51524164320054,-88.10698457416207
1821,-131.06745951522453,-111.36112603849007,-151.31450501401426,-88.51470807381567
1822,-125.3351390879354,-77.26414773761134,-151.30590945803323,-88.50010345825748
1823,-115.04045844011104,-110.63797132788237,-150.88610397926175,-88.749562170595
1824,-142.90835265595848,-98.21199449319985,-150.49992039967827,-88.8823233873676
1825,-171.87839375475716,-102.53817848578973,-150.4083619471725,-89.20360489492835
1826,-187.4603648213458,-80.92336058368635,-150.59300350305207,-89.22387131766219
1827,-165.52840847069572,-93.39829415863379,-150.90155751153506,-89.19702252272553
1828,-230.1289942461021,-109.10131327393185,-151.79625689475816,-89.28344085076718
1829,-174.2957081259506,-75.09129107480915,-152.1214674460649,-89.26529954897609
1830,-132.7729423923508,-84.95156562453492,-151.84182373731193,-89.17749620990887
1831,-158.40348367859926,-77.59103454873114,-152.11871703764345,-89.26713503524559
1832,-142.99292468288178,-91.3615677838598,-151.68854259883486,-89.25056646751177
1833,-164.04509696945271,-81.83560291858626,-151.52967525372344,-89.44716460636074
1834,-144.4387465969096,-110.95619512111564,-151.6222574718769,-89.86197953301878
1835,-152.55316144526543,-72.20981220323753,-151.98338274967583,-89.51357851777269
1836,-172.18508973990944,-68.88645033537816,-152.3752098014417,-89.51001655353582
1837,-141.62324441089183,-92.97553390321698,-152.87493753349628,-89.61638489393583
1838,-185.33111152368232,-76.5797322549562,-152.56440671227747,-89.44949884954325
1839,-190.2949701972707,-87.33805719871252,-152.63905275524775,-89.3392933848596
1840,-130.51472221959924,-83.3524795875418,-152.87488684433416,-89.1685769105754
1841,-218.12314400398648,-111.2610853417738,-153.72585113251264,-89.46717440233272
1842,-174.5655761978124,-71.77962974555028,-154.11971442958725,-89.32254372954579
1843,-190.75031738968693,-84.5346689689745,-154.57684050295663,-89.20495584011262
1844,-123.05932837835176,-86.13697251313181,-154.6076517086292,-89.00018364126204
1845,-165.81708532605438,-92.08961793612299,-155.32963867649792,-89.08590814745858
1846,-154.48913488007378,-102.73191110754954,-155.5668650403765,-89.29313847202037
1847,-167.86484590180967,-108.12731849600848,-154.57108467362661,-89.27037750431856
1848,-151.7647045185934,-82.52864598428732,-155.04409830333654,-89.06696005498061
1849,-181.08944991733023,-70.1007796473613,-155.51017683124644,-88.89888827382686
1850,-195.2799185426918,-74.30773613447329,-156.5630722132281,-88.80693043119248
1851,-196.98675584158653,-100.5580850319946,-157.3173080873647,-88.68980606395665
1852,-133.51639752348746,-106.47411670045963,-156.74444391855232,-88.66915031346186
1853,-148.67757249836353,-107.95080344568751,-156.4768925553785,-88.93782464701617
1854,-130.24457948750805,-83.3498483919994,-156.4051201867293,-89.08958997933179
1855,-193.24663117827305,-107.09948694115441,-156.70432946223627,-89.46801573342415
1856,-204.30308182697613,-65.39591865124645,-157.1675135100729,-89.16745307620972
1857,-129.90157386580074,-109.06138389060291,-157.05313994538014,-89.45871124469896
1858,-143.6429782496647,-108.79074939042899,-157.31553389509133,-89.82570358234061
1859,-149.6394245708152,-75.94010940928189,-157.46797742389748,-89.723561430155
1860,-188.9383828549542,-112.64371177601372,-157.4841265339727,-89.75326454778575
1861,-181.55011814599456,-105.03448081522824,-158.1221693053617,-89.78140347269023
1862,-188.4224419167671,-80.9153689392225,-158.06579460756336,-89.64073511891611
1863,-207.38625248103614,-68.104786200256,-158.83933601830572,-89.4716739594482
1864,-137.67602112535795,-71.43256757770708,-158.0121466928828,-89.59424216130368
1865,-152.37074355031464,-111.29094520776663,-157.8615329602554,-89.93682054968531
1866,-166.94946266409465,-100.64441981568251,-158.28540244743832,-89.88168088939956
1867,-155.34560404083632,-97.30653792058963,-158.1673651856139,-90.12896109528552
1868,-180.62595033743472,-100.76809730621864,-158.53894478953217,-90.01637762758229
1869,-132.54793185979347,-99.00852543181352,-158.45075581203594,-90.19594551031807
1870,-162.99613673571048,-103.90480475828087,-158.65795140436163,-90.49480852344895
1871,-125.55243052398924,-101.6767033451104,-158.68140458428167,-90.66518227412303
1872,-123.30986796378936,-103.68862420594128,-158.80219147758902,-90.85108156791777
1873,-146.1327191195875,-63.89542695247692,-158.40744571341253,-90.73311076849805
1874,-175.25368211658295,-99.12505229298228,-158.86140010260777,-90.77521147813661
1875,-154.0008336442658,-84.82260600874883,-159.02131491006807,-90.51853973240027
1876,-133.43188241693443,-101.33350983082616,-159.02397914813187,-90.44390157392792
1877,-170.7368129729327,-92.95852925720557,-159.38771596848358,-90.42465303552991
1878,-245.64392733029928,-66.624069803026,-160.40314517791825,-89.99704151023089
1879,-206.95119974140957,-66.8073940165434,-160.86214661442233,-89.9051003121292
1880,-145.75995050035542,-81.94880941467395,-160.87271181899993,-89.97536228256666
1881,-157.502235291499,-60.149743562488126,-160.42893639668378,-89.92901801954665
1882,-105.85076249613797,-112.87029240880648,-160.05625024007728,-90.35042834913996
1883,-153.12593801603035,-107.13875573073271,-160.0557482408555,-90.42645727599864
1884,-168.70451097844608,-67.15057175907631,-160.2917407338162,-90.09106035698284
1885,-164.392969039246,-100.5096163843635,-160.34195709020622,-90.19790751702716
1886,-237.6824894607877,-72.33722240580059,-161.20770590600057,-89.95009874646483
1887,-151.1671265777535,-63.250665112124295,-161.39124681173763,-89.75347644323928
1888,-139.37901739103842,-112.05570539665722,-161.09593965541129,-90.18814929378657
1889,-123.552513606591,-90.88090374062958,-160.5169542096319,-90.12966208628647
1890,-125.7998315989787,-103.5404046872109,-159.85131148590096,-90.44371678805553
1891,-180.26655217575072,-77.8226720396602,-160.31268920614974,-90.31218605879647
1892,-142.35446697561326,-89.02199470854343,-160.19823027595714,-90.07158632259728
1893,-149.56253148439194,-68.78828113377654,-160.0173747631509,-89.96986512787232
1894,-184.93383022547246,-88.4520604399835,-160.37403869903943,-90.14246930604249
1895,-152.413289037388,-103.11394991145895,-160.49853776257683,-90.19486146733225
1896,-169.02486048881477,-106.68097526447865,-160.8887805772332,-90.20387175332318
1897,-204.92037677481923,-111.92160512419046,-161.43477012121537,-90.3093452955536
1898,-183.9250240305385,-73.1246516830664,-161.91456565177376,-90.12182365924498
1899,-208.9881556579387,-95.4344627399598,-162.5833596207741,-90.35217499355396
1900,-192.84341373545507,-83.04574567781347,-163.07787566897554,-90.08714570055974
1901,-144.91538148677202,-98.9159259647276,-163.10325957400212,-90.08081454552371
1902,-166.21822083128188,-64.2670724312922,-162.93407032729203,-89.74345521580274
1903,-176.5366006355273,-78.33054754549079,-163.64625946849935,-89.6569730653538
1904,-201.02919431351125,-63.2931464407323,-163.85585466357392,-89.53831598663608
1905,-127.3674671271419,-79.53387617588764,-163.35995084667258,-89.41081138683275
1906,-153.5792423389039,-78.43871791024945,-163.65932852774824,-89.19602976533461
1907,-233.67463505442495,-100.01599570904423,-164.27847486376626,-89.22447958563555
1908,-169.65504049091734,-75.57491044488903,-164.3441707255638,-88.85359268748978
1909,-158.7689500635744,-61.84354634800474,-164.22565261453224,-88.76352658005288
1910,-144.45341988340297,-112.2294505333821,-164.77384051810108,-88.87854159794914
1911,-166.43757969138517,-82.10910365104975,-165.08968073159807,-88.9599199817903
1912,-194.6086118964832,-101.59658230674157,-165.54325462806753,-89.10265981437502
1913,-127.9755446305261,-80.03470809406691,-165.4091014343071,-88.92200404045569
1914,-126.41410688845703,-106.2348454141436,-165.1071459637713,-88.99252638386935
1915,-188.68040232758077,-102.68356021512032,-165.2268640198379,-89.21566507558659
1916,-165.5103825912185,-85.35787619292489,-165.35092754564397,-89.39729344753323
1917,-131.82214420740246,-110.99674732687261,-165.0608411849308,-89.75121266041539
1918,-119.58224098102077,-65.22454983598467,-164.22745076569865,-89.36120767680404
1919,-168.99459535804206,-85.31302877386297,-164.3683622332268,-89.4852316168131
1920,-148.26979010892242,-102.7173497105164,-163.04227071065387,-89.70721368194114
1921,-150.4481975287105,-111.12215696465812,-163.23607809078874,-89.70482399120283
1922,-191.23094691481248,-76.1130944857898,-163.8950361690575,-89.69331345868461
1923,-137.14737203416195,-110.42593550151902,-164.116105304998,-89.69119310042097
1924,-154.7565059221051,-72.33799913492857,-164.23458683765946,-89.43245314683827
1925,-139.42055340285896,-108.5523408672801,-163.9100084341405,-89.49259477065316
1926,-155.96649120936732,-80.89161744977527,-163.59506969802075,-89.49227733931404
1927,-132.01416450117588,-63.81556454243981,-163.25992725832552,-89.19645004315211
1928,-180.7956301635855,-75.50962399220442,-162.76659361750035,-88.86053315033483
1929,-149.2443878177829,-82.39244674415853,-162.51608041441867,-88.93354470702833
1930,-149.50316219902237,-58.815656643119056,-162.6833826124854,-88.67218561721417
1931,-111.80987753626073,-91.37073960817315,-162.217446551062,-88.80998266780858
1932,-118.77564705177916,-106.22509811298963,-161.97527377475097,-88.9586179710999
1933,-153.7364766908875,-95.86166787639198,-161.87218757196533,-89.09887862067795
1934,-135.77226789376425,-100.68306997010559,-161.78552278493387,-88.99614736916784
1935,-129.06864916470252,-109.30938059234512,-161.55067766212824,-89.36714305305891
1936,-158.71782255378434,-97.65213873172256,-161.416004990267,-89.65479993702236
1937,-119.85867212182157,-120.47772460410623,-161.1983592673763,-89.92982184403125
1938,-167.5511463505242,-73.42423922706554,-161.02055961564471,-89.89826691375235
1939,-189.51243516712728,-84.67801039877348,-161.0127342653433,-89.87166644575296
1940,-205.11415978192602,-92.45904568665316,-161.75872864096658,-89.96273210674407
1941,-179.060722962856,-67.28682436653409,-161.36810443055523,-89.52298949699167
1942,-180.50167980698467,-90.06654057946419,-161.42746546664696,-89.7058586053308
1943,-148.8711066990465,-104.02827300082527,-161.00867335974058,-89.90079464564931
1944,-123.8096400607236,-77.95837465952889,-161.0161764765643,-89.8190086671133
1945,-147.272422853551,-100.17282870792461,-160.83072985183927,-89.89984077483132
1946,-162.47873153237023,-105.84156425573624,-160.91062581836223,-89.93093730631318
1947,-139.959352190861,-109.95025591033172,-160.6315708812527,-89.9491666804564
1948,-152.90289399080203,-97.45884375384028,-160.64295277597478,-90.09846865815193
1949,-156.00828032862705,-77.50885101802115,-160.39214108008778,-90.17254937185854
1950,-123.48620609478569,-101.99655122535391,-159.67420395560868,-90.44943752276734
1951,-90.5790133224677,-97.6223155877001,-158.61012653041752,-90.42007982832439
1952,-153.05699719108864,-107.10635158937583,-158.80553252709356,-90.42640217721355
1953,-211.3100432309845,-97.31686564079607,-159.43185723441974,-90.32006279916463
1954,-155.47508905797733,-65.16542860681346,-159.68416233012445,-90.13821860131279
1955,-155.21375293748815,-110.37887362599365,-159.3038335477166,-90.1710124681612
1956,-162.06434654357992,-70.41103665581441,-158.88144619488264,-90.22116364820687
1957,-160.96813562222303,-81.19124907376093,-159.19211181244685,-89.94246230003844
1958,-185.3528956468292,-69.27423739189764,-159.6092109864185,-89.54729718005312
1959,-168.59971642058025,-64.72338998123213,-159.7988139049162,-89.43512998577263
1960,-190.28476150377736,-80.16635820116863,-159.81227769140443,-89.11035645002417
1961,-161.49978870042736,-96.4571454042938,-159.61177439694876,-89.02458309591483
1962,-190.4105290790767,-76.36241196386796,-159.63165526857185,-88.97905352616128
1963,-132.2000736982766,-95.75142395487174,-158.87979348074424,-89.25551990370744
1964,-153.59199323322056,-99.98258483690968,-159.03895320182284,-89.54102007629947
1965,-149.14328080156636,-85.39890242201506,-159.00667857433538,-89.28209964844197
1966,-122.80852771684098,-92.160855180349,-158.56526922486285,-89.19726400208863
1967,-175.86205371920428,-105.70798940179394,-158.77043372164653,-89.28127851690067
1968,-141.47769161494597,-64.58782519730303,-158.37895113442164,-88.91947579581151
1969,-203.85861910490823,-84.46920953607408,-159.09205800687278,-88.7740826368541
1970,-170.3337167112914,-66.37102353002184,-159.16543380662858,-88.39874482457152
1971,-164.7162918389577,-94.63226609453989,-159.55707241977828,-88.32830045206582
1972,-137.29607208545792,-105.76322586601225,-159.69693446099498,-88.34904646866651
1973,-153.09402416795703,-63.52132192512071,-159.76654751147865,-88.34530541839297
1974,-124.00363783776021,-109.90305861879607,-159.2540470686904,-88.45308548165112
1975,-155.92764119322663,-110.92827773877283,-159.27331514418,-88.71414219895135
1976,-165.53145804260825,-66.00594612626728,-159.59431090043674,-88.36086656190577
1977,-138.55454536941912,-107.44981801250123,-159.27248822440163,-88.50577944945873
1978,-149.1320365996439,-80.81405154099511,-158.3073693170951,-88.64767926683841
1979,-166.7692211513113,-110.72172814694038,-157.90554953119408,-89.08682260814237
1980,-165.71092216426416,-85.32989076760708,-158.10505924783317,-89.12063342167171
1981,-160.1832719780738,-90.82523940582062,-158.13186961469887,-89.42738838010503
1982,-216.4381553664904,-66.17137951061613,-159.2377435434024,-88.96039925112314
1983,-174.59441866078092,-81.33114002837084,-159.45242834984992,-88.70232309409953
1984,-120.86056711575262,-94.91768128477004,-158.973988911223,-88.97999418935646
1985,-162.83861755625412,-96.12756579196167,-158.95844539639307,-88.93617368343243
1986,-178.6804267704144,-70.07879116256638,-158.36842476948937,-88.91358937100007
1987,-191.50850954663488,-60.6237100849163,-158.77183859917818,-88.88731982072801
1988,-143.83539245584674,-101.18933207579407,-158.81640234982626,-88.77865608751937
1989,-155.5463480112466,-98.01163456642648,-159.13634069387282,-88.84996339577735
1990,-145.40576937498253,-81.67810793919861,-159.33240007163286,-88.63134042829722
1991,-165.74295100935075,-88.14873311839615,-159.1871640599689,-88.73460103908458
1992,-123.97854203004378,-100.19132726692548,-159.00340481051322,-88.84629436466841
1993,-173.49543664158625,-86.35728493527051,-159.24273386208512,-89.02198440268334
1994,-167.7520137674456,-61.22893497407513,-159.07091569750486,-88.74975314802425
1995,-152.80516919404383,-101.50016051712511,-159.07483449907141,-88.73361525408092
1996,-158.30961906636355,-92.94125026799006,-158.96768208484687,-88.59621800411603
1997,-139.59946266308964,-70.05580421486242,-158.3144729437296,-88.17755999502275
1998,-121.1963637878275,-63.894662115830116,-157.6871863413025,-88.08526009935038
1999,-159.2218754538374,-63.38121364215799,-157.1895235392615,-87.76472760837235
2000,-121.10599919457896,-57.99976356798133,-156.47214939385273,-87.51426778727405
2001,-213.89459537930486,-74.51696364742614,-157.16194153277803,-87.27027816410103
2002,-117.39141760964489,-70.41281398689158,-156.67367350056165,-87.33173557965702
2003,-124.91434836107874,-98.92792586032077,-156.15745097781718,-87.53770936280533
2004,-179.95262627290327,-64.26027064556862,-155.9466852974111,-87.54738060485369
2005,-153.47089226117487,-98.36527492642534,-156.20771954875144,-87.73569459235907
2006,-108.7037118820122,-111.47229211758801,-155.75896424418252,-88.06603033443245
2007,-115.7419835562738,-101.37724493851367,-154.57963772920098,-88.07964282672717
2008,-156.41046269285047,-59.99004075156315,-154.44719195122033,-87.9237941297939
2009,-123.53357705227633,-106.77328616983449,-154.09483822110735,-88.3730915280122
2010,-200.25052522578002,-60.532951190180285,-154.6528092745311,-87.85612653458017
2011,-120.07324755141259,-107.69977144263362,-154.18916595313138,-88.112033212496
2012,-144.78013821081493,-66.88363018783639,-153.69088121627468,-87.76490369130694
2013,-206.63393924686378,-90.2944131991909,-154.47746516243808,-87.86750074235819
2014,-136.40077864020896,-61.44042110382526,-154.57733187995558,-87.41955649925501
2015,-172.87116685558212,-112.48483337815793,-154.4192395252356,-87.51756923088539
2016,-152.02556528122264,-99.5887095736975,-154.28439135213569,-87.65987756469312
2017,-151.6025190658345,-88.07708390486017,-154.48219510072002,-87.430680930473
2018,-160.74754052584672,-57.85908027127692,-154.89384809616826,-87.35702623482592
2019,-193.8193017854322,-70.53003575806136,-155.14209516044215,-87.2091963046679
2020,-130.2814109374675,-80.27428159927953,-154.9622113687276,-86.98476562355553
2021,-137.17921448623736,-82.70627807666733,-154.82952153830288,-86.70060683467561
2022,-131.694992917431,-79.86401570286945,-154.23416199832909,-86.73811604684641
2023,-165.3686583893447,-89.0858919400616,-154.5163748618809,-86.52471561123184
2024,-196.4674196556151,-119.62754383524788,-154.933483999216,-86.99761105823502
2025,-185.48429202057005,-88.73643132401314,-155.3941213853931,-86.79945196280237
2026,-137.194162525337,-99.53858597634604,-155.2063980985528,-86.98592164806806
2027,-140.81069853900374,-77.09148470015282,-155.29436343893107,-87.1186808496452
2028,-162.39843017559966,-78.58360812803036,-155.1103914390512,-87.14942069100347
2029,-160.2502121393287,-109.15212963571778,-155.22044968226666,-87.41701751991906
2030,-188.98829905566691,-92.33151088492522,-155.6153010508331,-87.75217606233711
2031,-157.8785918536512,-61.85001506700521,-156.075988194007,-87.45696881692542
2032,-149.93235240007849,-100.30606693098797,-156.38755524748998,-87.3977785051054
2033,-158.29964275428145,-93.5021673119889,-156.43318690812393,-87.3741834994614
2034,-147.70156107706956,-93.29934669768525,-156.552479839957,-87.3003462667372
2035,-130.37497688506699,-100.03759106213919,-156.56554311716064,-87.20762837143512
2036,-167.56886521846377,-86.48188293955324,-156.65405354380746,-87.09592581351343
2037,-113.00397746635741,-91.24183776970081,-156.5855065972528,-86.80356694516938
2038,-140.46889903343853,-83.62621368195269,-156.31468412408194,-86.90558668971825
2039,-161.37893757818097,-80.70051410837235,-156.03334914819246,-86.86581172681424
2040,-260.9976877307784,-69.54284778555181,-156.592184427681,-86.63664974780322
2041,-180.7210459054973,-100.28122532863419,-156.60878765710743,-86.96659375742422
2042,-138.23458198045017,-63.518304783328574,-156.18611667884207,-86.70111139946285
2043,-144.2146766333548,-104.28231848534283,-156.13955237818513,-86.70365185430803
2044,-128.24002344462477,-85.09184182375888,-156.18385621202412,-86.77498652595033
2045,-163.32294326115576,-69.14859124891635,-156.34436141610018,-86.46474415136026
2046,-132.35536454187792,-101.81467068325489,-156.04312774619527,-86.42447521563545
2047,-178.12264432926392,-79.78825110968411,-156.4247606675793,-86.12285516762897
2048,-114.35261021074078,-71.98118778027398,-156.0392578297787,-85.86807860789334
2049,-165.31581233384674,-88.19064837821719,-156.1323331498309,-85.97489658149529
2050,-184.98434045448596,-64.86262930945766,-156.7473144934279,-85.60355736233632
2051,-155.21917297330134,-106.59554109083672,-157.39371608993625,-85.69328961736768
2052,-198.38866697520712,-60.9952468009447,-157.84703278777744,-85.23217856948338
2053,-186.73845261446053,-79.99700502054294,-157.6013168816122,-85.05897996328085
2054,-109.88442217392989,-106.51966839541403,-157.14541021277174,-85.47252236116685
2055,-211.18302174623824,-77.99596478611045,-157.7051029008592,-85.148693272768
2056,-181.3759448984361,-92.89234299853437,-157.89821888440775,-85.3735063361952
2057,-122.19921210576503,-81.13309666370198,-157.51052964924315,-85.37292481209461
2058,-179.5491114546075,-89.79086834416195,-157.45249180732094,-85.57809112161725
2059,-145.4573962157185,-108.17365588397429,-157.22106860527236,-86.01259378064466
2060,-268.9067556311511,-62.388135775874,-158.00728854654605,-85.83481155639171
2061,-197.07386640483574,-101.79681111241408,-158.36302932359015,-85.88820821347294
2062,-175.63162748797555,-78.15515646513278,-158.21524030767915,-85.90613565848558
2063,-147.69299722396568,-106.8993665769065,-158.37016954293603,-86.01761508470594
2064,-129.3669073929832,-106.62830632662555,-158.12791868453365,-86.0840722996031
2065,-189.41549007390296,-112.04133239341805,-158.53064077725705,-86.35049659931713
2066,-158.6011788920505,-92.1903771495921,-158.88856728900913,-86.35079181900957
2067,-160.77350213263784,-72.45246523867448,-158.7376817731435,-86.01823657737837
2068,-162.28699519371258,-69.2445385402592,-158.94577480893116,-86.06480371080794
2069,-112.40664696293959,-99.16858086466486,-158.03125508751145,-86.21179742409383
2070,-165.45411346749938,-79.5604707896896,-157.98245905507355,-86.34369189669052
2071,-179.41330943992122,-108.86913418800692,-158.12942923108315,-86.48606057762518
2072,-141.88097508554344,-99.58417858864692,-158.175278261084,-86.42427010485152
2073,-154.69975957773593,-90.88932705874078,-158.1913356151818,-86.69795015618773
2074,-179.49100064300717,-92.4466910712873,-158.74620924323426,-86.52338648071263
2075,-152.0757531135678,-83.91900508040813,-158.7076903624377,-86.25329375412899
2076,-166.47120498363975,-85.56869608803252,-158.71708783184798,-86.44892125374665
2077,-173.84904547577062,-79.25804141127377,-159.07003283291152,-86.16700348773436
2078,-126.26718013431761,-91.92527924090552,-158.84138426825828,-86.27811576473347
2079,-146.3452756863223,-93.88788368776832,-158.6371448136084,-86.10977732014175
2080,-134.0823612671008,-99.04795434126278,-158.32085920463675,-86.2469579558783
2081,-151.74997556792573,-88.85337272158704,-158.23652624053528,-86.22723928903598
2082,-212.2605692036392,-122.21855862329994,-158.19475037890675,-86.78771108016281
2083,-146.62230203940828,-92.91556917823456,-157.91502921269304,-86.90355537166144
2084,-158.45567112344264,-96.31572339188251,-158.29098025276994,-86.91753579273255
2085,-146.57401744021814,-78.43714702923636,-158.12833425160957,-86.7406316051053
2086,-137.60449389182767,-111.64215455106321,-157.7175749228237,-87.15626523899029
2087,-144.49095386636347,-85.02875546664343,-157.247399366021,-87.40031569280757
2088,-172.39346512284425,-83.89180107752077,-157.53298009269096,-87.22734038282483
2089,-212.42893491650995,-111.98954591990984,-158.1018059617436,-87.36711949635966
2090,-190.99123449189867,-91.39229311296658,-158.55766061291274,-87.46426134809732
2091,-207.62953318976278,-104.82825548177667,-158.97652643471687,-87.63105657173112
2092,-186.5756337252961,-69.73223405397486,-159.60249735166943,-87.32646563960162
2093,-159.27028599279143,-111.06456220357823,-159.46024584518148,-87.57353841228469
2094,-226.1451921972044,-71.79501648210967,-160.04417762947907,-87.67919922736503
2095,-140.99288991076574,-66.75648613032445,-159.92605483664627,-87.33176248349703
2096,-195.55214886481392,-100.51768174892949,-160.29848013463078,-87.40752679830644
2097,-106.90991959878902,-95.41232626897366,-159.97158470398776,-87.66109201884755
2098,-181.47924733159783,-87.38162981689584,-160.57441353942545,-87.89596169585823
2099,-148.18592225835022,-102.00939697205736,-160.46405400747057,-88.28224352915721
2100,-190.19561504925468,-62.69712566320091,-161.1549501660173,-88.3292171501094
2101,-164.22064753867272,-103.47689870730255,-160.65821068761102,-88.61881650070816
2102,-104.63887290642539,-109.69312128612063,-160.5306852405788,-89.01161957370046
2103,-150.811357106558,-82.13537342625209,-160.78965532803363,-88.84369404935977
2104,-183.88743746269853,-73.96576126147802,-160.8290034399316,-88.94074895551887
2105,-171.26495697406367,-75.85831880570156,-161.00694408706048,-88.71567939431164
2106,-116.05494958134868,-62.66969469040485,-161.08045646405384,-88.2276534200398
2107,-211.83846232933735,-66.84001110497854,-162.04142125178447,-87.88228108170445
2108,-159.6675256967217,-65.21720638288998,-162.07399188182316,-87.93455273801771
2109,-207.84196733467155,-88.41546063832752,-162.91707578464712,-87.75097448270265
2110,-195.50171306926623,-75.82443626579993,-162.869587663082,-87.90388933345885
2111,-106.28812110299494,-102.70494502163315,-162.7317363985978,-87.85394106924885
2112,-156.41701160763535,-84.74738424244426,-162.84810513256602,-88.03257860979494
2113,-178.52148330185082,-98.08720058221984,-162.56698057311587,-88.11050648362522
2114,-226.11527050001231,-96.01989140997864,-163.4641254917139,-88.45630118668674
2115,-180.9242385265304,-93.74824910571496,-163.54465620842336,-88.26893534396231
2116,-161.10270128031172,-85.11676019852895,-163.63542756841426,-88.12421585021062
2117,-162.31034982858142,-102.14939731566311,-163.74250587604172,-88.26493898431868
2118,-167.6246098453641,-84.2871874734806,-163.81127656923692,-88.5292200563407
2119,-119.83608894660881,-67.01294568261758,-163.0714444408487,-88.49404915558627
2120,-186.6940065777253,-88.43775362601582,-163.63557039725129,-88.57568387585363
2121,-160.05459973039717,-77.47523267917234,-163.8643242496929,-88.52337342187867
2122,-156.3870796150816,-109.62895073048651,-164.1112451166694,-88.82102277215483
2123,-230.1272695485964,-93.06501428388624,-164.75883122826193,-88.86081399559308
2124,-184.39003832539652,-71.92538742944338,-164.63805741495972,-88.38379243153503
2125,-193.7111528268494,-114.86761260429222,-164.7203260230225,-88.64510424433782
2126,-219.79144775623416,-62.79320070043926,-165.54629887533147,-88.27765039157877
2127,-179.27503563484981,-77.99680095904523,-165.93094224628993,-88.28670355416769
2128,-122.39381859811968,-67.9369381821765,-165.53089613051515,-88.18023685470915
2129,-107.64149177651545,-79.36627368301151,-165.00480892688702,-87.8823782951821
2130,-152.92632270204783,-58.29457115861506,-164.6441891633508,-87.54200889791899
2131,-139.78288443081257,-86.63603109790218,-164.4632320891224,-87.78986905822795
2132,-93.42254007867176,-59.01336275703054,-163.89813396590836,-87.37694201648837
2133,-108.18892088536266,-109.11336627771473,-163.39702674721914,-87.53305400614563
2134,-166.35718883715344,-108.91304348388502,-163.58358302482003,-87.68919097400763
2135,-150.7511698161855,-62.93450089826146,-163.7873449541312,-87.31816007236885
2136,-185.46818916525098,-83.79412668048764,-163.96633819359909,-87.2912825097782
2137,-169.92792886672618,-66.40810410953861,-164.53557770760278,-87.04294517317658
2138,-285.8083664374647,-94.24782317159297,-165.98897238164304,-87.14916126807297
2139,-142.90456382362012,-60.22934329359062,-165.80422864409744,-86.94444955992516
2140,-130.79091749523218,-111.39435785628322,-164.50216094174198,-87.36296466063249
2141,-116.15993508280252,-90.9646649059287,-163.85654983351503,-87.26979905640543
2142,-128.2675528154812,-55.0002547918794,-163.75687954186532,-87.18461855649095
2143,-182.68779935937135,-108.61764227874616,-164.1416107691255,-87.22797179442497
2144,-141.97048711755295,-100.52512275583395,-164.27891540585478,-87.38230460374571
2145,-137.34691101336801,-102.696724975609,-164.0191550833769,-87.71778594101264
2146,-126.21148830759796,-80.25324418306792,-163.95771632103407,-87.50217167601076
2147,-155.05521963954374,-90.8343410735172,-163.72704207413688,-87.61263257564909
2148,-195.2728929643823,-79.16173548070662,-164.53624490167329,-87.68443805265343
2149,-147.00296718710567,-87.41683156525801,-164.35311645020587,-87.67669988452386
2150,-120.39280106754373,-83.58487652640989,-163.70720105633646,-87.86392235669338
2151,-129.42543099366043,-97.93375223297862,-163.44926363654005,-87.77730446811479
2152,-212.39760988446983,-69.38033020905388,-163.5893530656327,-87.86115530219588
2153,-140.6350236396216,-71.1322764559452,-163.1283187758843,-87.7725080165499
2154,-134.9259471206296,-71.96769090335175,-163.3787340253513,-87.42698824162929
2155,-84.36432357040006,-68.33143087528659,-162.11054704359293,-87.33034290252105
2156,-125.70803030259665,-88.45355866499314,-161.5538678976345,-87.28595505918564
2157,-181.3440168113544,-89.89966633988602,-162.1453159446904,-87.37362075594747
2158,-141.59241829945245,-99.36350413081118,-161.76574901313884,-87.46934711381397
2159,-162.56091871339714,-81.97838226388635,-161.93678423811562,-87.20739437761307
2160,-186.7679643738185,-59.84742185617088,-161.1153963255423,-87.18198723841603
2161,-148.0804533779958,-93.07704370678567,-160.62546219527388,-87.09478956435976
2162,-166.14781019689144,-68.96601011778905,-160.53062402236304,-87.00289810088633
2163,-182.0278336336969,-63.358689292288794,-160.8739723864604,-86.56749132804015
2164,-183.812591021143,-101.46579641051336,-161.418429222742,-86.51586622887903
2165,-166.8961070072152,-61.02362557969789,-161.19323539207514,-86.00568916074182
2166,-95.80686015857276,-104.34818468050743,-160.56529220474036,-86.12726723605098
2167,-72.92236079548071,-90.39581879271775,-159.68678079136876,-86.30670077159141
2168,-153.82938951798232,-95.56895609485122,-159.60220473461143,-86.56994494713732
2169,-139.46908536251655,-98.0515390283692,-159.87282911860723,-86.55877452877438
2170,-135.341864881279,-85.37857668151673,-159.571706632745,-86.61695558769264
2171,-171.495647561662,-86.62556687375654,-159.4925300139624,-86.39451991455013
2172,-155.28115328993616,-94.3247091717499,-159.62653179600636,-86.34192522038117
2173,-104.16132969893103,-110.49936989323191,-159.1211474972183,-86.53802564872608
2174,-142.90779747629517,-109.19188742668084,-158.75531546555118,-86.70547761228
2175,-117.15668079709869,-101.03715187775188,-158.40612474238648,-86.87665908025345
2176,-209.30536567765193,-70.86337472602654,-158.83446634932662,-86.72960586663339
2177,-112.68152879086493,-84.76050767643162,-158.22279118247755,-86.78463052928497
2178,-146.24091258294771,-95.2077293772076,-158.42252850696386,-86.81745503064799
2179,-91.79289189565381,-67.01607611703115,-157.8770046690572,-86.54873695494061
2180,-105.47134120558817,-73.6834110166747,-157.59089446844206,-86.29509152169473
2181,-186.5419364040212,-74.85279638433421,-157.93881407680303,-86.15508575832222
2182,-100.84622440575775,-83.22663624204597,-156.82467062882418,-85.76516653450967
2183,-91.2745780688497,-111.49207492347143,-156.27119338911862,-85.95093159196205
2184,-124.60928008932892,-101.69545726629889,-155.93272947877747,-86.0047289307062
2185,-131.79227246368407,-110.9572800143294,-155.7849120290121,-86.32993026055712
2186,-284.73443211851423,-62.33415107200696,-157.256211411279,-85.83685022576655
2187,-174.51815350990515,-70.77215199295931,-157.5564834077144,-85.69428419102971
2188,-209.77033523047595,-108.89836556400584,-157.93025210879074,-85.94434983589457
2189,-145.0779947764943,-102.51505190850102,-157.25674270739057,-85.84960489578049
2190,-132.93522845150216,-71.87835889465427,-156.6761826469866,-85.65446555359736
2191,-193.8245789517513,-84.87709433213335,-156.53813310460646,-85.45495394210093
2192,-222.33761590949993,-74.80667169996221,-156.8957529264485,-85.50569831856079
2193,-157.52558427096307,-104.76290542691365,-156.87830590923022,-85.44268175079414
2194,-154.27078944168855,-106.00746781784935,-156.15956188167507,-85.78480626415154
2195,-129.83677818303732,-96.89040117629024,-156.04800076439778,-86.08614541461121
2196,-135.89647671615378,-107.10914116044279,-155.45144404291116,-86.15206000872635
2197,-133.81078305194825,-65.4035979664467,-155.72045267744278,-85.85197272570107
2198,-125.387264522796,-68.0589132908518,-155.15953284935475,-85.65874556044065
2199,-142.9159367832567,-95.88111219584954,-155.10683299460382,-85.59746271267856
2200,-147.30585770628917,-62.081336632293684,-154.67793542117417,-85.5913048223695
2201,-194.41418880585533,-103.41907245732023,-154.97987083384604,-85.59072655986967
2202,-142.65517767864532,-66.17657006307759,-155.36003388156823,-85.15556104763922
2203,-160.37696305721263,-92.44907031101019,-155.45568994107475,-85.2586980164868
2204,-118.71129623961849,-70.74548013646844,-154.80392852884395,-85.22649520523672
2205,-148.11265580985437,-72.88510583193903,-154.57240551720184,-85.19676307549909
2206,-122.08674986481483,-92.85900742296789,-154.63272352003648,-85.49865620282472
2207,-99.73381438019976,-92.55542422756344,-153.51167704054515,-85.75581033405058
2208,-153.62988116604112,-78.6067254883747,-153.45130059523834,-85.88970552510543
2209,-148.02182517095864,-78.11072418612758,-152.85309917360118,-85.78665816058341
2210,-122.41525615489692,-109.39988681723705,-152.12223460445753,-86.1224126660978
2211,-136.59306882917576,-66.35412262575404,-152.42528408171933,-85.758904442139
2212,-127.21721675645327,-98.04479567215017,-152.1332861332075,-85.89187855643607
2213,-121.08530581308038,-79.32082554326104,-151.5589243583198,-85.70421480604648
2214,-128.28425564754463,-72.3865378231995,-150.58061420979513,-85.4678812701787
2215,-96.66695138599673,-80.96840162387522,-149.73804133838976,-85.34008279536029
2216,-201.6383143133339,-91.73771034527206,-150.14339746872,-85.40629229682771
2217,-74.31706538734784,-89.66002878187152,-149.26346462430766,-85.28139861148979
2218,-186.09196257722738,-92.70968403681431,-149.44813815162632,-85.36562357712313
2219,-114.77118558270206,-81.05449733231276,-149.39748911798725,-85.50603909362009
2220,-188.65204719858363,-102.48178564675698,-149.41706952419585,-85.6464794138275
2221,-160.0483682271634,-66.38265598850211,-149.4170072091635,-85.5355536469208
2222,-164.91446929540632,-106.15422319123073,-149.50228110596674,-85.50080637152826
2223,-131.08117529826382,-91.50023218058261,-148.5118201634634,-85.48515855049521
2224,-124.82849242453757,-70.157477317806,-147.9162047044548,-85.46747944937884
2225,-158.85822238124882,-102.64467574986868,-147.56767539999882,-85.34525008083462
2226,-149.69370625774673,-90.54661418165855,-146.86669798501396,-85.6227842156468
2227,-146.4798412195986,-83.18364275018116,-146.53874604086144,-85.67465263355815
2228,-162.28520705427346,-65.79728726446035,-146.937659925423,-85.65325612438099
2229,-221.95985513959147,-57.23851661903962,-148.08084355905373,-85.43197855374129
2230,-118.49316179598793,-84.99594758550688,-147.73651194999312,-85.69899231801021
2231,-150.09986269869356,-107.08665659563721,-147.83968173267192,-85.90349857298756
2232,-126.60317866415625,-81.09806053905194,-148.17148811852678,-86.12434555080776
2233,-138.42219445524842,-106.69751295570923,-148.47382085422564,-86.10018701758771
2234,-144.95070086959876,-77.24325811042763,-148.25975597455007,-85.78348916385313
2235,-200.9565023807125,-63.24739234302113,-148.76180930019535,-85.78661807830073
2236,-99.29330174857813,-89.15510129814498,-147.9000604260286,-85.8402278244773
2237,-111.54564608680668,-100.94237729946852,-147.3162375982294,-86.1855705563766
2238,-175.8197728696762,-87.17214113647728,-146.21635166255152,-86.11481373602544
2239,-126.59745043345183,-88.18206828490473,-146.05328052864985,-86.39434098593858
2240,-156.80099051511536,-103.1785563415133,-146.31338125884866,-86.31218297079087
2241,-189.91849373302466,-83.70671270099955,-147.0509668453509,-86.23960344874159
2242,-125.06927850470869,-108.00886337003011,-147.01898410224317,-86.76968953452308
2243,-118.27434607358032,-86.12280843681393,-146.37484956938525,-86.54474119610376
2244,-171.49830263320607,-98.45923357398478,-146.67012772454177,-86.52408230428527
2245,-139.51156843984614,-103.39149547981759,-146.69177429880656,-86.53103000932735
2246,-108.88785437969182,-103.34234936658652,-146.51853795952752,-86.76192106116255
2247,-146.5066146034035,-92.1300259314774,-146.43305190916612,-86.77487790974214
2248,-175.24655516069802,-97.39983918352092,-146.2327885311293,-86.9572589467703
2249,-149.59362922625465,-77.4469337937906,-146.25869515152078,-86.85755996905561
2250,-157.9853953479602,-86.48523747773568,-146.63462109432496,-86.88656357856887
2251,-138.50986013952894,-74.58884123458108,-146.72546538578362,-86.65311446858489
2252,-124.18438676349835,-108.38256769275758,-145.8433331545739,-87.04313684342192
2253,-200.11474798145676,-81.32275132639782,-146.43813039799227,-87.14504159212646
2254,-141.09081735845785,-66.18638144678836,-146.49977910037052,-87.08722849756083
2255,-164.6789999927128,-59.3563319369438,-147.30292586459367,-86.9974775081774
2256,-169.49970663717028,-74.52481165350011,-147.74084262793943,-86.85819003806247
2257,-179.8110704620867,-71.2468501352755,-147.7255131644467,-86.67166187601636
2258,-106.14150635438044,-73.69349970472595,-147.371004044996,-86.4149618317555
2259,-163.33588757039573,-72.08581453013393,-147.37875373356596,-86.31603615441799
2260,-157.5394417633818,-66.75046194345354,-147.08646850746157,-86.3850665552908
2261,-152.18817423740788,-66.05541096116275,-147.12754571605572,-86.11485022783458
2262,-210.68920271703234,-57.9548752674364,-147.57295964125714,-86.00473887933107
2263,-126.7504784703345,-102.73868225202708,-147.0201860896235,-86.39853880892844
2264,-226.5783657085858,-69.5499947254788,-147.44784383649795,-86.0793807920781
2265,-143.75100519768458,-70.62122698903781,-147.21639281840265,-86.1753568061715
2266,-177.22941709426334,-84.6916455945199,-148.03061838775955,-85.97879141531162
2267,-163.29312466091895,-79.38389120444857,-148.93432602641397,-85.86867213942894
2268,-189.94031541486717,-89.59517245930321,-149.29543528538284,-85.80893430307346
2269,-129.89400262072047,-65.54791669923986,-149.19968445796482,-85.48389807978216
2270,-148.65078103209777,-62.271591718448136,-149.332773619473,-85.25282823015147
2271,-122.51958739497384,-94.34267470864289,-148.84301301780613,-85.32999930850032
2272,-120.62420020996568,-101.91084811556746,-148.49644348700642,-85.4058606979385
2273,-160.83916879900417,-68.0168521168666,-149.06322187800717,-84.98103552017486
2274,-142.37335465654263,-90.03986641089786,-149.05787744980964,-84.78951531001702
2275,-147.03034438878666,-85.00369886163006,-149.3566140857265,-84.6291807798558
2276,-174.98838096081684,-66.81727162811136,-149.01344423855815,-84.58871974887666
2277,-134.45700161231494,-104.22800555425536,-149.2311989667727,-84.78339472765488
2278,-154.95909310205442,-62.292328961226815,-149.31838077196377,-84.45424072349509
2279,-143.16767262017072,-108.88050221421179,-149.83212857920893,-84.87288498446689
2280,-184.180527993444,-78.56600484259573,-150.61922044708749,-84.92171092272609
2281,-142.2125842320078,-91.88623986492873,-150.17592692536732,-85.09204535753204
2282,-158.0658944208162,-72.84604271684984,-150.74812362551793,-84.98823942228007
2283,-154.41440949570392,-82.26194518835948,-151.37952193978646,-84.69593812492896
2284,-269.92192205775655,-64.51068109527668,-152.8326483594707,-84.32409036321874
2285,-176.69043845358365,-62.3868729052014,-153.28163001936974,-83.83838629212748
2286,-176.94491894689412,-101.13835010697504,-152.20373488765352,-84.22642828247714
2287,-188.82590914742485,-57.83787171535029,-152.34681244402876,-84.09708547970105
2288,-113.64983303187284,-69.4847476102045,-151.3856074220427,-83.70294930016303
2289,-163.91488909897703,-69.08174759297327,-151.5739763652675,-83.36861625700774
2290,-196.72382945608342,-108.96486907203982,-152.21186237531333,-83.7394813587816
2291,-188.61469208257094,-96.87054539013513,-152.15976350662154,-83.85941586936163
2292,-167.44422007828152,-69.76993340628226,-151.61082954830937,-83.80904848642483
2293,-231.22627866436247,-72.13584857698434,-152.34783649224337,-83.48277791792553
2294,-91.27102232768138,-81.89670545704602,-151.71783882110327,-83.2416702943175
2295,-143.8235526422588,-105.84586829242103,-151.85770656569548,-83.33122496547881
2296,-105.90956959119615,-105.41210638148635,-151.55783749444592,-83.31425461768926
2297,-155.25572410315687,-97.20036956001127,-151.772286904958,-83.6322223336249
2298,-173.7343037801134,-70.98529079797189,-152.2557572975312,-83.6614861086961
2299,-189.35638344860973,-65.77205665752417,-152.72016176418472,-83.36039555331283
2300,-211.84676472924207,-65.86894580143881,-153.36557083441423,-83.39827164500429
2301,-210.1764858664472,-66.73646341733019,-153.52319380502013,-83.03144555460439
2302,-135.90163367538318,-67.34029120866916,-153.4556583649875,-83.04308276606031
2303,-165.58472877560595,-97.28742303559363,-153.50773602217143,-83.09146629330615
2304,-157.28411594724048,-86.59626311684907,-153.89346421924765,-83.24997412310995
2305,-117.84011206059351,-102.42955705604548,-153.59073878175505,-83.54541863535103
2306,-217.3616245887151,-64.4755138767317,-154.54348752899406,-83.26158369988867
2307,-141.12628085417683,-99.08730216395966,-154.95741219373386,-83.32690247925264
2308,-151.1685188049979,-58.404605479544585,-154.93279857012342,-83.12488127916434
2309,-95.96168136848058,-78.83839495227708,-154.41219713209864,-83.13215798682585
2310,-123.52256835199805,-95.94043823115871,-154.42327025406965,-82.99756350096506
2311,-144.6784332562271,-106.7927964856502,-154.50412389834014,-83.401950239564
2312,-182.326241969293,-83.86321266700328,-155.05521415046854,-83.26013440951253
2313,-150.03402552824545,-77.29377539420699,-155.3447013476202,-83.239863908022
2314,-182.55481080384837,-106.78011182457931,-155.88740689918322,-83.58379964803581
2315,-179.148748614176,-110.0931360212004,-156.712224871465,-83.87504699200905
2316,-180.8557012478577,-59.708854070983506,-156.50439874081027,-83.55475842926616
2317,-251.96087937764423,-105.21754820529537,-158.28083688071325,-83.71033362350039
2318,-207.82081878958908,-78.93010519505549,-158.49812544283685,-83.57253783508281
2319,-185.33653239477326,-75.32836996297469,-159.2037789109576,-83.51527656138943
2320,-149.98669770360286,-77.49244122535755,-158.81712541600777,-83.26538311717543
2321,-129.8846371111955,-94.92020554711017,-158.51548810484806,-83.55075861276151
2322,-193.29313533137991,-103.78699301193053,-158.7992747652078,-83.5270863109685
2323,-160.91538662206796,-78.5985268670582,-159.09761687844582,-83.39806925783326
2324,-176.5294763089661,-66.31672455300838,-159.6146267172901,-83.3596617301853
2325,-227.87748261166877,-60.22890309199727,-160.30481931959432,-82.93550400360658
2326,-320.1991713023343,-103.52145410127605,-162.00987397004022,-83.06525240280277
2327,-202.2246751671136,-84.28511479852556,-162.56732230951536,-83.07626712328621
2328,-163.46134223571744,-96.21940004065766,-162.5790836613298,-83.38048825104818
2329,-143.19256827341928,-97.30431016726578,-161.7914107926681,-83.78114618653044
2330,-153.08840590600107,-96.83404984437156,-162.13736323376824,-83.89952720911907
2331,-180.87131069431095,-93.71256302090913,-162.4450777137244,-83.76578627337179
2332,-155.10825593993326,-74.509225765175,-162.73012848648216,-83.69989792563301
2333,-178.6133638632333,-57.38752121925006,-163.132040180562,-83.20679800826842
2334,-188.31110672071156,-92.76562637837215,-163.56564423907315,-83.36202169094787
2335,-153.19971690515408,-84.71374023237614,-163.0880763843176,-83.57668516984143
2336,-221.26280987544558,-82.54727081346886,-164.30777146558623,-83.51060686499466
2337,-132.75541490216938,-98.29949071920112,-164.51986915373988,-83.48417799919199
2338,-176.44327373320846,-89.29000653000276,-164.52610416237516,-83.50535665312724
2339,-165.22524512396964,-67.83620035430607,-164.91238210928032,-83.30189797382124
2340,-171.26882180351618,-101.27474318481558,-165.05706042216434,-83.28285984225427
2341,-162.92148347453195,-106.21024717153024,-164.78709031957942,-83.50789518695959
2342,-121.19031170237876,-107.74044576429867,-164.74830065155612,-83.50521101090227
2343,-171.15026228097076,-84.23042149607473,-165.27705981363002,-83.48628714149488
2344,-161.0022391148642,-56.37419735985849,-165.17209917844662,-83.06543677935362
2345,-256.8237420997076,-76.3631962423162,-166.34522091504525,-82.7951537869786
2346,-143.7551308380981,-62.89213223367595,-166.69389367962933,-82.39065161564949
2347,-226.98328328437606,-80.11815938128615,-167.49866036643903,-82.27053295014758
2348,-196.88338105698125,-99.50736475837178,-167.71502862540183,-82.2916082058961
2349,-183.44977790276596,-89.72673901988347,-168.05359011216694,-82.41440625815702
2350,-155.71816241319428,-93.69629894297165,-168.03091778281927,-82.48651687280937
2351,-161.79243066137892,-98.99783199154894,-168.2637434880378,-82.73060678037906
2352,-152.73209891067137,-110.48160661600802,-168.54922060950955,-82.75159716961156
2353,-254.7072761455862,-71.96452603952605,-169.09514589115085,-82.65801491674284
2354,-142.92541157406697,-90.12463944362614,-169.11349183330694,-82.89739749671122
2355,-207.28164413988284,-80.68213260369107,-169.53951827477863,-83.11065550337868
2356,-118.62938435482705,-66.24821848451644,-169.0308150519552,-83.02788957168885
2357,-208.6727351563066,-85.30327459642359,-169.3194316988974,-83.16845381630033
2358,-192.861833632779,-95.18544869996066,-170.1866349716814,-83.3833733062527
2359,-148.868982871244,-70.51847465077621,-170.0419659246899,-83.36769990745913
2360,-332.92259344304887,-72.88630418362028,-171.79579744148654,-83.4290583298608
2361,-130.8193610402259,-59.81883850680003,-171.58210930951472,-83.36669260531717
2362,-188.78195829980297,-67.85497513181677,-171.36303686534242,-83.46569360396097
2363,-133.87930028682774,-101.6311561676952,-171.43432508350736,-83.45461834311764
2364,-161.4409065134449,-61.854598058796796,-170.78295049155594,-83.37766437645082
2365,-177.92195186690762,-70.62680218631833,-171.12465995824817,-83.37772012842362
2366,-183.4370649037369,-80.70712985420131,-171.18673643634293,-83.33787497102044
2367,-199.0442443926131,-65.88827103962372,-171.54424763365986,-83.2029187693722
2368,-226.0976166001682,-81.34805166980955,-171.90582064551288,-83.12044756147725
2369,-126.8291974684752,-96.5210520741668,-171.8751725939904,-83.43017891522652
2370,-160.01331126288275,-76.91841114111331,-171.98879789629828,-83.57664710945316
2371,-217.23456393606884,-57.79258221371978,-172.93594766170924,-83.21114618450393
2372,-126.46570738981343,-98.31709644265831,-172.9943627335077,-83.17520866777485
2373,-136.67263049678382,-109.52630642033293,-172.75269735048548,-83.59030321080951
2374,-117.92313722066554,-65.20862483426043,-172.5081951761267,-83.34199079504313
2375,-177.92947365855858,-88.54552840095634,-172.81718646882442,-83.37740909043639
2376,-147.64418955951936,-81.01071296845456,-172.54374455481147,-83.51934350383982
2377,-163.92496992892194,-107.9497850940081,-172.83842423797756,-83.55656129923734
2378,-257.6307252874458,-74.84664539683874,-173.8651405598315,-83.68210446359348
2379,-170.5936854570468,-95.06309123120514,-174.13940068820025,-83.5439303537634
2380,-149.40513036801914,-90.3263483329065,-173.79164671194596,-83.66153378866653
2381,-249.95711023953243,-65.96058358371062,-174.8690919720212,-83.40227722585436
2382,-163.54730138769037,-91.31610167685997,-174.92390604168992,-83.58697781545445
2383,-155.17116434134132,-70.7549235699434,-174.9314735901463,-83.4719075992703
2384,-204.97230244741942,-96.77136582893331,-174.28197739404294,-83.79451444660684
2385,-219.12842413919537,-103.49382725885806,-174.70635725089903,-84.2055839901434
2386,-157.16345872453817,-96.82992035436908,-174.50854264867547,-84.16249969261735
2387,-182.01323470448787,-90.36201659062282,-174.4404159042461,-84.48774114137008
2388,-195.5226252868119,-90.42353932850631,-175.2591438267955,-84.6971290585531
2389,-145.06333037195628,-90.88991366411791,-175.07062823952532,-84.91521071926455
2390,-222.649457878566,-63.54719439515111,-175.32988452375017,-84.46103397249567
2391,-168.42974747144413,-79.47172543693017,-175.12803507763888,-84.28704577296362
2392,-155.16277488228573,-103.39038967503267,-175.00522062567893,-84.62325033565112
2393,-162.98579101237527,-85.08849620218916,-174.32281574915905,-84.75277681190317
2394,-144.03381954935998,-98.105748341006,-174.85044372137585,-84.91486724074277
2395,-212.62192981500644,-64.10470199654293,-175.5384274931033,-84.49745557778397
2396,-188.00770487072177,-106.55237655210283,-176.35940884589857,-84.50885827949013
2397,-193.70675758437673,-100.58363685529633,-176.74391918071078,-84.54269095244298
2398,-151.9104077378515,-113.67254698860467,-176.52568022028817,-84.9695635143493
2399,-183.38002005111764,-80.38640801833147,-176.46591658631326,-85.11570702795738
2400,-183.77554349202262,-72.73614607476276,-176.18520437394108,-85.18437903069064
2401,-174.20920408143056,-87.42133418479875,-175.82553155609088,-85.39122773836532
2402,-173.83116486068482,-95.47086338616421,-176.20482686794386,-85.67253346014027
2403,-215.72021200870552,-95.96378875800605,-176.70618170027487,-85.65929711736439
2404,-182.3989988934255,-79.95608680236799,-176.95733052973668,-85.59289535421958
2405,-118.70044442877074,-110.80067952318088,-176.96593385341848,-85.67660657889091
2406,-137.69407033218747,-96.87346116784396,-176.16925831085322,-86.00058605180205
2407,-131.44185257060585,-97.64731171207757,-176.0724140280175,-85.98618614728323
2408,-163.17055047299746,-83.15896479520552,-176.19243434469752,-86.23372974043984
2409,-168.91358516105058,-65.86802249882857,-176.9219533826232,-86.10402601590536
2410,-170.63312784450977,-92.48858501259666,-177.39305897754832,-86.06950748371975
2411,-210.89993727799046,-110.42681317435958,-178.05527401776595,-86.10584765060685
2412,-170.41150277385736,-60.9928755821897,-177.9361266258116,-85.87714427975871
2413,-125.25776463740911,-99.9041387249441,-177.68836401690322,-86.10324791306606
2414,-138.7911737412073,-80.82004860084437,-177.2507276462768,-85.84364728082872
2415,-130.7997037400638,-59.7064033173739,-176.7672371975357,-85.33977995379045
2416,-182.08531917320352,-85.55751939953588,-176.77953337678915,-85.59826660707597
2417,-134.43039197817453,-91.30147800389989,-175.60422850279446,-85.45910590506202
2418,-203.65042100221766,-98.73362049424806,-175.56252452492072,-85.65714105805394
2419,-192.16062671564083,-102.9517586652901,-175.63076546812943,-85.9333749450771
2420,-151.22358910313693,-85.54036677337807,-175.64313438212477,-86.0138542005573
2421,-113.67742795169869,-64.69987439354878,-175.48106229052982,-85.7116508890217
2422,-188.11517228612686,-75.85259143518185,-175.4292826600773,-85.4323068732542
2423,-241.77867442088115,-58.42471897381681,-176.2379155380654,-85.23056879432178
2424,-128.99425858954453,-102.97068076180535,-175.76256336087118,-85.59710835640976
2425,-175.04633213453758,-81.63215125391974,-175.23425185609986,-85.81114083802899
2426,-221.663376177572,-84.91801862884404,-174.24889390485222,-85.62510648330466
2427,-147.6125451198279,-103.08372990175548,-173.70277260437933,-85.81309263433697
2428,-133.5961041639806,-108.53018515842253,-173.404120223662,-85.9362004855146
2429,-141.4014029260235,-80.22676935758747,-173.38620857018807,-85.7654250774178
2430,-279.60953406093387,-97.39326151270508,-174.6514198517374,-85.77101719410116
2431,-182.6699919041778,-65.37120036347001,-174.66940666383604,-85.48760356752676
2432,-138.41892606985354,-90.86313644879567,-174.5025133651353,-85.65114267436299
2433,-135.66931225992178,-108.23507040523035,-174.07307284910215,-86.15961816622278
2434,-177.7906674018614,-81.40562517280935,-173.96786845591365,-86.04601815416716
2435,-152.54625887495288,-59.98092919519341,-173.96133387561167,-85.79869004379533
2436,-170.9355375381932,-73.0764139815075,-173.4580611522391,-85.70398147547573
2437,-194.1642653451026,-108.4202091224423,-174.07214965666844,-85.80518865950813
2438,-134.319927527082,-90.17963901335115,-173.6509161946072,-85.81408498434162
2439,-192.84978576395443,-73.84501443973295,-173.92716160100704,-85.8741731251959
2440,-193.83925972554033,-73.92508833870454,-174.1528659802273,-85.60067657673477
2441,-146.40539334130725,-99.74436471026601,-173.98770507889506,-85.53601775212213
2442,-168.87685102226,-73.69215307517234,-174.46457047209384,-85.19553482523088
2443,-223.4685132353495,-64.40815789765801,-174.98775298163764,-84.99731218924671
2444,-157.5965900974218,-89.06715352753108,-174.95369649146318,-85.32424175092343
2445,-191.92571306384255,-85.31323557814477,-174.3047162011045,-85.41374214428173
2446,-126.79067441844239,-89.88528214098689,-174.13507163690795,-85.68367364335485
2447,-202.58564591077123,-72.95096528042899,-173.8910952631719,-85.61200170234628
2448,-127.70568878439667,-73.1166022363334,-173.19931834044607,-85.3480940771259
2449,-141.8957787283871,-102.34723104622297,-172.7837783487023,-85.47429899738927
2450,-122.91383325661596,-69.49912560968167,-172.4557350571365,-85.23232726405637
2451,-135.25929702561442,-73.52358520701145,-172.19040372077887,-84.97758479621099
2452,-253.05324506230085,-76.89095509622969,-173.1936151822952,-84.64167828101318
2453,-96.86712663670171,-89.4343094044494,-171.61521368720634,-84.81637611466243
2454,-136.48008500764828,-85.89465554215069,-171.55076042154215,-84.77407627564767
2455,-160.69270407960863,-99.86061458613477,-171.0848710209394,-84.9658610954721
2456,-152.2504194063244,-110.83019678146711,-171.42108137145433,-85.41168087844162
2457,-143.45995757633844,-71.09664141084461,-170.76895359565466,-85.26961454658583
2458,-140.48640477020174,-55.684770079915864,-170.24519930702888,-84.87460776038537
2459,-124.90950336998492,-110.89900420824955,-170.00560451201628,-85.2784130559601
2460,-221.32384693301177,-85.91592109761422,-168.88961704691593,-85.40870922510004
2461,-141.90416251062362,-81.23968035275328,-169.00046506161993,-85.62291764355959
2462,-168.47062220971313,-107.96603409227501,-168.79735170071908,-86.02402823316419
2463,-194.1903887345577,-65.8032940718822,-169.40046258519638,-85.66574961220606
2464,-191.45723884364295,-76.70897304101922,-169.70062590849835,-85.81429336202828
2465,-139.0927632068969,-100.46812836248765,-169.3123340218982,-86.11270662378996
2466,-159.85611232878367,-93.94182777360363,-169.07652449614866,-86.24505360298399
2467,-181.33575901570418,-68.5635273864277,-168.89943964237958,-86.27180616645204
2468,-121.45834662222012,-109.69891093357458,-167.85304694260012,-86.55531475908968
2469,-136.40773958952596,-95.2814978229388,-167.9488323638106,-86.54291921657739
2470,-169.04821511359168,-65.43840864873435,-168.03918140231767,-86.42811919165361
2471,-198.52127396335362,-66.7869320861971,-167.85204850259055,-86.51806269037837
2472,-196.86004521754893,-66.00204580693449,-168.5559918808679,-86.19491218402112
2473,-154.34322337175874,-100.04567911276528,-168.73269780961763,-86.10010591094544
2474,-155.12899359902062,-94.69539808268799,-169.10475637340122,-86.39497364342974
2475,-114.29514295469833,-85.1990016096995,-168.46841306636264,-86.36150837551716
2476,-110.44044633145151,-60.97870739903223,-168.09637563408197,-86.16118831982293
2477,-206.0204002652691,-112.61474157856883,-168.51732993744542,-86.20783788466855
2478,-201.06572457769695,-88.17951019569522,-167.95167993034792,-86.34116653265711
2479,-155.57447503757504,-79.18372038239013,-167.80148782615316,-86.18237282416898
2480,-145.24614516628193,-87.19147388632422,-167.75989797413578,-86.15102407970316
2481,-165.0631495137985,-109.30098505497973,-166.91095836687845,-86.58442809441584
2482,-197.7044517702009,-61.38375624328709,-167.2525298707036,-86.2851046400801
2483,-204.49004329326942,-69.64685156885567,-167.74571866022288,-86.27402392006923
2484,-196.80933726792702,-63.50512606659892,-167.66408900842796,-85.94136152244587
2485,-129.64415290823888,-95.76297029814681,-166.7692462961184,-85.86405295283878
2486,-173.01483862507072,-74.8874632868,-166.92776009512372,-85.64462838216308
2487,-148.04841706305757,-58.60738218868996,-166.5881119187094,-85.32708203814374
2488,-205.65012340775993,-92.97132914155688,-166.68938689991887,-85.35255993627425
2489,-166.134258125953,-66.76847856380962,-166.90009617745883,-85.11134558527118
2490,-175.1209277543163,-84.37155375706698,-166.42481087621636,-85.31958917889034
2491,-171.96284621258786,-64.62596481076694,-166.46014186362777,-85.17113157262871
2492,-190.31375088971623,-64.7041651195317,-166.8116516237021,-84.78426932707372
2493,-141.53218793277682,-60.71566008337466,-166.5971155929061,-84.54054096588557
2494,-123.78286810830697,-60.28060891079351,-166.3946060784956,-84.16228957158343
2495,-177.1915650070885,-119.28376841653525,-166.04030243041643,-84.71408023578334
2496,-128.2449618027297,-97.84109629831579,-165.44267499973648,-84.62696743324547
2497,-142.28738742518036,-64.70229668322068,-164.9284812981445,-84.26815403152472
2498,-115.66183436753734,-96.81891797933106,-164.56599556444138,-84.099617741432
2499,-238.39114383591723,-68.65695458347106,-165.11610680228935,-83.9823232070834
2500,-100.31084157406647,-111.23360917505661,-164.2814597831098,-84.36729783808633
2501,-150.53949500426253,-95.2513118198778,-164.0447626923381,-84.44559761443712
2502,-163.0684473400764,-65.4698096112919,-163.93713551713205,-84.14558707668839
2503,-145.30629320106266,-93.99931891211544,-163.23299632905562,-84.12594237822948
2504,-146.57659518271612,-114.09034644334301,-162.87477229194852,-84.46728497463924
2505,-206.13929397743632,-63.99960824780126,-163.74916078743516,-83.99927426188543
2506,-121.74093781708599,-83.16610598731972,-163.58962946228417,-83.86220071008019
2507,-121.03749670674628,-64.46007523236176,-163.48558590364553,-83.53032834528302
2508,-100.9004335384416,-104.73929901101974,-162.8628847343,-83.74613168744115
2509,-131.84444105689994,-100.38812688428658,-162.49219329325848,-84.09133273129574
2510,-118.87542628758064,-112.09771716073634,-161.9746162776892,-84.28742405277714
2511,-149.22851242170447,-86.7822980930736,-161.35790202912634,-84.05097890196429
2512,-142.9275310656109,-129.20442930285034,-161.08306231204386,-84.7330944391709
2513,-154.8683746396018,-95.13456513021613,-161.3791684120658,-84.68539870322363
2514,-137.10386735958517,-99.25785691628136,-161.36229534824957,-84.869776786378
2515,-172.10341543065354,-58.40467738166575,-161.77533246515546,-84.85675952702091
2516,-224.58686997979856,-66.24361661543401,-162.20034797322143,-84.66362049917988
2517,-213.521120883099,-57.9581790014254,-162.99125526227067,-84.33018750915514
2518,-201.6717906056517,-102.94675926737312,-162.97146895830502,-84.37231889688638
2519,-134.38807631506617,-102.35768076869623,-162.39374345429928,-84.36637811792045
2520,-184.74901100608272,-99.95608668585764,-162.72899767332873,-84.51053531704525
2521,-190.2293935993227,-90.10521686881356,-163.49451732980495,-84.76458874179791
2522,-151.9299567085185,-97.47755818760788,-163.13266517402886,-84.98083840932216
2523,-151.83269117151085,-112.57577140121543,-162.23320534153518,-85.52234893359613
2524,-93.32345261554029,-96.09627002793535,-161.87649728179517,-85.45360482625745
2525,-202.98015066366168,-66.12865663316555,-162.15583546708643,-85.2985698800499
2526,-130.55228191696827,-82.87288807519474,-161.24472452448038,-85.2781185745134
2527,-170.8089476903283,-78.50356804606602,-161.4766885501854,-85.03231695595652
2528,-184.13462200316476,-70.81785567050828,-161.98207372857723,-84.65519366107738
2529,-157.25051016472318,-77.57013733584746,-162.14056480096423,-84.62862734085998
2530,-157.4033139571019,-55.24912087465802,-160.9185025999259,-84.20718593447951
2531,-150.14795254530117,-80.1049669151417,-160.59328220633714,-84.35452359999621
2532,-136.17882649096708,-66.59729632258919,-160.57088121054827,-84.11186519873415
2533,-127.7244500221215,-68.86394149655294,-160.49143258817023,-83.71815390964738
2534,-136.73041999260573,-89.53618524273016,-160.08083011407768,-83.7994595103466
2535,-137.86474722319122,-107.54888837555815,-159.93401499756004,-84.27513910215025
2536,-204.2746798560329,-107.0037983025226,-160.26740642073844,-84.6144129453604
2537,-172.47010435123036,-58.88773937745731,-160.05046481079975,-84.11908824791054
2538,-163.44527191106116,-110.10890888665608,-160.34171825463952,-84.3183809466436
2539,-133.66312684564446,-59.47877095742958,-159.74985166545642,-84.17471851182054
2540,-182.52609434351146,-101.02294112896446,-159.63672001163616,-84.44569703972313
2541,-184.754908564366,-89.27729318593857,-160.02021516386674,-84.34102632447987
2542,-125.41685796089584,-59.700098787691516,-159.58561523325312,-84.20110578160507
2543,-164.61964625345723,-87.9653188367361,-158.9971265634342,-84.43667739099584
2544,-146.56899897642634,-78.49592972143947,-158.8868506522242,-84.33096515293492
2545,-99.34824962343637,-110.94891595991983,-157.96107601782012,-84.58732195675267
2546,-163.9128088414675,-88.24345192950194,-158.33229736205038,-84.57090365463783
2547,-187.29781177486797,-97.18084710744618,-158.17941902069137,-84.81320247290802
2548,-194.52986529388957,-108.46379106483961,-158.8476607857863,-85.16667436119307
2549,-148.64989259661417,-62.52563698431922,-158.9152019244686,-84.76845842057404
2550,-200.36253907255053,-101.97296804172922,-159.68968898262796,-85.0931968448945
2551,-159.24765381554218,-65.92389872723376,-159.9295725505272,-85.01719998009673
2552,-186.59311109692817,-79.34171010826526,-159.26497121087348,-85.04170753021708
2553,-179.2822009543345,-96.29875183096189,-160.08912195404983,-85.11035195448223
2554,-126.96398817960124,-73.9059579786208,-159.99396098576935,-84.99046497884693
2555,-329.5963384190767,-104.9147113417056,-161.68299732916404,-85.04100594640262
2556,-182.74914267961339,-93.73658597983828,-161.98798456189692,-84.87006983838634
2557,-241.76035327224628,-70.7912466090692,-162.97098851885602,-84.86701589036858
2558,-144.7132340445066,-62.99064157452922,-163.01325681159906,-84.9400746053147
2559,-132.9021149110695,-80.32733102963343,-163.0931829270099,-84.63435787352854
2560,-181.2158896521197,-60.4586397249373,-162.69210335420095,-84.37978505980179
2561,-147.93156696620218,-93.65771823403135,-162.75237739875675,-84.50396543861457
2562,-167.20603559595457,-58.471945414698375,-162.73973153261915,-84.00902455183879
2563,-192.95669644334941,-70.62974414861561,-162.72739460970706,-84.05728905260614
2564,-127.33504590425974,-108.9935314312322,-162.08617268031324,-84.38013463650826
2565,-171.908919335694,-77.55814795522592,-162.41433424160124,-84.15103483243564
2566,-251.47882820455672,-106.18739653812386,-163.33056140035896,-84.27349052008084
2567,-234.9448489626533,-107.68241231063428,-163.86665229982844,-84.66467936932293
2568,-128.9832033309709,-103.22082091697214,-163.94190086691597,-84.5998984691569
2569,-94.28994649249488,-101.32471666619016,-163.52072293594563,-84.6603306575894
2570,-161.2113735109509,-99.93357905651042,-163.4423545199192,-85.00528236166716
2571,-99.45191465254923,-109.85379827975436,-162.4516609268112,-85.43595102360273
2572,-199.53423186041886,-71.74690269510901,-162.4784027932399,-85.49339959248447
2573,-181.53060627711437,-61.527896283602615,-162.75027662229346,-85.10822176419285
2574,-188.32385841743783,-92.0502329103026,-163.0822252704776,-85.081770112469
2575,-168.0631131711833,-110.73636194543656,-163.61990497264247,-85.33714371582639
2576,-162.4796670868431,-73.01861686141888,-164.14029718019637,-85.45754281045024
2577,-137.84080786100338,-108.00507476621048,-163.45850125615365,-85.41144614232664
2578,-159.01285451989753,-57.02481461168283,-163.0379725555757,-85.09989918648651
2579,-155.04497657832022,-75.10010757857842,-163.03267757098314,-85.05906305844839
2580,-192.31028574476082,-64.11284834631267,-163.50331897676796,-84.82827680304827
2581,-153.58295987935773,-91.13445185311848,-163.38851708042355,-84.64661147102966
2582,-152.14202309131204,-81.18427663006376,-162.93289279363466,-84.84461667489744
2583,-101.46705625258629,-95.15255246072029,-161.9026629232278,-85.09967368381609
2584,-209.33842528776694,-79.36179092534331,-162.02795380342624,-85.25824033240353
2585,-171.69590807080812,-108.55256231498713,-162.4484713550519,-85.38613625257194
2586,-249.52141387853123,-105.34407555485845,-163.21353710758652,-85.69070237525253
2587,-190.7960310338713,-79.91719691746796,-163.64101324729467,-85.90380052254031
2588,-174.7600835623072,-92.78187541965295,-163.33211284884015,-85.90190598532128
2589,-159.94575516559908,-73.0544024621175,-163.27022781923662,-85.96476522430436
2590,-106.44180013141565,-101.42694087885218,-162.58343654300762,-86.1353190955222
2591,-159.46180638114575,-100.41466906566916,-162.4584261446932,-86.49320613807124
2592,-230.61921378823948,-62.166290461272624,-162.86148077367838,-86.46782739148864
2593,-178.82235350648742,-88.14268107482806,-163.2343824294155,-86.74209760140316
2594,-151.47516264602504,-76.68752103017094,-163.51130537479267,-86.90616672259694
2595,-130.98454422189525,-88.97327624241908,-163.04923516694075,-86.60306180085577
2596,-133.8868060053089,-99.62842054061906,-163.10565360896655,-86.62093504327879
2597,-230.4415510151703,-88.37780406887876,-163.98719524486646,-86.85769011713538
2598,-165.24713191581336,-122.71226599997212,-164.48304822034922,-87.1166235973418
2599,-244.01972636108957,-109.39300942385007,-164.53933404560092,-87.52398414574559
2600,-143.58163289137312,-71.46411461491478,-164.97204195877399,-87.12628920014417
2601,-161.67642588440373,-91.53488396976232,-165.0834112675754,-87.08912492164303
2602,-181.277379273627,-67.25768492219181,-165.2655005869109,-87.10700367475202
2603,-112.21863663358218,-95.09873474995291,-164.93462402123612,-87.1179978331304
2604,-238.2875424043082,-110.28951179368494,-165.851733493452,-87.07998948663383
2605,-163.78908813544214,-72.0228518498946,-165.4282314350321,-87.16022192265474
2606,-158.4850456310137,-90.10088847739466,-165.79567251317135,-87.22956974755549
2607,-143.01479751833773,-101.08408314914035,-166.01544552128726,-87.59580982672328
2608,-143.8495546389181,-75.86653778101314,-166.44493673229206,-87.30708221442322
2609,-166.0099466455213,-97.29766697793609,-166.78659178817827,-87.27617761535971
2610,-142.880141263365,-104.78605211492388,-167.02663893793613,-87.20306096490158
2611,-176.1402112718691,-94.2758592954761,-167.29575592643775,-87.2779965769256
2612,-149.07645153914524,-86.11434893441773,-167.3572451311731,-86.84709577324128
2613,-137.57037006755777,-111.50488199452086,-167.18426508545267,-87.01079894188433
2614,-128.65977905033657,-112.57295722798585,-167.0998242023602,-87.14394994500137
2615,-194.98992191672448,-69.99290668906599,-167.32868926722088,-87.25983223807538
2616,-133.51443112721364,-100.98485670763725,-166.41796487869505,-87.60724463899741
2617,-82.2264704696381,-105.02742279451404,-165.10501837456042,-88.0779370769283
2618,-212.33788514030041,-90.01316874176638,-165.2116793199069,-87.94860117167224
2619,-159.88481559906646,-73.88673291584006,-165.4666467127469,-87.66389169314367
2620,-144.62564190433696,-89.98226356716971,-165.06541302172946,-87.56415346195679
2621,-134.96483528404525,-95.26491853419965,-164.5127674385767,-87.61575047861065
2622,-194.9391706409192,-104.90106790497899,-164.9428595779007,-87.68998557578435
2623,-165.19992878531363,-85.33596227075247,-165.07653195403873,-87.41758748447974
2624,-184.95054506218264,-72.88580955430466,-165.9928028785051,-87.18548287974343
2625,-227.50501876486757,-59.03634271516121,-166.23805155951717,-87.1145597405634
2626,-127.13565233747833,-61.3352299487463,-166.20388526372224,-86.8991831592989
2627,-136.14933944467015,-89.11465530720544,-165.8572891812657,-87.0052940319103
2628,-127.621124815597,-79.93660857406687,-165.29215420939002,-87.09648156094588
2629,-127.4511305386471,-76.06489135138312,-164.99416041312926,-87.08142910110124
2630,-133.8349828936453,-67.33443813534322,-164.7584771024947,-87.2022822737081
2631,-234.99313455588546,-106.39223218326329,-165.60692892260053,-87.46515492638932
2632,-162.25135161118973,-65.82317160578464,-165.86765417380275,-87.45741367922126
2633,-155.2304999301491,-76.96595182707048,-166.14271467288305,-87.53843378252643
2634,-159.90503056315944,-92.59660964429317,-166.37446077858857,-87.56903802654205
2635,-107.7554427806212,-106.5120387221919,-166.07336773416287,-87.5586695300084
2636,-187.64652553443,-61.7407023176181,-165.90708619094687,-87.10603857015937
2637,-138.83664907801838,-70.8813713477242,-165.57075163821474,-87.22597488986203
2638,-139.4523943525355,-62.194587390359764,-165.33082286262947,-86.74683167489908
2639,-147.0371436126822,-91.84684319629386,-165.46456303029987,-87.07051239728771
2640,-165.6957744301729,-92.84440695813501,-165.29625983116645,-86.98872705557942
2641,-171.9591092472751,-73.89748177826046,-165.16830183799553,-86.83492894150262
2642,-215.13203870606702,-63.165386689202535,-166.06545364544726,-86.86958182051774
2643,-135.50125173738064,-56.23304141833026,-165.77426970028648,-86.55225904633367
2644,-114.74909899905711,-83.38953598622524,-165.45607070051278,-86.60119510898154
2645,-149.9454136502756,-58.82599595112079,-165.9620423407812,-86.07996590889356
2646,-159.63373407242088,-90.76808128235423,-165.9192515930907,-86.10521220242208
2647,-151.6581865099894,-63.57331612064304,-165.56285534044193,-85.76913689255403
2648,-114.48804297702965,-59.89079744920022,-164.76243711727332,-85.28340695639766
2649,-127.72526906514265,-108.5860250811175,-164.5531908819586,-85.74401083736564
2650,-133.8114283234706,-63.17742802093503,-163.88767977446784,-85.3560554371577
2651,-144.89719851358748,-70.14420108932462,-163.7441752214483,-85.3982584607786
2652,-118.11509063434306,-98.6038847186261,-163.05939501682244,-85.59088020688222
2653,-128.8806305087398,-90.95335076464944,-162.5553793123665,-85.53742619621909
2654,-162.92254507615917,-101.36601462586165,-162.91496488133205,-85.8120267626915
2655,-142.11688606156068,-99.42531213866226,-161.04017035775692,-85.75713277066106
2656,-166.26126078417917,-71.4871315435227,-160.8752915388026,-85.5346382262979
2657,-99.09148531282013,-94.0784668582218,-159.44860285920834,-85.76751042878944
2658,-155.43347156973994,-110.1405502183308,-159.55580523446062,-86.23900951522747
2659,-134.78987278536397,-95.38285898994297,-159.5746828132036,-86.38956479483055
2660,-124.96544579220355,-100.54838930141833,-159.01217837460445,-86.79046229059537
2661,-125.2663768908034,-75.86702175088652,-158.78552647385044,-86.6125553257639
2662,-155.21055601598223,-78.58495388453512,-158.66557167805075,-86.81368541046228
2663,-210.69884558660831,-91.95642906677043,-158.84299316948332,-87.02695225964382
2664,-145.36465496601414,-73.42571067288416,-159.02328926010085,-86.67127405206035
2665,-113.50189092347634,-93.4769394540504,-158.43921897597866,-86.83046196704859
2666,-175.1533060311252,-95.78746494234983,-157.67596375424435,-86.72646265109086
2667,-149.0298747090146,-76.87339163016101,-156.81681401170798,-86.41837244428612
2668,-142.68472610095574,-70.94238473355118,-156.95382923940784,-86.09558808245191
2669,-170.8771577969067,-73.64083949765754,-157.71970135245195,-85.81874931076658
2670,-199.93848208481907,-91.82269160909536,-158.1069724381906,-85.73764043629244
2671,-218.27362892627627,-87.72052364256932,-159.29518958092785,-85.5163076899206
2672,-120.16830064595602,-146.13448556020046,-158.50153026878323,-86.26018351857151
2673,-183.716459475933,-66.7365870573505,-158.52338880077141,-86.31227042630898
2674,-154.71411222520345,-107.6661243485137,-158.1872913388491,-86.46842934069107
2675,-138.85872024642222,-63.92805964270512,-157.8952474096015,-86.00034631766376
2676,-155.19741973849335,-99.6817834084915,-157.82242493611798,-86.2669779831345
2677,-170.24010936179943,-73.61368400584317,-158.14641795112595,-85.92306407553082
2678,-147.72349621001155,-88.65675167959975,-158.0335243680271,-86.23938344620998
2679,-202.5367221228763,-92.47758404827638,-158.50844182347268,-86.41315821090696
2680,-177.72574618928508,-95.74937474235969,-158.3625964279179,-86.72952347486742
2681,-135.66297279767088,-101.62109065321098,-158.18339655710102,-86.83438986286835
2682,-128.16544187786954,-64.70477983930309,-157.94363074496658,-86.66959489496075
2683,-213.29301463561967,-127.27026913722075,-159.0618903287969,-86.99077206172575
2684,-157.83151784372092,-80.19651843411745,-158.54682125435644,-86.9991193368135
2685,-157.2138344491265,-105.29320611146774,-158.40200051813966,-86.96652577477829
2686,-164.98151500911703,-100.52681448520164,-157.55660152944552,-86.91835316408172
2687,-110.53131560942447,-97.48761663788953,-156.75395437520103,-87.09405736128593
2688,-159.87818584934124,-72.93094533676324,-156.6051353980714,-86.89554806045705
2689,-143.46485230582658,-111.07935017067352,-156.44032636947367,-87.27579753754262
2690,-96.03367317169493,-104.20855689020425,-156.33624509987644,-87.30361369765613
2691,-218.94780343761724,-85.55203172511612,-156.93110507044116,-87.15498732425061
2692,-168.4561548644866,-66.66001283204871,-156.30947448120364,-87.19992454795836
2693,-150.88827172411476,-68.89459456021936,-156.0301336633799,-87.00744368281227
2694,-208.5099565465494,-97.17204746588024,-156.60048160238517,-87.21228894716937
2695,-126.11003040133517,-88.78912506344554,-156.55173646417956,-87.21044743537963
2696,-152.06854601265312,-90.79534786138233,-156.733553864253,-87.12211670858727
2697,-107.94568762642888,-89.21423659836483,-155.50859523036561,-87.13048103388213
2698,-127.56340374888367,-85.54960037094585,-155.1317579486963,-86.75885437759186
2699,-212.4158268669527,-104.46877764979251,-154.81571895375492,-86.70961205985128
2700,-109.6395461639048,-96.88247786967568,-154.47629808648026,-86.9637956923989
2701,-117.8544412367822,-91.6926613547032,-154.038078240004,-86.96537346624831
2702,-149.92629476201068,-75.93425275728643,-153.72456739488786,-87.05213914459925
2703,-172.12690553188602,-69.6254526958637,-154.3236500838709,-86.79740632405836
2704,-126.23603801715913,-60.580825781494056,-153.2031350399994,-86.30031946393646
2705,-136.52907331929833,-108.96856328951601,-152.930534891838,-86.66977657833266
2706,-113.64054229573826,-105.62804218521848,-152.4820898584852,-86.8250481154109
2707,-130.84506809374767,-54.200168836279055,-152.3603925642393,-86.35620897228229
2708,-119.5178422636631,-81.04270229646274,-152.11707544048676,-86.40797061743679
2709,-146.703959732054,-74.89604647781835,-151.9240155713521,-86.18395441243561
2710,-185.06897826047367,-61.421016858693974,-152.34590394132323,-85.7503040598733
2711,-171.12785355369945,-59.74420796093655,-152.2957803641415,-85.40498754652792
2712,-200.9249603395538,-88.6156808616503,-152.81426545214558,-85.43000086580024
2713,-158.80312102497302,-94.95871343215651,-153.02659296171976,-85.26453918017658
2714,-116.80193251335655,-110.15499634171859,-152.90801449634995,-85.24035957131392
2715,-125.423981932478,-99.66334241992149,-152.21235509650748,-85.53706392862247
2716,-146.91569830654248,-93.18945409099175,-152.34636776830078,-85.45910990245602
2717,-174.21211941420125,-95.27062063559808,-153.2662242577464,-85.36154188086687
2718,-244.11972039859782,-78.67590297672243,-153.58404261032933,-85.24816922321644
2719,-127.19329775094258,-99.08039036950018,-153.25712743184812,-85.50010579775304
2720,-148.3709143706369,-59.91567143426315,-153.29458015651113,-85.19943987642395
2721,-140.58733369008664,-66.77158109318756,-153.35080514057154,-84.91450650201384
2722,-156.38635255907417,-59.00591987036953,-152.96527695975308,-84.45555502166773
2723,-167.0238369187124,-59.99407116801327,-152.98351604108706,-84.20213611064037
2724,-241.96241716107718,-57.05251181430549,-153.553634762076,-84.04380313324037
2725,-103.61083594219798,-82.86897672595454,-152.3146929338493,-84.2821294733483
2726,-145.49336912433716,-75.97363512038284,-152.4982701017179,-84.42851352506466
2727,-138.32928862208453,-68.67030354259707,-152.52006959349205,-84.22407000741856
2728,-173.24846817209433,-109.0727044222097,-152.97634302705703,-84.5154309659
2729,-106.81363676995176,-110.76046148928374,-152.76996808937008,-84.862386667279
2730,-129.63223729719584,-78.29616770154509,-152.72794063340558,-84.97200396294102
2731,-231.64734063397367,-79.71380213071177,-152.69448269418643,-84.7052196624155
2732,-135.1050451916857,-90.26046884976543,-152.4230196299914,-84.94959263485534
2733,-162.959192083576,-110.41987285798179,-152.50030655152565,-85.28413184516444
2734,-180.01768011887222,-84.54479344003032,-152.7014330470828,-85.2036136831218
2735,-172.75646147082912,-98.00804553835462,-153.35144323398487,-85.11857375128342
2736,-180.8031619207252,-87.31502766473305,-153.2830095978478,-85.37431700475457
2737,-164.61900721162553,-65.32132370803075,-153.5408331791839,-85.31871652835764
2738,-100.28279543794048,-106.50562627651712,-153.14913719003795,-85.76182691721921
2739,-220.4994811243139,-107.55913518094398,-153.88376056515426,-85.91894983706571
2740,-166.0452379976323,-69.19542553434081,-153.8872552008289,-85.68246002282777
2741,-146.82065654897994,-69.20069702276535,-153.63587067384591,-85.63549217527282
2742,-120.12232806063476,-100.1689561917012,-152.68577356739158,-86.00552787029781
2743,-174.52084493842003,-94.29938723643328,-153.075969499402,-86.38619132847884
2744,-210.43814475949773,-87.3017130955424,-154.0328599570064,-86.42531309957201
2745,-184.50124648055709,-88.72410106774173,-154.3784182853092,-86.72429415073822
2746,-179.45520668760474,-65.36664960005574,-154.57663301146104,-86.47027983391523
2747,-143.4443187478846,-106.35011022365822,-154.49449433384,-86.89804777494538
2748,-141.4006503567561,-101.78421493564666,-154.76362040763723,-87.31698194980986
2749,-177.30272311050473,-104.41428990498568,-155.2593949480909,-87.27526459804855
2750,-184.27713794567282,-105.67131284490075,-155.76405204431293,-87.7002034462882
2751,-196.01923364591244,-56.96122054740633,-156.2752723956362,-87.56837364086901
2752,-203.09637321645837,-68.77399071429909,-157.12508522145737,-87.27007470082575
2753,-161.43757397809847,-73.11738658785109,-157.45065465615093,-87.09171505905776
2754,-134.8027558818003,-73.53420911161581,-157.16945676420733,-86.81339700391531
2755,-166.4503507129307,-70.9133241041836,-157.412791410721,-86.52827712357053
2756,-148.55847760428568,-59.91637796409193,-157.23576357892208,-86.4125695877762
2757,-176.7438877481733,-96.52404322890325,-158.01228760327558,-86.43702535148302
2758,-183.98598388730807,-90.68569828240616,-158.2978127264513,-86.24247683212378
2759,-178.69583114053,-84.49640210813378,-158.73687231000298,-86.1336122633057
2760,-115.0683227518278,-96.53950584476215,-158.6379010795992,-86.09352342873915
2761,-195.92669672983683,-58.62244965837159,-159.34450427798953,-85.92107770781398
2762,-150.07234573074038,-94.92000420795921,-159.2931221751371,-86.08442821104822
2763,-144.71900257107484,-103.73013946253023,-158.63332374498177,-86.20216531500581
2764,-161.97604719018267,-90.0478854884083,-158.79943766722346,-86.36838706316105
2765,-284.327334770338,-61.265707547440826,-160.5076921056921,-86.04627474409496
2766,-160.71526342243982,-60.259495605763725,-160.36331167960523,-85.69099505072909
2767,-171.6028841299588,-68.48521715203387,-160.58904177381467,-85.60711330594782
2768,-136.07215253119494,-90.9623646315664,-160.52291603811707,-85.80731310492797
2769,-159.33649878446477,-89.1688256233481,-160.40750944799265,-85.96259296618489
2770,-257.8705036061527,-90.70719970141549,-160.98682966320598,-85.95143804710807
2771,-153.26276642949549,-94.67392701514852,-160.33672103823815,-86.02097208083387
2772,-142.42565306047499,-101.05663147278739,-160.55929456238334,-85.57019353995973
2773,-114.40778294649594,-84.99406741395076,-159.86620779708898,-85.75276834352573
2774,-142.6457333738248,-95.73109477357491,-159.7455240085752,-85.63341804777635
2775,-119.31510320114434,-96.65250668027733,-159.55008783812244,-85.96066251815208
2776,-142.3479375882357,-95.26936844347932,-159.42159301661985,-85.91653836850196
2777,-184.56019481382089,-62.498939972943056,-159.56479387114007,-85.80539092817295
2778,-208.61217171161178,-84.01373327140493,-160.17368062615608,-85.75896074409101
2779,-184.00432975891516,-103.24588978692188,-159.98835670251646,-85.86664380147747
2780,-143.08958762881784,-92.64945833217031,-159.6419951169118,-85.83564463737557
2781,-124.78226671542387,-67.28978394627775,-159.53318805608936,-85.49233157030623
2782,-175.3086962068893,-90.84768515379918,-160.00462059937954,-85.7537606234512
2783,-118.17729164077544,-82.83384748671622,-159.05346336943109,-85.30939640694616
2784,-166.16735915857257,-78.86838418193501,-159.1368217825796,-85.29611506442434
2785,-160.13097892698647,-85.03151841790036,-159.1659932273582,-85.09349818748868
2786,-150.83056453548218,-63.572799254931965,-159.02448372262185,-84.72395803518597
2787,-144.8401612963314,-98.023272059828,-159.36757217949094,-84.72931458940535
2788,-145.98953800951824,-102.4270293036664,-159.2286857010927,-85.02427542907438
2789,-154.70788827924437,-76.56188498732234,-159.3411160608269,-84.67910077724086
2790,-135.57080789191147,-93.04621037211868,-159.73648740802906,-84.56747731206
2791,-150.41598207602013,-82.06709579796566,-159.05116919441306,-84.5326279527885
2792,-152.8824006290091,-69.70696224704054,-158.89543165205825,-84.56309744693843
2793,-190.91679587550823,-70.75826334592728,-159.2957168935722,-84.58173413479551
2794,-134.9787499572319,-78.01772348139866,-158.56040482767904,-84.39019089495069
2795,-155.22066016685812,-106.43438731282798,-158.85151112533427,-84.56664351744452
2796,-154.76711002910602,-67.15273213618438,-158.87849676549882,-84.33021736019253
2797,-113.49563303886697,-69.16319988205467,-158.93399621962317,-84.12970699302944
2798,-143.42972954891684,-101.75364872418163,-159.0926594776235,-84.2917474765618
2799,-159.92969467162408,-70.14067819877766,-158.5677981556702,-83.94846648205163
2800,-143.01735719697362,-63.393179214849,-158.90157626600086,-83.61357349550335
2801,-173.213378961308,-79.88686574561395,-159.45516564324615,-83.49551553941248
2802,-119.57950337207471,-73.63011062916524,-159.1516977293468,-83.47247411813126
2803,-180.46673403459923,-87.82359401336086,-159.23509601437394,-83.65445553130624
2804,-143.4384797503181,-81.27458064772799,-159.40712043170552,-83.86139307996856
2805,-206.16816946977582,-89.65974400214958,-160.10351139321028,-83.6683048870949
2806,-203.95501179005012,-87.78282393082425,-161.00665608815342,-83.48985270455097
2807,-216.46483074820196,-80.67815871347312,-161.86285371469796,-83.75463260332292
2808,-139.99193118037866,-85.26971258611601,-162.06759460386513,-83.79690270621946
2809,-164.51003069568887,-92.97506417311027,-162.24565531350146,-83.97769288317237
2810,-190.55822409997882,-104.8135746184739,-162.30054777189653,-84.41161846077017
2811,-106.86341538663216,-104.4378923120306,-161.65790339022587,-84.85855530428111
2812,-108.815808678856,-103.47343236667221,-160.73681187361888,-85.00713281933132
2813,-146.4120559299406,-60.87801023863302,-160.61290122266854,-84.66632578739609
2814,-183.01564900406171,-82.75387340649056,-161.2750383875756,-84.39231455804381
2815,-191.04586889346743,-101.3732358893312,-161.93125725718548,-84.40941349273791
2816,-219.61695198097343,-64.47526135708434,-162.6582697939298,-84.12227156539883
2817,-223.61616331723212,-100.99254280890165,-163.15231023296013,-84.17949078713185
2818,-197.79651513964563,-85.97455517313865,-162.6890781803706,-84.25247730909604
2819,-189.78683014243538,-100.36486454886884,-163.3150135042855,-84.26532205088974
2820,-160.51387984181076,-63.58577712453166,-163.43644315899724,-84.30202310779241
2821,-139.63937830289174,-74.85847849470785,-163.42696360512528,-84.38289208180763
2822,-241.39244392906627,-95.76284067791465,-164.27702451882521,-84.75046128988306
2823,-161.97406098941906,-61.91671664158162,-164.22652675953228,-84.76968774461875
2824,-137.2602924990595,-110.68405800795263,-163.1795055129121,-85.30600320655522
2825,-126.12463307603804,-108.09783679602648,-163.4046434842505,-85.55829180725593
2826,-150.41012091288084,-104.13036119807467,-163.45381100213592,-85.83985906803285
2827,-185.95580276720597,-87.22992726918658,-163.93007614358712,-86.02545530529875
2828,-128.1273640519882,-108.47504317790559,-163.4788651023861,-86.01947869285571
2829,-193.18273936494387,-104.71537802507531,-164.342556128336,-85.95902785821362
2830,-161.14831054144994,-95.86575632573785,-164.65771686077852,-86.13472374445553
2831,-145.47329767314739,-71.43215418391064,-163.7959764311703,-86.05190726498753
2832,-135.81011520751193,-85.54153698687381,-163.80302713132852,-86.00471794635862
2833,-107.96917174021398,-102.72468167647091,-163.25312692789493,-85.92776603454352
2834,-164.26660810130377,-67.34977076927822,-163.09561620771925,-85.75581580783602
2835,-178.6278529332747,-96.33803253815859,-163.1543301223437,-85.73911567783405
2836,-201.79834586935564,-70.25452745867399,-163.36428196183,-85.56851067577345
2837,-176.56156759802872,-111.05172929031959,-163.48370756569403,-86.02581473159634
2838,-173.0943671086824,-100.45868806051377,-164.21182328240144,-85.96534534943629
2839,-151.56181990005732,-90.18934785164134,-163.5224466701589,-85.79164747614327
2840,-132.03794258858593,-94.11626622254298,-163.18237371606844,-86.04085588302527
2841,-143.69923878464573,-91.47075029300481,-163.1511595384251,-86.26355641572768
2842,-174.647076332412,-82.22267169457324,-163.69640702114285,-86.0840935707564
2843,-184.4934962474496,-62.91009101633321,-163.79613353423312,-85.7702006085554
2844,-124.55425346185096,-102.09291269456683,-162.93729462125668,-85.91811260454566
2845,-122.59425746882981,-84.66683419441596,-162.31822473113942,-85.87753993581241
2846,-148.05006860500762,-101.0944966737984,-162.00417335031347,-86.23481840654983
2847,-135.15111425705123,-101.98453090489762,-161.92124130540512,-86.19116261336222
2848,-226.13467075421082,-109.29895663232486,-162.76858150937966,-86.266310030329
2849,-181.27203472761153,-69.38291077832625,-162.80827462555072,-85.9159962390624
2850,-248.71996006721045,-92.28086407995215,-163.45270284676613,-85.7820917514129
2851,-180.11733690637578,-100.81813821282927,-163.29368387937078,-86.22066092806715
2852,-225.58167241234474,-77.79633095145952,-163.51853687132962,-86.31088433043872
2853,-235.69769346953456,-60.44663246820651,-164.26113806624397,-86.18417678924229
2854,-175.99233838062025,-57.32851195675792,-164.67303389123217,-86.02211981769373
2855,-256.84923597592297,-76.55816558195463,-165.5770227438621,-86.07856823247143
2856,-132.23012141908168,-78.00294449286295,-165.41373918201006,-86.25943389775915
2857,-155.2533687064128,-66.42783508687033,-165.19883399159244,-85.95847181633881
2858,-165.08809019873289,-94.46185811711607,-165.00985505470672,-85.9962334146859
2859,-147.20481858520108,-103.22035621189883,-164.69494492915342,-86.18347295572356
2860,-212.78310281120832,-97.91312443449236,-165.6720927297472,-86.19720914162086
2861,-174.19031387640064,-65.42695235194911,-165.45472890121283,-86.26525416855664
2862,-156.6226060206103,-100.23276427018745,-165.5202315041115,-86.31838176917891
2863,-182.57983119052898,-66.436431899249,-165.89883979030606,-85.94544469354611
2864,-184.16429303276502,-87.93084892132276,-166.1207222487319,-85.92427432787525
2865,-194.682668081901,-96.13088936363556,-165.22427558184754,-86.2729261460372
2866,-125.51617877401866,-92.55940711546786,-164.87228473536334,-86.59592526113423
2867,-103.22795779392071,-68.14861810578792,-164.18853547200294,-86.59255927067179
2868,-130.08332560262514,-98.90486547542909,-164.12864720271725,-86.6719842791104
2869,-142.94360347841945,-63.4759732290017,-163.9647182496568,-86.41505575516693
2870,-180.53934038054402,-70.36046505502375,-163.19140661740073,-86.21158840870301
2871,-134.84786704594245,-74.76220193641302,-163.00725762356518,-86.01247115791567
2872,-129.81217530292423,-64.57725555852528,-162.8811228459897,-85.64767739877304
2873,-199.91652226690545,-98.68402384240342,-163.73621023919378,-85.78457696305757
2874,-114.66588806197785,-97.61480999767645,-163.4564117860753,-85.80341411529861
2875,-149.69260547787388,-111.66313132307644,-163.7601868088426,-85.95352036172659
2876,-213.4311278031392,-86.79243553499923,-164.47101871099164,-85.86875103264181
2877,-95.92526686724592,-100.59655257644873,-163.58466943152587,-86.24972715867685
2878,-132.2468660781038,-84.46537202595879,-162.8210163751908,-86.25424354622237
2879,-207.2555382276527,-103.33349115982314,-163.05352845987818,-86.25511955995138
2880,-175.63242522937702,-102.04182498402716,-163.37895683588377,-86.34904322646995
2881,-148.32995284136874,-103.86378925632754,-163.61443369714323,-86.71478327957045
2882,-157.42910508654964,-60.119273329930564,-163.43563778593983,-86.40749916133177
2883,-155.82340671442884,-111.4951900755592,-163.81209893667636,-86.69411258722019
2884,-141.52630281631903,-67.76107342165784,-163.5656883732538,-86.58303947961741
2885,-205.78304987153513,-84.60442236011309,-164.0222090826993,-86.57876851903954
2886,-144.48972236426744,-104.74981229698992,-163.95880066098715,-86.99053864946012
2887,-183.3446866799731,-77.89050653734095,-164.3438459148236,-86.78921099423525
2888,-115.46561953167033,-69.33525657901892,-164.0386067300451,-86.45829326698879
2889,-138.73340750644647,-77.30162930260924,-163.8788619223171,-86.46569071014167
2890,-132.28130381205347,-80.3351647523753,-163.84596688151854,-86.33858025394423
2891,-179.3616145736496,-84.75513948776194,-164.13542320649486,-86.3654606908422
2892,-161.06231806315176,-68.60570963989142,-164.2172223808363,-86.3544481647707
2893,-172.97002552762905,-60.56768563963458,-164.03775467735747,-86.25254238770776
2894,-140.4913882679079,-95.91380316381687,-164.09288106046424,-86.43150318453193
2895,-189.05041455846617,-103.97889903310693,-164.4311786043803,-86.40694830173474
2896,-151.97554774413496,-83.50204775558989,-164.4032629815306,-86.5704414579288
2897,-194.52003138783763,-89.97645269780946,-165.2135069650203,-86.77857398608634
2898,-133.6403666293319,-103.78772415993666,-165.11561333582443,-86.7989147404439
2899,-222.21944396076066,-76.12330323862531,-165.73851082871585,-86.85874099084238
2900,-130.1181549836385,-109.72148338653449,-165.60951880658249,-87.32202403255923
2901,-140.6835632183182,-64.25436113765598,-165.28422064915256,-87.16569898647964
2902,-145.0176493344971,-100.94887838577594,-165.5386021087768,-87.43888666404575
2903,-107.17542777352192,-112.07467283139302,-164.80568904616598,-87.68139745222608
2904,-120.84919498430861,-99.24328855819724,-164.57979619850587,-87.86108453133077
2905,-196.5014659594898,-60.11971371787556,-164.48312916340302,-87.56568422848804
2906,-212.88315000511608,-102.42275069090256,-164.57241054555368,-87.71208349608884
2907,-156.46273731955333,-71.78840322951142,-163.9723896112672,-87.6231859412492
2908,-191.80789118836714,-86.01558978788515,-164.49054921134706,-87.6306447132669
2909,-173.9738802358171,-103.09621137319284,-164.58518770674837,-87.73185618526772
2910,-164.73746141063882,-136.23908586098707,-164.326980079855,-88.04611129769285
2911,-144.4957317915868,-85.53646435187981,-164.70330324390454,-87.85709701809134
2912,-170.8073542293999,-72.48938429062693,-165.32321869941,-87.54725653733088
2913,-174.8167743236434,-100.23205361524138,-165.607265883347,-87.94079697109697
2914,-155.32156019823265,-79.1663827230058,-165.3303249952887,-87.90492206426211
2915,-178.33687495560062,-82.84167348444606,-165.20323505591006,-87.71960644021327
2916,-175.33966689588004,-105.48722419631783,-164.76046220505913,-88.1297260686056
2917,-184.13766774880912,-68.25455635712281,-164.36567724937487,-87.80234620408781
2918,-150.65025415084327,-85.51946750781917,-163.89421463948688,-87.79779532743463
2919,-164.12150778705671,-69.40357993456061,-163.63756141593308,-87.48818248129156
2920,-137.01163108435742,-97.6984623928621,-163.40253892835852,-87.82930933397485
2921,-154.82467775021863,-101.50695845306365,-163.5543919228318,-88.0957941335584
2922,-134.87672649478813,-61.05506356985153,-162.48923474848903,-87.74871636247777
2923,-126.86802947281342,-106.71464836172377,-162.13817443332297,-88.19669567967918
2924,-107.24700930645888,-81.7744161657509,-161.83804160139698,-87.90759926125718
2925,-193.84533189242865,-75.43798557284052,-162.51524858956088,-87.5810007490253
2926,-209.0206315367027,-94.48624297622835,-163.1013536957991,-87.48455956680685
2927,-143.38347030167625,-110.25207276262752,-162.67563037114382,-87.71478102174126
2928,-114.85068104125247,-70.76483161895915,-162.54286354103644,-87.33767890615178
2929,-115.8742768793884,-98.06357890516915,-161.7697789161809,-87.27116091495272
2930,-136.8455039033612,-57.25853984541646,-161.5267508498,-86.8850887501495
2931,-114.83068683469659,-66.25026098751633,-161.22032474141548,-86.83326981818557
2932,-193.89863230965804,-80.27143350995863,-161.80120991243695,-86.78056878341641
2933,-131.69506196821325,-100.72109028987657,-162.03846881471696,-86.76053286955047
2934,-165.58317657852092,-70.1053403845288,-162.05163449948913,-86.78808856570298
2935,-179.48045255528731,-94.06595474344077,-162.06016049570925,-86.76536778775579
2936,-160.26905103971612,-82.59864722203507,-161.64486754741287,-86.88880898538942
2937,-119.90018182304988,-75.68922975160423,-161.0782536896631,-86.53518399000227
2938,-205.15689107088036,-80.45537081235499,-161.39887892928505,-86.33515081752068
2939,-181.76574641228314,-72.95007593957105,-161.7009181944073,-86.16275809839998
2940,-158.54554487028847,-107.50400666155682,-161.96599421722433,-86.29663550279011
2941,-176.52236511996324,-92.03406770556126,-162.29422548057747,-86.30226867691567
2942,-201.13379070744563,-75.42223620808618,-162.55909262432783,-86.2342643220508
2943,-153.34857572819166,-104.05048571561062,-162.24764341913524,-86.64566826904358
2944,-97.01853533921035,-98.31719950042104,-161.97228623790883,-86.60791113710212
2945,-126.29496123356797,-105.40633962404003,-162.00929327555625,-86.81530619139836
2946,-148.2741401302793,-110.3739376902483,-162.01153399080897,-86.90810060156285
2947,-106.61420286609543,-104.27459835742678,-161.72616487689942,-86.93100127608815
2948,-133.33652315975348,-64.28487960558122,-160.79818340095483,-86.48086050582071
2949,-221.00028079910945,-56.62854378764117,-161.1954658616698,-86.35331683591387
2950,-123.12238841996988,-95.75052388850528,-159.93949014519737,-86.38801343399939
2951,-138.3834390505827,-62.074589410413644,-159.52215116663945,-86.00057794597525
2952,-97.3836634691235,-98.3015312758312,-158.24017107720724,-86.20562994921896
2953,-75.56783942803264,-107.10157955460573,-156.63887253679223,-86.67217942008294
2954,-124.10833967408851,-107.35046437556143,-156.1200325497269,-87.17239894427098
2955,-160.43412458086303,-85.44918084182231,-155.15588143577628,-87.26130909686965
2956,-165.78804023267446,-61.80728721467095,-155.49146062391225,-87.09935252408775
2957,-86.02072889848755,-101.64000802941827,-154.79913422583297,-87.45147425351321
2958,-121.88061690698937,-102.4570491742976,-154.36705949291553,-87.53142616408503
2959,-150.71952344138256,-105.8873380627871,-154.40220654147734,-87.55809598259393
2960,-152.0391887828316,-73.40523498031243,-153.79476740119358,-87.31301708805212
2961,-191.68693128641786,-56.10726011041028,-153.96973357529376,-87.21982016563673
2962,-162.0439095239115,-72.65232714330266,-154.02394661032676,-86.94401579436787
2963,-129.4394152142271,-104.83991673688573,-153.49254245056377,-87.32805064274423
2964,-140.26486778871742,-71.59776690398095,-153.0535481981233,-87.16471982257083
2965,-209.07687920297244,-60.59473826931335,-153.19749030933403,-86.80935831162762
2966,-138.48387733784503,-78.19329505139669,-153.3271672949723,-86.6656971909869
2967,-168.07818357595286,-79.58308878414964,-153.9756695527926,-86.78004189777052
2968,-176.7879771769732,-69.3817639694704,-154.44271606853607,-86.48481088271092
2969,-202.19556971661908,-61.3151239627557,-155.03523573091806,-86.46320239004845
2970,-161.28183393654393,-89.80485496001154,-154.84266066647808,-86.65764628909835
2971,-143.304004783549,-67.03068764371415,-154.92722204385416,-86.58033114617136
2972,-142.55083121283934,-99.07855170659832,-155.0546086029533,-86.9253441076521
2973,-162.26621381564,-79.52717468541677,-154.67810551844062,-86.73377561608223
2974,-189.74778764486314,-103.20837133533236,-155.42892451426945,-86.78971122945879
2975,-182.12159515781332,-60.0309069861469,-155.75321441106883,-86.2733889860895
2976,-201.1350360758377,-88.13157298728032,-155.63025349379583,-86.28678036061231
2977,-139.2958153924438,-83.5039304563271,-156.06395897904784,-86.11585413941108
2978,-220.97830723253028,-57.69064514779317,-156.95127339059212,-85.84810687062944
2979,-159.60379715311754,-75.14504954557401,-156.47475597984678,-85.56622245448695
2980,-171.8882592469888,-82.97399342415844,-156.43731432002292,-85.37554413888824
2981,-110.47750511587898,-65.0462239697255,-156.058789842768,-84.98736848602223
2982,-154.3050791243041,-58.34913954136101,-156.02754958314554,-84.96966714813655
2983,-144.28702083631646,-103.31133252603799,-155.9121857243644,-84.88782857264134
2984,-166.54937454297027,-86.1012711718441,-156.1624164416309,-85.0712305501432
2985,-129.53881030086382,-57.18442165656722,-155.39997404592418,-84.79703054310772
2986,-190.47715536628863,-81.4362521998904,-155.85984837594438,-84.56389494213671
2987,-144.77580546953925,-89.62624003648236,-155.47415956384006,-84.68125227712814
2988,-120.29968985408831,-97.44141746438244,-155.52250026706426,-84.96231388598176
2989,-171.3903778301194,-92.30521596782714,-155.84906997030097,-85.11234975263396
2990,-169.11649404442778,-93.50664756605411,-156.2174218726247,-85.24406458077075
2991,-138.57310282787546,-72.01749395873833,-155.80953675516693,-85.11668812548052
2992,-177.3787896650504,-61.08959628705087,-155.97270147118593,-85.04152699195211
2993,-151.11703155643457,-95.95148194988778,-155.75417153147401,-85.39536495505466
2994,-202.79361140349621,-89.9277836106524,-156.37719376282988,-85.335504759523
2995,-177.73114341633985,-111.79758671753395,-156.26400105140866,-85.41369163636728
2996,-249.98341819702395,-106.26267898413636,-157.24407975593758,-85.64129794865272
2997,-169.6160679822643,-106.42649056561335,-156.99504012188183,-85.80579832733076
2998,-188.3577723324889,-59.218687285517404,-157.54221417891338,-85.36010795858658
2999,-145.05086155563052,-60.7935907928052,-156.77052835486208,-85.20681083412838
3000,-126.16614902825131,-105.28618961656099,-156.7310082953082,-85.16245789642865
3001,-177.34890688298088,-60.92841529412219,-157.09766173195482,-85.12919843799331
3002,-132.5301104067626,-77.94334770882944,-156.97278634267747,-84.89914313122384
3003,-155.82213708593477,-96.82225429176384,-157.4592534358016,-84.74661894582755
3004,-163.85634153663287,-78.82366675378839,-157.8893249013248,-84.54242272778346
3005,-147.81763230688284,-105.26339086259688,-157.40248656479875,-84.99385949923067
3006,-112.83036118018754,-103.60482548811552,-156.40195867654944,-85.00568024720279
3007,-146.46734935642306,-86.62758320802504,-156.30200479691814,-85.15407204698792
3008,-138.14950337949952,-58.67261881205602,-155.7654209188295,-84.88064233722963
3009,-165.69905372690445,-77.34937721026955,-155.68267265374038,-84.62317399560041
3010,-125.86024515129574,-77.13112914614753,-155.29390049114699,-84.03209442845203
3011,-140.1954305857468,-98.07440194567732,-155.25089747908856,-84.15747380439
3012,-146.88379092626687,-68.29422466607178,-155.01166184605725,-84.11552220814443
3013,-122.8398062896385,-67.81897640969565,-154.4918921657172,-83.79139143608897
3014,-194.62162373244973,-65.84511299428644,-154.88489280105938,-83.65817873880178
3015,-146.5684585038169,-66.8361737368173,-154.56720863654152,-83.4981237413255
3016,-179.02030829768185,-59.56917118746091,-154.60401505055955,-83.03894321123693
3017,-131.1968085407925,-70.37297647390938,-154.07460645847937,-83.0601274124048
3018,-175.4120610750863,-90.78139903749947,-154.3222245277218,-83.11274672770159
3019,-154.85851232039698,-73.7147887305311,-154.2295945730552,-83.1558588156613
3020,-206.71164056906994,-70.81420008063735,-154.92659466790235,-82.88701619253906
3021,-200.48234404097957,-103.91431560353556,-155.38317133080997,-82.91108976404377
3022,-125.21824439559971,-111.85742884335531,-155.28658650981808,-83.41911341677881
3023,-95.72701561909842,-102.82353022509577,-154.97517637128092,-83.38020223541253
3024,-216.31527818595796,-93.07667206541734,-156.0658590600759,-83.49322479440919
3025,-184.85547292227884,-89.22854389784155,-155.9759604703744,-83.63113037765922
3026,-141.0486230533662,-93.8869050487169,-155.296240385541,-83.6251369983841
3027,-152.4608800480668,-71.38876837995926,-155.38701448300492,-83.23650395455742
3028,-170.39719340946118,-106.4569672545852,-155.94247960668704,-83.59342531091369
3029,-216.46897338164257,-74.58164277940998,-156.94842657170958,-83.35860594965608
3030,-169.06411875409913,-68.81368265639793,-157.27061272021697,-83.47415737776589
3031,-149.19142111126206,-111.76808839279911,-157.6142200629826,-83.92933565181872
3032,-152.64330097361358,-99.06117680974336,-157.20166674962218,-84.11723308481656
3033,-198.6749080563133,-69.93557601545989,-157.87146521050315,-83.8093779420724
3034,-145.20816680732108,-67.36045381567682,-157.66771511279114,-83.78192907638388
3035,-152.68805499822187,-75.38822059766672,-157.3997911372205,-83.59515173492615
3036,-186.0801558484584,-60.073129558476396,-157.6579021853079,-83.36989655829055
3037,-183.35429784952944,-99.93281823599762,-158.2924433455727,-83.61233244313448
3038,-166.1124949937443,-84.18063968918167,-157.90199938480134,-83.64958513190275
3039,-142.18086820617324,-88.271039351746,-157.50615060274023,-83.8027947660245
3040,-131.21817192784522,-86.42842358336159,-157.2328768733158,-83.59203893524256
3041,-156.8303332216444,-67.91250997497107,-157.0359565543326,-83.35082335793665
3042,-137.96994849444621,-63.32083665060255,-156.4043181322026,-83.2298093623618
3043,-136.3049619039979,-89.12961584914234,-156.23388199396067,-83.08060066369714
3044,-163.23027338372123,-95.2262082746523,-156.89599937440576,-83.04969075143946
3045,-164.48903266242803,-83.75912556575537,-157.27794008869438,-82.83321861085662
3046,-258.9282547689078,-64.75228853124509,-158.3844812350807,-82.37700211926659
3047,-127.90129532648803,-58.3660575362697,-158.59735215968462,-81.91791671105501
3048,-188.77807939060176,-100.27292140371405,-159.15176772199308,-82.27779712903634
3049,-142.8984755291555,-55.21078227502165,-158.37074966929353,-82.26361951391013
3050,-152.61584332511302,-107.59719123038184,-158.66568421834498,-82.3820861873289
3051,-149.16978604556144,-62.18175058656096,-158.7735476882948,-82.38315779909036
3052,-177.1400427855865,-79.03419101023135,-159.5711114814594,-82.19048439643436
3053,-152.0077234871989,-74.00562188937853,-160.33551032205108,-81.8595248197821
3054,-110.83017034445159,-95.27815358432449,-160.2027286287547,-81.73880171186973
3055,-125.88875055575777,-110.83587436315845,-159.85727488850364,-81.99266864708308
3056,-173.58446266321923,-68.05758874437078,-159.9352391128091,-82.05517166238008
3057,-185.08952635108676,-98.06521557619259,-160.92592708733508,-82.01942373784783
3058,-189.77053586953673,-112.89195100835984,-161.60482627696055,-82.12377275618846
3059,-154.74110335222335,-60.254520001865025,-161.64504207606896,-81.66744457557924
3060,-138.02974426589222,-96.45106211104212,-161.50494763089955,-81.89790284688654
3061,-161.47773121128841,-73.47857174937447,-161.2028556301483,-82.07161596327619
3062,-200.81573058822627,-58.20430169742054,-161.59057384079145,-81.92713570881736
3063,-173.57256476472745,-103.5141468828082,-162.03190533629646,-81.91387801027659
3064,-155.9949084140132,-80.38802040246651,-162.1892057425494,-82.00178054526145
3065,-181.5953366368744,-69.07889682346703,-161.91439031688842,-82.08662213080298
3066,-110.64264154177945,-88.82759121426226,-161.63597795892775,-82.19296509243162
3067,-144.37757942718943,-62.76532650775352,-161.3989719174401,-82.02478746966766
3068,-161.04443302896317,-53.109439275084306,-161.24153647596,-81.8620642227238
3069,-180.61070452504163,-65.21764550192049,-161.02568782404424,-81.90108943811545
3070,-141.2897371738574,-109.99176911229085,-160.82576685641737,-82.10295857963825
3071,-134.288117785545,-81.107465232671,-160.73560798643734,-82.24372635552781
3072,-156.52390580303117,-84.2376194253556,-160.87533873233926,-82.09531703271539
3073,-133.97154365483223,-88.60016302873548,-160.59239203073116,-82.18604691614857
3074,-95.23901085201514,-97.00622541535367,-159.64730426280266,-82.12402545694879
3075,-154.6045388446577,-77.48174236399196,-159.3721336996711,-82.29853381072722
3076,-155.30930296039892,-111.4839072610151,-158.91387636851672,-82.53205715346456
3077,-165.6154464294323,-94.82882169902366,-159.17707267888665,-82.64530606589153
3078,-180.1856764459247,-96.13391913824005,-158.7691463710206,-83.02973880579601
3079,-142.65982167955795,-93.96451829338778,-158.599706616285,-83.21793349327416
3080,-145.39820568260248,-110.41452621761223,-158.33480608064113,-83.49233882120869
3081,-183.40548290664594,-74.3545011510159,-159.06408585854876,-83.5854215930216
3082,-173.07069159031496,-61.46826548119212,-159.2517419832089,-83.61661285241989
3083,-177.69873108045434,-78.84926545428594,-159.58585908565027,-83.37199218170238
3084,-142.80823743769835,-65.82045687619171,-159.3484477145975,-83.16918403874587
3085,-158.10610096785584,-69.78679007179652,-159.63412062126747,-83.29520772289816
3086,-161.4738541168714,-61.05813932408006,-159.34408760877332,-83.09142659414006
3087,-167.41239606842439,-97.17571793529928,-159.57045351476216,-83.16692137312822
3088,-192.7064435645788,-98.4040175137366,-160.29452105186706,-83.17654737362176
3089,-175.4837039701568,-106.87895681440156,-160.33545431326743,-83.32228478208751
3090,-131.1182084808478,-103.6571492992427,-159.95547145763163,-83.42378979941938
3091,-266.4748527248772,-82.48759832316557,-161.23448895660164,-83.52849084306365
3092,-116.34503056016288,-110.36645220742143,-160.6241513655528,-84.02125940226736
3093,-158.17751587539982,-66.94284433088635,-160.69475620874246,-83.73117302607734
3094,-128.9350222392262,-98.91366049621291,-159.95617031709978,-83.82103179493294
3095,-114.51546237592393,-80.73788892043888,-159.3240135066956,-83.51043481696199
3096,-177.39154777930048,-79.9098790405358,-158.59809480251835,-83.24690681752598
3097,-158.63669804151013,-95.24696569573294,-158.4883011031108,-83.13511156882718
3098,-188.60109976314706,-97.35343983183762,-158.4907343774174,-83.5164590942904
3099,-165.89617063767892,-78.61703412616751,-158.6991874682379,-83.69469352762404
3100,-155.18194723933902,-75.23408810489775,-158.98934545034876,-83.39417251250741
3101,-145.1267091532112,-89.45673188082517,-158.66712347305108,-83.67945567837444
3102,-250.88145157320733,-69.77732523926866,-159.85063688471553,-83.59779545367884
3103,-195.27656229042597,-63.286352282862794,-160.2451811367604,-83.26243643358981
3104,-190.7128114446945,-94.56468270545945,-160.51374583584104,-83.41984659310651
3105,-131.85929501401506,-98.90705880010518,-160.35416246291234,-83.3562832724816
3106,-180.26514847574975,-67.23917149193086,-161.02851033586796,-82.99262673251975
3107,-156.7892760879569,-71.26874026163193,-161.13172960318332,-82.83903830305582
3108,-170.16640100619287,-90.51408336667797,-161.45189857945024,-83.15745294860206
3109,-164.79629859033344,-88.6802161948925,-161.44287102808457,-83.27076133844827
3110,-143.55771455688307,-100.40168492769088,-161.6198457221404,-83.5034668962637
3111,-144.44296790287714,-104.56616548001716,-161.6623210953117,-83.5683845316071
3112,-132.26476590680053,-77.79236651121704,-161.51613084511703,-83.66336595005855
3113,-187.1603635844814,-65.68612048153786,-162.15933641806544,-83.64203739077698
3114,-154.53429969509185,-69.35505925851749,-161.75846317769188,-83.67713685341928
3115,-207.91082473220843,-77.51365030441404,-162.37188683997584,-83.78391161909525
3116,-197.31243152947255,-97.16035130666765,-162.55480807229372,-84.15982342028732
3117,-179.5164739415927,-106.96672368049116,-163.03800472630172,-84.52576089235313
3118,-188.44167211321854,-84.56165193209634,-163.16830083668304,-84.46356342129913
3119,-170.78271764051752,-80.07770025101084,-163.32754288988426,-84.52719253650392
3120,-213.77468367466946,-104.16675193995538,-163.39817332094026,-84.86071805509708
3121,-160.053926847696,-76.9030744779397,-162.99388914900743,-84.59060564384113
3122,-205.7302732747075,-57.61416895341565,-163.79900943779847,-84.04817304494172
3123,-279.7194822040945,-106.68352444791753,-165.63893410364847,-84.08677298716995
3124,-178.95089482762157,-88.95936970721586,-165.2652902700651,-84.04559996358793
3125,-203.54202117753167,-99.36798692379931,-165.4521557526176,-84.1469943938475
3126,-129.664185204894,-70.30456241840763,-165.3383113741329,-83.91117096754441
3127,-131.17347300010064,-78.95813245466226,-165.12543730365323,-83.98686460829144
3128,-133.33763494527028,-110.6136835257432,-164.7548417190113,-84.02843177100301
3129,-159.8134513676371,-102.67378939963677,-164.18828649887124,-84.30935323720529
3130,-120.52048260232056,-110.61910790171375,-163.7028501373535,-84.72740748965845
3131,-154.96820567451425,-108.79297835627077,-163.76061798298602,-84.69765638929317
3132,-133.97426916712408,-79.47067065851547,-163.57392766492114,-84.50175132778091
3133,-138.3278418143597,-76.95803286680058,-162.9704570025016,-84.57197589629429
3134,-132.21895867819848,-92.88257166833867,-162.84056492121036,-84.82719707482092
3135,-234.8495251084939,-64.01189540848765,-163.66217962231303,-84.71343382292913
3136,-188.18183086359645,-108.62641240789247,-163.6831963724644,-85.19896665142329
3137,-168.91969887380964,-65.52781236165764,-163.53885038270724,-84.85491659267991
3138,-168.57273548114557,-55.959403154413145,-163.56345278758124,-84.57270422733221
3139,-214.12226418617482,-102.62072625366567,-164.2828667473813,-84.71620109635141
3140,-100.22376885177397,-86.69408046240086,-163.9729227166206,-84.7188576651418
3141,-189.37436557883882,-60.614097813802,-164.29836304019253,-84.64587354353009
3142,-170.5421216344236,-82.3060323542743,-164.6240847715923,-84.83572550056681
3143,-165.73700264394557,-68.73044032839957,-164.91840517899175,-84.6317337453594
3144,-200.01027018408945,-50.81889993795132,-165.28620514699546,-84.1876606619924
3145,-172.61213196316598,-68.35104339282913,-165.3674361400028,-84.03357984026313
3146,-175.10107680702666,-110.36120207371697,-164.529164360384,-84.48966897568785
3147,-131.00353704079754,-102.78474775162009,-164.5601867775271,-84.93385587784135
3148,-151.00691582332777,-103.28182537941075,-164.18247514185435,-84.96394491759831
3149,-131.66502666815904,-78.3069489485326,-164.0701406532444,-85.19490658433342
3150,-160.82064107016055,-64.19417354062698,-164.15218863069487,-84.76087640743586
3151,-156.4707607804121,-100.21928230800548,-164.22519837804336,-85.14125172465032
3152,-138.67692078481164,-62.14199284166694,-163.8405671580356,-84.97232974296467
3153,-202.2278480630395,-81.27743236473819,-164.342768403794,-85.04504784771828
3154,-147.75971879672528,-84.14083074058084,-164.71206388831678,-84.93367461928085
3155,-139.44915338468167,-81.6971560839267,-164.847667916606,-84.64228743648852
3156,-173.6398246688295,-64.97503753268738,-164.84822153666212,-84.61146192437168
3157,-232.0613376743938,-99.62127076852204,-165.31793964989518,-84.62702247629498
3158,-112.29582294474443,-91.40144941899402,-164.54319252064724,-84.41211746040132
3159,-166.94154963809805,-77.08414804726647,-164.665196983506,-84.58041374085533
3160,-127.42679174366475,-67.21987982259463,-164.55916745828375,-84.28810191797086
3161,-159.2957259808016,-94.691395204794,-164.53734740597886,-84.50023015252505
3162,-146.67189419200378,-100.43983843073491,-163.99590904201665,-84.9225855198582
3163,-111.15605881833724,-95.20617586598459,-163.37174398255277,-84.83950580968997
3164,-246.3232030453044,-90.03865653996033,-164.27502692886566,-84.93601217106489
3165,-196.16236530880056,-73.84646789416259,-164.42069721558494,-84.98368788177186
3166,-96.10096481695786,-81.32060242540625,-164.2752804483367,-84.90861799388328
3167,-104.14379473922568,-90.53977054963178,-163.87294260145705,-85.18636243430207
3168,-205.6922140144169,-65.5943143561305,-164.3194204113116,-85.31121118511253
3169,-159.4614501919609,-68.29995992570625,-164.1079278679808,-85.34203432935038
3170,-158.62227815952673,-103.32282055625394,-164.2812532778375,-85.27534484379001
3171,-171.71501343234934,-105.66839103086394,-164.65552223430552,-85.52095410177193
3172,-155.433166418662,-102.17885177431366,-164.64461484046186,-85.70036642526152
3173,-162.1374517959668,-84.4555950106647,-164.92627392187322,-85.65892074508082
3174,-165.0962196129287,-81.93150443434804,-165.62484600948233,-85.50817353527077
3175,-166.8844460694175,-70.67375116263331,-165.74764508172996,-85.44009362325718
3176,-160.6790488715615,-64.06586732025293,-165.80134254084155,-84.96591322384957
3177,-154.6498719668504,-107.22389230782836,-165.69168679621572,-85.08986392993761
3178,-178.07938290362668,-96.1961245688501,-165.67062386079274,-85.0904859842437
3179,-119.7801879461993,-107.90541135195389,-165.44182752345915,-85.22989491482936
3180,-137.10712882149016,-60.96059484004773,-165.35891675484802,-84.73535560105373
3181,-136.42836543947047,-109.04487464569952,-164.8891455801763,-85.08225933600056
3182,-94.57638973283541,-110.77804719779334,-164.10420256160148,-85.57535715316656
3183,-154.06038508178833,-76.21054719461718,-163.86781910161483,-85.54896997056989
3184,-159.00883629892482,-65.80261922921463,-164.0298250902271,-85.54879159410012
3185,-89.7271852605207,-90.52768500110236,-163.34603593315373,-85.75620054339316
3186,-202.7097994802217,-105.6858398236831,-163.7583953867872,-86.20247754838918
3187,-91.56271378074885,-107.54175948194592,-162.99989856391048,-86.30613796385565
3188,-99.28057138243652,-105.94981846283602,-162.06563984208904,-86.38159597334666
3189,-164.5443378372637,-95.56807684121426,-161.95624618076013,-86.26848717361477
3190,-139.41231391659312,-78.80620176665843,-162.03918723511762,-86.01997769828895
3191,-196.3295439786863,-95.25071984033545,-161.33773414765568,-86.14760891346066
3192,-137.22821866196784,-70.08245587235966,-161.54656602867374,-85.74476895011003
3193,-142.44804608216316,-96.41044265178878,-161.38927133074137,-86.03944493331906
3194,-193.13276079997542,-72.40497826178105,-162.03124871634884,-85.77435811097473
3195,-178.65680410558218,-111.3738776549423,-162.67266213364545,-86.08071799831977
3196,-168.93322941509845,-111.18552159330847,-162.58807895000342,-86.39347442384751
3197,-94.13358727166953,-97.39255990390842,-161.94304784230502,-86.41493036592925
3198,-179.16845739663339,-101.37311381057961,-161.8487214186399,-86.45512710571667
3199,-191.4237066819939,-55.6276096384379,-162.10399677908302,-86.22523286083937
3200,-177.519635614468,-98.72774996715623,-162.3273736628343,-86.46016947946197
3201,-137.2610108772339,-90.76448735542122,-162.24871668007452,-86.47324703420793
3202,-130.02225644946608,-75.95473915522076,-161.04012472883713,-86.53502117336744
3203,-157.5397201932932,-79.98013767654957,-160.6627563078658,-86.70195902730431
3204,-106.57779247593665,-85.67740377490057,-159.82140611817823,-86.61308623799873
3205,-103.88675977467166,-102.93342710309989,-159.5416807657848,-86.65334992102868
3206,-144.14172526774817,-65.32982646857769,-159.18044653370475,-86.63425647079514
3207,-173.9348315138788,-97.43835254320678,-159.351902087964,-86.8959525936109
3208,-151.76886179610963,-62.92270727032725,-159.16792669586312,-86.62003883264738
3209,-224.10395318216692,-87.9108324732037,-159.76100324178142,-86.61234499543049
3210,-124.26327736517068,-94.58352258429201,-159.56805886986433,-86.55416337199651
3211,-119.84611864567258,-92.87843349730795,-159.3220903772923,-86.43728605216941
3212,-137.34401114595937,-107.2964997873571,-159.3728828296839,-86.73232738493081
3213,-145.61016587865294,-58.26597116579249,-158.95738085262565,-86.65812589177337
3214,-104.13318511762911,-94.32483398615268,-158.45336970685102,-86.90782363904971
3215,-167.64886700087743,-91.13357132230695,-158.0507501295377,-87.04402284922864
3216,-133.64480507654676,-62.34217564944586,-157.41407386500845,-86.69584109265642
3217,-81.84346184047386,-101.3935391088707,-156.43734374399722,-86.64010924694021
3218,-176.01072110884925,-61.47468727127516,-156.31303423395354,-86.409239600332
3219,-173.98931964439268,-58.780523934968485,-156.34510025399229,-86.1962678371716
3220,-133.99004321990427,-67.84552272991667,-155.54725384944464,-85.8330555450712
3221,-135.9238934951056,-60.41858822030334,-155.30595351591876,-85.66821068249483
3222,-115.23911283618506,-87.41924266832119,-154.40104191153353,-85.96626141964387
3223,-155.58641494129103,-88.90359698436964,-153.1597112389055,-85.78846214500838
3224,-160.29695821384962,-77.90376020132649,-152.97317187276775,-85.6779060499495
3225,-153.59941885374957,-73.52872750122344,-152.4737458495299,-85.41951345572375
3226,-143.21309028490987,-99.60132505676793,-152.60923490033008,-85.71248108210736
3227,-155.05466468896816,-75.83723180232624,-152.84804681721874,-85.681272075584
3228,-159.11019536862253,-73.39415142029381,-153.1057724214523,-85.30907675452951
3229,-124.59996997624158,-87.04365051679012,-152.75363760753834,-85.15277536570105
3230,-139.1923252849297,-91.0568592336599,-152.9403560343644,-84.9571528790205
3231,-128.94582060580348,-65.68250757913438,-152.68013218367733,-84.52604817124914
3232,-141.17069437433497,-105.15183366515731,-152.75209643574945,-84.78285980131555
3233,-138.4433969650187,-70.07414154252669,-152.75325198725602,-84.71402088807281
3234,-195.52908134077387,-76.72884683949107,-153.3863532138818,-84.55248363978433
3235,-128.09795601434874,-80.43440177780928,-152.31883752294036,-84.71670870347754
3236,-94.8022286115764,-54.57761836690271,-151.38504150042013,-84.17622076306766
3237,-114.78007795850093,-54.67735580548103,-150.84364529126702,-84.06771619750589
3238,-166.5007827208831,-62.69021270739577,-150.8229257636644,-84.13502429303573
3239,-144.14124918511214,-64.04261067826815,-150.12311561365374,-83.74924313728175
3240,-218.1069052636562,-64.99958980069749,-151.30194697777256,-83.53229823066472
3241,-98.56075753675212,-106.30855512265273,-150.3938108973517,-83.98924280375321
3242,-113.59564647022009,-69.86417944025013,-149.82434614570965,-83.86482427461297
3243,-175.80006011170468,-76.61564850464649,-149.9249767203873,-83.94367635637543
3244,-180.3822849278068,-77.92202921211079,-149.72869686782445,-84.21470764911703
3245,-143.4966787568571,-65.58539337297809,-149.4375423357614,-84.18705114891853
3246,-103.4411179519357,-62.74002267591045,-148.72094274721053,-83.71083935494048
3247,-135.7237344980614,-112.40773050753629,-148.76814472178313,-83.80706918249963
3248,-202.5936987156238,-109.74679505443082,-149.28401255070605,-83.87171887924984
3249,-178.22979613012745,-111.02793040222738,-149.74966024532574,-84.19892869378677
3250,-124.74258008941395,-111.02079730421922,-149.3888796355183,-84.66719493142269
3251,-164.73097320540057,-104.08128652150435,-149.47148175976818,-84.7058149735577
3252,-130.37230427733454,-74.00471506904289,-149.38843559469342,-84.82444219583144
3253,-135.34659491320784,-70.03807399997078,-148.71962306319512,-84.71204861218376
3254,-145.4284511218029,-102.10893266868365,-148.69631038644584,-84.89172963146478
3255,-117.11560453154733,-104.40109687481689,-148.47297489791453,-85.11876903937369
3256,-172.22423293682107,-99.54865811403343,-148.45881898059446,-85.46450524518715
3257,-119.21182209244822,-68.25840567467215,-147.33032382477498,-85.15087659424866
3258,-155.85404507669975,-58.297179588624694,-147.76590604609453,-84.81983389594498
3259,-130.15665384962247,-95.44997559412735,-147.39805708820975,-85.00349217141358
3260,-142.24484368572877,-111.92875767272602,-147.5462376076304,-85.45058094991488
3261,-192.77145306658173,-68.83724607190555,-147.8809948784882,-85.192039458586
3262,-106.36812475538841,-95.1731904064335,-147.47795718412203,-85.13937297834298
3263,-153.1752971699102,-82.52649636014206,-147.89814956763774,-85.01257618328455
3264,-140.33786289366105,-87.49439147910694,-146.83829616612135,-84.98713353267603
3265,-163.78103304705283,-100.74877782597041,-146.51448284350388,-85.2561566319941
3266,-152.7939001661174,-73.11234374105399,-147.08141219699544,-85.17407404515059
3267,-210.54920163424833,-115.4984439598873,-148.14546626594571,-85.42366077925314
3268,-175.6204793874821,-99.89096056501268,-147.84474891967636,-85.76662724134196
3269,-166.8767946692396,-107.0785196284391,-147.9189023644491,-86.1544128383693
3270,-130.80819770144953,-71.5023413395508,-147.64076155986837,-85.83620804620227
3271,-134.31029924675764,-106.7558579607436,-147.26671441801244,-85.84708271550106
3272,-116.0235992369321,-73.97166315098502,-146.87261874619514,-85.56501082926776
3273,-117.27793758608267,-85.68095448709317,-146.4240236040963,-85.57726442403205
3274,-101.50977239378116,-95.95193956269972,-145.78815913190482,-85.71746877531557
3275,-193.01892388210211,-95.21601026773133,-146.04950391003166,-85.96289136636653
3276,-126.1948425124935,-79.59073094201821,-145.70466184644096,-86.1181400025842
3277,-150.9633314502665,-57.26802895832816,-145.66779644127516,-85.6185813690892
3278,-170.7201251633109,-79.05926907361325,-145.594203863872,-85.44721281413683
3279,-156.20933562357317,-77.8630239187907,-145.95849534064573,-85.1467889398052
3280,-188.1792885628293,-64.29257914412676,-146.46921693805913,-85.18010878284599
3281,-176.45551229705825,-57.88993635297322,-146.869488406635,-84.66855939991873
3282,-107.37109246361526,-94.67751098217468,-146.9974354339428,-84.50755403776253
3283,-151.33086071678542,-76.37193121410571,-146.9701401902928,-84.50916787795744
3284,-137.5029326138028,-105.89009069452382,-146.75508115344155,-84.91004259261052
3285,-160.07513194356432,-59.676135911961765,-147.45856062027198,-84.60152710171911
3286,-138.74214223405366,-111.47022551877986,-146.8188840478103,-84.65937095867008
3287,-120.90919421004557,-81.02476509250785,-147.11234885210328,-84.39420101477569
3288,-197.91400604324107,-88.06005172548444,-148.0986831987113,-84.21530334740217
3289,-129.57919552056947,-107.55805265006515,-147.74903177554438,-84.33520310549069
3290,-124.27426278930535,-88.76647319235668,-147.5976512642715,-84.43480581974768
3291,-125.4253584802728,-110.11092869594361,-146.88860940928737,-84.58340790830377
3292,-149.73481860939492,-80.7523633838984,-147.01367540876166,-84.69010698341916
3293,-117.82631132083712,-99.09705778458448,-146.7674580611484,-84.71697313474711
3294,-185.0654944856747,-67.37453845470438,-146.6867853980054,-84.66666873667634
3295,-105.38261282585661,-105.99279731188423,-145.95404348520816,-84.61285793324576
3296,-103.73363209855246,-94.01190599180057,-145.3020475120427,-84.44112177723069
3297,-131.4836587133541,-67.66624949493695,-145.67554822645954,-84.14385867314097
3298,-146.8215400800144,-98.71304153193907,-145.35207905329332,-84.11725795035456
3299,-159.30787152509504,-101.49650962529046,-145.03092070172434,-84.57594695022307
3300,-134.54021760983633,-96.13313670700788,-144.601126521678,-84.5500008176216
3301,-123.69849117232111,-105.77687654614414,-144.4655013246289,-84.70012470952884
3302,-187.16077052960486,-109.66599455404453,-145.03688646543026,-85.03723726351708
3303,-107.67330102943252,-96.15901197980256,-144.53822227379166,-85.1990260065496
3304,-184.80400372636214,-60.27663827695403,-145.32048438629593,-84.94501835157016
3305,-161.98793626379376,-57.13960279825288,-145.90149615118713,-84.48708010852167
3306,-117.23068758607235,-66.73771997916323,-145.6323857743704,-84.50115904362752
3307,-90.47756722594232,-104.30518397034264,-144.797813131491,-84.56982735789887
3308,-143.8043153282435,-88.37514479789002,-144.71816766681235,-84.8243517331745
3309,-186.54341956562993,-103.69878805303765,-144.34256233064698,-84.98223128897283
3310,-135.90056622480046,-89.79363195941508,-144.45893521924327,-84.93433238272407
3311,-131.47898647996612,-104.03727363954182,-144.57526389758618,-85.0459207841464
3312,-150.23949546540933,-80.4598153024379,-144.7042187407807,-84.7775539392972
3313,-174.27849603326553,-79.45623127914403,-144.99090204232684,-84.98945654043072
3314,-141.2980534513813,-77.74721641013379,-145.36255072566436,-84.82368036467054
3315,-113.4850485036415,-102.62113658324645,-144.82091254069204,-84.93855601727994
3316,-224.30539900607758,-77.30585441232303,-145.72751847998734,-85.08819280490873
3317,-126.50471923968324,-89.36482473923135,-146.17413105397944,-84.96790566121233
3318,-136.2502670418659,-110.94802804426138,-145.7765265133096,-85.4626390689422
3319,-251.00812218528517,-111.06510994833414,-146.5467145387185,-85.98548492907585
3320,-210.51036699072444,-65.56669368020839,-147.3119177764267,-85.96269663857876
3321,-191.60241352343934,-81.50834628906068,-147.86870297671,-86.17359421926633
3322,-138.5781216833284,-83.5844030710614,-148.10209306518146,-86.13524582329374
3323,-132.8951006805266,-110.02400624591657,-147.8751799225738,-86.3464499159092
3324,-149.56371718501788,-94.68267999419537,-147.7678475122855,-86.5142391138379
3325,-139.74388853081044,-100.54540549743291,-147.62929220905613,-86.78440589379998
3326,-105.53630720948595,-83.29732530677786,-147.25252437830187,-86.62136589630008
3327,-141.76739485466305,-85.44580106258002,-147.11965167995882,-86.71745158890262
3328,-86.30362207456038,-81.68786621744417,-146.39158594701823,-86.80038873687413
3329,-92.39090992657646,-91.38467024870998,-146.06949534652156,-86.84379893419334
3330,-148.59069162574139,-83.07718891566103,-146.1634790099297,-86.76400223101335
3331,-159.01104115015826,-95.1409890333375,-146.46413121537321,-87.05858704555538
3332,-163.04528712765665,-77.25932895574385,-146.68287714290642,-86.77966199846124
3333,-175.56545216961882,-110.11337544105984,-147.05409769495245,-87.18005433744656
3334,-178.24495789708462,-101.17437660204077,-146.88125646051554,-87.42450963507204
3335,-134.03923242876962,-67.13910307105724,-146.94066922465976,-87.29155664800452
3336,-227.03621479394428,-61.3407824102565,-148.26300908648344,-87.35918828843806
3337,-140.7114407009556,-102.92334965374206,-148.52232271390798,-87.84164822692067
3338,-120.65913108813348,-95.13123891565698,-148.06390619758048,-88.16605848900329
3339,-115.44968766237098,-109.54186315850183,-147.77699058235305,-88.62105101380563
3340,-139.92030591013102,-89.91259641434596,-146.9951245888178,-88.87018107994211
3341,-158.49434633903337,-100.01253624019037,-147.59446047684062,-88.8072208911175
3342,-165.7374380262774,-101.38000994254723,-148.1158783924012,-89.12237919614046
3343,-130.15116013850655,-104.10892082627488,-147.65938939266925,-89.39731191935674
3344,-113.14547616433933,-109.83355090065173,-146.9870213050346,-89.71642713624215
3345,-117.30433537799094,-78.05851092089584,-146.72509787124594,-89.84115831172133
3346,-142.32447149522758,-93.98892113958445,-147.11393140667886,-90.15364729635809
3347,-168.8751612990072,-62.13656237387422,-147.44544567468833,-89.65093561502147
3348,-147.27133706498032,-104.78336393178287,-146.89222205818186,-89.60130130379498
3349,-133.89921657679687,-77.0395856372534,-146.44891626264857,-89.26141785614523
3350,-195.2027391792648,-60.66153679414,-147.15351785354707,-88.75782525104444
3351,-160.8324131539998,-63.32781290707655,-147.11453225303305,-88.35029051490017
3352,-126.4590843622383,-64.9130625982822,-147.07540005388208,-88.25937399019254
3353,-212.43637441707577,-69.41092046257108,-147.84629784892076,-88.25310245481856
3354,-247.67406391451135,-93.44497545180757,-148.8687539768478,-88.16646288264978
3355,-136.20916486914123,-101.71718095811244,-149.05968958022373,-88.13962372348276
3356,-210.7936346980273,-86.18758466043121,-149.44538359783581,-88.00601298894672
3357,-158.88468419888926,-79.50920261159499,-149.84211221890024,-88.11852095831595
3358,-132.15267373274588,-85.30736371395861,-149.6050985054607,-88.3886227995693
3359,-157.80463235446567,-79.79261184928532,-149.88157829050914,-88.23204916212087
3360,-102.81923646599977,-109.96916799812439,-149.48732221831185,-88.21245326537486
3361,-184.66649632009361,-78.56110571508168,-149.40627265084697,-88.30969186180663
3362,-175.12879982362472,-65.864802168797,-150.09387940152934,-88.01660797943026
3363,-145.48668329575156,-59.91658716578757,-150.01699326278776,-87.79050888748672
3364,-141.68812565348495,-83.22592481311936,-150.030495890386,-87.74782422082683
3365,-103.84509841393788,-96.7964754720229,-149.43113654405485,-87.70830119728735
3366,-177.57134802979468,-94.19663493997325,-149.67891102269164,-87.91914410927654
3367,-120.56829825362836,-108.77415190095329,-148.7791019888854,-87.85190118868722
3368,-180.5195996874645,-97.46182788083402,-148.82809319188524,-87.82760986184543
3369,-125.96608954144294,-80.48391787773738,-148.4189861406073,-87.56166384433841
3370,-259.94817142406237,-87.5739951419779,-149.71038587783343,-87.72238038236267
3371,-168.23008581832366,-63.530105427599366,-150.04958374354908,-87.29012285703124
3372,-144.54033034321535,-80.90821794602167,-150.3347510546119,-87.3594884049816
3373,-109.60278194887789,-89.66071307841966,-150.25799949823983,-87.39928599089487
3374,-131.00292111819348,-93.1324897408167,-150.55293098548393,-87.37109149267603
3375,-186.27218831117213,-99.16711177482912,-150.48546362977464,-87.41060250774702
3376,-114.026154151212,-65.33082674213676,-150.36377674616185,-87.26800346574821
3377,-174.91116721376986,-101.79556352173019,-150.6032551037969,-87.71327881138224
3378,-129.96725193145295,-84.64053919482538,-150.19572637147834,-87.76909151259436
3379,-181.5354216461557,-101.36795026236001,-150.44898723170414,-88.00414077603004
3380,-128.44430141074776,-89.08660281278233,-149.8516373601833,-88.2520810127166
3381,-140.68396036283775,-94.05845404275051,-149.4939218408411,-88.61376618961437
3382,-130.82772370180675,-81.54565922867805,-149.72848815322303,-88.4824476720794
3383,-134.2612655736106,-95.7896107080511,-149.55779220179127,-88.67662446701885
3384,-258.068944628615,-102.2186598525657,-150.7634523219394,-88.63991015859928
3385,-242.93004020593818,-95.84671180392704,-151.59200140456315,-89.00161591751892
3386,-141.21335049221491,-107.10699128454829,-151.61671348714475,-88.95798357517661
3387,-219.63080714030053,-68.66823357566642,-152.6039296164473,-88.83441826000819
3388,-185.40744982380153,-72.22079273670874,-152.47886405425288,-88.67602567012045
3389,-154.69312206522542,-88.44342669388938,-152.73000331969945,-88.48487941055869
3390,-120.09071355974153,-103.05168048154928,-152.68816782740382,-88.6277314834506
3391,-130.27648700875903,-94.3508987465674,-152.7366791126887,-88.47013118395687
3392,-125.49749967883388,-90.34060281629581,-152.4943059233831,-88.56601357828083
3393,-201.43537648702494,-60.25041312328223,-153.33039657504497,-88.1775471316678
3394,-145.51765803888597,-68.21590652145251,-152.93491821057708,-88.18596081233527
3395,-118.60055862468089,-75.93909599442537,-153.0670976685653,-87.88542379916069
3396,-186.72682877120573,-66.47147693590225,-153.89702963529183,-87.6100195086017
3397,-145.56261204353086,-69.7067404424395,-154.03781916859361,-87.63042441807674
3398,-128.297014934366,-69.3709032952531,-153.85257391713714,-87.33700303570988
3399,-156.72538157860873,-74.29668986923915,-153.82674901767226,-87.06500483814936
3400,-100.17757431586446,-91.27019252961632,-153.48312258473254,-87.01637539637545
3401,-193.73345968880562,-61.51926512473094,-154.1834722698974,-86.5737992821613
3402,-103.83943082577598,-97.20609526521272,-153.35025887285911,-86.44920028927301
3403,-102.56898609513203,-108.02182022119011,-153.2992157235161,-86.56782837168687
3404,-215.90801295121096,-67.06362460027586,-153.6102558157646,-86.6356982349201
3405,-107.3859117647157,-81.24280632636669,-153.0642355707738,-86.87673027020122
3406,-128.96823180015213,-106.62345648091076,-153.1816110129146,-87.2755876352187
3407,-228.8931801744368,-59.95404757285855,-154.56576714239955,-86.83207627124386
3408,-178.22378088438992,-61.62511841508628,-154.909961797961,-86.56457600741584
3409,-98.35975068396529,-111.15316731212141,-154.02812510914436,-86.63911980000668
3410,-227.2140300698579,-74.01725756491005,-154.9412597475949,-86.48135605606161
3411,-150.07118035256505,-68.53249015971815,-155.1271816863209,-86.12630822126339
3412,-73.32236913919968,-111.90274265801622,-154.35801042305883,-86.44073749481916
3413,-107.50484821587833,-94.36185241780868,-153.69027394488495,-86.58979370620581
3414,-124.65468195070558,-111.28577327604678,-153.5238402298782,-86.92517927486495
3415,-121.78352277381704,-106.3403067777638,-153.60682497257994,-86.96237097681012
3416,-115.05029446114509,-80.23410951322695,-152.5142739271306,-86.99165352781917
3417,-188.827302107284,-93.18570813072671,-153.13749975580663,-87.0298623617341
3418,-119.4471109398164,-70.2592934963438,-152.96946819478615,-86.62297501625493
3419,-106.92480551906775,-104.4637890604067,-151.52863502812397,-86.55696180737564
3420,-179.4398648885694,-84.16007973397495,-151.21793000710244,-86.74289566791332
3421,-133.8482352188742,-65.37502961873436,-150.64038822405678,-86.58156250121004
3422,-86.39628507000427,-99.5187287757729,-150.11856985792355,-86.74090575825717
3423,-134.89622909999085,-64.10390104537167,-150.1385811421182,-86.28170470625172
3424,-154.47321942766087,-101.09199741309271,-150.1876761645446,-86.3457978804407
3425,-96.91207355117385,-101.5086565706446,-149.75935801474822,-86.3554303911728
3426,-174.65826868370362,-68.70299287413877,-150.4505776294904,-86.20948706684639
3427,-186.67623587572754,-73.18702586240876,-150.89966603970106,-86.08689931484469
3428,-142.34666276470892,-82.92084516942859,-151.46009644660256,-86.09922910436453
3429,-137.41712097092966,-71.5868814489398,-151.91035855704607,-85.90125121636683
3430,-171.13738636689027,-100.346752520557,-152.13582550445759,-86.0739468524158
3431,-173.5823729326624,-62.059157024338255,-152.2815388222826,-85.7431285323258
3432,-179.95118157148337,-66.75292895971674,-152.45059776672085,-85.63806453236555
3433,-138.87811321508968,-93.42165275119052,-152.0837243771756,-85.47114730546686
3434,-124.27246491771638,-108.02686919773033,-151.5439994473819,-85.53967223142376
3435,-132.28114441554615,-59.856263285910515,-151.5264185672497,-85.46684383357228
3436,-109.42660208792059,-86.31997062942474,-150.35032244018944,-85.71663571576397
3437,-178.6348054017711,-107.34202669414421,-150.72955608719758,-85.76082248616798
3438,-169.07795208976484,-74.4571471246343,-151.21374429721388,-85.55408156825776
3439,-108.53090459026612,-68.88738828068718,-151.14455646649282,-85.14753681947961
3440,-129.24703671420477,-85.81989199159148,-151.03782377453356,-85.10660977525207
3441,-107.62501789467207,-68.6677773129322,-150.52913049008995,-84.7931621859795
3442,-168.59076878797467,-61.821042412417306,-150.5576637977069,-84.3975725106782
3443,-115.11600470048529,-62.24858511187086,-150.4073122433267,-83.97896915353415
3444,-198.38142195156138,-97.34079187745809,-151.25967170119893,-83.85404156330222
3445,-105.40485656681913,-100.17424814447504,-151.1406769130872,-84.07519893553801
3446,-125.67630004619808,-108.79357060486485,-150.9741951985969,-84.22324543019083
3447,-138.62768405244705,-106.71356116285192,-150.6717204261313,-84.66901541808058
3448,-137.31289873598982,-63.87627507674752,-150.5721360428414,-84.25994452953022
3449,-105.11754947759371,-90.64712515110747,-150.28431937184942,-84.39601992466878
3450,-97.40086033397777,-74.59342342523998,-149.30630058339653,-84.53533879097976
3451,-156.9441071601314,-109.36592386634767,-149.26741752345785,-84.99571990057248
3452,-174.97033746862363,-99.07177696087383,-149.7525300545217,-85.3373070441984
3453,-112.15897202255333,-90.23866694599515,-148.74975603057646,-85.54558450903265
3454,-141.48907294985523,-77.59886415499818,-147.68790612092994,-85.38712339606457
3455,-111.40543984381357,-94.54996046761612,-147.43986887067663,-85.31545119115958
3456,-113.79736721247268,-100.1584074464415,-146.46990619582107,-85.4551594190197
3457,-241.34102012263736,-90.44230893109311,-147.29446955505858,-85.56449048221465
3458,-106.51545787951625,-92.90667766397203,-147.03809739652627,-85.6404836217148
3459,-98.78732282830894,-93.83273105953484,-146.44792430126472,-85.7808848138173
3460,-134.95765847762243,-106.27226782911656,-146.76930852138094,-85.74391581212721
3461,-135.56928443478154,-112.98133753600143,-146.2783364025278,-86.08811813033643
3462,-117.6229381640465,-66.42910123804144,-145.70327778593204,-86.09376112102888
3463,-112.34828981151816,-60.92943088418687,-145.37189385108974,-86.10388955821287
3464,-155.01667319795624,-58.867539980917115,-145.50517932653446,-85.86030570989085
3465,-139.9558000750594,-96.15770069450909,-145.86628634314565,-85.8539179621157
3466,-131.84620417576338,-116.14027334690508,-145.40903490460536,-86.07335434618501
3467,-163.52909421859312,-70.68913611924808,-145.83864286425498,-85.69250418836796
3468,-151.79756645850304,-75.32479300500259,-145.55142253196536,-85.47113383960964
3469,-156.17603133722747,-63.22123430597595,-145.8535219499232,-85.29850700389201
3470,-252.32059600069323,-97.56317594574243,-145.7772461956895,-85.39839881192968
3471,-112.2436397673325,-87.416772960361,-145.21738173517957,-85.6372654872573
3472,-151.57221901487213,-103.40351611064595,-145.28770062189614,-85.86221846890354
3473,-158.0623464890142,-62.295509529159645,-145.77229626729752,-85.58856643341095
3474,-171.32785747656047,-58.60829373668811,-146.1755456308812,-85.24332447336965
3475,-160.17574514707243,-62.173047605209014,-145.91458119924022,-84.87338383167346
3476,-130.91186097171845,-71.4131243158446,-146.08343826744527,-84.93420680741053
3477,-108.76579894441603,-111.62559649152826,-145.4219845847517,-85.03250713710852
3478,-142.0290820630073,-64.38928630450458,-145.54260288606724,-84.8299946082053
3479,-175.5707111905502,-94.2155240770907,-145.4829557815112,-84.7584703463526
3480,-112.5686555581893,-85.98691766775521,-145.3241993229856,-84.72747349490231
3481,-124.99082097332017,-60.769732037893974,-145.16726792909046,-84.39458627485375
3482,-192.19828586761645,-90.31120694449604,-145.78097355074854,-84.48224175201194
3483,-186.54824524773687,-71.10716451616165,-146.30384334748982,-84.23541729009304
3484,-136.93451467548329,-98.32516993975794,-145.09249904795848,-84.19648239096499
3485,-124.43889469194802,-80.74528503967039,-143.9075875928186,-84.04546812332241
3486,-127.98196799312325,-100.34227676672384,-143.77527376782768,-83.97782097814415
3487,-115.1372542101423,-144.26024485907894,-142.7303382385261,-84.73374109097828
3488,-172.90490561212755,-79.4329640735463,-142.60531279640935,-84.80586280434666
3489,-125.49368020016172,-85.73014990185816,-142.31331837775872,-84.77873003642634
3490,-106.58523134240134,-81.42361645694317,-142.17826355558535,-84.5624493961803
3491,-120.98899752685323,-85.42961192100506,-142.08538866076628,-84.47323652792467
3492,-126.11100838714344,-110.58906270377658,-142.09152374784935,-84.67572112679947
3493,-144.4182668694348,-110.7372968386325,-141.52135265167345,-85.18058996395298
3494,-169.4033428524821,-90.38820892571317,-141.7602094998094,-85.4023129879956
3495,-137.0502811039919,-78.68838358181819,-141.94470672460253,-85.42980586386953
3496,-114.1247916201632,-78.75310939502863,-141.21868635309207,-85.5526221884608
3497,-135.28026641479767,-63.496362506850346,-141.11586289680474,-85.49051840910491
3498,-191.18339216847306,-93.06778619784822,-141.74472666914582,-85.72748723813085
3499,-133.05145740027925,-72.24311361225254,-141.5079874273625,-85.70695147556097
3500,-173.93003787356955,-87.25316378604658,-142.24551206293958,-85.66678118812528
3501,-99.95624442687655,-89.6235637922118,-141.30773991032027,-85.94782417480008
3502,-96.11899744549108,-74.97305277443273,-141.23053557651744,-85.72549374989228
3503,-114.35481484809422,-68.62939242730015,-141.34839386404707,-85.33156947195339
3504,-159.61399838365966,-65.39374816217733,-140.78545371837154,-85.3148707075724
3505,-134.8367422140663,-89.23714865556607,-141.05996202286505,-85.39481413086439
3506,-82.01263876437775,-97.5448957756455,-140.59040609250727,-85.30402852381174
3507,-159.98435369411396,-75.71417565608374,-139.90131782770405,-85.46162980464399
3508,-83.35748859712882,-98.44212567541332,-138.9526549048315,-85.82979987724725
3509,-230.87103275407222,-94.90999794347319,-140.27776772553256,-85.66736818356078
3510,-114.47349277364519,-99.62853697458323,-139.15036235257045,-85.92348097765752
3511,-175.64448688198496,-67.65927625195648,-139.40609541786463,-85.9147488385799
3512,-131.5231910196888,-90.73499060553601,-139.9881036366695,-85.7030713180551
3513,-115.25729946351917,-66.58065810576664,-140.06562814914594,-85.42525937493467
3514,-143.1948074943419,-62.706817873104114,-140.2510294045823,-84.93946982090523
3515,-173.13390374799874,-109.17179083161173,-140.76453321432413,-84.96778466144372
3516,-117.47606223588849,-66.15960477433272,-140.78879089207155,-84.82703961405477
3517,-163.52997693967404,-73.97941599063051,-140.53581764039544,-84.63497669265382
3518,-177.33023727432442,-107.81511672824445,-141.11464890374052,-85.01053492497283
3519,-118.61365622330483,-78.00387234149514,-141.2315374107829,-84.7459357577837
3520,-131.58455324780337,-103.95171175331295,-140.7529842943752,-84.94385207797708
3521,-125.31928062839438,-61.99736240199508,-140.66769474847044,-84.91007540580968
3522,-211.88589366994196,-95.79258204223825,-141.92259083446982,-84.87281393847434
3523,-128.08756963149906,-105.42755724232123,-141.85450423978486,-85.28605050044384
3524,-127.25775172809611,-87.84777464852834,-141.5823495627892,-85.15360827279821
3525,-92.6493700135983,-91.3638295641548,-141.53972252741343,-85.0521600027333
3526,-143.78660215830647,-69.9306270585946,-141.23100586215946,-85.06443634457786
3527,-155.7446393189,-87.8458787642082,-140.9216898965912,-85.21102487359586
3528,-174.11318309826376,-96.29866589270105,-141.23935509992677,-85.34480308082858
3529,-124.43573815523614,-76.50497469459474,-141.1095412717698,-85.39398401328515
3530,-205.98706360517477,-73.17516395910266,-141.4580380441527,-85.1222681276706
3531,-196.76061241625175,-92.51394341698148,-141.6898204389886,-85.42681599159702
3532,-115.36065501295383,-77.91874719504767,-141.04391517340332,-85.53847417395033
3533,-181.5121758428996,-63.3136870943238,-141.47025579968144,-85.23739451738166
3534,-108.02955745007147,-107.25478349237301,-141.307826725005,-85.22967366032809
3535,-154.02232648480944,-84.18353401678868,-141.52523854569762,-85.47294636763687
3536,-151.2959407543178,-58.495276486688724,-141.94393193236158,-85.1946994262095
3537,-122.42002773294361,-69.83848631387224,-141.38178415567327,-84.81966402240678
3538,-114.0708320054205,-110.16202864715521,-140.83171295482984,-85.17671283763201
3539,-153.57351188978728,-56.070680892972554,-141.28213902782502,-85.04854576375486
3540,-122.75848540717602,-83.04296831862965,-141.21725351475476,-85.02077652702523
3541,-162.91839639926818,-74.0124882886769,-141.7701872998007,-85.0742236367827
3542,-147.99838662676544,-89.4996405212059,-141.5642634781886,-85.35100961787057
3543,-108.11793361854001,-64.1288616870744,-141.49428276736919,-85.3698123836226
3544,-161.74585994000316,-105.34438464684581,-141.12792714725362,-85.44984831131647
3545,-123.78769902689142,-63.67228424963115,-141.31175557185432,-85.08482867236803
3546,-146.60722376256544,-72.5730049418561,-141.52106480901801,-84.72262301573795
3547,-134.85790910754454,-106.5470615151346,-141.48336705956896,-84.72095801926078
3548,-168.4991513109302,-96.5194641970882,-141.79522958531837,-85.04738991046418
3549,-75.84110097644779,-112.3556993421245,-141.50246510030692,-85.26447565237434
3550,-130.7615140597502,-91.96579915379436,-141.8360716375646,-85.4381994096599
3551,-127.83122500045269,-112.75362341252296,-141.54494281596783,-85.47207640512165
3552,-172.56254755573164,-76.3035162663204,-141.5208649168389,-85.24439379817612
3553,-134.997160485081,-89.26539077664042,-141.74924680146418,-85.23466103648258
3554,-155.6463673305276,-60.65098980038858,-141.8908197452709,-85.06518229293648
3555,-159.0905651266646,-67.7800854157212,-142.3676709980994,-84.79748354241752
3556,-151.57636081954942,-103.56634437076767,-142.7454609341702,-84.8315629116608
3557,-138.64688654022882,-62.95684149588566,-141.71851959834612,-84.55670823730871
3558,-138.10583208296032,-88.05825570952355,-142.03442334038056,-84.50822401776423
3559,-108.90945806990706,-103.55495550788562,-142.13564469279655,-84.60544626224774
3560,-182.04244172872376,-91.13818186730717,-142.60649252530754,-84.45410540262965
3561,-147.5835393481042,-95.58109696101995,-142.7266350744408,-84.28010299687985
3562,-129.95033775697442,-66.16275862554292,-142.84990907037005,-84.27743957075486
3563,-216.30430592055944,-93.48152671766951,-143.88946923146045,-84.60296052908967
3564,-151.8120118091911,-91.84671851825784,-143.8574226175728,-84.93275231446307
3565,-195.27243441337413,-104.32281649255464,-144.41058896095595,-85.01440347244355
3566,-108.34839753719926,-103.48602808286469,-144.1756108945703,-84.88786101980314
3567,-197.0673898730151,-101.4919614076779,-144.51099385111453,-85.19588927268744
3568,-105.98425805976261,-64.8837764016457,-144.05286076712716,-85.09147910665386
3569,-114.17127165779539,-75.97693687701327,-143.6328131703328,-85.21903613236424
3570,-128.49539270738418,-65.17561701909189,-142.39456113739973,-84.89516054309773
3571,-111.48945228823976,-84.67711242579023,-142.3870192626088,-84.86776393775203
3572,-164.32460552625346,-65.15643137482711,-142.5145431277226,-84.48529309039382
3573,-112.1475743193487,-70.9523908571832,-142.05539540602592,-84.57186190367408
3574,-107.52595387894326,-77.57350065580168,-141.41737637004977,-84.7615139728652
3575,-190.7338904235363,-61.001886151598285,-141.7229578228144,-84.7498023583291
3576,-120.42214328388951,-71.7507176351527,-141.6180606459361,-84.7531782915222
3577,-151.1180810184066,-107.46545002303341,-142.04158346667606,-84.71157682683724
3578,-158.09281389926645,-66.66589366399977,-142.20222078503866,-84.7343429004322
3579,-110.96088232705465,-86.9172422713119,-141.5561224964037,-84.66136008237442
3580,-117.46289881038136,-102.64885773226453,-141.60506492892563,-84.8279794830195
3581,-132.45161975471575,-87.98332991634116,-141.67967291673958,-85.10011546180397
3582,-157.59429222744947,-55.33324480878076,-141.33363298033788,-84.7503358404468
3583,-106.13338523356828,-98.97807479740715,-140.5294843801962,-85.02904494325925
3584,-108.41795149042845,-110.5026923451165,-140.24431874834565,-85.15082016731283
3585,-162.203794607487,-64.64646936643348,-140.62196774750103,-84.98983201058046
3586,-106.6403771681787,-112.55588822670873,-140.4085518392516,-85.11196812518031
3587,-199.2221999435803,-77.3696926062878,-141.249401296586,-84.44306260265242
3588,-84.5843395314426,-96.77613270892398,-140.36619563577912,-84.6164942890062
3589,-197.57279318555945,-91.41085045582017,-141.08698676563313,-84.67330129454581
3590,-106.8212366279325,-81.8847352350515,-141.0893468184884,-84.67791248232689
3591,-168.13285613822595,-77.36120446515773,-141.56078540460211,-84.59722840776841
3592,-133.36529019594815,-72.19699866389774,-141.63332822269018,-84.21330776736963
3593,-141.95809677942708,-82.64057349830117,-141.6087265217901,-83.93234053396631
3594,-211.79104715224508,-76.44493030220376,-142.03260356478776,-83.7929077477312
3595,-135.84735627005227,-96.06705250557854,-142.02057431644835,-83.96669443696882
3596,-98.81887565213398,-98.38768632727518,-141.86751515676804,-84.1630402062913
3597,-169.43933395359915,-61.186603186261145,-142.20910583215604,-84.13994261308541
3598,-129.47241027886872,-98.97292499254974,-141.59199601325997,-84.19899400103243
3599,-198.76024902770297,-66.1925839006817,-142.24908392953424,-84.13848870391672
3600,-148.36010187434422,-66.72742246390183,-141.993384569542,-83.93323129069528
3601,-178.7310972001026,-104.59485534953285,-142.78113309727425,-84.08294420626846
3602,-114.0001821399013,-76.72865950539045,-142.95994494421836,-84.10050027357804
3603,-113.82072544939737,-58.694744868002786,-142.95460405023138,-84.00115379798507
3604,-179.32014623737587,-78.98528998274571,-143.15166552876858,-84.13706921619074
3605,-167.54200564947462,-82.8756635336109,-143.47871816312264,-84.07345436497118
3606,-140.27312801493844,-103.25608691425523,-144.06132305562826,-84.13056627635729
3607,-117.05541851001796,-74.39446857608743,-143.6320337037873,-84.11736920555735
3608,-188.3993500116889,-94.9482646631104,-144.6824523179329,-84.08243059543433
3609,-105.82239258290319,-99.63582905501782,-143.4319659162212,-84.12968890654977
3610,-157.10096725146283,-81.86929446445973,-143.85824066099937,-83.95209648144854
3611,-140.84892585280943,-88.11359877876623,-143.51028505070764,-84.15663970671663
3612,-119.86435566563152,-62.49436300327174,-143.39369669716706,-83.87423343069398
3613,-157.6043412998287,-77.59615702095817,-143.81716711553014,-83.9843884198459
3614,-122.72630102269187,-92.62333366965409,-143.61248205081367,-84.2835535778114
3615,-126.44346629530531,-76.65415637078942,-143.1455776762867,-83.95837723320318
3616,-141.30020332641453,-66.03876416139097,-143.38381908719197,-83.95716882707374
3617,-136.24637449776847,-71.5904806556818,-143.1109830627729,-83.93327947372426
3618,-174.2292934210121,-104.03083241449258,-143.07997362423978,-83.89543663058676
3619,-195.69098528969562,-89.23887227692994,-143.8507469149037,-84.0077866299411
3620,-119.44829985747167,-67.16434652229341,-143.72938438100041,-83.63991297763091
3621,-109.14285904123511,-82.1167656591333,-143.56762016512883,-83.84110701020228
3622,-209.75538228800318,-59.02694353287549,-143.54631505130942,-83.47345062510864
3623,-84.21621053302066,-110.10568811743421,-143.10760146032464,-83.52023193385978
3624,-122.46578509745021,-103.82532265527544,-143.05968179401816,-83.68000741392724
3625,-158.0778973918495,-59.112298613803766,-143.71396706780067,-83.35749210442374
3626,-276.57080367429194,-79.52825178092378,-145.04180908296053,-83.45346835164705
3627,-187.30367971776138,-106.75935199890917,-145.3573994869491,-83.64260308399405
3628,-150.5112717181225,-68.12774336000498,-145.1213803731477,-83.36089385866708
3629,-113.02714379066057,-75.21166988225389,-145.00729442950197,-83.34796081054367
3630,-177.07165227636213,-65.16503561991759,-144.71814031621383,-83.2678595271518
3631,-147.4721258014338,-80.65643197673884,-144.22525545006565,-83.14928441274938
3632,-163.2430798521627,-105.92139039198615,-144.70407969845775,-83.42931084471878
3633,-87.99470214029132,-108.44150057573967,-143.76890496143167,-83.88058897953294
3634,-123.0149956769432,-59.65553885491334,-143.9187593437004,-83.40459653315835
3635,-156.59558343904558,-94.06561862936071,-143.94449191324276,-83.50341737928407
3636,-97.26754692498156,-96.32325041832485,-143.4042079749494,-83.88169711860043
3637,-171.0011691470339,-80.58535921351952,-143.89001938909027,-83.9891658475969
3638,-122.74346124693011,-109.45060923022015,-143.97674568150538,-83.98205165342755
3639,-221.3244848844753,-98.4846659256279,-144.65425541145228,-84.4061915037541
3640,-262.0632645153686,-96.74234252783532,-146.04730320253418,-84.54318524584615
3641,-91.76682043093149,-82.12282926996366,-145.3357874428508,-84.62428865565903
3642,-145.9646912080372,-76.04030883459835,-145.31545048866352,-84.48969533879296
3643,-183.76034318186976,-91.6177782400356,-146.0718745842968,-84.76458450432257
3644,-153.29272248508877,-85.54745583650326,-145.98734320974768,-84.56661521621913
3645,-175.73281544150336,-67.51369015293645,-146.50679437389383,-84.60502927525219
3646,-118.44006543216081,-82.17706482277814,-146.2251227905898,-84.70106987406142
3647,-132.02315566000485,-82.71411254491665,-146.1967752561144,-84.46274038435924
3648,-156.98345769730378,-73.5186272202606,-146.08161831997813,-84.23273201459097
3649,-149.05878168176582,-96.89541204036962,-146.8137951270313,-84.07812914157341
3650,-139.02256153503075,-60.84837635107475,-146.8964056017841,-83.76695491354621
3651,-88.92753461601352,-111.05973217162727,-146.50736869793974,-83.75001600113725
3652,-191.9983683810627,-105.38959883986415,-146.70172690619302,-84.04087682687268
3653,-94.17853078283558,-108.70490077514198,-146.29354060917055,-84.23527192685769
3654,-167.29278357906105,-64.51910442900407,-146.41000477165588,-84.27395307314386
3655,-209.98048498058398,-86.12508749240438,-146.9189039701951,-84.45740309391068
3656,-151.67828091524245,-71.16581865203922,-146.91992317115202,-84.1333978367234
3657,-201.91483170850472,-77.08647449119516,-147.55260262283477,-84.2746941666765
3658,-159.311839914596,-108.21319265304575,-147.76466270115114,-84.47624353611171
3659,-172.61401369127123,-81.37997960874395,-148.40170825736476,-84.25449377712029
3660,-121.1585255867897,-100.35736331187891,-147.79286909594543,-84.346685591566
3661,-119.47943737609673,-108.4476140785181,-147.51182807622536,-84.475350762741
3662,-170.36651747324407,-76.81857110801845,-147.91598987338804,-84.58190888756576
3663,-116.83964442448783,-63.54144205496915,-146.92134325842736,-84.28250804093875
3664,-161.12210307435933,-74.19449464748021,-147.01444417107902,-84.10598580223099
3665,-96.61657162311523,-100.42119905554594,-146.02788554317644,-84.06696962786089
3666,-108.61338054889947,-68.89646948003951,-146.03053537329345,-83.72107404183264
3667,-159.52957615314583,-80.71586701518046,-145.65515723609474,-83.51331309790767
3668,-149.64906649288056,-61.62084126471422,-146.09180532042592,-83.48068374653835
3669,-87.05630796814447,-112.02527511079069,-145.8206556835294,-83.84116712887612
3670,-181.12637524369055,-98.03983475126188,-146.34696550889245,-84.16980930619783
3671,-84.86443212652529,-96.80482325982706,-146.0807153072753,-84.2910864145382
3672,-159.04402251771123,-83.78982676219245,-146.02790947718987,-84.47742036841186
3673,-178.84995113283938,-80.83847847526282,-146.6949332453248,-84.57628124459265
3674,-122.87329692247611,-96.92354480660705,-146.84840667576012,-84.7697816861007
3675,-141.97427824465927,-76.11195368859114,-146.36081055397133,-84.92088236147065
3676,-142.01778215082882,-63.099394000663295,-146.57676694264075,-84.83436912512575
3677,-86.39566091570349,-87.91051888552741,-145.92954274161374,-84.63881981375069
3678,-150.23168141611924,-95.13592531445305,-145.85093141678226,-84.92352013025523
3679,-145.2460449083742,-78.72003556376885,-146.1937830425954,-84.84154806317979
3680,-189.81388336879476,-80.02194032269504,-146.91729288817956,-84.6152788890841
3681,-148.19830642498988,-63.22560496516019,-147.0747597548823,-84.36770163957229
3682,-104.74456106057823,-97.91882365899522,-146.5462624432136,-84.79355742807442
3683,-160.04716680683634,-105.61994897887517,-147.0854002589463,-84.8599761698891
3684,-155.39747787574612,-79.93710481620795,-147.5551955227995,-84.55432029460002
3685,-144.96934669230706,-71.61875573839963,-147.3828510436477,-84.62404315831967
3686,-118.16917571432411,-84.54006384777266,-147.49813902910913,-84.3438849145303
3687,-134.266712600095,-110.13171601048641,-146.84858415567425,-84.67150514857231
3688,-144.9650425659951,-74.07274120710906,-147.45239118601978,-84.44447123355415
3689,-116.10606837592294,-66.03628461225341,-146.6377239379234,-84.19072557511849
3690,-154.45933645627795,-90.44922173596751,-147.11410493620687,-84.27637044012765
3691,-168.34703269432276,-96.0379039340921,-147.11624670176784,-84.46313743481699
3692,-95.8219249604836,-83.59636844109265,-146.7408130494132,-84.57713113258893
3693,-233.08165583465444,-69.79353472497615,-147.6520486399655,-84.4486607448557
3694,-189.94275214962462,-107.05470441268159,-147.43356568993931,-84.75475848596047
3695,-137.69984465580967,-90.85432541895828,-147.45209057379688,-84.70263121509426
3696,-143.33938981415463,-94.81898006442157,-147.8972957154171,-84.66694415246572
3697,-118.44049991587532,-108.70465972113207,-147.38730737503982,-85.14212471781443
3698,-116.24514380612744,-75.85293204430491,-147.25503471031243,-84.91092478833198
3699,-120.88852095572913,-67.41786049763174,-146.47631742959268,-84.92317755430149
3700,-147.73399556510034,-112.47090565535024,-146.47005636650022,-85.38061238621597
3701,-133.14432578976522,-72.82451784620267,-146.01418865239685,-85.06290901118267
3702,-125.36443789528468,-97.79002719471066,-146.12783120995067,-85.27352268807587
3703,-139.17091254189765,-92.0453643463443,-146.3813330808757,-85.6070288828593
3704,-153.74181460716414,-67.01951665717286,-146.1255497645736,-85.48737114960358
3705,-115.98661428053086,-101.31362516684021,-145.60999585088413,-85.67175076593585
3706,-114.245134868663,-74.88101357387576,-145.34971591942136,-85.38800003253205
3707,-156.05835481030863,-94.9609671845743,-145.73974528242428,-85.59366501861692
3708,-208.9414468383785,-91.82114056170431,-145.9451662506912,-85.56239377760286
3709,-168.6650191613616,-105.76525111737917,-146.57359251647577,-85.62368799822647
3710,-116.86873271275721,-97.61498737655883,-146.17127017108874,-85.78114492734747
3711,-133.39194985954836,-55.3322837468334,-146.09670041115612,-85.45333177702814
3712,-137.7375870429578,-65.80006526891967,-146.27543272492937,-85.48638879968462
3713,-167.89526361385478,-79.45399259479143,-146.37834194806965,-85.50496715542295
3714,-215.5291890644756,-75.73694063391837,-147.30637082848745,-85.33610322506559
3715,-165.79441803498815,-99.44673251777019,-147.69988034588428,-85.56402898653542
3716,-130.34234379584748,-91.18782070725628,-147.59030175057865,-85.81551955199406
3717,-105.96008662422787,-74.64609952843725,-147.28743887184325,-85.84607574072162
3718,-205.413902595492,-68.24237134398717,-147.59928496358805,-85.48819113001656
3719,-128.7589114335569,-97.06096646796922,-146.92996422502665,-85.56641207192695
3720,-109.94909349775418,-68.51607498073096,-146.83497216142945,-85.57992935651133
3721,-152.28912583315966,-62.458957238582734,-147.2664348293487,-85.38335127230583
3722,-111.53338319747968,-71.53011939657365,-146.28421483844346,-85.50838303094282
3723,-165.77269067029005,-85.41331437161588,-147.09977963981615,-85.26145929348463
3724,-163.67384874008874,-78.08198453383373,-147.51186027624252,-85.00402591227022
3725,-117.39057169859704,-91.23746779421751,-147.10498701931,-85.32527760407436
3726,-147.79091049073543,-106.71328547274098,-145.81718808747445,-85.59712794099251
3727,-129.26525187332564,-84.64869697749162,-145.2368038090301,-85.37602139077835
3728,-140.12069198422893,-72.25734837457688,-145.13289801169114,-85.41731744092404
3729,-124.78448654284476,-81.4014081042099,-145.25047143921302,-85.47921482314361
3730,-176.01458035610565,-84.5879459941082,-145.2399007200104,-85.67344392688553
3731,-156.63001184591008,-105.9215685810036,-145.33147958045518,-85.92609529292817
3732,-126.5929414624772,-114.74401514691466,-144.96497819655835,-86.01432154047745
3733,-131.00515694456163,-78.26677991467731,-145.39508274460107,-85.71257433386683
3734,-108.51039145282323,-78.24276238689137,-145.25003670235986,-85.8984465691866
3735,-159.05705936621106,-72.1076081715106,-145.2746514616315,-85.6788664646081
3736,-88.02689690748349,-62.4231327007117,-145.18224496145655,-85.339865287432
3737,-127.0797387259241,-99.77912049354401,-144.74303065724544,-85.53180290023224
3738,-162.5394832207846,-62.7244012748977,-145.140990876984,-85.06454082067901
3739,-131.65066591687346,-108.68654690963496,-144.24425268730798,-85.16655963051907
3740,-141.07572306180703,-79.20063041104041,-143.03437727277236,-84.99114250935112
3741,-168.5512033826087,-71.22063510705101,-143.8022211022891,-84.88212056772198
3742,-148.94353370152493,-98.06684621959114,-143.832009527224,-85.10238594157191
3743,-196.83665051792002,-81.88010559174992,-143.9627726005845,-85.00500921508906
3744,-133.38223099284548,-99.32479998327017,-143.76366768566206,-85.14278265655673
3745,-119.39199259538819,-84.96417759542435,-143.2002594572009,-85.3172875309816
3746,-164.38515965490168,-57.35326558431534,-143.65971039942832,-85.06904953859699
3747,-134.05920783390272,-83.88706508555536,-143.68007092116727,-85.08077906400337
3748,-88.9331164860663,-111.95898114812843,-142.9995675090549,-85.46518260328205
3749,-169.5525554779408,-109.56613998781555,-143.20450524701667,-85.59188988275652
3750,-139.35011239237315,-60.042407439529,-143.2077807555901,-85.58383019364106
3751,-128.63214369746905,-71.61274663242328,-143.60482684640468,-85.18936033824902
3752,-95.84104568709537,-62.06750031029052,-142.64325361946499,-84.75613935295328
3753,-114.59685588666191,-94.99930600797273,-142.84743687050326,-84.6190834052816
3754,-112.15194905805002,-101.51504735318045,-142.29602852529317,-84.98904283452335
3755,-115.3463588920974,-94.88753373027102,-141.3496872644083,-85.07666729690202
3756,-104.83294929135904,-69.35982999191425,-140.88123394816947,-85.05860741030078
3757,-141.08568878766556,-67.92974282883883,-140.27294251896106,-84.9670400936772
3758,-168.7491690215058,-107.06944454014354,-140.36731581003014,-84.95560261254818
3759,-130.8314771429994,-98.99613601406035,-139.94949044454742,-85.13176417660134
3760,-168.4703112256227,-79.28621834568126,-140.42260830093576,-84.92105272693937
3761,-114.59954837457121,-86.87390860426015,-140.37380941092047,-84.70531567219678
3762,-140.4440110809123,-54.15243946336331,-140.07458434699717,-84.47865435575022
3763,-128.84304499184213,-99.26844089173268,-140.19461835267072,-84.83592434411786
3764,-153.07077542909988,-98.81199089029927,-140.11410507621812,-85.08209930654606
3765,-132.91175203061348,-67.37711994473999,-140.4770568802931,-84.751658515438
3766,-158.90767934358098,-104.97520872740496,-140.97999986823993,-85.11244590791165
3767,-150.78143485444915,-101.08644742453536,-140.89251845525297,-85.3161517120052
3768,-94.57490633049919,-59.57317096785049,-140.34177685362917,-85.29567500903656
3769,-115.14716157331615,-64.66235838561727,-140.62268538968084,-84.82204584178481
3770,-97.86995594229637,-76.86278518982864,-139.79012119666692,-84.61027534617048
3771,-106.37033245366584,-102.30652480232875,-140.0051801999383,-84.66529236159552
3772,-112.32789567142824,-75.9611743389918,-139.53801893147548,-84.5870058373635
3773,-145.2144716662557,-84.3001277131925,-139.20166413680965,-84.6216223297428
3774,-136.70791162147498,-65.58735599515666,-139.34001028379961,-84.30826044162829
3775,-207.0644115462042,-71.7549498152751,-139.99091161681508,-84.26469040289513
3776,-87.68484763418206,-110.72442799187148,-139.44758227164863,-84.74094074280723
3777,-186.44095133719142,-65.0659977137512,-140.4480351758635,-84.51249553108947
3778,-111.35024343414548,-79.37457044553763,-140.05922079604377,-84.35488198240031
3779,-105.57720301691555,-86.77173044774932,-139.6625323771292,-84.43539893124012
3780,-147.55135887713124,-76.71582979605532,-139.23990713221258,-84.4023378259737
3781,-177.4565555176168,-111.03710586954342,-139.53248962313884,-84.88045283501755
3782,-144.11805749512988,-96.93204338978065,-139.92622458748434,-84.8705850323254
3783,-162.55688200573192,-77.58692776072861,-139.9513217394733,-84.59025482014394
3784,-141.74670191715558,-97.37739211365422,-139.8148139798874,-84.7646576931184
3785,-161.92151964193658,-62.720810509856825,-139.98433570938366,-84.67567824083298
3786,-162.91651794609194,-55.31059236581184,-140.43180913170136,-84.38338352601338
3787,-146.17957288260297,-63.32121485781103,-140.55093773452646,-83.91527851448662
3788,-150.19116872462183,-72.85951429832078,-140.6031989961127,-83.90314624539873
3789,-102.88991220879129,-67.48783907818772,-140.47103743444137,-83.91766179005806
3790,-153.0395899178215,-81.32391219034268,-140.4568399690568,-83.82640869460181
3791,-106.18003023979031,-110.19079950919821,-139.83516994451148,-83.96793765035288
3792,-162.97795295898163,-92.61256906310652,-140.5067302244965,-84.05809965657302
3793,-136.98044930421258,-112.40621910724097,-139.54571815919206,-84.48422650039566
3794,-134.2710246803394,-102.48154570307115,-138.9890008844992,-84.43849491329956
3795,-134.1186863561024,-76.55739894694172,-138.95318930150214,-84.2955256485794
3796,-193.89678799984424,-63.25603496427375,-139.45876328335902,-83.97989619757792
3797,-121.55323440775231,-75.58188828578218,-139.4898906282778,-83.64866848322441
3798,-205.46762879824723,-95.04092174916745,-140.38211547819898,-83.84054838027303
3799,-141.97820581681827,-69.65803890490845,-140.59301232680988,-83.8629501643458
3800,-132.97975722476758,-73.44505400803982,-140.44546994340655,-83.47269164787271
3801,-146.8047587227339,-64.81606805977076,-140.58207427273624,-83.39260715000839
3802,-105.86247327836546,-76.15657060460155,-140.38705462656705,-83.17627258410731
3803,-170.24045929825056,-94.90009638700509,-140.69775009413058,-83.20481990451391
3804,-154.59838159806569,-82.76544075383698,-140.7063157640396,-83.36227914548056
3805,-130.41493725437067,-67.65426404340485,-140.85059899377802,-83.0256855342462
3806,-111.6981924250935,-107.86960207646858,-140.82512956934232,-83.35557141927212
3807,-135.39607913783928,-62.0038292224631,-140.61850681261762,-83.02600003965102
3808,-141.48578423273617,-111.36836673286922,-139.9439501865612,-83.22147230136265
3809,-176.12011038465624,-77.35786726469165,-140.01850109879413,-82.93739846283577
3810,-140.57980941348694,-107.44780070533321,-140.25561186580143,-83.03572659612354
3811,-155.14816541009037,-75.98360374010397,-140.47317402130687,-83.24223979605624
3812,-191.8666113515549,-62.37638921354727,-141.0144642643928,-83.20800303550251
3813,-161.06776908098666,-61.51144741394447,-140.94618931906413,-83.02857758369404
3814,-174.6273342934677,-61.73821156304609,-140.53717077135406,-82.88859029298531
3815,-159.71490039648262,-65.09444273821562,-140.476375594969,-82.54506739518978
3816,-134.14611201380728,-69.82595409308325,-140.5144132771486,-82.33144872904805
3817,-144.6713330466686,-74.35742669530354,-140.901525741373,-82.3285620007167
3818,-204.40333869063318,-96.85386919104369,-140.89142010232442,-82.61467697918728
3819,-133.24958540640012,-103.9747498621373,-140.93632684205284,-82.68381481312895
3820,-139.6236908826119,-100.4274778023096,-141.23307281590144,-83.00292884134474
3821,-134.05420572150607,-79.89662215145546,-141.0507236147849,-83.17730549047347
3822,-143.4962946401871,-85.26215176270473,-141.370352729212,-83.31462581413477
3823,-131.11413681766203,-95.89336881621266,-141.02376719068567,-83.41942635858075
3824,-145.2482030300929,-103.57323519271485,-140.8395107335857,-83.67433886516956
3825,-136.6968757674393,-65.65915113905612,-141.03257377427414,-83.41855569861794
3826,-232.04549562128784,-80.19309909166756,-141.87511962557966,-83.1533538348072
3827,-144.41715921474008,-97.81634273558576,-142.02663869899382,-83.28503029238813
3828,-135.50729194241063,-89.3620984253536,-141.98050469857563,-83.4560777928959
3829,-112.1366903224233,-102.2886476439053,-141.85402673637145,-83.66495018829286
3830,-140.03227107307785,-102.14566302308344,-141.49420364354117,-83.8405273585826
3831,-119.08496723018992,-69.3208347309165,-141.118753197384,-83.47452002008174
3832,-137.68121809010813,-78.8272426418154,-141.2296359636603,-83.11535229503076
3833,-126.5574395261461,-69.3520966511112,-141.18515878947613,-83.0262054623951
3834,-128.4547415410117,-95.06313230692986,-141.384602290358,-83.19440916159549
3835,-231.20459604221992,-105.51455146785703,-142.10607765711808,-83.52847859455896
3836,-126.80719204684705,-64.0455643694426,-142.49388060851172,-83.54470291124626
3837,-140.30226361334655,-84.3063655203437,-142.62610585738594,-83.38997536151426
3838,-154.51101607624764,-83.7043894134044,-142.54582118594055,-83.59977524289931
3839,-120.87094568469576,-109.72853443348178,-142.43802398361876,-83.6101951181378
3840,-147.7052259101683,-97.34037155733772,-142.5043190121024,-83.79159252960078
3841,-193.12320722297147,-99.25787642066118,-142.75003905050602,-84.07196494273687
3842,-85.94722775442513,-60.183620061758205,-142.12007599103504,-83.69313268115854
3843,-146.06942215059323,-58.96810834535391,-141.6124037073618,-83.46401270869458
3844,-135.02611005946054,-67.48253759487554,-141.62884249802792,-83.14559008481064
3845,-184.4653923808003,-76.22649924318331,-142.27957649588205,-83.05821330128823
3846,-129.2823934273143,-78.13111905541709,-141.9285488336062,-83.26599183599924
3847,-113.08190537619437,-95.64229365987342,-141.71877580902907,-83.38354412174242
3848,-252.39055486923624,-93.49343135683158,-143.35335019286077,-83.19888862382946
3849,-150.45471110826975,-109.6292130611832,-143.16237174916407,-83.19951935456312
3850,-175.38415445301607,-151.78961392668003,-143.5227121697705,-84.11699141943461
3851,-149.74963942348865,-84.77085331805498,-143.73388712703073,-84.24857248629094
3852,-153.62548264017343,-98.2635948814187,-144.3117314965615,-84.61053343200223
3853,-180.37818845535176,-97.69898705161896,-144.96954482224842,-84.6375302424387
3854,-156.94822892703888,-65.74102413996559,-145.4175076209383,-84.27979001030656
3855,-160.08331763237993,-57.76786627338573,-145.86487720834108,-83.9085933357377
3856,-159.3672031278461,-84.10587657344456,-146.41021974670593,-84.056053801553
3857,-253.74745932281886,-64.92910983971986,-147.53683745205745,-84.02604747166181
3858,-154.3095313527101,-95.86225382597893,-147.3924410753695,-83.91397556452017
3859,-133.87305245526906,-64.96261882953971,-147.4228568284922,-83.57364039267495
3860,-162.0307507404793,-76.3076876853142,-147.35846122364077,-83.54385508607129
3861,-156.74114258736265,-98.53269738503568,-147.77987716576868,-83.66044297387906
3862,-115.14365860900791,-79.14741886701111,-147.52687364104966,-83.91039276791552
3863,-111.93163466123568,-109.70025681852898,-147.3577595377436,-84.01471092718349
3864,-134.78021741974052,-108.99122776350734,-147.17485395765001,-84.11650329591556
3865,-136.5882533432329,-102.05482774783677,-147.21161897077621,-84.46328037394652
3866,-88.46956462955919,-94.28932853239205,-146.507237823636,-84.3564215719964
3867,-172.3515148530273,-104.8731168955828,-146.7229386236218,-84.39428826670687
3868,-97.9361348339995,-96.93931007896317,-146.7565509086568,-84.767949657818
3869,-191.40717068261552,-85.44045777110014,-147.5191509997498,-84.97573065167282
3870,-168.47874236380912,-106.27449865556906,-148.2252388639649,-85.26984778633022
3871,-135.8601897905656,-66.84282624217116,-148.5201374373339,-84.91521080072866
3872,-182.6948759046398,-93.67483322454763,-149.22380723966597,-85.09234738958422
3873,-134.45773311262545,-59.353074611446935,-149.11623985412967,-84.84287685856675
3874,-203.1086201535944,-88.25439952445736,-149.78024693945088,-85.06954729385977
3875,-112.33688848245795,-109.51376820818645,-148.8329717088134,-85.44713547778889
3876,-172.12827214883728,-89.6464402987911,-149.67740595395998,-85.23635560085809
3877,-197.30202504583627,-74.1208360690751,-149.78601669104646,-85.32690398441133
3878,-193.1256825418825,-106.10523282632556,-150.60377108212379,-85.5942106082192
3879,-159.13151345740354,-107.61720080706945,-151.1393141865287,-85.8026653118124
3880,-136.95860520033278,-95.68393826172934,-151.03338664976073,-85.99234639646913
3881,-167.12558717397525,-66.65301336122513,-150.9300769663243,-85.54850547138595
3882,-127.67965587985728,-57.507811846131034,-150.7656929501716,-85.15426315594947
3883,-130.36906680319885,-91.3844971351487,-150.44381479814624,-85.29223884969365
3884,-153.31114231906983,-86.31612770125355,-150.55945920216536,-85.18162620556964
3885,-84.05436090337186,-60.984578328761565,-149.78078761477968,-85.16426388375868
3886,-141.33312858948184,-75.134625917032,-149.5649537212136,-85.36250421927089
3887,-118.11449614735103,-99.91735039346656,-149.2843029538611,-85.72846557462745
3888,-174.9879162413642,-80.0238447661902,-149.53227042902853,-85.80010887930615
3889,-138.37828818642734,-73.54612364035046,-149.88715418880489,-85.86069172492778
3890,-126.18031887796592,-85.65182818224493,-149.6185614784063,-85.9039708848468
3891,-160.28373622400113,-73.82538469703955,-150.15959853824842,-85.5403167367252
3892,-117.5866984925239,-82.93283693600016,-149.70568599358387,-85.44351941545415
3893,-91.41137852328822,-86.52827787822217,-149.24999528577462,-85.18474000316395
3894,-193.71014048466301,-65.24297005941555,-149.84438644381785,-84.8123542467274
3895,-161.22410820549024,-109.52488121602484,-150.11544066231173,-85.14202906941821
3896,-167.4815642961708,-88.30349057838984,-149.851288425275,-85.39250362555939
3897,-110.79603166532382,-100.34174118996943,-149.7437163978507,-85.64010215460127
3898,-154.0490363681237,-97.69293648806487,-149.2295304735495,-85.66662230199024
3899,-148.4230686163317,-94.06628390873192,-149.29397910154464,-85.91070475202848
3900,-119.90942473467892,-103.74795335773425,-149.16327577664373,-86.21373374552542
3901,-186.90575745958768,-71.42020626062882,-149.56428576401225,-86.27977512753401
3902,-171.75163834628293,-71.04793303628743,-150.2231774146914,-86.22868875185087
3903,-181.84374498137683,-105.80983873574878,-150.33921027152266,-86.33778617533831
3904,-97.22402391445502,-110.13452357807823,-149.76546669468658,-86.61147700358072
3905,-170.14900422876227,-90.84422874213128,-150.16280736443048,-86.84337665056798
3906,-220.19468608543696,-95.06073097252717,-151.24777230103396,-86.71528793952857
3907,-149.47231649919414,-87.81768360627026,-151.3885346746475,-86.97342648336662
3908,-154.7132138746882,-82.220857314792,-151.52080897106703,-86.68195138918585
3909,-147.1017221357126,-103.86198489523781,-151.2306250885776,-86.94699256549133
3910,-113.5546556078215,-105.09703722888277,-150.96037355052093,-86.92348493072683
3911,-166.70374573306245,-67.91871398462308,-151.0759293537507,-86.84283603317202
3912,-152.39842813742652,-59.240415270326864,-150.68124752160938,-86.81147629373982
3913,-170.61710396960916,-121.46773397960418,-150.77674087049562,-87.4110391593964
3914,-170.20940836434096,-108.61676240313284,-150.7325616112043,-87.87982466779727
3915,-161.09342113126695,-76.86094709613394,-150.74634681855215,-87.99748971137645
3916,-82.13188725321093,-107.86164343175065,-150.2262045709462,-88.37784660476314
3917,-97.95070022599171,-95.58238154880023,-149.7589982427394,-88.5900961532981
3918,-140.58635882972746,-83.42142627967127,-149.12082844413035,-88.45577172418437
3919,-150.05416183581372,-83.52769013131211,-149.2888742084245,-88.25130112687613
3920,-141.46460539123856,-97.61232783065948,-149.30728335351077,-88.22314962715961
3921,-126.5483005896156,-76.708398049959,-149.23222430219187,-88.19126738614465
3922,-273.553646485579,-82.51584376949631,-150.53279782064578,-88.16380430621257
3923,-122.39352318502212,-64.83279837660824,-150.44559168431937,-87.85319860181653
3924,-106.36080080247606,-66.24898128473154,-150.05671766204324,-87.47995606273669
3925,-108.81803264329872,-90.46260245615399,-149.77792923080185,-87.72799057590767
3926,-136.95620003217084,-97.3443988009823,-148.82703627491065,-87.89950357300081
3927,-108.25827197344769,-65.59331381779165,-148.46544740249774,-87.57727328382286
3928,-130.78884320558973,-93.43601802017538,-148.41826291512953,-87.61801247977108
3929,-121.36235444143796,-59.70168629426589,-148.51051955631968,-87.19214286627468
3930,-110.24221834708354,-98.45120775137106,-148.21261902905974,-87.15519831355756
3931,-126.53103180973132,-95.26017703513993,-148.28707967485514,-87.41459173659979
3932,-107.84439281736826,-81.56636455745777,-147.98871142212772,-87.44198295575622
3933,-147.59084950639,-64.90975172178221,-148.19904552193015,-87.39755950646293
3934,-120.57758640631909,-106.94807786529243,-148.12027397058318,-87.51640896204657
3935,-173.2541527476972,-73.69513773367342,-147.54076953763797,-87.19821482470475
3936,-154.04205197198416,-105.6233572719633,-147.81311813688936,-87.61399275372996
3937,-158.89095734123956,-88.63075584475594,-147.9990050741683,-87.65723665697406
3938,-139.9193484769718,-94.05475050188919,-147.85308839817554,-87.7607402678589
3939,-176.39964025621725,-88.947642948268,-148.40837534389078,-87.55293135300678
3940,-194.32524536833026,-86.72029705563394,-148.8745755384724,-87.44673060798972
3941,-161.11913189486273,-82.40367232266334,-148.55453478519132,-87.27818856700975
3942,-172.1526231883096,-81.369237416694,-149.41658873953017,-87.4900447405591
3943,-147.32117205807478,-84.65277483423418,-149.42910623860496,-87.7468914054479
3944,-149.01347572206396,-100.32761864046384,-149.568979895231,-88.07534221590379
3945,-114.7274951129002,-79.70342448035555,-148.87160092255198,-88.11011146827552
3946,-112.13778379134273,-104.9811268816345,-148.70015482619226,-88.3786115465377
3947,-139.89071513002406,-104.39268652996469,-148.96824292373057,-88.46611547523861
3948,-139.9479926586625,-76.78212987699496,-147.84381730162482,-88.29900246044024
3949,-192.06933186396867,-79.75570880447881,-148.25996350918183,-88.00026741787319
3950,-97.52409191567344,-81.47366305261772,-147.4813628838084,-87.29710790913258
3951,-102.81842648217842,-111.41316629236438,-147.0120507543953,-87.56353103887565
3952,-134.10741040716243,-60.19737360543523,-146.8168700320652,-87.18286882611584
3953,-119.2606954849992,-94.885389242254,-146.20569510236166,-87.15473284802218
3954,-148.58601952019313,-71.63226757820024,-146.1220730082932,-87.21364528240451
3955,-114.10488381003465,-106.14971314140504,-145.66228867006976,-87.69746375108471
3956,-179.60119075288793,-83.8511532773241,-145.86462854632018,-87.6949165181235
3957,-149.77179805419175,-106.65227410752841,-144.82487193363391,-88.11214816080161
3958,-162.77083493839126,-59.63405858329271,-144.90948496949073,-87.74986620837475
3959,-247.36342929283927,-56.37804860459125,-146.04438873786643,-87.66402050612527
3960,-136.84208209548564,-85.10201882075192,-145.7925020514165,-87.75196381747965
3961,-132.36059341876012,-101.22910721756156,-145.54869655973047,-87.7789279158049
3962,-118.1563747799514,-104.97493084764574,-145.5788237214399,-88.03720303561124
3963,-84.47078154817332,-108.84711182787025,-145.3042151903093,-88.02867158570466
3964,-155.13127565888868,-93.7346480722606,-145.50772577270075,-87.8761057887922
3965,-122.29330417255782,-104.61384763625796,-145.36477628099402,-87.90169598767642
3966,-136.42012398958911,-82.10475697116851,-145.8442818745943,-87.77985027206417
3967,-145.4684970724031,-77.46691131192705,-145.57545169678804,-87.50578821622761
3968,-193.84543592976857,-107.10892890538967,-146.53454470774574,-87.60748440449188
3969,-122.61280937437459,-107.46505676488852,-145.84660109466333,-87.82773039442975
3970,-141.76915405830144,-71.84806393058358,-145.57950521160825,-87.48346604717992
3971,-119.26917284145553,-103.30531642723906,-145.41359504211715,-87.84809094903059
3972,-114.7918416936873,-101.01215163475815,-144.73456470000764,-87.92146413313269
3973,-147.24810026303035,-85.19556493621434,-144.86246837151165,-88.17988903638035
3974,-164.33647954650917,-105.44431922084401,-144.47474696544083,-88.35178823334421
3975,-158.0510824455283,-64.83219295190982,-144.9318889050715,-87.90497248078144
3976,-153.23393034695857,-61.34678770089137,-144.74294548705274,-87.62197595480245
3977,-145.71900209119906,-90.86914237469728,-144.22711525750634,-87.78945901785868
3978,-110.52097242513456,-108.58180502632365,-143.4010681563389,-87.81422473985867
3979,-115.62529137794847,-103.29676912098319,-142.96600593554436,-87.77102042299781
3980,-172.12844877538654,-101.33803766696798,-143.3177043712949,-87.82756141705019
3981,-121.7739286485711,-85.80671379767237,-142.86418778604087,-88.01909842141465
3982,-85.63004093924333,-60.334326529343734,-142.44369163663475,-88.04736356824677
3983,-149.41215452868587,-86.18283742476584,-142.6341225138896,-87.99534697114295
3984,-117.72470953284846,-91.58597794120689,-142.27825818602736,-88.04804547354249
3985,-174.86113197405427,-74.92655005760186,-143.1863258967342,-88.18746519083089
3986,-122.9340219567918,-73.77615653020734,-143.00233483040728,-88.17388049696265
3987,-156.77089674039098,-80.98284887618223,-143.38889883633772,-87.98453548178982
3988,-196.4949991752199,-60.967553135193285,-143.6039696656763,-87.79397256547985
3989,-171.95977507712166,-64.29837544881771,-143.93978453458323,-87.70149508356451
3990,-233.95782491090603,-65.57508718218057,-145.0175595949126,-87.50072767356386
3991,-98.41084129091296,-110.92882352559796,-144.3988306455817,-87.87176206184944
3992,-171.48596739028497,-67.63876963228927,-144.9378233345593,-87.71882138881233
3993,-142.47865642499553,-60.677211359299484,-145.44849611357637,-87.46031072362311
3994,-125.32503981758134,-90.96354319523114,-144.7646451069056,-87.71751645498125
3995,-107.35199168649234,-62.98743154974277,-144.2259239417156,-87.25214195831845
3996,-200.78739684779694,-72.27948896085915,-144.55898226723184,-87.09190194214314
3997,-133.04067098605447,-101.54152296343113,-144.78142866043916,-87.10389975987776
3998,-130.4868086543653,-91.06546765809644,-144.54580638330157,-87.03762507157808
3999,-141.01856793877926,-83.55544602662108,-144.47176137652602,-86.93251669275696
4000,-116.35640713771986,-104.43416399869147,-144.43623120055645,-86.93937879916652
4001,-136.75637089663243,-72.21092840609579,-143.9347373349269,-86.94728602062119
4002,-136.05084780420506,-65.76686238076192,-143.57772942950612,-86.89447531406594
4003,-145.6174880447323,-95.93068354069905,-143.21546686013968,-86.79568376211544
4004,-75.69564300317656,-110.46858742729391,-143.0001830510269,-86.79902440060762
4005,-149.62020777420838,-66.87993366928079,-142.79489508648138,-86.55938144987911
4006,-179.86979262235513,-66.27761933363257,-142.39164615185058,-86.27155033349017
4007,-160.121894852746,-62.73853891628353,-142.49814193538606,-86.0207588865903
4008,-127.5195587094609,-96.43632594017166,-142.22620538373377,-86.1629135728441
4009,-163.78601445577945,-90.62526888247291,-142.39304830693445,-86.03054641271646
4010,-107.26403686360216,-98.23409777075803,-142.33014211949225,-85.96191701813521
4011,-121.22836696743347,-94.53549362904114,-141.87538833183598,-86.22808481457939
4012,-169.007916742806,-70.41252517049297,-142.04148321788975,-86.33980591358103
4013,-141.55451467588497,-112.4830094295582,-141.7508573249525,-86.24995866808055
4014,-152.2604795468226,-90.84793182380707,-141.5713680367773,-86.07227036228728
4015,-251.9165488201691,-66.39396278291845,-142.47959931366637,-85.96760051915513
4016,-107.13390608424544,-61.13235378449857,-142.7296195019767,-85.50030762268263
4017,-154.15764730614438,-62.63592799684022,-143.29168897277822,-85.17084308716304
4018,-109.63162079515054,-60.06548504048755,-142.98214159243244,-84.93728367477121
4019,-182.17686179160424,-64.11403738618216,-143.30336859199036,-84.7431471473199
4020,-103.77724002778399,-104.02953022069957,-142.92649493835583,-84.80731917122031
4021,-108.93765110377497,-76.35498962879056,-142.75038844349743,-84.80378508700863
4022,-98.8788387585677,-90.27726453307776,-141.00364036622733,-84.88139929464444
4023,-160.27701433752756,-78.8430937421423,-141.38247527775238,-85.02150224829978
4024,-100.99043794627947,-103.98740673196352,-141.3287716491904,-85.3988865027721
4025,-194.3119816526785,-78.29798738862547,-142.18371113928418,-85.2772403520968
4026,-248.88594925546326,-108.24370475593088,-143.3030086315171,-85.38623341164629
4027,-130.54474603028262,-99.38476161514502,-143.52587337208547,-85.72414788961983
4028,-137.69711222917047,-90.67492987281122,-143.59495606232127,-85.6965370081462
4029,-128.1093775255328,-62.38837240342721,-143.6624262931622,-85.72340386923781
4030,-105.24223675485504,-101.09240422017008,-143.61242647723992,-85.7498158339258
4031,-134.58027541737926,-99.21267506999514,-143.69291891331642,-85.78934081427434
4032,-153.02418767708113,-66.76590309059975,-144.14471686191357,-85.64133619960576
4033,-203.0465025837837,-95.40356111076316,-144.6992733926875,-85.94627429349558
4034,-106.48415916614313,-98.76160729877276,-144.55833912028572,-85.86440958783038
4035,-145.20187638421092,-65.64389881070083,-144.27781635665087,-85.78389719860066
4036,-169.78535257468752,-100.82899148150567,-144.4352493626779,-85.73595354069609
4037,-185.65086964432265,-58.800660545160206,-144.70284848570873,-85.43765258770011
4038,-120.3705756378433,-65.03766827480312,-144.50736075731746,-85.14748176542925
4039,-106.97797984470915,-61.37659882572659,-143.81314415320236,-84.87177132420383
4040,-101.87155712775396,-101.77916313606886,-142.8886072707966,-85.0223599850082
4041,-200.65505408680417,-62.45080003349298,-143.283966492716,-84.8228312621165
4042,-104.04675734977675,-108.61798017982024,-142.60290783433067,-85.09531868974774
4043,-174.70454871666618,-84.01792813131473,-142.8767416009166,-85.08897022271856
4044,-135.52095004298877,-88.31038810367781,-142.74181634412585,-84.96879791735067
4045,-146.38213383575697,-101.31116671438176,-143.05836273135444,-85.18487533969093
4046,-143.6567744409401,-81.65248903172012,-143.37355263785037,-84.9515889611918
4047,-140.39304397403896,-93.2320536103401,-143.3785759262905,-84.83998263199557
4048,-134.5447360355688,-96.72607272057672,-143.32454336005955,-85.03942206043139
4049,-151.6547072310044,-73.47236485546638,-142.92039711372988,-84.97658862094127
4050,-110.29902667049944,-125.54354611285898,-143.04814646127818,-85.41728745154369
4051,-82.79106862678984,-105.72532367735357,-142.84787288272432,-85.36040902539357
4052,-131.5350420950473,-112.55015643500646,-142.82214919960316,-85.88393685368926
4053,-142.48562018994377,-105.81317010721355,-143.05439844665264,-85.99321466233887
4054,-127.42915253543845,-81.34479310385285,-142.84282977680508,-86.0903399175954
4055,-143.66578503612018,-76.64327484725125,-143.13843878906593,-85.79527553465385
4056,-135.1557237210713,-97.75228931115868,-142.69398411874778,-85.93428689499221
4057,-138.72574498428918,-100.05290606722939,-142.58352358804876,-85.86829321458922
4058,-123.22060329846776,-136.44679607861872,-142.18802127164952,-86.63642058954247
4059,-138.57903489246618,-68.75920951848589,-141.1001773276458,-86.76023219868141
4060,-126.1681925942951,-77.91125225196384,-140.99343843263387,-86.68832453299355
4061,-151.75922353989944,-103.67147044337122,-141.18742473384526,-86.71274816525164
4062,-176.76968667323789,-78.27265551916179,-141.77355785277814,-86.44572541196679
4063,-162.03858619100419,-90.6749205606795,-142.54923589920645,-86.26400349929489
4064,-125.4359735907322,-70.22138316681583,-142.25228287852488,-86.02887085024045
4065,-187.74627456568626,-69.65463167343734,-142.90681258245613,-85.67927869061225
4066,-147.03420459021606,-77.46267600984805,-143.01295338846242,-85.63285788099905
4067,-163.5485331763457,-101.30261434120199,-143.19375374950184,-85.8712149112918
4068,-90.40668711067997,-95.33049441353585,-142.15936626131096,-85.75343056637324
4069,-159.29110451647153,-66.31031852885178,-142.52614921273192,-85.34188318401289
4070,-111.61410255747549,-90.79805583731888,-142.22459869772368,-85.53138310308022
4071,-129.4447007671493,-64.67741512508492,-142.32635397698064,-85.14510409005868
4072,-190.02595969494365,-93.46463635871274,-143.0786951569932,-85.06962893729825
4073,-140.23341569289968,-61.54378449482449,-143.0085483112919,-84.83311113288435
4074,-129.29010810501285,-79.3226341530135,-142.6580845968769,-84.57189428220605
4075,-314.11591535546444,-57.58146826691966,-144.21873292597627,-84.49938703535612
4076,-149.60115036564832,-63.84219147366838,-144.18240512616316,-84.52434107308389
4077,-145.58452767834737,-75.88102934842658,-144.18106038203464,-84.37445994282118
4078,-132.66887045892744,-91.48187207684899,-144.40253936237258,-84.20346061332644
4079,-150.81927050116943,-92.94953568410827,-144.7544791536048,-84.09998827895771
4080,-283.5060362426052,-95.76284914666647,-145.86825502827696,-84.04423639375469
4081,-113.63070505364907,-64.77851789390613,-145.78682279232774,-83.83395443471703
4082,-126.30538830976715,-103.59779908565336,-146.19357626603298,-84.26658916028012
4083,-140.6573172921079,-113.18081293414792,-146.1060278936672,-84.53656891537395
4084,-145.95905055766673,-98.73326690032573,-146.3883713039154,-84.60804180496513
4085,-107.95671723358787,-101.91939974137118,-145.71932715651073,-84.87797030180282
4086,-101.32636014091537,-79.23502044202132,-145.50325053835198,-84.93255894092094
4087,-130.3508759163584,-78.69684313211528,-145.23905033011167,-84.90969888348027
4088,-157.94264747092728,-57.26505582630212,-144.8535268130687,-84.87267391039138
4089,-178.72237725474113,-67.52251138155657,-144.9211528348449,-84.90491526971878
4090,-125.72389845107502,-71.62274776173558,-143.8388135702466,-84.96539187551431
4091,-97.85729786233456,-89.93093919105317,-143.8332781359608,-84.75541303216887
4092,-165.7242874227269,-100.09005721955164,-143.77566133628522,-85.0799259080415
4093,-143.54000700388423,-86.74842178897988,-143.78627484207414,-85.3406380123383
4094,-136.42265581571536,-72.16129416725133,-143.89725100205544,-85.15261552205851
4095,-158.42107017922606,-67.01490991479986,-144.40794178698283,-85.19289030570907
4096,-185.0714385318153,-81.21294914076705,-144.250782203823,-85.28222490750815
4097,-128.80757483661782,-95.1002859702545,-144.20845124232864,-85.21781253757639
4098,-134.80701067199223,-110.33508790269764,-144.25165326250487,-85.4105087400224
4099,-161.46016854768615,-99.20046859368814,-144.45606926859392,-85.56695896569306
4100,-144.21997993137305,-90.10905849004703,-144.73470499653044,-85.42370791060662
4101,-204.78899394995227,-97.04834001043571,-145.41503122706365,-85.67208202665002
4102,-127.7137237229122,-86.83725819656107,-145.33165998625074,-85.88278598480801
4103,-130.11900675562802,-64.99110668723557,-145.1766751733597,-85.57339021627338
4104,-122.48188820506566,-105.18305206019129,-145.64453762537863,-85.52053486260233
4105,-151.12385162707676,-70.53760627727114,-145.65957406390731,-85.55711158868225
4106,-162.26371689835307,-101.83198552091928,-145.4835133066673,-85.91265525055512
4107,-169.55478279737366,-95.12476576991173,-145.57784218611357,-86.23651751909141
4108,-122.22731987251913,-108.20479168653952,-145.52491979774413,-86.35420217655509
4109,-142.71280610413746,-87.68042326420326,-145.31418771422773,-86.32475372037239
4110,-210.1185059480644,-84.7062612683342,-146.34273240507235,-86.18947535534814
4111,-119.55497335355818,-85.81917755330197,-146.3259984689336,-86.10231219459074
4112,-175.38613064578544,-82.42068710233288,-146.3897806079634,-86.22239381390915
4113,-132.01931756842959,-76.26954170904048,-146.2944286368888,-85.86025913670397
4114,-133.58187486587389,-104.13221688280231,-146.1076425900793,-85.99310198729393
4115,-139.5642957783916,-76.55413124490865,-144.98412005966154,-86.09470367191382
4116,-123.82276663581511,-74.45136456191742,-145.15100866517724,-86.22789377968802
4117,-193.9990897307775,-64.4513930572918,-145.54942308942358,-86.24604843029252
4118,-163.00392757427312,-98.72921741702395,-146.0831461572148,-86.63268575405789
4119,-105.65693267693855,-110.70971053690118,-145.31794686606816,-87.09864248556508
4120,-69.07121879413356,-111.24037096156083,-144.97088665373164,-87.17075089297369
4121,-314.2505947717204,-109.89207460338191,-147.0240160904111,-87.5061217427196
4122,-155.38440371169662,-86.76619808268782,-147.5890717399424,-87.47101107821571
4123,-178.3988341376654,-60.20818222021347,-147.77028993794374,-87.28466196299642
4124,-152.41103882509452,-68.63658652594275,-148.28449594673188,-86.93115376093623
4125,-114.42288892620942,-68.54950368933008,-147.48560501946716,-86.83366892394328
4126,-118.78312007327646,-70.28187128704315,-146.18457672764535,-86.45405058925438
4127,-111.19132740456368,-109.40166381735676,-145.99104254138817,-86.55421961127651
4128,-89.83370095671289,-111.65260924195054,-145.51240842866358,-86.76399640496788
4129,-105.44553793420975,-67.04960379255925,-145.28577003275035,-86.81060871885921
4130,-147.38602134212329,-88.83485752532012,-145.70720787862302,-86.68803325191072
4131,-117.55397378585891,-59.191799164927886,-145.53694486230785,-86.28782449286005
4132,-141.5762724190241,-65.49053322586276,-145.4224657097273,-86.27507079421267
4133,-193.39097761055234,-78.39561758699215,-145.325910459995,-86.10499135897497
4134,-159.9218686687632,-65.98026610059262,-145.8602875550212,-85.77717794699316
4135,-172.77421988740872,-99.3417191822196,-146.13601099005317,-86.11415615070834
4136,-165.3186788484345,-62.1440926774104,-146.0913442527906,-85.72730716266739
4137,-129.62402411988054,-79.59815207741744,-145.53107579754615,-85.93528207798997
4138,-113.45991414497773,-105.75533245267596,-145.46196918261748,-86.3424587197687
4139,-208.35788213788786,-73.70221197774995,-146.47576820554926,-86.46571485128894
4140,-162.36731294587304,-68.87530818353156,-147.08072576373047,-86.13667630176357
4141,-107.72218845415443,-107.88959018604879,-146.151397107404,-86.59106420328912
4142,-138.05045865878054,-70.11008122957406,-146.49143412049403,-86.20598521378665
4143,-132.30122547327306,-70.3639187695386,-146.06740088806012,-86.0694451201689
4144,-173.27936094442552,-58.773716900369244,-146.44498499707453,-85.7740784081358
4145,-122.10294346035263,-108.2067763223408,-146.2021930933205,-85.8430345042154
4146,-77.36584257266128,-112.30094863727201,-145.53928377463768,-86.14951910027092
4147,-109.40180639572715,-91.158552070955,-145.22937139885457,-86.12878408487707
4148,-153.41055545900556,-88.45332453050649,-145.41802959308887,-86.04605660297638
4149,-99.393664185148,-63.01991542986964,-144.89541916263033,-85.94153210872041
4150,-189.45171757912422,-112.01291510750652,-145.68694607171656,-85.80622579866687
4151,-155.23328987436932,-97.26627890540126,-146.41136828419235,-85.72163535094734
4152,-227.4597877181622,-96.92762140019475,-147.37061574042355,-85.56541000059924
4153,-123.0383649231161,-78.41733627423221,-147.17614318775523,-85.29145166226942
4154,-134.4248313349367,-107.5405065956621,-147.2460999757502,-85.55340879718752
4155,-98.49020633854708,-94.315373804221,-146.79434418877452,-85.7301297867572
4156,-94.13378434545164,-92.75226467049315,-146.3841247950183,-85.68012954035055
4157,-159.56010177046323,-101.93490900854769,-146.59246836288006,-85.69894956976374
4158,-112.32525429314177,-94.36853341322025,-146.4835148728268,-85.27816694310975
4159,-135.42941759122712,-100.06625056760036,-146.4520186998144,-85.5912373536009
4160,-100.70794632893522,-80.29023131778636,-146.19741623716078,-85.61502714425913
4161,-118.7704265257249,-67.25348952325864,-145.86752826701905,-85.250847335058
4162,-128.91719041630347,-77.44445170837207,-145.3890033044497,-85.2425652969501
4163,-164.01901695179555,-68.13671318324346,-145.40880761205761,-85.01718322317575
4164,-153.95765571371402,-108.78017844545258,-145.69402443328744,-85.40277117596212
4165,-200.75631211541318,-90.65769031764546,-145.8241248087847,-85.61280176240419
4166,-112.73832473303577,-93.27857783497718,-145.4811660102129,-85.77096078065547
4167,-103.4171085561464,-110.55961666841895,-144.8798517640109,-85.86353080392766
4168,-87.98881828232915,-107.91022799691788,-144.8556730757274,-85.98932813976147
4169,-128.88040933497626,-85.02763860861515,-144.55156612391244,-86.1765013405591
4170,-120.79264021466835,-86.14101288212754,-144.6433515004844,-86.12993091100718
4171,-143.75739531668071,-87.15345793089708,-144.7864784459797,-86.35469133906531
4172,-85.04291645837473,-59.17231645732504,-143.736648013614,-86.01176814005143
4173,-155.27918282325163,-60.971787036819364,-143.88710568491754,-86.00604816547138
4174,-140.26036615158026,-81.2010234352707,-143.9968082653832,-86.02483205829397
4175,-188.53643853005167,-93.80901517204614,-142.74101349712907,-86.38710752734524
4176,-150.60528818965594,-72.63662059334153,-142.75105487536914,-86.47505181854196
4177,-161.51134688690877,-58.868799506073515,-142.91032306745473,-86.30492952011842
4178,-182.17767525356814,-88.65355008394931,-143.40541111540114,-86.27664630018943
4179,-124.07951653111708,-98.80664430238292,-143.13801357570063,-86.33521738637216
4180,-98.10838170800592,-104.89019038178472,-141.28403703035463,-86.42649079872336
4181,-145.04171745228382,-94.11839391102997,-141.59814715434098,-86.7198895588946
4182,-137.76827624645856,-86.55736048915664,-141.7127760337079,-86.54948517292962
4183,-151.03361049662772,-106.74888508244463,-141.8165389657531,-86.48516589441259
4184,-89.03462701574442,-113.02591571459108,-141.24729473033386,-86.62809238255524
4185,-131.8167232521622,-73.59618686992843,-141.4858947905196,-86.3448602538408
4186,-168.79781807727838,-88.8425850168682,-142.16060936988325,-86.44093589958928
4187,-126.91020704946496,-95.09603301251401,-142.1262026812143,-86.60492779839326
4188,-263.69190993418056,-92.60855087331137,-143.18369530584684,-86.95836274886335
4189,-209.52816564514805,-101.51637849995592,-143.49175318975094,-87.29830142004735
4190,-97.09250487556531,-112.16964499548894,-143.20543925399585,-87.7037703923849
4191,-124.3141337971813,-65.29045943639191,-143.4700076133443,-87.45736559483828
4192,-109.10923226593168,-104.08865474988502,-142.90385706177634,-87.49735157014162
4193,-164.93764939194384,-93.91227248787514,-143.11783348565694,-87.56899007713058
4194,-86.2228716214205,-119.42901687769202,-142.615835643714,-88.04166730423498
4195,-109.55767758449154,-80.28443442144363,-142.12720171776664,-88.17436254930142
4196,-125.77114926327496,-78.71758880624816,-141.53419882508123,-88.14940894595622
4197,-157.76806551868538,-98.67992229261225,-141.82380373190193,-88.18520530917979
4198,-133.52797111306356,-103.2533652514567,-141.8110133363126,-88.11438808266739
4199,-130.60495295419082,-87.63757939482736,-141.50246118037768,-87.99875919067878
4200,-151.22500302675354,-73.68505429187849,-141.57251141133148,-87.83451914869711
4201,-127.28292762526212,-85.1779481012264,-140.79745074808454,-87.71581522960501
4202,-209.69914842886897,-58.84345965671361,-141.6173049951441,-87.43587724420654
4203,-105.8993598499836,-95.77131724371132,-141.37510852608764,-87.74367934977128
4204,-209.28440822517035,-80.86247906751382,-142.24313372628873,-87.5004736198445
4205,-134.92311263112708,-101.90585484467879,-142.08112633632925,-87.81415610551859
4206,-95.83133002748694,-112.06678827861329,-141.4168024676206,-87.91650413309553
4207,-271.24791372562356,-66.27415757107691,-142.4337337769031,-87.62799805110718
4208,-87.43073520693237,-110.93688737957511,-142.08576793024724,-87.65531900803754
4209,-142.03946516315432,-62.017768489114246,-142.0790345208374,-87.39869246028665
4210,-138.80740395289968,-80.11203931906752,-141.36592350088574,-87.35275024079398
4211,-134.56461178863563,-83.20846092182887,-141.51601988523652,-87.32664307447924
4212,-130.4889778799774,-68.52303635338721,-141.06704835757844,-87.18766656698979
4213,-102.7342539728247,-71.07978176387492,-140.7741977216224,-87.13576896753814
4214,-150.29886027018566,-106.42417172713176,-140.9413675756655,-87.15868851598142
4215,-137.31381071997896,-93.63828332360747,-140.91886272508137,-87.32953003676842
4216,-114.15656575937338,-102.02626530275903,-140.82220071631696,-87.60527904417684
4217,-139.19509533579662,-71.88438890717319,-140.27416077236717,-87.67960900267566
4218,-119.10772320652097,-72.21112877737724,-139.83519872868962,-87.4144281162792
4219,-201.17087757074822,-70.56346403466611,-140.79033817762772,-87.01296565125683
4220,-119.7681654740577,-67.84500437193158,-141.29730764442695,-86.57901198536054
4221,-105.77298443287846,-56.58887341141968,-139.21253154103852,-86.04597997344091
4222,-175.1944470193758,-99.81946720633415,-139.41063197411535,-86.17651266467736
4223,-112.43709029321933,-110.95755407472319,-138.75101453567086,-86.68400638322245
4224,-151.23473992432622,-101.63097303957969,-138.73925154666318,-87.01395024835884
4225,-134.38507566607788,-76.42209580836376,-138.93887341406187,-87.0926761695492
4226,-71.80981983706471,-111.71874578074538,-138.46914041169975,-87.50704491448623
4227,-155.29954971092852,-68.80393120098951,-138.91022263476344,-87.10106758832255
4228,-156.64480602182147,-89.74952610725296,-139.57833368541452,-86.88203675697557
4229,-132.60031312957128,-97.08253345606916,-139.84988143736814,-87.18236605361066
4230,-81.43339845847082,-100.24958835677695,-139.19035520853163,-87.29651336192522
4231,-241.3230851518346,-80.57313348818823,-140.42804632219136,-87.51032670515784
4232,-78.95171150181909,-109.63504787735407,-139.8018007130193,-87.95177185167276
4233,-142.96895650599834,-95.84745047732059,-139.29758050197375,-88.12629018057605
4234,-115.96579116047312,-77.02264828674512,-138.85801972689086,-88.23671400243757
4235,-159.85947591398033,-64.06312192557347,-138.72887228715658,-87.8839280298711
4236,-167.2476280914947,-104.70801063107419,-138.7481617795872,-88.30956720940775
4237,-154.72409607066248,-110.474289753975,-138.999162499095,-88.61832858617332
4238,-103.69161796406314,-86.05927281367178,-138.90147953728587,-88.42136798978328
4239,-119.32297664161794,-58.89026876026044,-138.01113048232315,-88.27324855760837
4240,-139.37302043463026,-69.3114673449216,-137.78118755721073,-88.27761014922226
4241,-81.92527803045363,-68.31228567279638,-137.5232184529737,-87.88183710408974
4242,-171.36566010328002,-83.85005128764682,-137.8563704674187,-88.01923680467047
4243,-145.31516788239267,-78.54273491147285,-137.9865098915099,-88.10102496608981
4244,-131.97784173698736,-68.85213430678192,-137.5734946994355,-88.20180914015394
4245,-92.00415892245637,-96.65764196819181,-137.27250685405656,-88.08631779661243
4246,-176.5857892241266,-73.24434807361246,-138.2647063205712,-87.69575179097585
4247,-103.73025149241475,-78.13910465545828,-138.20799077153805,-87.5655573168209
4248,-109.87694863972368,-71.88486787915672,-137.77265470334524,-87.39987275030741
4249,-177.83581577602368,-76.95123483870638,-138.55707621925401,-87.53918594439578
4250,-173.78969964935126,-66.13118116944344,-138.40045603995628,-87.08036860501515
4251,-83.6832947776773,-92.99895044424241,-137.68495608898937,-87.03769532040354
4252,-107.86673934896388,-95.76713652654206,-136.48902560529737,-87.026090471667
4253,-245.33556510198136,-70.26095247951964,-137.71199760708603,-86.94452663371987
4254,-132.33037399220575,-80.1925068446693,-137.69105303365876,-86.67104663620995
4255,-111.08817429197326,-106.08714666992338,-137.81703271319302,-86.78876436486699
4256,-149.45266411593357,-104.2556352784202,-138.37022151089784,-86.90379807094627
4257,-173.05690314326756,-64.68028890453213,-138.50518952462585,-86.53125186990611
4258,-194.53955031365652,-105.94687949505078,-139.32733248483098,-86.6470353307244
4259,-113.69107165304555,-84.71298365918162,-139.10994902544917,-86.4935026616402
4260,-209.39144039361085,-91.4776743298715,-140.19678396609595,-86.60537709176106
4261,-89.31640471259419,-94.12380493342775,-139.90224374796463,-86.87408024586276
4262,-201.70533356495855,-103.54257878947352,-140.6301251794512,-87.13506151667377
4263,-205.7368770003602,-88.5855405898511,-141.04730377993684,-87.33954979073987
4264,-138.74614101603265,-93.64941860596876,-140.89518863296001,-87.18824219234502
4265,-163.59722618496306,-83.51763552978493,-140.52359777365552,-87.11684164446642
4266,-93.09381387208053,-72.31168345693042,-140.327152665046,-86.90717270068595
4267,-78.89032315007803,-112.2385399923386,-140.08188481098531,-86.92396193392514
4268,-120.48360709637579,-73.34414391404962,-140.40683269912577,-86.57830109309646
4269,-192.84711681207858,-86.52824941475751,-141.04649977389676,-86.59330720115788
4270,-167.4257615724444,-56.890863273418915,-141.51283098747453,-86.30080570507079
4271,-147.71514369944225,-80.04431024758091,-141.55240847130216,-86.22971422823764
4272,-136.9930711265303,-59.731996619629605,-142.07191001798373,-86.23531102986068
4273,-128.37410641182367,-71.67949144432481,-141.80285925386946,-86.34238807393572
4274,-180.01139475124143,-54.78026504149021,-142.20036953986605,-86.07818048999792
4275,-138.23341554731672,-66.3424363116741,-141.69733931003867,-85.8035147013942
4276,-101.90897366326548,-58.98106270397599,-141.21037616477477,-85.66695912250054
4277,-122.62067484080278,-87.4217235670262,-140.82146944431372,-85.95248836311008
4278,-108.65072328367565,-96.88442973201613,-140.08619992461482,-86.03479715959074
4279,-166.367488300388,-75.11147483657167,-140.50907964230754,-85.79784546493262
4280,-149.0545949240884,-101.28041828641427,-141.0185417744684,-85.76174774397893
4281,-109.76580812727431,-95.74787103617066,-140.6657826812183,-85.77804251523034
4282,-154.67051410222675,-97.52870922587611,-140.834805059776,-85.88775600259754
4283,-134.91733701968195,-108.27730255662058,-140.67364232500648,-85.9030401773393
4284,-126.98379577175841,-77.56289457489908,-141.05313401256663,-85.5484099659424
4285,-96.33071286553015,-108.62214921900475,-140.69827390870026,-85.89866958943314
4286,-111.63993878446803,-63.23924121675579,-140.12669511577218,-85.64263615143201
4287,-137.54498076802605,-84.19092087979105,-140.23304285295782,-85.53358503010479
4288,-149.67122991132496,-91.04372099574923,-139.09283605272927,-85.51793673132917
4289,-123.4330366379832,-84.77722696749045,-138.23188476265761,-85.35054521600452
4290,-102.6754552577393,-81.08378831419165,-138.28771426647933,-85.03968664919154
4291,-132.48733785082143,-105.82861379257903,-138.36944630701572,-85.4450681927534
4292,-158.88825292657296,-62.61439432956111,-138.86723651362212,-85.03032558855017
4293,-131.06740824362447,-68.49007480882094,-138.52853410213893,-84.77610361175962
4294,-106.209316820624,-91.00650129325335,-138.728398554131,-84.49187845591524
4295,-162.30483761733578,-59.99395404644243,-139.25587015445944,-84.28897365216523
4296,-108.73257280708155,-70.15805805798263,-139.08548438989752,-84.20337834468258
4297,-156.09452884226974,-78.15736700344755,-139.06874902313336,-83.99815279179093
4298,-164.17434878503096,-91.41722568025675,-139.37521279985302,-83.87979139607891
4299,-157.66344479493534,-57.84220832303636,-139.64579771826047,-83.58183768536102
4300,-89.77393035702116,-106.52399845922136,-139.03128699156312,-83.91022712703445
4301,-155.98164224681332,-59.6921863962756,-139.31827413777864,-83.65536950998494
4302,-134.89689800901508,-109.56096864024124,-138.5702516335801,-84.16254459982021
4303,-120.53393897465227,-94.60491262251561,-138.71659742482677,-84.15088055360825
4304,-179.02520475358867,-70.11716289173464,-138.414005390111,-84.04342739185046
4305,-124.45455490947587,-83.26370624854151,-138.30931981289447,-83.85700590588908
4306,-124.16362933707912,-80.65301999034854,-138.59264280599038,-83.54286822300647
4307,-133.08136630133117,-103.63854791684686,-137.21097733174747,-83.91651212646416
4308,-116.76718495958005,-97.812570201081,-137.50434182927395,-83.78526895467921
4309,-195.74737209799497,-82.01171707142502,-138.04142089862233,-83.98520844050232
4310,-134.48346183690037,-60.522640954535305,-137.99818147746234,-83.78931445685699
4311,-145.4417351391477,-77.48433657334957,-138.10695271096745,-83.73207321337219
4312,-112.93045590358852,-109.20184303785082,-137.93136749120356,-84.13886128021682
4313,-159.52868802486265,-94.85997068576957,-138.499311831724,-84.37666316943576
4314,-107.68523774054643,-64.15189146924219,-138.07317560642755,-83.95394036685687
4315,-119.38433079473229,-95.1256072082629,-137.89388080717512,-83.96881360570342
4316,-121.42042866435837,-73.84718853590743,-137.96651943622498,-83.6870228380349
4317,-110.0404260086293,-87.16240749046734,-137.67497274295332,-83.83980302386786
4318,-202.19360776585248,-92.13903816117023,-138.5058315885466,-84.03908211770579
4319,-133.70541761065704,-99.5561075433902,-137.83117698894569,-84.32900855279303
4320,-90.8270326706164,-67.60304222930849,-137.54176566091127,-84.32658893136679
4321,-132.90923165532226,-84.47723045923541,-137.8131281331357,-84.60547250184494
4322,-132.86454293689195,-83.76131585492357,-137.38982909231086,-84.44489098833084
4323,-171.4635637549396,-62.41244502756683,-137.98009382692808,-83.95943989785927
4324,-163.32796889205255,-97.68894064850042,-138.10102611660534,-83.92001957394848
4325,-131.95963473987902,-68.48777059118987,-138.0767717073434,-83.84067632177675
4326,-139.45418935669295,-65.72532532797709,-138.75321540253967,-83.38074211724907
4327,-134.15253039565923,-80.48372659496789,-138.54174520938696,-83.49754007118884
4328,-105.71977280142487,-66.91918558127095,-138.03249487718298,-83.26923666592903
4329,-111.03784604682643,-111.98613107336466,-137.81687020635553,-83.41827264210198
4330,-128.6621322857517,-105.99087284370268,-138.28915754462835,-83.47568548697123
4331,-129.4747205703349,-99.32468296440618,-137.17067389881333,-83.66320098173341
4332,-228.1520261200473,-74.60254083323866,-138.66267704499563,-83.31287591129225
4333,-162.5050917193863,-61.602789687165114,-138.85803839712952,-82.97042930339072
4334,-109.33439032414731,-90.39997039937775,-138.79172438876626,-83.10420252451705
4335,-157.59737787526444,-69.36994359033982,-138.76910340837912,-83.15727074116471
4336,-202.97284539831057,-87.27601755937705,-139.12635558144726,-82.98295081044773
4337,-112.24932437946389,-106.12971174033959,-138.70160786453528,-82.93950503031137
4338,-125.54909495504197,-64.99091713626494,-138.92018263444507,-82.72882147353731
4339,-122.61278465946529,-90.27160373205325,-138.95308071462355,-83.04263482325523
4340,-190.7757309125527,-94.7604979179674,-139.46710781940277,-83.2971251289857
4341,-214.10724753627613,-91.19698997892053,-140.78892751446097,-83.52597217204692
4342,-142.89426570878024,-65.9706708795966,-140.504213570516,-83.34717836796642
4343,-94.36821620160042,-98.158221310733,-139.99474405370808,-83.54333323195902
4344,-150.69471700495717,-92.08416388862672,-140.1819128063878,-83.77565352777748
4345,-245.06519564129843,-110.29192045829978,-141.71252317357622,-83.91199631267858
4346,-146.41581847758408,-87.09845926757872,-141.41082346611077,-84.05053742461823
4347,-150.98129208499526,-76.6979721279497,-141.88333387203656,-84.03612609934315
4348,-169.2469815568121,-107.62742411721884,-142.47703420120746,-84.39355166172375
4349,-164.88784278037303,-73.32110249693989,-142.34755447125093,-84.35725033830609
4350,-168.9099657125084,-115.67437268996328,-142.29875713188252,-84.85268225351129
4351,-142.99625897606182,-82.07288759106584,-142.89188677386636,-84.74342162497953
4352,-149.78696807233845,-92.74109086916084,-143.31108906110012,-84.71316116840572
4353,-152.77724809375783,-108.24854517591633,-142.38550589101789,-85.0930370953697
4354,-112.00008846306412,-75.41995807000797,-142.18220303572645,-85.04531160762308
4355,-110.2091738038869,-108.25103964946113,-142.17341303084555,-85.06695053741845
4356,-154.16832856757196,-90.25732376205897,-142.22056967536196,-84.92696742225483
4357,-137.91437352685014,-75.38719753910198,-141.86914437919776,-85.03403650860052
4358,-195.4636762327947,-65.98619895783143,-141.87838563838915,-84.63442970322834
4359,-128.25551152065688,-85.88631143031468,-142.0240300370653,-84.64616298093968
4360,-164.60896910219492,-101.35218109225795,-141.57620532415112,-84.74490804856354
4361,-127.51603584026385,-87.4525310844365,-141.95820163542783,-84.67819531007362
4362,-171.28492699188038,-70.7563383474155,-141.65399756969705,-84.35033290565303
4363,-116.46447889929794,-106.33005386633525,-140.7612735886864,-84.52777803841789
4364,-159.88763503855745,-92.37916643333081,-140.97268852891165,-84.51507551669151
4365,-178.3850886914569,-84.83247962604258,-141.12056715397657,-84.52822395765408
4366,-125.39610859241922,-77.54591717147665,-141.44359010117998,-84.58056629479955
4367,-256.60215688464314,-88.15026567887126,-143.22070843852563,-84.33968355166488
4368,-98.20567525039696,-102.35661601676075,-142.99792912006583,-84.62980827269197
4369,-145.29657508810902,-110.47788436844844,-142.52242370282616,-84.86930462222888
4370,-118.41716902098993,-64.2606568350073,-142.03233777731157,-84.94300255784476
4371,-126.74896482313135,-93.35029398160886,-141.82267598854847,-85.07606239518506
4372,-280.40405979671516,-63.08440932811483,-143.2567858752503,-85.10958652226992
4373,-141.48660100029178,-84.27106920007469,-143.387910821135,-85.23550229982742
4374,-164.84388231165795,-106.88190440880462,-143.2362356967392,-85.75651869350057
4375,-311.9331065925503,-90.55714602007988,-144.97323260719153,-85.99866579058462
4376,-145.2787662788186,-91.63659399078826,-145.40693053334707,-86.32522110345273
4377,-142.63720468354913,-68.58114574409541,-145.60709583177453,-86.13681532522341
4378,-171.24623497405068,-82.89403542652568,-146.2330509486783,-85.9969113821685
4379,-122.02115084037516,-80.7229724270447,-145.78958757407815,-86.05302635807323
4380,-184.65564582824283,-81.06589650327074,-146.14559808311972,-85.8508811402418
4381,-164.55310086646196,-90.25613305141016,-146.69347101051162,-85.79596376039419
4382,-140.23324831820543,-73.72645756811598,-146.54909835267136,-85.5579412438166
4383,-158.8922362164397,-63.250939593461204,-146.78884734463892,-85.10767761418502
4384,-319.2171070007035,-75.15864212386275,-148.7111804569284,-85.08363508967466
4385,-200.38177465495122,-93.31527495653313,-149.75169107482262,-84.93056634704996
4386,-99.3736052554234,-111.55685153367294,-149.62902773953215,-85.41374245021912
4387,-84.02644052672524,-82.46469727446089,-149.09384233711913,-85.3964802141658
4388,-132.65881295754474,-75.05393970445478,-148.9237181675813,-85.23658240125286
4389,-178.45214440733776,-96.36629246899895,-149.47390924527488,-85.35247305626794
4390,-128.04501260078717,-83.12218187210738,-149.72760481870537,-85.3728569918471
4391,-119.17177552557887,-64.02447572636737,-149.59444919545294,-84.95481561118498
4392,-129.7619483777669,-102.09200860939414,-149.3031861499649,-85.3495917539833
4393,-254.24232053481683,-99.73141580338296,-150.53493527287682,-85.66200516392894
4394,-143.29956733791613,-78.16242466116645,-150.90583777804974,-85.53356439760807
4395,-271.5309486259191,-60.1360465054925,-151.9980988881356,-85.53498532219857
4396,-190.31576828345442,-99.33428852980354,-152.8139308428993,-85.82674762691678
4397,-111.08242658579873,-81.15716692936807,-152.36380982033458,-85.85674562617598
4398,-152.5462821803355,-94.61296916952229,-152.24752915428763,-85.88870306106863
4399,-115.6136555777357,-99.23234403481301,-151.82703126211564,-86.3026044181864
4400,-115.56831315739717,-77.72238144215994,-152.08497509011937,-86.01458824801578
4401,-190.33709951494626,-86.20608890848231,-152.42852966280068,-86.27972727313787
4402,-166.91635744467544,-66.58629893448958,-152.74872425715728,-85.84998057608034
4403,-156.0191316799536,-91.16945973856137,-153.1035761842103,-85.81562604724081
4404,-135.03270999123853,-107.09128870879488,-152.66365123658684,-86.1853673054114
4405,-107.61537555216954,-106.11893228236454,-152.49525944301374,-86.41391956574964
4406,-189.61575011969677,-82.08290077429906,-153.14978065083994,-86.42821837358915
4407,-153.77887621850223,-61.10844087333656,-153.35675575001164,-86.00291730315402
4408,-155.5795760764515,-170.92562474592597,-153.74487966118033,-86.73404784860249
4409,-99.79193529659499,-66.2814903668758,-152.78532529316635,-86.57674558155699
4410,-236.2195337610957,-108.1296316494583,-153.8026860124083,-87.05281548850623
4411,-95.44676004439496,-84.58162020509526,-153.30273626146075,-87.12378832482369
4412,-142.87406566020167,-71.8866985602049,-153.60217235902692,-86.75063688004721
4413,-161.40969055464043,-63.509853256259724,-153.62098238432472,-86.43713570575211
4414,-160.02423850873458,-86.03661234633172,-154.1443723920066,-86.65598291452301
4415,-173.14762581764612,-103.76882713979306,-154.68200534223573,-86.74241511383832
4416,-135.2027797203674,-92.5419578338104,-154.8198288527958,-86.92936280681734
4417,-213.20689336931207,-78.24243362102024,-155.85149352640263,-86.84016306812288
4418,-214.03469687104655,-109.71612490494633,-155.9699044174546,-87.01593393556062
4419,-199.01200457571147,-93.66659706385266,-156.62297028710515,-86.95703883076526
4420,-222.0950785678563,-104.39086185733169,-157.93565074607753,-87.32491702704547
4421,-138.8998546114861,-90.25153981466596,-157.99555697563918,-87.3826601205998
4422,-143.43673190919182,-69.40392391086112,-158.10127886536213,-87.23908620115915
4423,-132.42191513220112,-64.72494466170095,-157.71086237913474,-87.26221119750049
4424,-122.01173573858935,-93.35554348869915,-157.29770004760016,-87.21887722590249
4425,-111.26847981230418,-99.28665792151762,-157.0907884983244,-87.52686609920576
4426,-134.17954638156885,-111.36105278329393,-157.03804206857316,-87.98322337375893
4427,-194.60575983884326,-86.34055402557347,-157.642574363005,-88.041791648065
4428,-159.5736068322698,-77.58132326253522,-158.18111270331346,-88.14841302487764
4429,-131.16194120342763,-54.36754073177493,-158.38235365487947,-87.57222712146175
4430,-137.00597492843943,-103.77430458962078,-158.46579208130635,-87.55006143892092
4431,-130.53180757914373,-72.01001887309269,-158.4763629513944,-87.27691479800778
4432,-125.18602386220715,-109.4657395998014,-157.44670292881602,-87.62554678567341
4433,-128.5034855027038,-106.86296212039144,-157.1066868666492,-88.07814851000566
4434,-99.62860027541892,-107.26041160936407,-157.0096289661619,-88.24675292210553
4435,-97.39755745671316,-109.47944607295115,-156.40763076197638,-88.64784794693166
4436,-213.8341530632617,-73.13696057216525,-156.5162438386259,-88.50645737705955
4437,-187.00967963177038,-63.14257903686695,-157.26384739114897,-88.07658605002482
4438,-143.86240646050084,-94.66787143631913,-157.44698050620357,-88.37335559302537
4439,-144.28136133269984,-64.9358797310847,-157.66366627293593,-88.11999835301567
4440,-138.06040458932495,-85.23760242094947,-157.13651300970366,-88.02476939804549
4441,-169.07860598045843,-61.892416128651966,-156.68622659414547,-87.73172365954281
4442,-122.882103245739,-98.56251362111766,-156.48610496951508,-88.05764208695803
4443,-152.66377782336926,-69.38438158996627,-157.06906058573276,-87.76990368975035
4444,-163.4197337891239,-86.51534969886119,-157.1963107535744,-87.7142155478527
4445,-153.65262432279792,-59.27526084545983,-156.28218504038938,-87.20404895172432
4446,-109.44318489119016,-87.68874331436864,-155.91245870452545,-87.20995179219223
4447,-111.1347976162598,-68.60473992588565,-155.51399375983806,-87.12901947017157
4448,-125.76809295375348,-95.54301835264533,-155.0792048738075,-87.00817541252583
4449,-137.08351579919778,-105.66166097075461,-154.80116160399578,-87.33158099726398
4450,-150.1220495993786,-85.78292998087011,-154.61328244286446,-87.03266657017303
4451,-142.28130718790027,-97.95358414152487,-154.60613292498286,-87.19147353567763
4452,-130.64320149243272,-97.5622014024539,-154.41469525918382,-87.23968464101056
4453,-102.83863207013414,-108.73585806097522,-153.91530909894755,-87.24455776986113
4454,-202.7641168792844,-68.13485328273973,-154.82294938310977,-87.17170672198846
4455,-121.68153711128079,-65.29057372571496,-154.9376730161837,-86.742102062751
4456,-136.44472149744732,-84.49475604642862,-154.76043694548244,-86.68447638559469
4457,-155.19888485144972,-58.22706364176014,-154.93328205872845,-86.51287504662128
4458,-107.83663188989713,-108.51173478881502,-154.05701161529944,-86.93813040493112
4459,-184.24789838469044,-71.61994253928204,-154.61693548393978,-86.79546671602078
4460,-85.36181435834675,-97.0316390563658,-153.8244639365013,-86.75226129566185
4461,-165.896529231005,-57.662759913125264,-154.20826887040874,-86.45436358394873
4462,-170.0778516878881,-90.18045328868344,-154.19619811736882,-86.64860473336142
4463,-132.3050125824133,-94.9038430350412,-154.35460345419997,-86.5343426250485
4464,-91.37449497380075,-92.19051537949076,-153.6694720535524,-86.5324561145101
4465,-153.20096398565417,-68.16040217119767,-153.41763080649434,-86.36573533996165
4466,-121.04025392328798,-61.10216414158351,-153.37407225980303,-86.20129780966272
4467,-181.47297866121508,-73.1171463046311,-152.62278047756877,-86.05096661592032
4468,-103.63781362576934,-125.91599034073778,-152.6771018613225,-86.28656035916008
4469,-105.73933725717532,-100.91828316956136,-152.2815294830132,-86.1909643471712
4470,-168.60374037282858,-111.21266640228976,-152.7833951965316,-86.66048444284404
4471,-156.33419146012017,-82.37482032712022,-153.07924746290146,-86.55072970629915
4472,-95.14656128573174,-64.85866229601025,-151.2266724777916,-86.56847223597809
4473,-160.7543112442935,-84.79320914371421,-151.4193495802316,-86.5736936354145
4474,-116.09664689816266,-68.16074695427645,-150.93187722609665,-86.18648206086922
4475,-155.3702086820769,-107.78704379838213,-149.36624824699192,-86.35878103865224
4476,-139.40698553674332,-80.3666612825523,-149.3075304395712,-86.24608171156989
4477,-138.97277449161584,-66.89341738017944,-149.27088613765187,-86.22920442793072
4478,-121.97092154375356,-90.06996157745081,-148.7781330033489,-86.30096368943998
4479,-119.70173321021034,-57.48080478889443,-148.75493882704723,-86.06854201305848
4480,-190.0612274575631,-79.25792640440204,-148.8089946433404,-86.0504623120698
4481,-201.5538279214952,-102.81232819639392,-149.17900191389077,-86.17602426351964
4482,-126.95745857773548,-98.63775322733201,-149.04624401648604,-86.4251372201118
4483,-89.97690801683393,-113.27956414457867,-148.35709073449001,-86.92542346562294
4484,-162.28715734534836,-64.31162321172819,-146.7877912379365,-86.8169532765016
4485,-128.0678173702545,-83.72328852147952,-146.0646516650895,-86.72103341215106
4486,-116.046540667446,-81.39581083570533,-146.23138101920975,-86.41942300517138
4487,-150.78291239064012,-86.74546015200849,-146.89894573784886,-86.46223063394686
4488,-172.1965147743812,-58.268849713642524,-147.29432275601724,-86.29437973403874
4489,-133.11709810031599,-84.77947031366648,-146.84097229294701,-86.17851151248543
4490,-82.59949643896967,-108.70308835645613,-146.38651713132884,-86.43432057732893
4491,-111.31584817876039,-90.19652235667056,-146.30795785786066,-86.69604104363196
4492,-116.34565405314423,-70.78543096515436,-146.17379491461446,-86.38297526718955
4493,-127.37635022472138,-103.40759972770944,-144.9051352115135,-86.41973710643282
4494,-91.58755603087012,-109.67189437167268,-144.38801509844302,-86.73483180353787
4495,-99.21104995333864,-111.09439408053858,-142.66481611171722,-87.24441527928833
4496,-146.59453135683353,-101.15134398103788,-142.227603742451,-87.26258583380067
4497,-139.52333216688334,-118.9054790263279,-142.51201279826185,-87.64006895477027
4498,-85.27988887520506,-100.47195815626749,-141.83934886521055,-87.69865884463772
4499,-157.90523262986773,-102.83589283018364,-142.26226463573187,-87.73469433259143
4500,-94.8167830514465,-110.66856499539256,-142.05474933467235,-88.06415616812377
4501,-103.62759926577435,-94.95450152532834,-141.18765433218067,-88.15164029429222
4502,-185.2624016395449,-80.94221048086973,-141.37111477412935,-88.29519940975604
4503,-85.58018555403541,-69.85151087978794,-140.66672531287017,-88.0820199211683
4504,-285.34210230883025,-57.669444965993776,-142.16981923604607,-87.58780148374028
4505,-169.59755845644878,-70.76028516216358,-142.78964106508886,-87.23421501253827
4506,-106.70718084677122,-102.86103302792928,-141.9605553723596,-87.44199633507455
4507,-123.76125745009766,-60.72221677053642,-141.66037918467558,-87.43813409404655
4508,-247.69269894709169,-67.49765121296925,-142.58151041338195,-86.40385435871698
4509,-107.96766056338497,-70.80923169742275,-142.66326766604982,-86.44913177202247
4510,-158.77161355721992,-72.39553170102457,-141.88878846401107,-86.09179077253813
4511,-127.3056303274722,-103.1967933021248,-142.20737716684184,-86.27794250350844
4512,-246.7250865691386,-56.53284672518761,-143.24588737593123,-86.12440398515827
4513,-124.17468820596139,-59.39460308069894,-142.87353735244446,-86.08325148340265
4514,-184.57109075006656,-95.58735158821086,-143.11900587485778,-86.17875887582143
4515,-123.45434975767913,-106.24433801096465,-142.62207311425806,-86.20351398453315
4516,-128.73792781979128,-88.1539785454818,-142.5574245952523,-86.15963419164986
4517,-172.35723495029515,-95.789209012794,-142.14892801106214,-86.3351019455676
4518,-143.40366671095293,-73.16979416647155,-141.4426177094612,-85.96963863818286
4519,-71.29984832112729,-79.9280286145153,-140.16549614691533,-85.83225295368949
4520,-137.31687914532236,-96.56150658206187,-139.31771415269003,-85.75395940093678
4521,-139.54257480103027,-94.92405657790727,-139.32414135458546,-85.8006845685692
4522,-111.8845540467725,-87.74384646675774,-139.0086195759613,-85.98408379412815
4523,-153.5366203291037,-87.78033213646174,-139.2197666279303,-86.21463766887578
4524,-109.65772989569939,-77.7516789876746,-139.09622656950143,-86.05859902386554
4525,-142.90952966109268,-108.05784373179003,-139.41263706798932,-86.14631088196825
4526,-128.4549907067434,-100.8984078238849,-139.35539151124107,-86.04168443237417
4527,-108.46634911865772,-72.41794586530537,-138.49399740403922,-85.90245835077148
4528,-135.53557404631843,-105.99772464340707,-138.2536170761797,-86.1866223645802
4529,-93.5308638424208,-113.52663560044009,-137.8773063025696,-86.77821331326686
4530,-136.39756953807012,-105.93551926016436,-137.8712222486659,-86.79982545997228
4531,-143.6464514240694,-105.08386222873995,-138.00236868711517,-87.13056389352876
4532,-247.70620724032347,-78.1819644529856,-139.22757052089634,-86.81772614206061
4533,-157.84882227347467,-76.4801684226828,-139.52102388860405,-86.5138982050835
4534,-110.31301988283205,-78.67538317279232,-139.62786808467817,-86.2280479207178
4535,-130.1372110172346,-89.37378796638902,-139.9552646202834,-86.02699133965218
4536,-103.37110474895212,-108.41830019249745,-138.8506341371403,-86.37980473585549
4537,-97.81412117327382,-90.18228197282266,-137.95867855255537,-86.65020176521504
4538,-155.64994006216912,-94.77912079934217,-138.07655388857205,-86.65131425884526
4539,-147.92197340011498,-96.00830019085872,-138.1129600092462,-86.96203846344301
4540,-177.90884311619288,-87.84277953736859,-138.5114443945149,-86.9880902346072
4541,-192.59447207149358,-87.02797679878401,-138.74660305542523,-87.23944584130852
4542,-119.65278962379399,-90.96433199572976,-138.71430991920576,-87.16346402505465
4543,-155.47016516400754,-64.06856089135368,-138.74237379261214,-87.11030581806854
4544,-114.05728461818174,-80.50712856356132,-138.24874930090272,-87.05022360671553
4545,-87.1991844186865,-72.03991959795016,-137.58421490186157,-87.17787019424044
4546,-157.2939392070435,-101.08594512274485,-138.0627224450201,-87.3118422123242
4547,-104.3629648472328,-59.42205341708663,-137.9950041173298,-87.22001534723621
4548,-134.81791692235052,-99.62196231600605,-138.08550235701577,-87.26080478686981
4549,-121.19825865520599,-61.409403757852616,-137.9266497855759,-86.8182822147408
4550,-109.49994985020601,-84.50935634721166,-137.5204287880842,-86.80554647840422
4551,-100.28507501242944,-97.72974892908461,-137.1004664663295,-86.80330812627982
4552,-123.47654659192372,-96.17166325806937,-137.0287999173244,-86.78940274483597
4553,-173.14981729480903,-109.12788912778589,-137.73191176957113,-86.79332305550406
4554,-171.47504959195317,-110.24744282000766,-137.41902109669778,-87.21444895087674
4555,-164.9684311310068,-98.75401958142697,-137.85189003689507,-87.54908340943388
4556,-118.00373364900742,-75.76432459478403,-137.66748015841068,-87.46177909491743
4557,-178.59759007371682,-60.75073771519337,-137.90146721063334,-87.48701583565177
4558,-199.81773365943863,-61.9653552563186,-138.82127822832877,-87.02155204032681
4559,-97.60517112882117,-75.62121732048243,-137.95485095577007,-87.06156478813881
4560,-166.09874999014286,-92.80668046587358,-138.76222031208806,-87.0193152022339
4561,-146.7387500910831,-63.209307777301106,-138.57064252068884,-87.07478068087565
4562,-138.54585546252625,-95.71603975732341,-138.25532255843524,-87.13013654556204
4563,-84.0677457213567,-86.57307916690225,-137.77294988982464,-87.04682890688065
4564,-136.17219491019807,-99.14956201905959,-138.2209268891886,-87.11641937327632
4565,-137.84246271507337,-108.05543854533946,-138.0673418764828,-87.51536973701775
4566,-105.71649143157178,-65.85301140013397,-137.91410425156562,-87.56287820960326
4567,-169.392779518416,-58.34218180699134,-137.79330226013764,-87.41512856462684
4568,-140.4872506464767,-105.33665082140107,-138.1617966303447,-87.20933516943349
4569,-105.96353200980788,-84.53818524968668,-138.16403857787103,-87.04553419023475
4570,-176.82684432455474,-108.51779969991219,-138.2462696173883,-87.01858552321097
4571,-136.19846528557252,-82.71797340893575,-138.04491235564282,-87.02201705402912
4572,-99.02985564820682,-99.64503265586256,-138.08374529926758,-87.36988075762766
4573,-166.1027036443714,-98.0561470006487,-138.13722922326838,-87.502510136197
4574,-150.66053252758516,-79.9975476181824,-138.4828680795626,-87.62087814283606
4575,-194.28005896023728,-87.75529871684844,-138.87196658234419,-87.42056069202073
4576,-123.0492737345541,-98.99694380196621,-138.7083894643223,-87.60686351721486
4577,-114.8737275643569,-84.74129677922328,-138.4673989950497,-87.78534231120528
4578,-140.2068160461149,-82.343709185964,-138.64975794007333,-87.70807978729043
4579,-99.3668845069007,-101.50321026585901,-138.44640945304025,-88.14830384206007
4580,-119.35707771292192,-67.9298509434216,-137.73936795559382,-88.03502308745027
4581,-120.42491391349785,-113.21241405879235,-136.92807881551383,-88.13902394607425
4582,-155.93629723809434,-59.34550877069866,-137.21786720211745,-87.74610150150791
4583,-156.2586100320399,-83.97489907049,-137.8806842222695,-87.45305485076703
4584,-121.20233069100087,-67.40413058732041,-137.469835955726,-87.48397992452294
4585,-110.30781445616766,-101.7797735627663,-137.29223592658514,-87.66454477493582
4586,-117.27647049254674,-89.27038498453504,-137.30453522483614,-87.74329051642412
4587,-157.52693663741684,-102.86606056914744,-137.37197546730388,-87.9044965205955
4588,-249.58319513034763,-108.44031521303654,-138.14584227086357,-88.40621117558945
4589,-155.55551072627122,-106.05636779879933,-138.37022639712313,-88.61898015044078
4590,-127.3023570689405,-72.10933899513013,-138.81725500342284,-88.25304265682752
4591,-166.2978163446445,-60.087351256453125,-139.3670746850817,-87.95195094582535
4592,-149.827124403382,-90.44729632723485,-139.70188938858408,-88.14856959944615
4593,-81.59646837424103,-72.92438916189195,-139.24409057007927,-87.84373749378798
4594,-218.9876189830072,-90.46195803737847,-140.5180911996006,-87.65163813044504
4595,-226.81922561797893,-85.59703382144734,-141.79417295624702,-87.39666452785413
4596,-163.77509064506208,-108.87017105489112,-141.96597854912932,-87.47385279859266
4597,-171.76086653279003,-78.63558922817828,-142.2883538927884,-87.07115390061115
4598,-130.49480771833078,-111.377192542605,-142.74050308121966,-87.18020624447452
4599,-158.90502059358377,-103.02938404115746,-142.75050096085684,-87.18214115658425
4600,-150.80786505096606,-70.73514125555998,-143.31041178085204,-86.78280691918592
4601,-176.37078621978327,-84.44242465313351,-144.03784365039212,-86.67768615046397
4602,-137.55030287001523,-65.5163917214587,-143.56072266269683,-86.52342796286989
4603,-214.56107064785886,-102.94571974125267,-144.85053151363505,-86.85437005148454
4604,-174.53833979994332,-86.97279057385879,-143.74249388854616,-87.14740350756317
4605,-115.33497678895945,-66.99386113319899,-143.19986807187126,-87.10973926727353
4606,-184.50395238082447,-75.98793987889285,-143.9778357872118,-86.84100833578316
4607,-137.20193696350435,-63.23233886149569,-144.11224258234589,-86.86610955669276
4608,-137.61771153141606,-101.70830557722479,-143.01149270818914,-87.20821610033532
4609,-110.33210313733967,-90.89659971425755,-143.03513713392866,-87.40908978050366
4610,-140.89618761826114,-100.40620388061517,-142.85638287453907,-87.68919650229957
4611,-122.42450490672572,-65.494731942497,-142.8075716203316,-87.3121758887033
4612,-143.84712873852334,-73.19635882674608,-141.77879204202543,-87.47881100971888
4613,-118.72269291777515,-74.28396522988061,-141.72427208914357,-87.6277046312107
4614,-141.4516790080341,-96.32458462987275,-141.29307797172325,-87.63507696162732
4615,-151.24509582952982,-93.85599374962227,-141.57098543244174,-87.51119351901389
4616,-243.8862225442177,-61.096675548649756,-142.722468379686,-87.24062048904558
4617,-94.09234608590016,-60.89598902882775,-141.93981949104204,-86.89168828920592
4618,-137.62075016373714,-92.02918373050635,-141.8819903255699,-87.08028218484624
4619,-77.45267142204051,-94.38434985076958,-141.94351855657902,-87.22484539720878
4620,-187.62872818321614,-97.63651643222505,-142.446637046958,-87.2355954957104
4621,-198.48448316050576,-89.01609966289065,-143.03605613055274,-87.17651592656023
4622,-160.66477717236808,-81.91486604402964,-143.5238583618087,-87.11822612233296
4623,-184.39088854638962,-100.9429311110891,-143.83240104398155,-87.24985211207924
4624,-138.53092844433854,-104.81769877622831,-144.12113302946796,-87.52051230996479
4625,-110.37742082696312,-75.4513971919999,-143.7958119411267,-87.1944478445669
4626,-178.3159318961815,-83.69362670262703,-144.29442135302108,-87.02240003335433
4627,-166.30152096576415,-68.27207156790874,-144.8727730714921,-86.98094129038036
4628,-248.0521056303506,-96.76993898422215,-145.99793838733243,-86.8886634337885
4629,-152.04998091771716,-74.66017866782924,-146.58312955808537,-86.4999988644624
4630,-103.27993259210832,-96.17168956542596,-146.25195318862575,-86.402360567515
4631,-96.64391250610026,-84.3942552749647,-145.7819277994461,-86.19546449797726
4632,-151.82444528043672,-110.36157489149006,-144.82311017984722,-86.5172606023623
4633,-103.01702684412739,-104.54520241028364,-144.27479222555377,-86.79791094223832
4634,-161.434956936837,-78.7411432933365,-144.7860115960938,-86.79856854344376
4635,-149.60014173893856,-92.66674863504088,-144.9806409033108,-86.83149815013029
4636,-133.2418054959976,-68.30786184055798,-145.27934791078127,-86.43039376661088
4637,-163.14120024325752,-104.39560516229604,-145.9326187014811,-86.5725269985056
4638,-177.7397675857163,-82.19875727982661,-146.15351697671662,-86.44672336331043
4639,-133.07942510348056,-93.45707367868452,-146.00509149375026,-86.42121109818868
4640,-127.03363549906028,-77.06356742069185,-145.49633941757892,-86.31341897702191
4641,-136.8345498131409,-106.06561651944853,-144.9387401949954,-86.50379537422857
4642,-138.56579412425322,-102.87625370438556,-145.12787024,-86.62291459131514
4643,-121.31386001980142,-101.82529492368442,-144.78630718855794,-87.00048193163843
4644,-121.73507614315706,-66.2773305069369,-144.86308510380766,-86.8581839510722
4645,-79.21148117390732,-61.91233038877651,-144.7832080713599,-86.75690805898046
4646,-106.87018985591148,-98.45498142474662,-144.27897057784858,-86.73059842200048
4647,-140.21514560208854,-103.88649961978427,-144.6374923853971,-87.17524288402747
4648,-174.55906539588358,-89.40982958730883,-145.03490387013244,-87.0731215567405
4649,-136.94820009173137,-84.11666815140757,-145.1924032844977,-87.30019420067606
4650,-132.76093651455164,-100.44167906381936,-145.42501315114117,-87.45951742784213
4651,-111.55846778776595,-62.74237166778393,-145.5377470788945,-87.1096436552291
4652,-132.16279710413812,-67.09691950952929,-145.62460958401667,-86.81889621774371
4653,-171.35121608689744,-88.61149622536118,-145.60662357193758,-86.61373228871946
4654,-256.54914852112034,-66.23907822834967,-146.45736456122924,-86.17364864280289
4655,-140.9983740974332,-64.22247182448245,-146.2176639908935,-85.82833316523345
4656,-127.62828954133035,-59.49073277450742,-146.31390954981674,-85.66559724703066
4657,-146.5758165239382,-62.696919258427776,-145.99369181431894,-85.68505906246303
4658,-208.96931064380834,-105.50246845774174,-146.08520758416265,-86.12043019447725
4659,-159.66654952371047,-78.8902925776602,-146.70582136811157,-86.15312094704902
4660,-143.86555655820877,-58.814042624079384,-146.48348943379222,-85.81319456863109
4661,-187.45685933697234,-57.41291418503724,-146.8906705262511,-85.75523063270845
4662,-154.298298496821,-107.01738379407571,-147.04819495659405,-85.86824407307597
4663,-119.76352326134398,-91.91898500163053,-147.4051527319939,-85.92170313142326
4664,-149.1359697142972,-100.26319387310042,-147.5347904800349,-85.93283944996365
4665,-123.19633718859694,-76.64449333362349,-147.38832922477013,-85.61872999784649
4666,-145.560654395515,-105.52338268025434,-147.78677085440958,-86.0154337106477
4667,-174.91410985284833,-77.01426066413013,-147.8419841577539,-86.20215449921909
4668,-162.28105175003765,-103.67753551641552,-148.05992216878948,-86.18556334616923
4669,-130.82076794224287,-104.22759404980293,-148.30849452811384,-86.38245743417039
4670,-101.32576799597045,-81.29296436012378,-147.553483764828,-86.1102090807725
4671,-162.0281091455107,-67.90626492753981,-147.81178020342736,-85.96209199595854
4672,-106.29723491877246,-110.56906597621435,-147.88445399613303,-86.07133232916208
4673,-120.14326485680402,-90.57055559530157,-147.42485960825738,-85.9964764151086
4674,-104.4893582135461,-106.80371239365402,-146.96314786511698,-86.26453806286331
4675,-169.73164166465602,-101.63600505918808,-146.71766369216118,-86.40334512628672
4676,-144.46610377265216,-105.33103715903155,-146.93183199254216,-86.46668605985737
4677,-156.2130285182812,-58.9953786318685,-147.3452250020814,-86.20922687838382
4678,-115.00450231983554,-66.21292379210533,-147.09320186481858,-86.04791902444522
4679,-124.09528071000673,-96.81463961208716,-147.3404858268496,-86.00103331790751
4680,-123.06593550017327,-81.15175662895038,-147.37757440472214,-86.1332523747628
4681,-172.2302101246611,-62.60331646158878,-147.89562736683376,-85.62716139879078
4682,-135.32084106386577,-98.49269746610497,-147.6894728050915,-86.01863328574484
4683,-120.45833963646396,-99.68408004598506,-147.33147010113575,-86.17572509549979
4684,-81.26301210954074,-113.98293787538458,-146.93207691532115,-86.64151316838043
4685,-191.957435238538,-68.70669561434498,-147.74857312314484,-86.31078238889621
4686,-155.22952260522746,-72.20383895350733,-148.12810364427165,-86.14011692858593
4687,-102.68343475848383,-110.74912556804674,-147.57966862548233,-86.21894757857494
4688,-216.69751822579008,-96.8930839755038,-147.25081185643677,-86.1034752661996
4689,-115.69130926445459,-61.46256840841437,-146.8521698418186,-85.65753727229574
4690,-226.15367901364704,-99.72157785885662,-147.84068306126565,-85.93365966093302
4691,-118.63710539921725,-79.02843973546935,-147.36407595181134,-86.12307054572318
4692,-149.17132539926888,-66.42970765783328,-147.3575179617702,-85.88289465902916
4693,-150.85961535921916,-112.5412067504673,-148.05014943161999,-86.27906283491492
4694,-156.76647406420093,-74.3997087817184,-147.42793798243196,-86.11844034235831
4695,-150.33217861738353,-82.96950589631155,-146.663067512426,-86.09216506310693
4696,-143.8227537685184,-62.73729344118444,-146.46354414366058,-85.63083628696987
4697,-120.49904880253676,-95.69054360147643,-145.95092596635806,-85.80138583070284
4698,-130.60862236054126,-78.46474058602982,-145.95206411278014,-85.47226131113712
4699,-130.3788403908261,-67.73364014196727,-145.66680231075256,-85.11930387214521
4700,-87.15019725181065,-85.16323501834793,-145.03022563276102,-85.26358480977309
4701,-142.77644310115534,-69.76878894941792,-144.69428220157474,-85.11684845273594
4702,-194.8148835040397,-104.2360954411661,-145.266928007915,-85.50404548993299
4703,-120.38383527009626,-96.65105078275172,-144.32515565413735,-85.441098800348
4704,-134.81786239115954,-90.21448409965772,-143.9279508800495,-85.473515735606
4705,-112.40665496547071,-92.20602331543006,-143.89866766181464,-85.72563735742831
4706,-156.23314070583672,-94.68850779642268,-143.61595954506478,-85.91264303660361
4707,-120.52490265215522,-100.54808841317626,-143.44918920195127,-86.2858005321204
4708,-155.24601834861718,-85.80589386976786,-143.62547227012328,-86.12677641504582
4709,-135.27777728288694,-102.61614866501901,-143.87492901157876,-86.24397190455345
4710,-147.4358572444068,-94.60341127334499,-143.9403257078402,-86.18594397848074
4711,-156.537722916716,-106.7030300616274,-144.2814578879401,-86.59802695967205
4712,-157.67165453956622,-94.33579526436372,-144.4197031459505,-86.80942132404823
4713,-100.57520381969843,-93.46227928981682,-144.23822825496978,-87.00120446464759
4714,-170.77022959264852,-80.65837964043165,-144.53141376081592,-86.84454241475318
4715,-178.3233678908889,-100.21742241948496,-144.80219648142952,-86.90815670145179
4716,-151.28628469313873,-108.8977682086511,-143.87619710291872,-87.38616762805181
4717,-138.14132606418323,-58.89105536646562,-144.31668690270155,-87.3661182914282
4718,-251.89866970453573,-98.90326771927695,-145.45946609810954,-87.4348591313159
4719,-145.48185891107235,-92.5103270556837,-146.13975797299986,-87.41611890336503
4720,-137.37313264666307,-104.94475242040215,-145.63720201763434,-87.48920126324681
4721,-97.95591216967074,-82.59338749287906,-144.631916307726,-87.4249741415467
4722,-123.834521265268,-95.28888597292722,-144.263613748655,-87.55871434083568
4723,-117.77498520307228,-87.68210924579066,-143.59745471522183,-87.42610612218269
4724,-206.4222912076981,-70.4599202975591,-144.27636834285542,-87.082528337396
4725,-146.2716024843083,-97.75159401107479,-144.63531015942885,-87.30553030558673
4726,-141.02735407175558,-94.13541230567037,-144.2624243811846,-87.40994816161717
4727,-95.55945403304018,-109.51894034965464,-143.55500371185732,-87.82241684943463
4728,-168.97056078728676,-84.64033992319848,-142.7641882634267,-87.7011208588244
4729,-122.59051142779857,-101.47391044015711,-142.4695935685275,-87.96925817654768
4730,-111.7383232657229,-104.3513294898178,-142.55417747526369,-88.05105457579161
4731,-131.00743837164785,-94.16881834624785,-142.89781273391915,-88.14880020650443
4732,-103.45523198076337,-75.64408556290434,-142.41412060092242,-87.80162531321857
4733,-180.07433941602002,-111.04043780258233,-143.18469372664134,-87.86657766714156
4734,-116.21892440328617,-104.2569293762609,-142.73253340130583,-88.1217355279708
4735,-130.7787003552084,-56.06614979677286,-142.54431898746853,-87.75572953958812
4736,-133.15107967596433,-84.82579093652686,-142.5434117292682,-87.92090883054782
4737,-328.95392804080484,-56.078413957649396,-144.20153900724364,-87.43773691850136
4738,-113.69591122517178,-100.4857468739167,-143.5611004436382,-87.62060681444225
4739,-129.10726294737452,-81.47191940697418,-143.52137882207714,-87.50075527172515
4740,-126.48525646028435,-100.07210248846532,-143.51589503168938,-87.73084062240288
4741,-153.41730226033113,-79.82577872305039,-143.6817225561613,-87.46844224443888
4742,-116.43917133642526,-67.11189521571316,-143.460456328283,-87.11079865955216
4743,-135.88548002290366,-64.06122485344642,-143.60617252831403,-86.73315795884979
4744,-107.93892393849659,-106.16206169100366,-143.4682110062674,-87.13200527069046
4745,-122.27003185895381,-104.44145155501494,-143.8987965131179,-87.55729648235285
4746,-175.11144232121097,-75.66071371084271,-144.58120903777092,-87.32935380521381
4747,-81.25651487067994,-96.84617602251987,-143.9916227304568,-87.25895056924116
4748,-159.16031531041475,-75.57211848951259,-143.8376352296021,-87.1205734582632
4749,-105.18324044868278,-67.40335895062124,-143.51998563317161,-86.95344036625534
4750,-262.15712337116366,-62.153898527686295,-144.81394750173777,-86.57056256089399
4751,-166.76142186264394,-103.85580318855182,-145.36597704248655,-86.98169687610167
4752,-134.5999499102657,-58.659733865166814,-145.3903485705478,-86.89732501965804
4753,-102.00005899224287,-85.74275761125601,-144.69683699960126,-86.868637633517
4754,-149.6356611617956,-55.07797750070444,-143.62770212600802,-86.75702662624055
4755,-139.30675715786901,-95.98837117244629,-143.61078595661235,-87.07468561972019
4756,-98.79684842857785,-64.92195786427207,-143.32247154548483,-87.12899787061782
4757,-149.12075767450264,-80.28174702064388,-143.34792095699052,-87.30484614823999
4758,-129.50365827827162,-106.5831906745874,-142.55326443333516,-87.31565337040844
4759,-200.0136831200835,-98.76736945305564,-142.95673576929892,-87.51442413916241
4760,-113.49769853008155,-92.18417915336394,-142.65305718901763,-87.84812550445525
4761,-190.39406443922815,-80.6467755423691,-142.6824292400402,-88.08046411802857
4762,-169.28018681730407,-61.096999073664215,-142.832248123245,-87.62126027082446
4763,-195.05435055644145,-95.5452270485026,-143.58515639619597,-87.65752269129318
4764,-134.77306877893463,-80.04156382186045,-143.44152738684232,-87.4553063907808
4765,-147.2568330533121,-58.01408320312565,-143.68213234548946,-87.26900228947582
4766,-162.1037014613752,-60.008628989118094,-143.84756281614807,-86.81385475256445
4767,-135.07399912471584,-109.74107972689336,-143.44916170886674,-87.1411229431921
4768,-142.33341302865,-82.58001006020223,-143.2496853216529,-86.93014768862996
4769,-123.57749105314382,-92.83738447402568,-143.1772525527619,-86.81624559287216
4770,-117.17003125728849,-97.61240424091702,-143.33569518537507,-86.9794399916801
4771,-165.23769389106064,-56.78589011373887,-143.36779103283055,-86.86823624354209
4772,-153.49945905551104,-79.12948438459753,-143.83981327419795,-86.55384042762591
4773,-179.9288120157282,-91.72286772921561,-144.4376687457872,-86.56536354896507
4774,-170.57365568938593,-104.35631464392219,-145.0985117205456,-86.54088957146776
4775,-144.54987363659407,-103.2693581863034,-144.846694040265,-86.5572231027389
4776,-157.4478527460342,-88.72860067694488,-144.97651152999882,-86.39119873791803
4777,-117.98566897983962,-96.49251703935931,-144.5942379346144,-86.76617012199294
4778,-124.66980549030094,-93.5835454641759,-144.69089096631905,-87.03987633871365
4779,-127.70561464718534,-67.02509328395888,-144.72699430569082,-86.74198087543238
4780,-155.47600966898676,-73.35575778610593,-145.05109504737896,-86.66402088700394
4781,-147.0250317713006,-72.16769935664776,-144.7990432638454,-86.75966471595451
4782,-100.18499471330098,-104.71071398184853,-144.44768480033972,-86.82184488111194
4783,-105.30900075842948,-86.44132147330748,-144.2961914115594,-86.68941729538517
4784,-135.2912285843286,-70.70946949021686,-144.83647357630724,-86.25668261153349
4785,-105.28043664331908,-105.68110144199328,-143.96970359035504,-86.62642666980997
4786,-97.47164666842383,-90.44336142309113,-143.392124830987,-86.80882189450581
4787,-89.37594263235214,-73.97452756263188,-143.2590499097257,-86.44107591445167
4788,-101.18132463078294,-97.29222700616482,-142.10388797377564,-86.44506734475827
4789,-101.92968754400755,-79.17657153910054,-141.96627175657116,-86.62220737606515
4790,-102.16309864817073,-104.92692372343365,-140.7263659529164,-86.67426083471092
4791,-130.62731251816072,-81.69825384913274,-140.8462680241058,-86.70095897584756
4792,-111.35065972224092,-82.49875943772581,-140.4680613673355,-86.86164949364648
4793,-103.91234857274625,-67.73099767583541,-139.9985886994708,-86.41354740290015
4794,-217.76980583018576,-94.22280662898001,-140.60862201713067,-86.61177838137276
4795,-83.3716145979371,-89.11584235895496,-139.9390163769362,-86.67324174599919
4796,-90.81056437422963,-90.77904537000764,-139.40889448299333,-86.95365926528743
4797,-130.38982657114153,-76.95825975074987,-139.50780226067937,-86.76633642678016
4798,-148.41590464996398,-106.18191364686965,-139.68587508357356,-87.04350815738856
4799,-117.16001709604616,-81.71349597324533,-139.55368685062578,-87.18330671570135
4800,-83.61470113113302,-70.8934566665853,-139.518331889419,-87.04060893218372
4801,-142.86853396399871,-108.52450540039217,-139.51925279804746,-87.42816609669346
4802,-191.49079182600596,-81.29538417130165,-139.48601188126713,-87.19875898399481
4803,-141.5350991423593,-83.55275698423196,-139.69752451998977,-87.0677760460096
4804,-88.2642719870543,-104.13731290105665,-139.2319886159487,-87.2070043340236
4805,-98.35175365782759,-110.13457125755563,-139.09143960287224,-87.38628981344485
4806,-169.42992230894478,-85.77642919778002,-139.22340741890332,-87.29716902745842
4807,-131.00651086909454,-78.22292122328503,-139.3282235010727,-87.0739173555595
4808,-131.34256540759196,-102.61927770820876,-139.08918897166245,-87.24205119394392
4809,-158.45558712918861,-109.85565991012656,-139.3209670701255,-87.31444630639501
4810,-98.45827269885284,-89.32331122028053,-138.83119122466994,-87.26164530586436
4811,-112.53746810321641,-96.59743597242496,-138.39118867653494,-87.16058936497235
4812,-175.61737908818117,-91.37153728728563,-138.57064592202107,-87.13094678520156
4813,-132.8344305914083,-97.17522710486614,-138.89323818973818,-87.16807626335206
4814,-114.78056717578677,-109.90340853447535,-138.33334156556955,-87.46052655229249
4815,-126.44209798969194,-100.68161752100696,-137.81452886655762,-87.46516850330771
4816,-111.33280664722179,-94.01729736352846,-137.41499408609843,-87.31636379485649
4817,-141.8137024223642,-78.80585920331623,-137.45171784968028,-87.515511833225
4818,-142.17256432476339,-79.79719534707905,-136.35445679588256,-87.324451109503
4819,-104.48450797343996,-91.81533431362723,-135.9444832865062,-87.31750118208244
4820,-194.28593338992198,-106.712035035392,-136.5136112939388,-87.33517400823234
4821,-145.87893531887406,-75.22547929077123,-136.9928415254308,-87.26149492621126
4822,-102.3210107358713,-75.52913512231828,-136.77770642013684,-87.06389741770516
4823,-103.79594991320566,-72.00854450648879,-136.6379160672382,-86.90716177031214
4824,-138.37106885139235,-58.807055299572646,-135.95740384367514,-86.79063312033227
4825,-150.335627624189,-117.07789144184311,-135.998044095074,-86.98389609463996
4826,-231.83341843575758,-94.79586282769192,-136.906104738714,-86.99050059986018
4827,-163.98718375634593,-78.94162678445367,-137.59038203594704,-86.68472746420818
4828,-261.02723319927657,-89.95576896295863,-138.51094876006692,-86.73788175460578
4829,-164.521448922275,-86.70719162864845,-138.9302581350117,-86.59021456649069
4830,-120.23276886717943,-78.65291317949132,-139.01520259102628,-86.33323040338742
4831,-199.63965426796813,-106.65503779135467,-139.7015247499895,-86.4580925978385
4832,-86.47544401491419,-61.98118861082218,-139.531726870331,-86.32146362831767
4833,-159.19834992595912,-97.13739588901787,-139.32296697543038,-86.18243320918202
4834,-114.80581709641177,-100.29708389179628,-139.30883590236158,-86.14283475433739
4835,-114.63755003236696,-86.31696404618789,-139.1474243991332,-86.44534289683153
4836,-105.36573906585005,-90.28694932372636,-138.86957099303206,-86.49995448070352
4837,-110.83095859214745,-75.60530469018869,-136.68834129854545,-86.69522338802891
4838,-146.0262065282062,-76.98556223842415,-137.01164425157583,-86.46022154167399
4839,-115.30059308519826,-70.12552942732546,-136.87357755295406,-86.3467576418775
4840,-137.42890601399583,-76.0919452667375,-136.98301404849116,-86.10695606966023
4841,-122.9211722950234,-61.35168278542749,-136.6780527488381,-85.92221511028401
4842,-196.08272535850887,-60.47009417484169,-137.47448828905894,-85.85579709987529
4843,-159.76294073066904,-73.1984123734168,-137.7132628961366,-85.94716897507499
4844,-103.72292331721147,-61.788536922581955,-137.67110288992373,-85.50343372739076
4845,-140.21105579815082,-79.10851540487312,-137.85051312931571,-85.25010436588934
4846,-134.13999546134156,-84.39470505562382,-137.44079866071704,-85.33744427933716
4847,-115.33056754786561,-81.70804398960057,-137.78153918748887,-85.18606295900797
4848,-126.80535995732399,-74.23626781067455,-137.45798963395796,-85.1727044522196
4849,-162.63669038942854,-79.72953065689076,-138.03252413336543,-85.2959661692823
4850,-195.887893783074,-81.63920288637856,-137.36983183748453,-85.49081921286921
4851,-155.9746324206821,-103.65834881133354,-137.26196394306493,-85.48884466909703
4852,-90.37837782205253,-111.62995401022192,-136.81974822218277,-86.01854687054758
4853,-86.425790546303,-106.94606019469904,-136.6640055377234,-86.23057989638201
4854,-140.80324153656622,-83.75326156186769,-136.57568134147107,-86.51733273699362
4855,-124.75773265200112,-69.58865807996935,-136.43019109641236,-86.25333560606886
4856,-136.20787308182332,-78.65626743606634,-136.80430134294485,-86.39067870178681
4857,-186.2057371391258,-105.16006164399656,-137.1751511375911,-86.63946184802035
4858,-189.18594183342842,-97.65845880052413,-137.77197397314265,-86.55021452927971
4859,-166.32118651696345,-110.5127250608455,-137.43504900711147,-86.66766808535762
4860,-113.31276813245212,-93.17974901861072,-137.43319970313516,-86.6776237840101
4861,-126.01869761894464,-91.27708761359165,-136.78944603493235,-86.78392690472232
4862,-124.59987922092326,-108.47763983279756,-136.34264295896853,-87.25773331231366
4863,-134.57699902749897,-108.31427175264339,-135.7378694436791,-87.38542375935506
4864,-194.7586588666321,-65.05272320509495,-136.3377253445561,-87.23553535318739
4865,-138.51388942748784,-61.95523012420073,-136.25029590829786,-87.27494682239812
4866,-102.73778654940293,-80.22802737624347,-135.65663675917813,-87.47714080626939
4867,-166.88305329542393,-79.1145124448552,-135.9747273008852,-87.170875133449
4868,-182.39468834781363,-102.98222304497462,-136.37534005407682,-87.37489726329675
4869,-131.73192564806703,-81.78780882406562,-136.45688440002604,-87.26440150679714
4870,-133.18761704723286,-104.6485089207875,-136.6170602579255,-87.33476255359585
4871,-161.38866331686694,-85.76498330941682,-136.57856995218356,-87.62455348555264
4872,-141.0433480775515,-84.37280103914239,-136.45400884240397,-87.67698665209808
4873,-141.23917993741335,-67.97297926687202,-136.0671125216208,-87.43948776747465
4874,-162.0635452401014,-64.52404042284522,-135.98201141712795,-87.04116502526387
4875,-128.50607296464685,-105.20134542707264,-135.82157341040846,-87.06048489767156
4876,-166.43103762452273,-60.678633650495875,-135.91140525919337,-86.77998522740705
4877,-106.33435583106763,-94.60833732823615,-135.79489212770565,-86.76114343029582
4878,-228.2689156324754,-97.97494837280279,-136.83088322912738,-86.8050574593821
4879,-159.92822137707475,-76.66798179361352,-137.1531092964263,-86.90148634447864
4880,-174.43816079518348,-101.05882836683024,-137.34273080768824,-87.17851705028589
4881,-175.8459144678377,-86.77515862032605,-137.63093963465363,-87.32459164292268
4882,-122.6679020081772,-92.9872089944785,-137.8557687076024,-87.20735659304896
4883,-120.43678148453219,-109.19293801162154,-138.00704651486342,-87.43487275843209
4884,-115.2658700160801,-78.79882028792227,-137.80679292918094,-87.51576626640916
4885,-119.03734998089415,-61.883902444888086,-137.9443620625567,-87.07779427643811
4886,-145.46787162012004,-100.70231748788731,-138.42432431207365,-87.18038383708605
4887,-155.72486684151642,-98.60718039380944,-139.08781355416528,-87.42671036539784
4888,-187.81708324442366,-78.98237109204064,-139.9541711403017,-87.24361180625658
4889,-214.6126774215625,-64.79473001354182,-141.08100103907722,-87.099793391001
4890,-151.71626032278724,-96.38753992575741,-141.5765326558234,-87.01439955302426
4891,-172.24798207617934,-71.56398410195783,-141.9927393514036,-86.91305685555251
4892,-117.6647011415706,-88.0853977797299,-142.0558797655969,-86.96892323897256
4893,-124.24514268244396,-101.18316234771402,-142.25920770669387,-87.30344488569135
4894,-157.1511899897132,-96.58933047627829,-141.65302154828916,-87.32711012416434
4895,-157.62490575143735,-62.90992666895859,-142.39555445982413,-87.06505096726436
4896,-226.9428619280843,-106.43616095867249,-143.75687743536267,-87.22162212315101
4897,-128.14266112384385,-86.74818639514119,-143.7344057808897,-87.31952138959493
4898,-197.96477443733232,-70.09178642034941,-144.22989447876338,-86.95862011732972
4899,-137.34659955594893,-68.10882359968542,-144.4317603033624,-86.82257339359413
4900,-264.7725316684115,-74.03065851922581,-146.2433386087352,-86.85394541212052
4901,-166.20783823718077,-101.36813268415793,-146.47673165146705,-86.78238168495818
4902,-101.78216072978707,-110.67565331816431,-145.57964534050484,-87.07618437642681
4903,-137.0238417969229,-71.13476738726936,-145.53453276705048,-86.95200448045718
4904,-159.01592592392356,-98.21139339972393,-146.2420493064192,-86.89274528544385
4905,-186.06118214082,-89.86595741539361,-147.11914359124913,-86.69005914702224
4906,-113.5367393682072,-107.18564468037388,-146.56021176184174,-86.90415130184817
4907,-167.50658733277518,-81.7218310497647,-146.92521252647856,-86.93914040011298
4908,-149.42599234271032,-66.59674295286933,-147.10604679582974,-86.57891505255958
4909,-87.44843792942618,-66.02638579486641,-146.3959753038321,-86.14062231140699
4910,-150.24487652843194,-62.25483094304447,-146.9138413421279,-85.86993750863462
4911,-150.96715364918984,-104.78296329663226,-147.29813819758766,-85.9517927818767
4912,-96.3870255584741,-103.00751949794966,-146.50583466229057,-86.06815260398335
4913,-116.71859136934575,-107.2218177739838,-146.34467627006993,-86.16861851067452
4914,-170.9427882697888,-63.70819565825168,-146.90629848100997,-85.70666638191229
4915,-147.57723058075018,-79.41800179435536,-147.11764980692055,-85.49403022464577
4916,-142.58064201244548,-66.86829970001864,-147.4301281605728,-85.22254024801067
4917,-173.34874567143441,-56.10148849576778,-147.7454785930635,-84.99549654093519
4918,-155.66380835573392,-67.23765776503102,-147.8803910333732,-84.8699011651147
4919,-226.4099334601606,-61.00143746651608,-149.0996452882404,-84.56176219664357
4920,-148.24227037253408,-94.6958007842316,-148.63920865806654,-84.44159985413197
4921,-157.52903350682064,-69.86306832615779,-148.75570963994602,-84.38797574448584
4922,-131.56630093177375,-107.75069540269334,-149.04816254190504,-84.7101913472896
4923,-156.58187970778357,-65.84113286828612,-149.57602183985082,-84.64851723090757
4924,-125.14643197333035,-80.07805432165944,-149.4437754710702,-84.86122722112843
4925,-178.24321416790968,-105.72361692208328,-149.72285133650738,-84.74768447593082
4926,-112.49332583492536,-97.9001399284184,-148.52945041049904,-84.77872724693809
4927,-157.6920670204158,-81.82702448354135,-148.4664992431397,-84.80758122392898
4928,-176.9175403514537,-95.43867729442714,-147.6254023146615,-84.86241030724366
4929,-151.05972519531167,-93.72484189147691,-147.49078507739188,-84.93258680987195
4930,-173.49509375148205,-100.4643999408145,-148.0234083262349,-85.15070167748519
4931,-132.69149351337,-86.54833314924434,-147.3539267186889,-84.94963463106407
4932,-157.75600243366,-105.80905551461446,-148.06673230287637,-85.38791330010199
4933,-90.23286959571907,-112.45354036082232,-147.37707749957394,-85.54107474482004
4934,-268.57046364654053,-97.04524440626534,-148.91472396507524,-85.50855634996473
4935,-122.8470266512497,-59.024581441169275,-148.99681873126409,-85.23563252391455
4936,-163.5165028384664,-65.17262426003578,-149.57832636899025,-84.98448927327765
4937,-102.19035063406974,-102.25304944172271,-149.49192028940948,-85.25096672079299
4938,-109.0000312386433,-88.89575978770634,-149.12165853651385,-85.3700686962858
4939,-142.4809799263436,-70.85957779397536,-149.39346240492532,-85.3774091799523
4940,-104.20855876194803,-85.42073439958384,-149.06125893240483,-85.47069707128075
4941,-153.96199717281436,-126.88349077407061,-149.37166718118274,-86.1260151511672
4942,-148.88886044560095,-95.08434323778371,-148.89972853205364,-86.4721576417966
4943,-148.96026343401823,-76.27218499962532,-148.79170175908712,-86.5028953680587
4944,-126.17006475783217,-83.80224414153403,-149.01617317349334,-86.72303244024823
4945,-136.22901592548808,-90.69921160636389,-148.9763527747667,-86.83893940226314
4946,-142.9843754073742,-103.8831059239268,-149.06479657422705,-87.03382341094617
4947,-96.69393461156402,-111.84452956161968,-148.87843024486406,-87.33518826666635
4948,-135.01403947528632,-77.71964329991886,-148.96051704004367,-87.3700220215588
4949,-130.7265511385461,-74.99633857155386,-148.64141564753484,-87.32269010070542
4950,-123.21157958121339,-73.8278997077593,-147.91465250551622,-87.24457706891921
4951,-140.94783559001814,-87.60036500001883,-147.76438453720954,-87.08399723080606
4952,-219.743500098025,-71.88917087641732,-149.05803575996927,-86.68658939946802
4953,-142.39481172007856,-60.1765069443218,-149.61772597170705,-86.21889386696427
4954,-139.9593235407015,-87.75045739310197,-149.60928679174842,-86.25886582527662
4955,-139.94907259345126,-60.321111677071315,-149.76120019116294,-86.16619036124763
4956,-131.2279290427671,-96.48329155083239,-149.7114007507724,-86.34446060239529
4957,-100.82545929152681,-59.67684096216815,-148.85759797229645,-85.889628395577
4958,-135.4734496378635,-96.46607036402375,-148.32047305034078,-85.877704511212
4959,-133.17802061675425,-86.56098703377813,-147.98904139133865,-85.63818713094132
4960,-95.57622876642878,-93.09839186338604,-147.8116759976784,-85.63737355938908
4961,-94.43234408516136,-62.89276950793783,-147.49581246234058,-85.35353037833254
4962,-146.52612771786633,-88.57606300020257,-147.71507494730997,-85.15451461000659
4963,-126.71364083157287,-104.7901232876261,-147.63644136535075,-85.11927312535643
4964,-114.06300598477343,-63.900359934667584,-146.82948483653212,-85.10774949265216
4965,-158.7549122529697,-58.46375255237465,-147.03189506478697,-85.07283471693388
4966,-122.91264389274481,-108.12085745130355,-147.23364363822037,-85.35176301768449
4967,-112.62392892841476,-81.7821746055773,-146.69105239455027,-85.37843963929171
4968,-108.50544320185473,-67.36135725769844,-145.9521599430907,-85.02223098141896
4969,-171.9535828972589,-70.45627843217629,-146.35437651558263,-84.90891567750006
4970,-160.59365290473977,-61.31959955290227,-146.6284368741577,-84.4756265838212
4971,-127.17383595853119,-85.92478709328935,-146.28628860057435,-84.47722462165993
4972,-105.31767582625449,-96.59293260104701,-145.92903187806135,-84.59942593727897
4973,-160.71551076592004,-89.04642047394626,-146.1237951863464,-84.81016034934972
4974,-128.35014519166506,-89.40688576484497,-145.78666118586207,-85.0589888027697
4975,-147.17899206187573,-58.979674034043114,-145.97339037683437,-84.59677208883942
4976,-209.33658738964198,-105.08875165136563,-146.40244587448558,-85.04087326884812
4977,-132.64496838499323,-86.76770787178415,-146.66555200002483,-84.9624669742836
4978,-113.33979196338943,-99.73427635853105,-145.51626076333397,-84.98006025414088
4979,-106.51499910048351,-72.84348783877438,-144.98212854056806,-84.94181531459249
4980,-181.60853851974392,-81.71890137317273,-145.05383231781363,-84.7484160446559
4981,-100.40235740104657,-99.89608926453023,-144.2993967471457,-84.87962535109794
4982,-136.05351672399922,-84.02880643574896,-144.4332528943039,-84.79004132551064
4983,-127.74414771643214,-85.87168356149411,-144.50632655662292,-84.55682878100937
4984,-140.65347724132587,-102.54971245141175,-144.7602026288754,-84.79433770264428
4985,-155.66884994492972,-95.09920301902036,-145.12651762851576,-85.12649070838562
4986,-80.78007727673821,-98.07524185681645,-144.47963968508196,-85.1002199520749
4987,-106.72792695556184,-105.31908200785381,-143.98967028622243,-85.16733896821533
4988,-157.54164541479378,-65.28913982625562,-143.6869159079261,-85.0304066555575
4989,-91.98278389491271,-90.7917143130156,-142.4606169726596,-85.29037649855223
4990,-133.45285722107113,-78.77829877382078,-142.27798294164242,-85.11428408703287
4991,-101.26888744835425,-109.24811716389075,-141.56819199536415,-85.4911254176522
4992,-111.13428947808247,-61.10776073267664,-141.50288787872927,-85.22134904718166
4993,-89.48728424310715,-90.35733931616761,-141.15530929433592,-85.11309081686619
4994,-122.69232095807745,-92.69768808332306,-140.81072060401956,-85.07417439293664
4995,-120.83647756816835,-89.14674264387217,-140.44283632218688,-85.33654255268578
4996,-151.70830397260937,-64.62429499760023,-139.69049074263214,-84.91842389307506
4997,-130.6640823790948,-77.15857332994514,-139.71570495518466,-84.82252776242308
4998,-130.21828633680826,-99.7455759222585,-139.0382400741794,-85.11906565744218
4999,-146.40073568828657,-60.893666317000566,-139.1287814355028,-85.04691408461532
