episode,total_reward,target_reward,smoothed_total_reward_100,smoothed_target_reward_100
0,-187.33236956724096,-42.792523654478046,,
1,-465.2834741088323,-41.541700398031786,,
2,-562.6459426046416,-22.065850479748978,,
3,-407.8602638230401,-16.172411273882403,,
4,-392.0492644375076,-68.08708862304216,,
5,-376.83171163402716,-31.219436604952957,,
6,-260.7966238361628,-29.53369192921079,,
7,-514.466591120349,-96.17701409329206,,
8,-506.3661409520574,-15.417642794701605,,
9,-432.13625097757205,-51.73974903416315,,
10,-422.2430296146184,-33.39724800552194,,
11,-281.0963305895776,-24.909904015680656,,
12,-226.6624035025845,-18.609495895608955,,
13,-358.0427845776594,-104.59070373903596,,
14,-510.7670963620475,-100.07092001755973,,
15,-283.71669793486086,-65.64615055267127,,
16,-446.0912196190008,-62.64131922412237,,
17,-264.47419705133655,-86.99446602883101,,
18,-384.67846375161133,-19.117477716686633,,
19,-222.08477679773523,-38.987586939639,,
20,-465.41882149732,-123.39245080938643,,
21,-442.92692398515976,-21.010771008148534,,
22,-270.1215109270817,-24.598735653376064,,
23,-282.6031563297399,-59.45610847302467,,
24,-240.52195875672015,-18.420289499349185,,
25,-286.29061703388635,-92.6269201113036,,
26,-180.79045709883593,-17.46884498670965,,
27,-456.77014974674535,-36.55982548461598,,
28,-320.80011904331275,-36.962452849862736,,
29,-262.3264686420099,-14.524975290793996,,
30,-231.15748235887511,-51.313015800219084,,
31,-220.79865991122932,-22.542435763695842,,
32,-405.17868839377047,-63.91816039015413,,
33,-314.633302154866,-35.12658624126709,,
34,-100.59408198934003,-186.6668677102375,,
35,-251.213052175495,-47.20753566891997,,
36,-201.26190022708937,-17.240784154884185,,
37,-173.03887599380198,-141.31910698783378,,
38,-217.9647842562452,-97.69721104460743,,
39,-319.3797643381388,-137.37762364733075,,
40,-143.5917953888987,-139.44876844506896,,
41,-194.5565014754728,-43.881022062105856,,
42,-334.18682429779824,-79.07534581103795,,
43,-108.48013751584017,-62.41531603706324,,
44,-341.304845268712,-148.73233241296847,,
45,-221.98617623599242,-48.57157819318053,,
46,-395.6331561381496,-131.38079487643463,,
47,-288.62756354028704,-96.11300785881163,,
48,-239.6220628780154,-44.019157074272094,,
49,-335.678039745965,-76.37944351331603,,
50,-279.6715147119158,-140.02925643116293,,
51,-342.25421177508855,-34.00745998048438,,
52,-360.6716011200365,-100.99282043878799,,
53,-383.7583923398411,-176.59540371048163,,
54,-362.55203586122224,-97.23778850929504,,
55,-142.9539039905136,-126.0619293006466,,
56,-391.8579429822996,-141.1903744873371,,
57,-305.522183623975,-53.16665484595145,,
58,-264.59422808869334,-120.55129806033656,,
59,-243.3380545707126,-112.31780470351373,,
60,-249.37884315050843,-24.70833155931145,,
61,-237.03244121443348,-86.6873274874557,,
62,-351.2152213068663,-132.32665606203543,,
63,-95.75877763072184,-49.75975418845512,,
64,-236.1625031841232,-21.66992204751578,,
65,-280.4519739445299,-70.8837558147771,,
66,-317.2495275959592,-78.11084812616947,,
67,-350.5273663912569,-61.0812979184381,,
68,-72.74993951033612,-34.8932551901691,,
69,-269.19412478370606,-79.10060003574509,,
70,-319.60007538518755,-38.18315811048977,,
71,-325.0719332323943,-105.68932075375594,,
72,-270.05196120872233,-103.08104183386921,,
73,-318.40980927027,-25.766135599264466,,
74,-344.76640793652035,-55.29943447397642,,
75,-347.9204244735383,-30.924938351381464,,
76,-372.53932007762756,-15.241251996196915,,
77,-190.04037197314304,-14.847363978584907,,
78,-308.48119662705534,-20.141807334887858,,
79,-303.38975905651216,-47.655686311658194,,
80,-262.8722032314968,-16.486892061707927,,
81,-348.1130493605809,-26.633348085800307,,
82,-319.1140443757786,-16.25708687380457,,
83,-305.6951400733995,-104.92015687977775,,
84,-392.7916512397491,-64.18432960788176,,
85,-138.61090234200992,-27.298084440310916,,
86,-361.2600650920702,-30.420464758567327,,
87,-383.9147380082414,-13.807965223187889,,
88,-278.5339108225511,-27.225997098713076,,
89,-261.32969829170224,-18.811687335034385,,
90,-183.536779211705,-47.61412039548285,,
91,-169.64527859872385,-18.874196956160468,,
92,-263.04182242981153,-16.07191559951725,,
93,-317.55372141872306,-15.903097881937459,,
94,-226.35123287405423,-23.84222300900202,,
95,-241.2129367821684,-18.569993394055146,,
96,-201.26774633834478,-81.39843635546724,,
97,-268.72015619707923,-18.161534334147106,,
98,-186.06280111219897,-46.144703518679336,,
99,-402.63037917555715,-56.64865279582715,-299.02507814200914,-59.72637413128038
100,-254.77769844753234,-19.09463359748166,-299.69953143081204,-59.489395230710414
101,-264.1389870969458,-58.81741286128523,-297.68808656069325,-59.66215235534295
102,-312.30413409881146,-66.56218294628381,-295.1846684756349,-60.10711568000829
103,-238.66382673828872,-19.49259619835212,-293.4927041047873,-60.14031752925299
104,-291.13231572592133,-17.357989533212965,-292.4835346176715,-59.6330265383547
105,-265.98530340927175,-32.764222819121386,-291.3750705354239,-59.64847440049639
106,-209.240170792274,-14.95429530821342,-290.859506004985,-59.502680434286425
107,-420.2703286165693,-30.827389430268717,-289.91754337994723,-58.84918418765619
108,-384.6672957645039,-16.373801616145105,-288.7005549280717,-58.858745775870624
109,-212.75766090820298,-16.023953073920765,-286.506769027378,-58.50158781626819
110,-108.88873369397437,-89.3198231687939,-283.37322606817156,-59.06081356790092
111,-270.44573038651686,-64.11605646535278,-283.26672006614103,-59.45287509239764
112,-326.53078765809124,-54.657017561343885,-284.2654039076961,-59.81335030905498
113,-164.54274939132742,-77.01932455984296,-282.33040355583273,-59.53763651726306
114,-434.5438529153765,-37.941295373330576,-281.56817112136594,-58.91634027082077
115,-242.99012483693517,-76.87608313870531,-281.16090539038663,-59.02863959668111
116,-264.94929965846603,-29.531927862167315,-279.34948619078136,-58.697545683061556
117,-458.1923477036687,-40.12204275163996,-281.2866676973048,-58.22882145028965
118,-329.64018841477514,-76.23314778486076,-280.7362849439365,-58.79997815097139
119,-365.71847527167074,-37.051454445108924,-282.1726219286758,-58.78061682602609
120,-343.2288791803507,-25.488574543260363,-280.9507225055061,-57.80157806336482
121,-299.42230170934516,-27.253638291607427,-279.51567628274796,-57.86400673619941
122,-177.38467322012636,-23.144655716862708,-278.5883079056784,-57.84946593683427
123,-364.53431573841357,-69.27895926379774,-279.40761949976513,-57.947694444742005
124,-373.7691590692993,-18.68978274362554,-280.7400915028909,-57.95038937718477
125,-344.241275440773,-109.74277735430826,-281.31959808695973,-58.121547949614815
126,-464.65422956556847,-107.55087889023127,-284.1582358116271,-59.022368288650036
127,-266.11471925500206,-75.78178514912155,-282.2516815067096,-59.41458788529509
128,-339.39756835390125,-23.788744496065377,-282.4376559998155,-59.28285080175712
129,-323.57493481475876,-25.47718122146022,-283.05014066154297,-59.39237286106378
130,-453.39985826062156,-13.275812239745411,-285.27256442056046,-59.01200082545904
131,-442.4717329319999,-23.15106166964976,-287.48929515076816,-59.01808708451858
132,-345.49789300517136,-104.30567820920356,-286.8924871968822,-59.42196226270907
133,-416.90720363731486,-17.47935704617553,-287.9152262117067,-59.24548997075816
134,-392.8400990482518,-19.87210006534783,-290.83768638229583,-57.57754229430926
135,-422.0046430458644,-14.214930008588706,-292.5456022909995,-57.24761623770595
136,-333.49445504649265,-15.026077142835076,-293.8679278391935,-57.22546916758546
137,-332.69258248661293,-84.5594408260343,-295.4644649041216,-56.65787250596747
138,-370.54331398514097,-72.09942167975231,-296.99025020141056,-56.40189461231892
139,-338.3568342984657,-98.95803729208555,-297.18002090101385,-56.01769874876646
140,-427.15591719672517,-20.740274140357837,-300.0156621190921,-54.83061380571935
141,-439.8390861311191,-47.862053433179604,-302.4684879656486,-54.87042411943009
142,-291.2451187813398,-13.313997581786143,-302.039070910484,-54.21281063713757
143,-130.0130594939644,-30.340116951950638,-302.25440013026525,-53.89205864628644
144,-366.99624950364637,-109.66059340721856,-302.5113141726146,-53.50134125622895
145,-326.5808277442713,-25.119196111155215,-303.5572606876974,-53.2668174354087
146,-405.4288427437184,-23.9889088423963,-303.65521755375306,-52.19289857506831
147,-398.8510437551756,-23.42534774430015,-304.757452355902,-51.466021973923205
148,-314.8585141683969,-53.819247037272326,-305.5098168688058,-51.564022873553206
149,-369.7429899013092,-25.2937954659073,-305.85046637035924,-51.05316639307912
150,-500.901250497583,-24.387613654377713,-308.0627637282159,-49.89674996531126
151,-288.4887990809647,-78.85813699680995,-307.52510960127466,-50.34525673547451
152,-344.23770534011123,-33.08927405848682,-307.3607706434754,-49.666221271671496
153,-283.20331073408425,-85.12232092332133,-306.35521982741784,-48.75149044379989
154,-398.76355797364835,-15.545361452471425,-306.7173350485421,-47.93456617323166
155,-426.2563382539214,-30.16435891643165,-309.5503593911762,-46.97559046938951
156,-171.62908774525624,-20.985070028907284,-307.34807083880577,-45.77353742480522
157,-293.2958504795331,-71.30464537112027,-307.2258075073613,-45.95491733005691
158,-372.320885855809,-17.614620573657984,-308.30307408503245,-44.925550555190114
159,-281.76845599293193,-19.26393322682468,-308.68737809925466,-43.995011840423224
160,-315.2390052013333,-17.368745600710916,-309.3459797197629,-43.921615980837224
161,-285.0996733052339,-16.93969075033658,-309.8266520406709,-43.224139613466036
162,-336.21505558038933,-79.80061807160209,-309.6766503834061,-42.698879233561705
163,-364.4709713953512,-14.715094906771775,-312.3637723210524,-42.34843264074487
164,-416.84055156618035,-14.180345013320647,-314.17055280487295,-42.273536870402914
165,-389.2177797506888,-16.178388183551867,-315.25821086293456,-41.726483194090655
166,-253.48529420479764,-18.56540656604484,-314.62056852902293,-41.13102877848941
167,-305.09845937409995,-15.791528616420358,-314.16627945885136,-40.67813108546924
168,-273.85228312434754,-24.567549482936737,-316.1773028949915,-40.57487402839692
169,-408.525731180382,-11.889012296059326,-317.57061895895833,-39.90275815100006
170,-283.794521242302,-29.471086354448403,-317.2125634175295,-39.81563743343964
171,-289.7180492597887,-115.80686127647232,-316.85902457780344,-39.9168128386668
172,-236.41059254536555,-16.81121538578948,-316.52261089116985,-39.054114574186
173,-248.53008991221236,-18.0236359061944,-315.82381369758923,-38.9766895772553
174,-471.5999923612618,-13.719631548836576,-317.09214954183665,-38.56089154800391
175,-251.27325370706185,-28.218078578708322,-316.1256778341719,-38.533822950277184
176,-456.79901830130484,-117.16921793118497,-316.96827481640867,-39.55310260962706
177,-486.7063056765523,-48.26762409780651,-319.9349341534427,-39.88730521081927
178,-250.75132525761774,-86.87338543216391,-319.3576354397483,-40.554620991792035
179,-413.99160414113663,-17.65820451170175,-320.46365389059457,-40.254646173792466
180,-201.98973145869067,-16.280591809133885,-319.8548291728665,-40.25258317126673
181,-324.6528085389008,-36.553154424869334,-319.6202267646497,-40.351781234657416
182,-253.67355850522085,-19.080380886702457,-318.96582190594415,-40.380014174786396
183,-596.404657189124,-34.565417314611864,-321.8729170771014,-39.676466779134735
184,-330.14290841311293,-16.67768013615074,-321.2464296488351,-39.201400284417424
185,-204.94792534053232,-15.379154301120398,-321.90979987882025,-39.08221098302552
186,-458.41408813070456,-98.93229951601828,-322.88134010920663,-39.76732933060003
187,-223.42923023796862,-16.984102277477668,-321.2764850315039,-39.79909070114292
188,-448.0174178419469,-12.069303043131079,-322.97132010169787,-39.647523760587106
189,-425.07005242249534,-13.477680975321695,-324.6087236430058,-39.59418369698999
190,-427.8594097876091,-49.977587893607364,-327.05194994876484,-39.61781837197123
191,-358.25266943930126,-15.241629061243422,-328.93802385717066,-39.581492693022064
192,-384.0575494453666,-14.795280736794682,-330.14818112732615,-39.56872634439484
193,-680.6429380046378,-37.237860771575164,-333.7790732931853,-39.78207397329121
194,-338.54615416909763,-11.17010725369661,-334.9010225061358,-39.65535281573816
195,-258.81835695124767,-132.26281797855194,-335.07707670782656,-40.792281061583125
196,-385.8610433100661,-13.179628828897677,-336.9230096775437,-40.110092986317426
197,-401.68230617666364,-12.74215326792828,-338.25263117733954,-40.05589917565524
198,-421.3877055961322,-9.770257787666514,-340.60588022217894,-39.692154718345115
199,-709.7799417742386,-8.578651108214785,-343.67737584816575,-39.211454701468995
200,-426.2787370783879,-36.292083468356765,-345.3923862344743,-39.38342920017775
201,-457.2765306915562,-56.70617735207006,-347.3237616704205,-39.362316845085594
202,-449.4554501520113,-10.896399478245085,-348.6952748309524,-38.8056590104052
203,-402.50649566749166,-29.92928837102632,-350.3337015202444,-38.910025932131944
204,-561.8039825365211,-14.207947438473932,-353.0404181883504,-38.87852551118455
205,-445.8037741827684,-13.074783087804626,-354.8386028960853,-38.68163111387138
206,-399.24908150677254,-50.01026208524637,-356.73869200323037,-39.03219078164172
207,-484.3911842701423,-35.540929193553374,-357.3799005597661,-39.07932617927456
208,-406.7897019981157,-76.12489670253007,-357.60112462210225,-39.676837130138416
209,-441.96025398871507,-12.749377945927975,-359.89315055290734,-39.64409137885849
210,-516.9492991112354,-57.968635519590094,-363.97375620707993,-39.330579502366454
211,-434.73342220934063,-32.13452252167345,-365.6166331253082,-39.010764162929654
212,-462.6852457156833,-23.48160883494633,-366.9781777058841,-38.699010075665676
213,-586.9666188139364,-17.35004664684831,-371.2024164001102,-38.10231729653572
214,-378.97223365857076,-41.72863256818848,-370.6467002075422,-38.1401906684843
215,-448.13098538341325,-47.485689516570844,-372.69810881300697,-37.84628673226296
216,-469.97325885309596,-14.016964679896551,-374.7483484049533,-37.69113710044026
217,-567.301165635115,-11.18080696668651,-375.83943658426773,-37.40172474259072
218,-601.1786432610048,-12.46065449744656,-378.55482113273,-36.76399980971659
219,-444.61823425782666,-12.250340199244189,-379.3438187225915,-36.515988667257936
220,-439.35684094515796,-29.17648756218919,-380.3050983402396,-36.55286779744722
221,-417.26608965198875,-13.603724529440417,-381.48353621966606,-36.41636865982555
222,-442.12244054986814,-13.376898870845231,-384.13091389296346,-36.31869109136537
223,-403.338151015594,-57.81039772556827,-384.5189522457353,-36.20400547598308
224,-435.9079123863024,-63.95015485391969,-385.1403397789053,-36.65660919708602
225,-431.0104376136325,-53.710543093721725,-386.00803140063385,-36.096286854480155
226,-471.6904148980941,-20.2291275876328,-386.0783932539592,-35.22306934145416
227,-569.6154976176873,-59.21929488201297,-389.113401037586,-35.05744443878308
228,-442.07440914983,-14.534221486258513,-390.14016944554527,-34.96489920868502
229,-555.4632483565281,-29.66112686812034,-392.459052580963,-35.006738665151616
230,-418.703590204576,-82.59495390396725,-392.11208990040257,-35.69993008179384
231,-553.3139611438869,-10.984400686668016,-393.2205121825214,-35.57826347196403
232,-448.3141037209146,-65.34171716475517,-394.24867428967883,-35.18862386151954
233,-539.286743966879,-14.916880713705572,-395.47246969297447,-35.16299909819484
234,-549.0460605981015,-38.45817584823229,-397.03452930847294,-35.34885985602369
235,-443.5810511584175,-119.90738788753335,-397.2502933895985,-36.40578443481313
236,-535.45605643968,-7.524389879648557,-399.26990940353045,-36.330767562181265
237,-393.0425972365963,-47.21357996288148,-399.8734095510303,-35.957308953549735
238,-223.48144913346948,-15.863102220721032,-398.4027909025136,-35.39494575895942
239,-520.8348818241113,-100.17255444726403,-400.22757137777,-35.40709093051121
240,-356.9983315981453,-11.45384482408182,-399.5259955217842,-35.31422663734845
241,-313.6301554938294,-9.932033133525179,-398.26390621541134,-34.9349264343519
242,-358.9010848404631,-17.543505409475003,-398.9404658760026,-34.97722151262879
243,-493.9913417344051,-15.502912964976955,-402.58024869840693,-34.828849472759046
244,-355.10132637589714,-156.95291078859094,-402.4612994671295,-35.30177264657278
245,-400.329843927522,-124.29325769137523,-403.19878962896195,-36.29351326237498
246,-359.6214511588221,-21.747003522325997,-402.74071571311293,-36.27109420917428
247,-297.8330902366193,-15.679151721917844,-401.7305361779274,-36.19363224895046
248,-388.53190402303136,-50.72780021196578,-402.4672700764737,-36.162717780697385
249,-353.79204899295013,-97.5572328550982,-402.3077606673901,-36.88535215458929
250,-362.85083787314977,-67.19741813908422,-400.92725654114577,-37.31345019943636
251,-447.18021383323605,-14.57102591858134,-402.51417068866846,-36.67057908865407
252,-190.81886801872372,-18.062767675640266,-400.9799823154547,-36.52031402482561
253,-449.5342251302552,-50.412184680521946,-402.6432914594164,-36.17321266239762
254,-381.81576699805873,-12.555275641368704,-402.47381354966046,-36.14331180428659
255,-360.2072643418579,-12.504313325362528,-401.81332281053983,-35.9667113483759
256,-533.6098282996434,-14.75195484169319,-405.43313021608367,-35.90438019650376
257,-413.80983208070234,-12.504180813116452,-406.6382700320954,-35.31637555092372
258,-281.6226483879684,-55.39281377526855,-405.73128765741706,-35.69415748293982
259,-284.0736759069828,-50.97853136026587,-405.7543398565576,-36.01130346427423
260,-294.08285505187115,-14.508418290002489,-405.5427783550629,-35.982700191167154
261,-332.77809119533055,-12.505598604664636,-406.01956253396384,-35.938359269710425
262,-543.7592422072088,-29.556111167373796,-408.095004400232,-35.435914200668144
263,-179.36864741268138,-54.942342430283595,-406.2439811604053,-35.838186675903266
264,-141.7670556951452,-82.1639211715695,-403.493246201695,-36.518022437485754
265,-420.1151774033956,-73.41898432775122,-403.80222017822206,-37.09042839892775
266,-223.41516605543907,-16.25011429592738,-403.5015188967285,-37.06727547622658
267,-160.23649003888985,-13.731578422364207,-402.0528992033764,-37.04667597428602
268,-237.3476047467062,-13.434402324411849,-401.68785241960006,-36.935344502700765
269,-243.3640391523125,-19.32736740847759,-400.03623549931933,-37.00972805382495
270,-322.31762698843016,-15.374460363082129,-400.42146655678056,-36.86876179391129
271,-462.13456232426034,-11.672853151650417,-402.14563168742524,-35.82742171266307
272,-217.1648928811994,-32.300981574429414,-401.95317469078356,-35.98231937454947
273,-284.6903822600049,-21.605932394107253,-402.3147776142614,-36.01814233942859
274,-237.3151015511539,-45.16633688908105,-399.9719287061604,-36.332609392831046
275,-148.46618618823325,-18.392217518148897,-398.94385803097214,-36.23435078222545
276,-505.36214833167526,-13.385146658869584,-399.4294893312759,-35.19651006950229
277,-220.37329704477438,-102.19651686974032,-396.7661592449581,-35.735798997221636
278,-218.4411871507582,-15.523748397405887,-396.44305786388946,-35.022302626874044
279,-206.02847053641375,-18.447794752718163,-394.36342652784225,-35.03019852928422
280,-134.759344431237,-21.659743876375362,-393.69112265756775,-35.08399004995664
281,-606.3644551309588,-11.345012983799423,-396.50823912348835,-34.831908635545936
282,-117.66393044414562,-38.85435454262583,-395.14814284287763,-35.029648372105164
283,-368.43743519915665,-21.414487165580432,-392.8684706229779,-34.89813907061485
284,-268.38480121869026,-14.165925634148719,-392.25088955103365,-34.87302152559482
285,6.137329304848787,-19.023874017888982,-390.1400370045798,-34.90946872276251
286,-439.7016350445399,-19.12359079559025,-389.95291247371824,-34.111381635558224
287,-91.27163753181492,-16.833449438152996,-388.6313365466567,-34.10987510716498
288,-114.52675991653342,-50.172653514283105,-385.29642996740256,-34.4909086118765
289,-213.0225045076173,-23.411707444666554,-383.1759544882537,-34.59024887656995
290,-489.63500827406415,-98.54750427343521,-383.7937104731182,-35.07594804036823
291,-295.09685308516094,-14.039780679333676,-383.1621523095768,-35.063929556549134
292,-75.16645317129698,-18.275646759035645,-380.0732413468361,-35.09873321677154
293,-336.1734474246505,-67.99958457645347,-376.6285464410363,-35.406350454820334
294,-159.44347906091764,-22.681809645717088,-374.8375196899545,-35.52146747874054
295,-310.3612700263324,-16.717668759924624,-375.35294882070536,-34.36601598655426
296,-55.41950026082029,-15.925317071241922,-372.0485333902129,-34.3934728689777
297,5.682841041928653,-16.851248577882625,-367.97488191802694,-34.434563822077244
298,-178.9274102830644,-14.851438556261655,-365.5502789648963,-34.48537562976319
299,-117.29922090346689,-18.964425120022092,-359.6254717561885,-34.58923336988127
300,-93.98663507361925,-43.62516890910928,-356.3025507361408,-34.66256422428879
301,-186.75691896472088,-20.996542608122198,-353.5973546188725,-34.305467876849306
302,-82.40801826242556,-29.810706573588146,-349.9268802999766,-34.49461094780275
303,-230.6191669633979,-13.677619298558133,-348.20800701293564,-34.33209425707806
304,-217.20630929966785,-22.824981282175166,-344.76203028056716,-34.418264595515076
305,-260.2681899949009,-57.51185417186902,-342.9066744386885,-34.86263530635572
306,-179.28206201064657,-19.66257667253669,-340.7070042437272,-34.55915845222862
307,-157.09963452336095,-59.5906399071802,-337.4340887462594,-34.79965555936489
308,-150.7769063477928,-15.587816131478522,-334.87396078975627,-34.19428475365438
309,-208.99723006646303,-16.786514807337632,-332.5443305505337,-34.234656122268476
310,-233.1209867779746,-15.743421740062345,-329.70604742720116,-33.8124039844732
311,-267.05116209189464,-15.491672835925623,-328.0292248260267,-33.645975487615715
312,-106.2638683661675,-16.59853168952216,-324.4650110525315,-33.57714471616146
313,-113.5766955511352,-76.56391667152529,-319.73111181990356,-34.169283416408234
314,-137.16907772949213,-21.18324246576815,-317.31308026061276,-33.963829515384035
315,-287.7328251898733,-16.110434102860275,-315.70909865867736,-33.65007696124693
316,-77.37257658746695,-66.1139184410675,-311.783091836021,-34.171046498858644
317,-190.281769378744,-64.00489518006604,-308.01289787345723,-34.69928738099243
318,-180.05247080645302,-55.30894717153831,-303.8016361489117,-35.12777030773335
319,-90.99287982986523,-18.119543971032726,-300.26538260463207,-35.18646234545124
320,-172.74581807435368,-82.7530163086947,-297.5992723759241,-35.7222276329163
321,-247.79685640529652,-16.955517227905542,-295.9045800434572,-35.755745559900944
322,-152.65299648621678,-24.564902868870437,-293.00988560282065,-35.8676255998812
323,-156.0806027250344,-18.562166178120393,-290.5373101199151,-35.47514328440673
324,-228.79543928561844,-18.867894561128114,-288.46618538890823,-35.024320681478805
325,-267.27336291715966,-54.085659996254456,-286.82881464194355,-35.02807185050413
326,-38.6004006996395,-69.42200135470104,-282.49791449995905,-35.52000058817482
327,-145.279362374547,-72.75065596899752,-278.25455314752764,-35.65531419904466
328,-64.66320889621669,-16.255608881197183,-274.4804411449915,-35.672528072994055
329,-270.55368341039656,-24.00200621963735,-271.6313454955301,-35.61593686650922
330,-223.88393986139482,-18.380847750067005,-269.6831489920983,-34.97379580497022
331,-62.56661947444714,-68.62642913641399,-264.7756755754039,-35.550216089467675
332,-124.90013186962166,-38.928332094620814,-261.541535856891,-35.28608223876633
333,-165.95691105642777,-28.612791981901513,-257.8082375277865,-35.42304135144829
334,-197.852270271477,-26.04012310570137,-254.29629962452026,-35.29886082402299
335,28.718992293759488,-26.25669968379587,-249.5732991899985,-34.36235394198561
336,-150.35484064651013,-64.67529514070914,-245.7222870320668,-34.93386299459622
337,-209.52056392624763,-30.487738637299753,-243.88706669896328,-34.76660458134041
338,-112.83398407284332,-20.763083296743805,-242.78059204835702,-34.81560439210063
339,-201.72004317017587,-87.04374524582117,-239.58944366181768,-34.6843163000862
340,-147.98460416196045,-15.693918500668818,-237.4993063874558,-34.726717036852065
341,-146.35274027157993,-107.7008916769308,-235.82653223523334,-35.704405622286124
342,-156.6987351042729,-36.174421896541276,-233.80450873787143,-35.89071478715679
343,-123.8462603835403,-24.385693888585816,-230.10305792436282,-35.97954259639287
344,-190.02126917872798,-56.92855995612103,-228.45225735239111,-34.979299088068174
345,-72.79750960577793,-22.308028521461825,-225.17693400917366,-33.95944679636904
346,-149.4568877345346,-53.103581523156166,-223.0752883749308,-34.27301257637734
347,-148.62793342395304,-69.84808298889315,-221.5832368068041,-34.81470188904709
348,-90.0646791802764,-16.191568719876987,-218.59856455837652,-34.46933957412621
349,-215.500740579922,-25.26945623714269,-217.21565147424624,-33.74646180794665
350,-241.64417309012475,-57.738647623174884,-216.00358482641602,-33.65187410278756
351,-112.79823849469227,-57.557647836898155,-212.65976507303057,-34.08174032197073
352,-243.81539952700638,-18.27843956370086,-213.1897303881134,-34.08389704085133
353,-463.7255021635596,-76.95872699680756,-213.33164315844647,-34.34936246401419
354,-82.39420193806797,-57.17381889391184,-210.33742750784654,-34.795547896539624
355,-411.1554922427628,-16.27220615147204,-210.84690978685555,-34.833226824800725
356,-253.36655330914093,-61.86939037652361,-208.04447703695055,-35.30440118014903
357,-119.96304615807449,-15.000916301702908,-205.10600917772425,-35.32936853503489
358,-210.0183142244839,-142.50457040014334,-204.3899658360894,-36.20048610128364
359,-182.3625210210876,-77.86277616621787,-203.3728542872305,-36.46932854934315
360,-127.10772022662712,-92.50378268601213,-201.70310293897805,-37.24928219330325
361,-159.08804117624734,-28.92934923912213,-199.96620243878723,-37.41351969964783
362,-19.212560289473213,-111.77025916694558,-194.72073561960985,-38.23566117964354
363,-243.32079613045613,-17.49113328452949,-195.36025710678757,-37.861149088186004
364,-305.9224173115802,-18.209076781857107,-197.00181072295194,-37.221600644288884
365,-243.463453735034,-63.145674411010695,-195.23529348626832,-37.11886754512148
366,-201.9749644121495,-18.96752752336711,-195.02089146983545,-37.14604167739588
367,-320.7160870472382,-17.3402631556261,-196.62568743991895,-37.1821285247285
368,-425.0078930321254,-46.43840336049212,-198.50229032277315,-37.512168535089295
369,-416.1567712578997,-61.605775977296,-200.23021764382898,-37.93495262077747
370,-301.6000752577224,-15.710000849796913,-200.0230421265219,-37.93830802564462
371,-142.78609538412314,-67.51351723565064,-196.8295574571205,-38.49671466648462
372,-415.7500146565054,-16.62250832453564,-198.81540867487357,-38.33992993398569
373,-218.90153352850808,-13.66131858148058,-198.1575201875586,-38.26048379585942
374,-382.59221373057045,-78.80394364384192,-199.61029130935276,-38.596859863407026
375,-228.5217422277425,-15.526239660947782,-200.41084686974787,-38.56820008483501
376,-365.29457637740245,-92.9613259341435,-199.01017115020517,-39.363961877587755
377,-193.40040378046228,-20.977035023374793,-198.74044221756202,-38.5517670591241
378,-103.36005534880458,-16.446802686045515,-197.58963089954247,-38.5609976020105
379,-438.7176128944255,-22.162238661808473,-199.9165223231226,-38.598142041101404
380,-323.50504287106173,-12.64526639274527,-201.80397930752085,-38.5079972662651
381,-493.07323328579054,-12.621434899134721,-200.67106708906917,-38.520761485418454
382,-403.96865905829543,-23.177724685707027,-203.5341143752107,-38.363995186849266
383,-275.0788174078438,-19.511893820488623,-202.6005281972976,-38.34496925339835
384,-142.02117853678607,-17.140531611211454,-201.33689197047852,-38.37471531316898
385,-299.38425761965686,-19.87172465085504,-204.39210783972356,-38.383193819498636
386,-273.2061304721076,-16.96431779209919,-202.72715279399924,-38.36160108946372
387,-313.4070867932961,-59.410882534791426,-204.94850728661402,-38.78737542043011
388,-283.36651493716636,-16.411107640406218,-206.63690483682038,-38.449759961691335
389,-172.29325101004255,-128.77525051673985,-206.22961230184464,-39.50339539241207
390,-116.56455088152936,-33.54769773112056,-202.4989077279193,-38.85339732698892
391,-107.67352988007795,-15.471247747604599,-200.62467449586848,-38.86771199767163
392,-249.375940813015,-12.826477488800585,-202.36676937228566,-38.81322030496928
393,-398.20787419268254,-14.792433084486476,-202.98711363996594,-38.28114879004961
394,-204.48533640714894,-17.633024425300917,-203.43753221342826,-38.23066093784545
395,-524.8569721838749,-29.965761558883244,-205.5824892350037,-38.36314186583504
396,-404.36889746963317,-20.02523683388648,-209.0719832070918,-38.404141063461495
397,-472.667406546887,-42.0696343288048,-213.85548568297997,-38.65632492097071
398,-203.34979862239368,-16.77342462887887,-214.0997095663733,-38.67554478169688
399,-201.24862894975945,-16.415462457120583,-214.93920364683623,-38.65005515506786
400,-498.74096793163227,-17.910524003429252,-218.98674697541637,-38.392908706011056
401,-280.8233577736958,-40.06171978564222,-219.9274113635061,-38.58356047778626
402,-375.0531969767019,-47.360814523040524,-222.85386315064886,-38.75906155728079
403,-280.25989927732667,-17.8843158915785,-223.35027047378813,-38.801128523210984
404,-365.69143833552005,-19.118296254116704,-224.83512176414663,-38.76406167293041
405,-198.0486709924254,-14.559264915615016,-224.2129265741219,-38.334535780367865
406,-109.56388450656573,-64.05704749386145,-223.5157447990811,-38.77848048858111
407,-491.7454293988006,-15.851723623197167,-226.8622027478355,-38.34109132574129
408,-381.17530496330943,-16.427537359199835,-229.16618673399068,-38.34948853801849
409,-124.25064470918403,-17.07596974727104,-228.31872088041789,-38.35238308741783
410,-133.04083620907946,-17.357047277327297,-227.31791937472894,-38.36851934279048
411,-170.2323329936524,-23.215645935676587,-226.34973108374652,-38.44575907378799
412,-243.9311073939193,-75.20820228650689,-227.726403474024,-39.031855779757834
413,-588.2539092911146,-12.014664103256168,-232.47317561142378,-38.38636325407514
414,-227.90586956077618,-103.78117170264105,-233.38054352973663,-39.21234254644387
415,-300.0025995123243,-25.482584916730524,-233.5032412729612,-39.30606405458257
416,-167.34037960046962,-127.53308731686252,-234.4029193030912,-39.920255743340526
417,-300.16820478407016,-60.4639102087728,-235.50178365714441,-39.8848458936276
418,-215.8239714699668,-54.619619941638064,-235.85949866377956,-39.877952621328596
419,-456.71435530490913,-25.559422777239085,-239.51671341853,-39.95235140939066
420,-492.1527037664089,-69.60511562720501,-242.71078227545055,-39.82087240257576
421,-165.57801026156565,-17.358387526098742,-241.88859381401326,-39.82490110555769
422,-187.7180856450969,-13.777225161589888,-242.23924470560203,-39.71702432848489
423,-358.09942891550173,-18.740989906190354,-244.2594329675067,-39.71881256576559
424,-315.61010162882735,-24.603966794556055,-245.12757959093884,-39.77617328809987
425,-148.8366769364613,-77.63070607542461,-243.94321273113184,-40.01162374889157
426,-97.63507975000701,-50.060534889879506,-244.5335595216355,-39.81800908424336
427,-208.72684078296805,-31.288216848999706,-245.16803430571971,-39.40338469304338
428,-233.1600591550029,-31.368874325902407,-246.8530028083076,-39.554517347490425
429,-140.19983438855238,-18.448384584417816,-245.54946431808915,-39.49898113113822
430,-215.4517965971715,-28.82173100095371,-245.4651428854469,-39.60338996364709
431,-254.05387715479117,-12.892447401114957,-247.38001546225036,-39.0460501462941
432,-418.9434710990046,-19.875170196869288,-250.3204488545442,-38.85551852731659
433,-323.6052808712209,-33.80943335517865,-251.89693255269208,-38.90748494104936
434,-326.8090505318576,-16.758926448562267,-253.18650035529592,-38.81467297447797
435,-251.32876955763288,-23.23929432651753,-255.98697797380984,-38.78449892090519
436,-129.61393772364494,-75.65842136743109,-255.7795689445812,-38.8943301831724
437,-275.0292680752238,-60.04532399548547,-256.43465598607094,-39.18990603675426
438,-225.45641590525486,-13.233517786735742,-257.5608803043951,-39.11461038165418
439,-280.64002143067574,-45.345289499952464,-258.35008008700004,-38.6976258241955
440,-245.76437905096958,-14.621233016610267,-259.32787783589015,-38.68689896935491
441,-200.67076540318996,-102.53411085489842,-259.8710580872063,-38.635231161134584
442,-122.82093836018107,-51.80368792542276,-259.5322801197654,-38.7915238214234
443,-194.61660022633438,-28.177632603873974,-260.23998351819336,-38.82944320857628
444,-113.29371909516568,-118.29769190201534,-259.4727080173577,-39.44313452803522
445,-369.25361197516855,-11.361534529234302,-262.43726904105165,-39.33366958811295
446,-186.20367999734205,-46.03842967394534,-262.80473696367966,-39.26301806962085
447,-178.02580655948626,-75.6575146427427,-263.09871569503497,-39.32111238615935
448,-332.9182452933046,-48.76028793766998,-265.5272513561652,-39.64679957833728
449,-92.96755301918567,-17.937076154034433,-264.30191948055784,-39.573475777506204
450,-236.60001090625124,-65.74545093398525,-264.2514778587191,-39.6535438106143
451,7.133474111545827,-46.9913867592725,-263.0521607326567,-39.54788119983804
452,-265.9554318102294,-29.23989741911105,-263.273561055489,-39.65749577839213
453,-220.05324483192013,-17.350065282180754,-260.8368384821726,-39.06140916124586
454,-108.48003542624005,-18.648992460369993,-261.0976968170544,-38.676160896910446
455,-198.03277604964316,-65.09712152340215,-258.96646965512315,-39.16441005062975
456,-111.25569729036356,-71.69818280399262,-257.54536109493534,-39.26269797490444
457,-69.4290420320055,-12.360409028467226,-257.0400210536747,-39.23629290217208
458,-163.30525889794987,-75.85275624609294,-256.57289050040936,-38.56977476063158
459,-8.549602835501398,-22.283985345345414,-254.83476131855346,-38.01398685242286
460,-192.4526543954134,-63.18269382873442,-255.48821066024132,-37.72077596385008
461,-228.33617122957847,-52.85498069572373,-256.18069196077465,-37.9600322784161
462,-306.2170797500693,-19.589055216434947,-259.05073715538055,-37.038220238910995
463,-138.6804266647292,-73.52517835359376,-258.0043334607233,-37.598560689601634
464,-140.28603003971892,-61.03576486375374,-256.34796958800473,-38.02682757042059
465,-124.02790811443597,-30.05513957043818,-255.15361413179875,-37.69592222201487
466,17.73265386202042,-17.003465677443597,-252.95653794905704,-37.67628160355564
467,-122.32113224996513,-20.13585775929154,-250.9725884010843,-37.70423754959229
468,-65.14894882390392,-25.173428642774972,-247.3739989590021,-37.49158780241512
469,-149.25531462773708,-16.951520558703706,-244.70498439270048,-37.045045248229194
470,-151.13955490758687,-18.842136733983732,-243.20037918919914,-37.076366607071066
471,-113.11965659405342,-47.13905974315637,-242.90371480129846,-36.872622032146126
472,-181.91049692909417,-18.129040219570307,-240.56531962402434,-36.88768735109647
473,-32.4875720718704,-19.798048403374388,-238.70118000945794,-36.9490546493154
474,-155.57585677714266,-35.56578316012458,-236.43101643992364,-36.51667304447823
475,-161.72170343308198,-25.995366899507047,-235.76301605197702,-36.62136431686383
476,-72.14084917737912,-27.36076166388254,-232.83147877997678,-35.96535867416122
477,28.2569754379659,-19.63037159421356,-230.6149049877925,-35.95189203986961
478,-147.29791745672557,-15.812457768919378,-231.05428360887174,-35.94554859069835
479,-213.2605493694966,-51.407481943524886,-228.79971297362243,-36.238001023515515
480,-197.242066710184,-18.90825600703718,-227.53708321201364,-36.30063091965844
481,-51.94436897902226,-19.308424292491026,-223.125794568946,-36.367500813592
482,27.055573232564512,-18.84268833441756,-218.81555224603738,-36.3241504500791
483,-170.62188496433686,-26.68413360498377,-217.77098292160233,-36.39587284792405
484,-111.89717862579458,-48.20221354099163,-217.46974292249243,-36.706489667221845
485,-149.70464077153184,-19.609429351902754,-215.97294675401116,-36.70386671423232
486,-361.21307939233486,-26.28406377124903,-216.8530162432134,-36.79706417402382
487,-239.7130713835759,-29.738044838673304,-216.11607608911623,-36.50033579706264
488,-75.4459953483829,-61.02667794859096,-214.03687089322838,-36.9464915001445
489,6.878675728210604,-18.492749947354472,-212.24515162584586,-35.843666494450645
490,-245.28003228677272,-76.00021992813421,-213.5323064398983,-36.26819171642078
491,-97.87614473556076,-14.843879817852468,-213.4343325884531,-36.26191803712326
492,-123.0568169616639,-26.012964824294336,-212.17114134993957,-36.393782910478194
493,-157.58136733266008,-95.362347071091,-209.76487628133938,-37.19948205034424
494,-375.36647153621425,-64.09114109090642,-211.47368763263003,-37.66406321700029
495,-403.9367699631153,-13.520446344954086,-210.26448561042247,-37.499610064860995
496,-60.313868683358315,-26.141641372197984,-206.82393532255966,-37.56077411024411
497,-110.10284043232616,-18.89706710270699,-203.1982896614141,-37.32904843798313
498,-35.32319763399924,-19.259010463231117,-201.51802365153017,-37.353904296326654
499,-360.8777580443752,-54.112744398817476,-203.1143149424763,-37.730877115743624
500,-227.706554624826,-21.71579291498048,-200.40397080940826,-37.76892980485914
501,-253.53916533388676,-15.046750512577749,-200.13112888501016,-37.51878011212849
502,-325.72867869432685,-58.373460197492,-199.6378837021864,-37.628906568873
503,-194.16280035914625,-20.549273508072993,-198.7769127130046,-37.65555614503795
504,-271.139052389874,-65.41092146411515,-197.83138885354813,-38.11848239713794
505,-117.81880650964564,-17.836096169722122,-197.02909020872033,-38.15125070967901
506,-100.08277150682133,-15.977445633823326,-196.93427907872288,-37.67045469107863
507,-363.75928273787633,-16.104166155348516,-195.65441761211366,-37.67297911640014
508,-89.46092659164441,-34.11531386585751,-192.73727382839704,-37.84985688146672
509,-366.0680906123129,-11.470269556521806,-195.1554482874283,-37.79379987955923
510,-115.61696808495292,-20.975191123591344,-194.98120960618704,-37.829981318021865
511,-203.8203725913377,-73.72110561904034,-195.31709000216387,-38.33503591485551
512,-253.52416391532694,-15.771494802341573,-195.41302056737794,-37.74066884001385
513,-236.80883783073523,-77.94070380269862,-191.8985698527742,-38.39992923700828
514,-254.6867391208757,-80.62271881961752,-192.16637854837518,-38.16834470817805
515,-213.1237666888113,-20.240171704110796,-191.29759022014005,-38.11592057605185
516,-112.17193371737952,-14.448134759730795,-190.74590576130916,-36.98507105048052
517,-51.46195261432504,-17.13434897847806,-188.2588432396117,-36.55177543817757
518,-83.66473785736197,-73.27738241619363,-186.93725090348565,-36.73835306292313
519,-174.17842711525364,-62.816276308158805,-184.11189162158908,-37.11092159823233
520,-212.262490302515,-12.823831222841301,-181.31298948695016,-36.543108754188694
521,-108.9514979460081,-19.78364913820824,-180.74672436379456,-36.5673613703098
522,-157.01298625031046,-15.276011587338338,-180.4396733698467,-36.582349234567275
523,-202.2516618364379,-101.1219946191863,-178.88119569905606,-37.406159281697235
524,-75.18533236823019,-22.114302886478946,-176.47694800645013,-37.38126264261646
525,15.285213436602765,-32.2124656651062,-174.83572910271948,-36.92708023851328
526,-165.29902749165677,-22.1346554063521,-175.51236858013596,-36.647821443678005
527,-180.92176296831184,-20.406003443375393,-175.2343178019894,-36.53899930962176
528,-174.28236176098807,-45.386549266209634,-174.64554082804923,-36.67917605902483
529,-179.73642690315688,-15.659096412603388,-175.04090675319526,-36.65128317730669
530,-202.4094610208116,-16.439748352590826,-174.91048339743168,-36.52746335082306
531,-255.58928350616856,-12.797075244227983,-174.92583746094544,-36.52650962925419
532,-299.50215842011244,-26.204911233328406,-173.73142433415651,-36.58980703961878
533,-140.17652776562548,-15.658977625324713,-171.89713680310058,-36.408302482320245
534,-229.67837786820095,-18.137050280186987,-170.925830076464,-36.422083720636486
535,-132.44321082859335,-15.9949073667277,-169.7369744891736,-36.349639851038596
536,-196.7742221683683,-14.009315846232672,-170.40857733362085,-35.73314879582661
537,-244.35223221119844,-146.6535114475726,-170.1018069749806,-36.59923067034748
538,-217.77349937780244,-27.376100916627426,-170.0249778097061,-36.74065650164639
539,-192.4160097241417,-27.14267970780821,-169.1427376926407,-36.55863040372495
540,-141.48996032151092,-18.113815424936096,-168.09999350534613,-36.59355622780821
541,-151.54924864554096,-27.239128444820302,-167.60877833776965,-35.84060640370743
542,-144.2953040639964,-20.77575334140094,-167.8235219948078,-35.53032705786721
543,-130.29138998055896,-76.53833028557071,-167.18026989235005,-36.01393403468418
544,-137.3142421663781,-18.689531748347566,-167.42047512306218,-35.01785243314751
545,-184.39718736693908,-29.365900127261497,-165.5719108769799,-35.19789608912778
546,-193.44317208643955,-22.251256918203136,-165.64430579787086,-34.960024361570355
547,-88.0751128812573,-24.496854950139827,-164.74479886108855,-34.448417764644326
548,-118.05001542405988,-35.44215343176824,-162.5961165623961,-34.315236419585304
549,-191.9197820574908,-21.394036157737187,-163.58563885277914,-34.34980601962233
550,-308.2521010993799,-58.4097471325584,-164.30215975471043,-34.27644898160806
551,-195.3837521509427,-80.76408572868671,-166.32733201733532,-34.61417597130221
552,-260.7913389532622,-26.186310055197513,-166.27569108876565,-34.58364009766308
553,-192.3577367870918,-18.610560123036098,-165.99873600831737,-34.59624504607163
554,-455.64215465282894,-12.255649872505748,-169.47035720058327,-34.53231162019299
555,-212.28465573343865,-82.78230277718328,-169.6128759974212,-34.7091634327308
556,-182.08864963315276,-34.07030192509572,-170.3212055208491,-34.33288462394183
557,-242.04449593895032,-73.85532417689272,-172.04736005991856,-34.94783377542608
558,-210.32840562060352,-21.453661397582113,-172.5175915271451,-34.40384282694097
559,-311.2247199375448,-13.604873523105221,-175.54434269816554,-34.317051708718566
560,-217.16669705282487,-51.69229171379343,-175.79148312473964,-34.20214768756916
561,-135.81783982282022,-30.565225817136753,-174.86629981067207,-33.979250138783286
562,-138.81932141459447,-19.899368449620862,-173.19232222731733,-33.982353271115144
563,-375.80902668913996,-58.94686073923704,-175.56360822756145,-33.83657009497158
564,-284.5919064530835,-14.31061897546892,-177.0066669916951,-33.36931863608873
565,-166.84143436998858,-58.20318636403923,-177.43480225425063,-33.65079910402474
566,-259.5811766559045,-63.204890401720654,-180.20794055942986,-34.11281335126751
567,-257.4787579003456,-100.60045891943673,-181.5595168159337,-34.91745936286897
568,-180.4372566140453,-66.84939556731602,-182.71239989383508,-35.33421903211438
569,-84.66929343094556,-17.602315915030456,-182.06653968186717,-35.34072698567765
570,-156.40453028960823,-19.70562013848425,-182.1191894356874,-35.34936181972265
571,-339.9696718824523,-16.52399962108772,-184.38768958857136,-35.043211218501966
572,-198.88548722207562,-22.937412215156414,-184.55743949150119,-35.09129493845782
573,-127.07639671127335,-18.498386214634802,-185.5033277378952,-35.07829831657042
574,-324.323676126394,-18.833344975475534,-187.19080593138773,-34.910973934723934
575,-146.451227507614,-15.10722753186429,-187.03810117213308,-34.80209254104751
576,-103.14845097528797,-76.00690909229004,-187.34817719011215,-35.28855401533158
577,-182.68716543401803,-14.535429964041063,-189.45761859883197,-35.23760459902985
578,-103.11858761617363,-21.88960430900946,-189.01582530042646,-35.29837606443075
579,-130.44151884437096,-17.47461028521921,-188.18763499517516,-34.959047347847694
580,-264.85336956089355,-19.292679750156946,-188.86374802368223,-34.962891585278896
581,-237.17441477725765,-17.265562190243394,-190.7160484816646,-34.94246296425643
582,-106.27504315517761,-25.006716594405425,-192.04935464554202,-35.0041032468563
583,-160.33995454929908,-32.22972123157406,-191.94653534139167,-35.059559123122206
584,-89.80830875926262,-17.42794544607987,-191.72564664272636,-34.751816442173094
585,-201.00231862428575,-17.786077831899533,-192.2386234212539,-34.73358292697306
586,-158.05825526129505,-106.23770584677294,-190.2070751799435,-35.5331193477283
587,-154.74925449729585,-62.40687579526768,-189.3574370110807,-35.85980765729424
588,-400.4732537900023,-13.099735759497651,-192.60770959549689,-35.38053823540331
589,-146.8466445080695,-17.995125428508906,-194.1449627978597,-35.375561990214855
590,-39.879205166927356,-19.774931736522024,-192.09095452666125,-34.81330910829873
591,-105.50414682320807,-17.583921555853824,-192.1672345475377,-34.84070952567875
592,-121.59830576383834,-19.487211326177835,-192.15264943555945,-34.775451990697576
593,-104.08067144129292,-44.682124562146605,-191.61764247664576,-34.26864976560814
594,-168.95601126628785,-18.8177732014751,-189.5535378739465,-33.81591608671383
595,-189.82543943717064,-47.422902283201786,-187.4124245686871,-34.15494064609629
596,-268.398793048375,-17.570437347623447,-189.49327381233724,-34.069228605850554
597,-167.85846566913756,-25.404227616128203,-190.0708300647054,-34.13430021098477
598,-225.9959648901978,-13.677110488671678,-191.97755773726735,-34.07848121123917
599,-179.64324260687886,-18.431961953660565,-190.16521258289234,-33.7216733867876
600,-98.99459733706556,-22.242567065405595,-188.87809301001474,-33.72694112829185
601,-335.8483658082871,-62.7836612576093,-189.70118501475872,-34.20431023574216
602,-283.30788655401943,-19.139874225634255,-189.27697709335567,-33.811974376023585
603,-129.69260710566732,-14.574730000441118,-188.6322751608209,-33.75222894094726
604,-121.98624214398025,-16.8577277698985,-187.14074705836197,-33.2666970040051
605,-117.36812367813285,-21.41798096869034,-187.13624023004684,-33.302515851994784
606,-149.00884626106412,-65.06105369604859,-187.6255009775893,-33.79335193261704
607,-553.6864418590194,-11.250494558180467,-189.52477256880073,-33.74481521664536
608,-91.4432654582619,-24.468294054762218,-189.5445959574669,-33.6483450185344
609,-162.89205956294737,-18.512096797719256,-187.51283564697323,-33.71876329094638
610,-89.2343426042886,-99.87743125768142,-187.24900939216658,-34.50778569228728
611,-206.77791527963862,-26.816262121188835,-187.2785848190496,-34.03873725730876
612,-144.0911059153838,-17.28525762959081,-186.18425423905018,-34.05387488558126
613,-227.663804044977,-19.245029435007382,-186.0928039011926,-33.466918141904344
614,-309.8124547864318,-20.39813943611044,-186.64406105784818,-32.86467234806928
615,-57.0660938564569,-25.59212094542881,-185.08348432952462,-32.91819184048246
616,-355.14007790899825,-13.639776511142056,-187.51316577144084,-32.91010825799657
617,-274.63047555145545,-17.02452755689027,-189.7448510008121,-32.90901004378069
618,-237.9925567376754,-13.996414531312926,-191.28812918961523,-32.31620036493188
619,-207.79991615359472,-21.455551076353387,-191.62434407999865,-31.902593112613832
620,-146.51192348987956,-98.98739722460128,-190.96683841187226,-32.764228772631434
621,-293.98881315803305,-47.91501407088539,-192.81721156399252,-33.0455424219582
622,-72.20423756724657,-49.65372639126529,-191.96912407716187,-33.38931956999747
623,-132.44377503353587,-19.06869042173589,-191.27104520913286,-32.56878652802296
624,-117.93006298823812,-69.55115650165503,-191.69849251533293,-33.04315506417473
625,-190.09203769194247,-70.03742938120979,-193.7522650266184,-33.42140470133577
626,-123.54133559697942,-58.845739936956406,-193.33468810767164,-33.788515546641804
627,-234.644333986388,-15.168172511592282,-193.8719138178524,-33.73613723732397
628,-134.1248634777036,-14.253530488012142,-193.47033883501953,-33.424807049542
629,-141.3452760082362,-18.69515122509443,-193.0864273260703,-33.45516759766691
630,-141.95401636894434,-15.553546653954832,-192.48187287955164,-33.446305580680544
631,-32.585583351232636,-70.8537204851405,-190.25183587800228,-34.02687203308967
632,-298.3407483717533,-20.099153823678286,-190.2402217775187,-33.96581445899317
633,-90.90941350352657,-17.51205658185459,-189.74755063489775,-33.98434524855847
634,-175.65478569696802,-28.402765513890916,-189.20731471318544,-34.08700240089551
635,-79.39147608129214,-62.677402647915166,-188.67679736571242,-34.55382735370739
636,-252.1940819816651,-15.61549907960609,-189.23099596384537,-34.569889186041124
637,-153.19728031242894,-49.530574353088205,-188.31944644485768,-33.598659815096276
638,-142.0813585379597,-92.85598563092279,-187.56252503645922,-34.25345866223923
639,-138.349148852965,-65.46831008444067,-187.02185642774745,-34.63671496600556
640,-138.65241347976436,-22.747833395931707,-186.99348095933,-34.68305514571552
641,-148.23628431689383,-25.928844789200348,-186.96035131604353,-34.669952309159314
642,-110.20269953736695,-24.768117550181145,-186.6194252707772,-34.70987595124711
643,-82.57235287286777,-22.093258951982314,-186.1422348997003,-34.165425237911236
644,-261.3612141166509,-34.18569431580826,-187.38270461920303,-34.32038686358584
645,-93.89459895840639,-52.5710818092109,-186.4776787351177,-34.55243868040533
646,-206.28834030856564,-21.89998901429693,-186.60613041733896,-34.54892600136627
647,-87.82409104213885,-20.628235154981134,-186.6036201989478,-34.51023980341468
648,-37.526574225314,-23.382248616661457,-185.79838578696032,-34.38964075526361
649,-175.10764497059697,-17.055476515857972,-185.63026441609142,-34.34625515884482
650,-130.7039689283106,-114.14820863779313,-183.85478309438074,-34.90363977389717
651,-158.3820332613711,-68.84741785099028,-183.48476590548498,-34.784473095120205
652,-185.3623799507063,-18.043078393852,-182.7304763154594,-34.70304077850675
653,-143.05972693170852,-16.797927799307438,-182.23749621690558,-34.684914455269464
654,-201.94672889776666,-14.087820745853389,-179.70054195935495,-34.70323616400294
655,-94.01224086789922,-20.69832456448178,-178.51781781069957,-34.08239638187593
656,-191.2851072408889,-17.016286512327515,-178.60978238677694,-33.911856227748245
657,-234.49774740119102,-18.279743305739924,-178.53431490139934,-33.35610041903672
658,-188.94677909874972,-88.70889472181098,-178.32049863618082,-34.02865275227901
659,-126.55878478687985,-18.39735204653883,-176.47383928467417,-34.07657753751334
660,-150.2373181352937,-78.74738502093307,-175.80454549549884,-34.347128470584735
661,-60.425884763383976,-18.528624609558783,-175.05062594490448,-34.22676245850895
662,-122.7702582432384,-23.711152274993225,-174.89013531319094,-34.264880296762676
663,-116.35537850409438,-56.777091946856025,-172.29559883134044,-34.243182608838865
664,-155.93424058757205,-25.004666850648757,-171.00902217268538,-34.35012308759067
665,-192.70808853332557,-28.108345995365152,-171.26768871431872,-34.04917468390392
666,-166.08615683160298,-20.711195390832103,-170.3327385160757,-33.624237733795034
667,-134.0342108108111,-62.921710501173415,-169.09829304518036,-33.247450249612406
668,-141.23231752787518,-63.67627927607279,-168.70624365431865,-33.21571908669998
669,-144.72254977400138,-62.16783684433973,-169.30677621774922,-33.66137429599306
670,-201.1548890849712,-29.542722526811144,-169.75427980570285,-33.75974531987634
671,-168.04723465457812,-23.700830619553482,-168.0350554334241,-33.831513629861
672,-61.022901742726745,-29.141012681609592,-166.65642957863062,-33.89354963452553
673,-96.08766759379353,-60.683750056508536,-166.3465422874558,-34.315403272944266
674,-76.57706191227425,-85.50285881111694,-163.8690761453146,-34.982098411300676
675,-364.5959949852969,-95.53634541110301,-166.05052382009146,-35.78638959009306
676,-143.24930467386795,-14.050025462769032,-166.45153235707724,-35.16682075379786
677,-106.36838018669258,-17.950329517348102,-165.68834450460398,-35.20096974933093
678,-196.55692236143125,-16.22097550809898,-166.62272785205656,-35.14428346132182
679,-46.03566353263045,-24.519335605523437,-165.77866929893915,-35.214730714524855
680,-63.003516396972195,-23.455531392706494,-163.76017076729994,-35.25635923095035
681,-83.20963030923421,-24.669633636255018,-162.2205229226197,-35.33039994541047
682,-97.82158041263241,-51.44178200847314,-162.13598829519424,-35.59475059955115
683,-157.99522827710027,-18.16558834967036,-162.11254103247225,-35.45410927073211
684,-83.63933195140658,-35.11696704582141,-162.05085126439369,-35.63099948672953
685,-232.78577250545547,-16.23694033537155,-162.36868580320538,-35.61550811176425
686,-386.9449688347888,-16.381761493806493,-164.6575529389403,-34.716948668234586
687,-126.9081186330736,-21.111059753135393,-164.37914158029812,-34.30399050781326
688,-144.0717007363239,-19.388736859928745,-161.81512604976132,-34.366880518817574
689,-159.2080679409813,-18.40978959688838,-161.93874028409044,-34.37102716050136
690,-251.74641435758434,-25.378072527020127,-164.05741237599705,-34.427058568406345
691,-252.6653008739967,-24.5640438910066,-165.5290239165049,-34.49685979175788
692,-167.45060172148362,-40.010463757064386,-165.98754687608135,-34.70209231606674
693,-220.96690938976835,-102.28552559184634,-167.1564092555661,-35.27812632636374
694,-176.2629884796247,-16.040199819211402,-167.22947902769945,-35.2503505925411
695,-271.06074890804075,-18.726215355541793,-168.04183212240818,-34.963383723264506
696,-78.59706081428529,-18.274118799973223,-166.14381480006728,-34.970420537787994
697,-119.88913578889496,-62.73990966140912,-165.66412150126487,-35.34377735824081
698,-206.16489482013276,-32.20732076767267,-165.46581080056424,-35.52907946103081
699,-185.67460387781742,-41.8892044072313,-165.5261244132736,-35.763651885566524
700,-393.89565970989406,-13.345340374919646,-168.4751350370019,-35.67467961866166
701,-304.02601115137094,-15.304178711389454,-168.15691149043275,-35.19988479319946
702,-105.67233235965384,-30.850584663476344,-166.38055594848908,-35.316991897577886
703,-246.02084965374286,-16.302458819672726,-167.54383837396983,-35.334269185770204
704,-158.86044071375804,-25.783431605997123,-167.91258035966763,-35.423526224131194
705,-113.50074321925034,-59.98862672020598,-167.87390655507878,-35.80923268164635
706,-354.8462678756988,-37.170202411828946,-169.93228077122512,-35.53032416880416
707,-89.52504013805861,-85.00582120286053,-165.29066675401555,-36.26787743525096
708,-71.81296514754968,-23.578751825327025,-165.0943637509084,-36.2589820129566
709,-92.857882166792,-17.02926291685227,-164.39402197694682,-36.24415367414793
710,-38.150344040305455,-39.309870343541895,-163.88318199130703,-35.63847806500654
711,-115.17319017820459,-67.080676220519,-162.9671347402927,-36.041122205999834
712,-133.42472909384594,-19.083265775818496,-162.8604709720773,-36.05910228746212
713,-190.3030066504685,-73.25391019475364,-162.48686299813227,-36.59919109505958
714,-227.5927919387258,-16.0683257342432,-161.6646663696552,-36.555892958040914
715,-39.286107421097654,-18.15240726039628,-161.4868665053016,-36.48149582119059
716,-67.11913515008698,-19.971312917303134,-158.60665707771247,-36.5448111852522
717,-179.479285464057,-19.66417395247619,-157.65514517683852,-36.571207649208056
718,-203.71923569032012,-64.89037424458161,-157.31241196636495,-37.08014724634074
719,-227.8058248644858,-39.92279844944878,-157.5124710534739,-37.26481972007169
720,-94.20174508973383,-17.934194583696225,-156.9893692694724,-36.454287693662636
721,-144.60526689409136,-19.001581845269865,-155.49553380683298,-36.16515337140648
722,-51.75645751344118,-15.436995590747475,-155.29105600629492,-35.82298606340131
723,-335.21784405627733,-64.2452156385973,-157.3187966965223,-36.27475131556992
724,-2.9524545637326254,-20.086017573753438,-156.16902061227725,-35.7800999262909
725,-232.2147190120925,-23.99445689411059,-156.59024742547874,-35.31967020141991
726,-5.024161078659583,-19.84349417786949,-155.40507568029557,-34.92964774382904
727,-55.170013442177215,-15.75674347160162,-153.61033247485344,-34.93553345342913
728,-63.39408558017934,-17.539112770021074,-152.9030246958782,-34.968389276249226
729,-90.34277468736366,-23.05558916939313,-152.39299968266948,-35.01199365569221
730,-192.71091124225472,-22.222045261399035,-152.9005686314026,-35.07867864176665
731,-7.72933394762129,-16.92196867777397,-152.6520061373665,-34.539361123692984
732,-184.2089020068301,-30.22571364655656,-151.51068767371723,-34.64062672192177
733,-66.37198633562001,-19.882550011669604,-151.26531340203817,-34.664331656219915
734,-33.66731562442841,-69.49629090041,-149.84543870131276,-35.075266910085105
735,-359.1719293742558,-69.38101919445725,-152.6432432342424,-35.14230307555053
736,-277.59770661578455,-24.6325550836872,-152.8972794805836,-35.23247363559134
737,-82.88269767512972,-27.76805179819085,-152.1941336542106,-35.01484841004236
738,-145.7608001002761,-19.943763126137483,-152.2309280698338,-34.28572618499451
739,-104.55321504469039,-17.39723546365913,-151.89296873175104,-33.8050154387867
740,-191.9693433369393,-18.659299558146333,-152.4261380303228,-33.76413010040885
741,-51.68072464957375,-26.288103597522618,-151.46058243364962,-33.76772268849207
742,-159.30313692387185,-16.006897793906806,-151.95158680751467,-33.68011049092933
743,-114.45171301944588,-107.21444364146458,-152.27038040898043,-34.53132233782416
744,-362.54003355688224,-17.82843462728208,-153.28216860338276,-34.36774974093889
745,-69.87052606695273,-63.544447579765304,-153.04192787446823,-34.47748339864443
746,-245.6125491296878,-71.05122543793709,-153.43516996267942,-34.96899576288084
747,-280.73802904897593,-23.759312896136777,-155.3643093427478,-35.00030654029239
748,-209.58383149640957,-29.316372667831086,-157.08488191545874,-35.059647780804085
749,-85.19633656553859,-41.604488526529664,-156.18576883140815,-35.3051379009108
750,-287.05575145083156,-18.14524043774138,-157.74928665663336,-34.34510821891028
751,-120.16132930844618,-91.58221618905216,-157.3670796171041,-34.57245620229091
752,-127.93594080679728,-18.139436129889557,-156.792815225665,-34.57341977965128
753,-121.95032470896994,-55.301708996775204,-156.5817212034376,-34.958457591625965
754,-173.35328761481193,-57.351594754364626,-156.29578679060808,-35.39109533171108
755,-263.92859275361167,-29.717635158372115,-157.99495030946522,-35.48128843764997
756,-267.8406649490179,-20.860262887740067,-158.76050588654653,-35.51972820140411
757,-41.10554521979796,-17.304205880276875,-156.82658386473258,-35.509972827149475
758,-215.71914621697084,-25.78153088340492,-157.0943075359148,-34.88069918876541
759,-209.46495089098636,-27.83838606215023,-157.92336919695586,-34.97510952892152
760,-250.23975708474183,-39.69499574020148,-158.92339358645035,-34.584585636114205
761,-200.0102048818324,-16.809057101774332,-160.31923678763482,-34.56738996103636
762,-152.96398896490862,-84.1960793701883,-160.6211740948515,-35.17223923198831
763,-278.15922614583906,-52.96444042496061,-162.23921257126898,-35.13411271676936
764,-92.53644662471041,-30.97164959320314,-161.60523463164037,-35.1937825441949
765,-132.08128997433596,-17.90494228853398,-160.9989666460505,-35.091748507126596
766,-227.39271465262632,-21.232392106284244,-161.61203222426076,-35.09696047428112
767,-163.20422554275703,-17.125963250056454,-161.9037323715802,-34.63900300176994
768,-201.04877440548285,-15.754349465571378,-162.50189694035626,-34.15978370366493
769,-124.30523295596554,-20.386331976706934,-162.29772377217589,-33.74196865498859
770,-230.21035854478333,-16.657442766496917,-162.588278466774,-33.61311585738545
771,-179.78438880076928,-21.789077866827462,-162.70565000823592,-33.593998329858195
772,-96.44525454109713,-49.29333095368117,-163.0598735362196,-33.795521512578915
773,-81.30807496678038,-17.58277522726288,-162.91207760994948,-33.364511764286455
774,-278.66326136320606,-24.439589481762475,-164.9329396044588,-32.75387907099291
775,-238.46447637118172,-40.822089575438184,-163.67162441831763,-32.20673651263627
776,-108.37321113780101,-18.82915249709071,-163.32286348295693,-32.25452778297948
777,-88.72111991618156,-137.14397473784877,-163.14639088025183,-33.44646423518449
778,-166.2129525761797,-42.09668834033987,-162.84295118239933,-33.7052213635069
779,-323.98634067505543,-19.64853751855408,-165.62245795382358,-33.6565133826372
780,-100.10128942315734,-20.856573916989017,-165.99343568408543,-33.63052380788003
781,-181.35817747445617,-100.80597942048955,-166.97492115573766,-34.39188726572238
782,-221.13382896859804,-19.244945823965857,-168.2080436412973,-34.0699189038773
783,-143.38410618931331,-19.43863754351951,-168.06193242041942,-34.08264939581579
784,-151.40478485535678,-17.114586302659188,-168.73958694945892,-33.902625588384176
785,-120.0967510672519,-17.512005629737867,-167.6126967350769,-33.91537624132784
786,-130.9931801521007,-61.20773445299773,-165.05317884825,-34.36363597091976
787,-134.07100424157144,-35.5385963664827,-165.12480770433498,-34.50791133705323
788,-89.26731577816946,-37.45089721589504,-164.57676385475347,-34.68853294061289
789,-93.54848344096692,-22.605732478852413,-163.92016800975333,-34.730492369432525
790,-238.89987523421888,-36.981300175474985,-163.79170261851968,-34.84652464591707
791,-41.3983044976228,-22.511965850096075,-161.67903265475593,-34.82600386550797
792,-128.73075542681147,-72.04394422273363,-161.29183419180922,-35.14633867016466
793,-143.87171719552956,-18.83566117489958,-160.5208822698668,-34.31184002599519
794,-244.1037228772937,-16.561128535699403,-161.1992896138435,-34.31704931316007
795,-473.78257485470715,-15.271565519911398,-163.22650787331014,-34.28250281480377
796,-215.5113045394612,-18.371465170635474,-164.5956503105619,-34.28347627851039
797,-221.87856601637435,-24.028233199536807,-165.61554461283671,-33.89635951389167
798,-101.3492352810693,-25.786872530447745,-164.5673880174461,-33.83215503151941
799,-251.2569045633122,-17.744700828399505,-165.22321102430104,-33.590709995731096
800,-160.2455927264926,-48.66850171320994,-162.886710354467,-33.943941609114
801,-333.7606998953194,-19.12834760724422,-163.1840572419065,-33.98218329807255
802,-83.80885434146289,-24.61488977162937,-162.96542246172461,-33.91982634915408
803,7.703880985715865,-24.52340643462291,-160.42817515533002,-34.00203582530358
804,-246.9229485685507,-14.4688918799575,-161.30880023387795,-33.88889042804318
805,-75.36050417883145,-18.62035782776992,-160.92739784347376,-33.47520773911882
806,-126.40539769744984,-60.004216587489765,-158.64298914169126,-33.703547880875426
807,-202.04308120088103,-141.67374864727316,-159.7681695523195,-34.27022715531956
808,-308.48621626417145,-17.776663523329123,-162.13490206348573,-34.21220627229958
809,-101.45801382978088,-14.357530296713431,-162.2209033801156,-34.1854889460982
810,-96.93844514032439,-21.41033365737598,-162.8087843911158,-34.00649357923653
811,-88.71194046426258,-107.33399534069433,-162.54417189397637,-34.40902677043828
812,-154.65166273090077,-19.368027528262907,-162.75644123034692,-34.411874387962726
813,-62.23752468869084,-21.25965557400003,-161.47578641072914,-33.89193184175519
814,-216.70281790226028,-22.70941631886757,-161.36688667036447,-33.958342747601435
815,-156.5680822757107,-20.649123170199044,-162.53970641891064,-33.98330990669946
816,-138.23491955689292,-63.51944079170914,-163.2508642629787,-34.418791185443524
817,-144.37168007626462,-64.38436963199483,-162.89978820910073,-34.86599314223871
818,-376.7459728421433,-13.453838046068643,-164.630055580619,-34.35162778025358
819,-77.7971244369378,-16.722895128557344,-163.12996857634351,-34.119628747044665
820,-173.63536581085745,-27.824839759474415,-163.92430478355476,-34.21853519880245
821,-218.72272108960752,-17.814971596557097,-164.66547932550995,-34.20666909631533
822,-223.3908399336468,-18.429759754749515,-166.38182314971198,-34.23659673795535
823,-528.1866124554018,-12.482501199207869,-168.31151083370324,-33.718969593561454
824,-60.6325328295261,-38.975240263223256,-168.88831161636116,-33.907861820456155
825,-199.04515439563446,-55.99280964010649,-168.55661597019656,-34.227845347916116
826,-190.2314659417258,-21.223063791156296,-170.40868901882726,-34.241641044048976
827,-199.86516472114369,-23.19008238924093,-171.8556405316169,-34.315974433225364
828,-160.69217062943514,-18.956635954567524,-172.82862138210945,-34.33014966507083
829,-200.56952576357122,-26.892237275538893,-173.93088889287154,-34.368516146132286
830,-123.42491291662641,-96.63163487581683,-173.23802890961522,-35.11261204227647
831,-179.59551204558235,-68.06674458539815,-174.95669069059485,-35.624059801352715
832,-144.59917280682436,-22.298142193936567,-174.56059339859482,-35.54478408682652
833,-130.08926093363405,-32.88469720881746,-175.19776614457496,-35.674805558797985
834,-37.560516808079974,-13.273845283365771,-175.23669815641145,-35.112581102627544
835,-322.7027655290494,-49.943251637576466,-174.8720065179594,-34.918203427058735
836,-87.67688551847553,-98.35917012616657,-172.9727983069863,-35.65546957748353
837,-98.88033886655506,-16.8085277879891,-173.13277471890055,-35.54587433738151
838,-76.1773345228509,-15.344531158914082,-172.43694006312631,-35.499882017709275
839,-134.81511205710407,-37.068063569877204,-172.73955903325043,-35.69659029877146
840,-176.89556208741803,-19.19056675999114,-172.58882122075522,-35.70190297078991
841,-171.37346596879718,-18.227885318272385,-173.78574863394743,-35.621300787997406
842,-56.38496330395882,-28.228126473427274,-172.7565668977483,-35.74351307479261
843,-418.904716586928,-13.73032369091555,-175.80109693342314,-34.80867187528712
844,-168.62565545734793,-75.15505299713034,-173.8619531524278,-35.381938058985604
845,-424.8777144931346,-17.012411673281253,-177.4120250366896,-34.916617699920764
846,-210.1647206111502,-14.128556657393842,-177.05754675150422,-34.34739101211533
847,-101.60671164566561,-17.735212393281174,-175.26623357747116,-34.28715000708678
848,-131.16024923702045,-17.056344934782143,-174.48199775487726,-34.16454972975629
849,-104.22534794094605,-30.754150851414092,-174.67228786863132,-34.05604635300514
850,-110.88423490466224,-106.2256339760373,-172.91057270316963,-34.936850288388094
851,-103.81436693190187,-18.17657646958073,-172.74710307940418,-34.20279389119337
852,-105.98291377020965,-19.958798163535274,-172.5275728090383,-34.22098751152983
853,-138.79755582946717,-19.162626467130416,-172.6960451202433,-33.85959668623339
854,0.24909012236186867,-22.843532494499865,-170.96002134287158,-33.51451606363474
855,-101.61093627909916,-71.50794201187894,-169.33684477812645,-33.932419132169805
856,-174.33859685832047,-55.26135354036478,-168.40182409721945,-34.276430038696056
857,-40.43140996860784,-45.39254770317687,-168.39508274470754,-34.55731345692505
858,-175.4362730946725,-19.31670881886418,-167.99225401348454,-34.49266523627965
859,-150.45438733050912,-57.853133830301545,-167.40214837787977,-34.79281271396116
860,-87.74712768153077,-101.7670209963059,-165.77722208384765,-35.413532966522205
861,-73.14368253182805,-18.187454836231403,-164.5085568603476,-35.42731694386678
862,-63.7970070599802,-30.43613362565935,-163.61688704129833,-34.88971748642148
863,-359.77758848303876,-16.65248149409745,-164.43307066467034,-34.52659789711285
864,-109.57415186722494,-32.02600370887131,-164.6034477170955,-34.537141438269536
865,-138.97932147025384,-54.7255780271112,-164.67242803205468,-34.90534779565531
866,-68.21036023184979,-19.505552482131108,-163.0806044878469,-34.88807939941378
867,-110.8041740228046,-19.00234577813666,-162.5566039726474,-34.90684322469458
868,-1.123684116250022,-24.378969229326742,-160.55735306975507,-34.99308942233213
869,-197.7198546013606,-93.23100243475712,-161.29149928620902,-35.72153612691263
870,-269.11511753343495,-30.408105648966394,-161.68054687609552,-35.85904275573733
871,-151.5010995069145,-16.705641164742655,-161.39771398315693,-35.80820838871648
872,-386.5962509103112,-23.913619347697065,-164.29922394684905,-35.554411272656644
873,-68.07866613693183,-19.794506308405303,-164.1669298585506,-35.57652858346807
874,-47.772628439882965,-52.193196621488305,-161.8580235293174,-35.85406465486533
875,-148.31748528804613,-20.946707104182863,-160.95655361848605,-35.65531083015278
876,-90.55683978243503,-46.01338369709939,-160.7783899049324,-35.92715314215286
877,-113.9796970542055,-17.704352137597866,-161.03097567631264,-34.73275691615034
878,-168.65237043284426,-17.517606507619284,-161.05536985487925,-34.486966097823135
879,7.86220601810772,-138.9005184661962,-157.73688438794758,-35.679485907299565
880,-96.5305665157049,-22.388653171065986,-157.7011771588731,-35.69480669984033
881,-107.4849079066154,-109.76528158216072,-156.9624444631947,-35.784399721457035
882,-3.347524181928016,-18.696402877340844,-154.78458141532798,-35.77891429199079
883,-100.44609377264763,-20.15502431522754,-154.35520129116134,-35.78607815970787
884,-121.70789384218446,-61.63777907620605,-154.05823238102963,-36.23131008744333
885,-104.8947457440209,-15.131579467782752,-153.90621232779733,-36.20750582582379
886,-90.54484518334228,-25.03956634832522,-153.50172897810975,-35.84582414477706
887,-135.80309683902863,-57.80373684750561,-153.5190499040843,-36.06847554958729
888,-107.63391178615899,-88.90541682384566,-153.70271586416422,-36.5830207456668
889,-77.85827115736932,-21.558330233395722,-153.54581374132823,-36.57254672321223
890,-112.98361817163627,-16.761460605126526,-152.2866511707024,-36.37034832750875
891,-224.08765267392317,-17.73684277521251,-154.11354465246544,-36.322597096759914
892,-378.11160540693743,-17.02339584821388,-156.60735315226668,-35.77239161301471
893,-196.03304589442388,-19.62097469829972,-157.1289664392556,-35.78024474824871
894,-185.81612732938578,-44.95048431143363,-156.54609048377654,-36.06413830600605
895,-57.37501670472892,-16.05195776624688,-152.38201490227672,-36.0719422284694
896,-169.05809307838013,-42.39684395355746,-151.9174827876659,-36.31219601629863
897,-88.38853577019414,-19.84785994847893,-150.58258248520409,-36.27039228378805
898,-74.29512166938905,-22.893258823814143,-150.31204134908725,-36.241456146721724
899,-112.72806948734329,-61.016181463237444,-148.9267529983276,-36.6741709530701
900,-112.67778457517454,-19.598029423564274,-148.45107491681443,-36.38346623017365
901,-84.56736173418226,-17.6843615648243,-145.95914153520306,-36.369026369749456
902,-189.71282790180302,-14.449592980203727,-147.01818127080648,-36.267373401835194
903,-145.64459606831235,-18.06828287066429,-148.55166604134675,-36.2028221661956
904,-103.55633104636902,-22.072359441857227,-147.1179998661249,-36.2788568418146
905,-180.617423598132,-21.480631797082,-148.17056906031794,-36.30745958150772
906,-71.2847302961802,-19.228473698094064,-147.61936238630526,-35.899702152613756
907,-121.76696118587539,-16.41633243848183,-146.8166011861552,-34.64712799052584
908,-166.59725432865477,-106.18446980116316,-145.39771156680004,-35.53120605330418
909,-50.70113448287418,-18.392717462533408,-144.89014277333098,-35.57155792496238
910,-33.29105131175287,-24.67488257410458,-144.25366883504526,-35.604203414129664
911,-279.5845723327643,-22.42214360157314,-146.16239515373027,-34.75508489673846
912,-67.24568176499827,-29.809861554568467,-145.28833534407124,-34.85950323700151
913,-177.58391005148326,-23.57961236128484,-146.44179919769917,-34.88270280487436
914,-83.36456138514691,-56.859936103638276,-145.10841663252802,-35.22420800272207
915,-225.85222632172284,-16.555934389245884,-145.80125807298816,-35.18327611491254
916,-131.50809470656802,-16.47959233503366,-145.7339898244849,-34.712877630345794
917,-141.85403258036354,-39.226463557119004,-145.70881334952588,-34.46129856959703
918,-145.17189768960623,-40.21066671517374,-143.39307259800051,-34.72886685628808
919,-117.94802105584608,-34.57012100693821,-143.7945815641896,-34.907339115071885
920,-132.49709459075007,-18.125375942063705,-143.38319885198854,-34.81034447689777
921,-167.9594955408336,-21.950344357187458,-142.8755665965008,-34.851698204504075
922,-94.56763967002018,-19.499194889999114,-141.5873345938645,-34.86239255585657
923,-190.87287644561985,-83.19657876683917,-138.21419723376667,-35.56953333153289
924,-82.8068669548717,-26.56530634374783,-138.43594057502014,-35.44543399233813
925,-426.6237717841279,-13.123019186356528,-140.71172674890508,-35.01673608780064
926,-115.85810098521767,-58.387107208368406,-139.96799309934,-35.38837652197276
927,-195.57445802353476,-15.807182478342206,-139.9250860323639,-35.31454752286377
928,-134.04966564439974,-18.924234153637205,-139.65866098251357,-35.31422350485446
929,-114.21932561020647,-20.503478120760956,-138.79515898097992,-35.25033591330668
930,-284.9114528126871,-24.280228233993114,-140.41002437994055,-34.52682184688845
931,-89.50970651300725,-17.51028400712135,-139.5091663246148,-34.02125724110568
932,-386.4585773975467,-82.01784281180439,-141.927760370522,-34.618454247284355
933,-50.64787382603979,-17.889156392026774,-141.13334649944608,-34.46849883911645
934,-75.06531842793257,-23.765985076287286,-141.5083945156446,-34.57342023704567
935,-196.53139188136217,-17.570734427371523,-140.24668077916772,-34.24969506494362
936,-47.579199996989125,-17.324538841656874,-139.84570392395284,-33.439348752098525
937,-86.56487352542725,-56.88656963514569,-139.72254927054155,-33.840129170570094
938,13.326138028002097,-23.80698848678558,-138.827514545033,-33.92475374384881
939,-119.14046188229139,-24.184560346869915,-138.67076804328488,-33.79591871161873
940,-76.04436700020283,-17.516258225903872,-137.66225609241272,-33.77917562627786
941,-134.73127863077258,-22.960832707915674,-137.29583421903249,-33.826505100174295
942,-98.81311735621213,-18.886239785629293,-137.72011575955503,-33.73308623329631
943,-244.37834827326304,-17.77720998071177,-135.9748520764184,-33.77355509619427
944,-369.62387558983437,-17.37026517184802,-137.9848342777433,-33.19570721794144
945,-118.93403467318896,-15.479784079204627,-134.92539747954382,-33.18038094200068
946,-53.72315163188488,-66.61762326806736,-133.36098178975115,-33.70527160810742
947,-276.3432131790329,-28.745581670251653,-135.1083468050848,-33.81537530087713
948,-91.85979747754865,-68.57261699480796,-134.7153422874901,-34.330538021477395
949,4.953283401121935,-20.804450607665032,-133.62355597406943,-34.2310410190399
950,-381.9646310377866,-20.10929901993006,-136.33435993540067,-33.369877669478825
951,-144.62035956176976,-19.588405348346324,-136.74241986169935,-33.38399595826648
952,-207.25493060077235,-55.50185062388418,-137.75514003000495,-33.739426482869966
953,-41.01105486357206,-49.80238015703902,-136.77727502034602,-34.04582401976905
954,-123.03185928627957,-23.28570312414637,-138.01008451443244,-34.05024572606552
955,-159.7417167371352,-20.710756009899185,-138.5913923190128,-33.54227386604572
956,-94.42509754341842,-25.37143203169985,-137.7922573258638,-33.243374650959076
957,-184.42385288512284,-56.502468382159,-139.23218175502896,-33.35447385774889
958,-103.92431308809273,-17.73667698748805,-138.51706215496316,-33.33867353943513
959,-38.799726980397494,-21.49643219966183,-137.40051555146204,-32.97510652312873
960,-130.5886028533113,-66.37026149462103,-137.82893030317982,-32.62113892811188
961,-201.001313073255,-22.754534399947573,-139.10750660859406,-32.66680972374904
962,-121.4896831831506,-25.641535577583515,-139.68443336982577,-32.618863743268285
963,-566.0894826477647,-14.634227205268768,-141.74755231147307,-32.59868120037999
964,-110.99912148555708,-60.41501267131739,-141.76180200765637,-32.882571290004456
965,-71.4618550002339,-23.066677836825523,-141.08662734295618,-32.5659822881016
966,-72.09554864000378,-109.38608116343487,-141.12547922703774,-33.46478757491464
967,-128.04067483385884,-73.43115237326678,-141.29784423514823,-34.009075640865944
968,-367.9726729126781,-21.78441429203273,-144.96633412311252,-33.98313009149301
969,-102.81692142761428,-69.24736257497493,-144.01730479137504,-33.743293692895186
970,-165.37737179907398,-16.59137884172524,-142.97992733403146,-33.60512642482277
971,-96.31565693766181,-23.84870085103625,-142.42807290833895,-33.676557021685696
972,-39.00014306650632,-20.53852284288472,-138.95211182990087,-33.642806056637575
973,-92.71578933098645,-17.669016521584854,-139.19848306184142,-33.621551158769364
974,-12.595817649179049,-66.05811243413521,-138.8467149539344,-33.76020031689585
975,-97.77450015047738,-54.5002986977809,-138.34128510255871,-34.095736232831825
976,-236.85265057729833,-81.50480710812867,-139.80424321050737,-34.450650466942115
977,-95.85197264523052,-16.661405261562845,-139.62296596641758,-34.44022099818177
978,-63.29340065881185,-25.012304817183544,-138.5693762686773,-34.51516798127741
979,-224.88750979543036,-30.685109084328495,-140.89687342681268,-33.43301388745874
980,-117.21369794122923,-27.539336241347005,-141.10370474106793,-33.48452071816155
981,-208.17937144287995,-141.2820294651947,-142.1106493764306,-33.79968819699188
982,-132.4464126156689,-32.50723990912287,-143.40163826076798,-33.9377965673097
983,-179.1514054664304,-27.9636919384218,-144.1886913777058,-34.015883243541644
984,-204.75741209192202,-63.368115127208725,-145.0191865602032,-34.033186604051664
985,-161.33565909594722,-15.7822582136437,-145.58359569372243,-34.039693391510276
986,44.79861069323539,-29.80596620305108,-144.23016113495666,-34.08735739005754
987,-199.01784374530712,-58.208079282016534,-144.86230860401946,-34.091400814402654
988,-112.86916170906794,-63.75015357026928,-144.91466110324853,-33.839848181866884
989,-236.10922561668642,-36.048695818093016,-146.4971706478417,-33.98475183771385
990,-300.1026996564776,-30.563160292041932,-148.3683614626901,-34.12276883458301
991,-165.23116869172603,-28.144698348017663,-147.77979662286816,-34.226847390311065
992,-170.45812019538928,-27.82650080616353,-145.70326177075268,-34.334878439890566
993,-227.62306769447136,-27.401794935862565,-146.01916198875313,-34.412686642266195
994,-296.06641751553667,-22.911413688653095,-147.12166489061462,-34.192295936038384
995,-56.085268051829814,-28.875081754265185,-147.10876740408563,-34.32052717591856
996,-73.55802021142657,-30.160711327711102,-146.15376667541614,-34.1981658496601
997,-71.2274286607108,-18.49683365755742,-145.9821556043213,-34.184655586750885
998,-84.13175375494109,-16.645849134191163,-146.0805219251768,-34.12218148985466
999,-147.1450705654684,-17.775633009222506,-146.42469193595804,-33.68977600531451
1000,-147.23332529691206,-86.18251072882097,-146.7702473431754,-34.35562081836708
1001,-117.41487017601796,-28.911209067683803,-147.09872242759377,-34.46788929339567
1002,-220.69065530163408,-19.176802476746005,-147.40850070159212,-34.5151613883611
1003,-120.11753593321932,-27.50912572136319,-147.15323010024116,-34.60956981686809
1004,-84.07281449163219,-28.914372583911103,-146.95839493469376,-34.67798994828863
1005,-148.64533601106436,-22.189775807187452,-146.63867405882309,-34.68508138838968
1006,-118.3629012325286,-66.6738119814248,-147.10945576818656,-35.15953477122299
1007,-238.21424067812495,-15.724751052706782,-148.27392856310905,-35.15261895736524
1008,-105.12122669312616,-84.6280282767615,-147.65916828675378,-34.93705454212122
1009,-110.22852078690627,-40.13608351777614,-148.25444214979413,-35.15448820267365
1010,-72.28760891597486,-25.783011446666766,-148.64440772583634,-35.165569491399275
1011,-29.626743268833152,-16.672182621292823,-146.14482943519704,-35.10806988159647
1012,-112.60481080963028,-25.206729617429094,-146.59842072564334,-35.06203856222507
1013,-137.15766170809172,-22.262663507638454,-146.1941582422094,-35.048869073688614
1014,30.41992859297854,-21.13398084310613,-145.05631334242815,-34.69160952108329
1015,-117.28239416764802,-21.18620644273262,-143.9706150208874,-34.73791224161816
1016,-135.6766062620138,-18.813032208058743,-144.01230013644184,-34.76124664034841
1017,-58.35824700346193,-18.310019954415942,-143.17734228067286,-34.55208220432137
1018,-115.27503098458476,-54.48198491743261,-142.87837361362267,-34.69479538634396
1019,-140.1367516763502,-52.37383155624155,-143.10026091982772,-34.872832491836995
1020,-151.40909219800008,-18.478416176344556,-143.28938089590022,-34.876362894179806
1021,-153.06436359565313,-87.74244471329509,-143.14042957644838,-35.53428389774088
1022,-95.47005267842027,-19.868414275039402,-143.1494537065324,-35.53797609159128
1023,-143.26513364491007,-43.13865525703521,-142.6733762785253,-35.13739685649325
1024,-151.13667376975036,-51.54687397788672,-143.35667434667405,-35.38721253283463
1025,-91.96062674323494,-23.49546345031912,-140.01004289626516,-35.490936975474256
1026,-110.19008603788149,-22.42503085090584,-139.95336274679178,-35.13131621189963
1027,-179.08997260309366,-22.53205964344945,-139.78851789258738,-35.198564983550696
1028,-173.2777396270221,-30.722138088051167,-140.1807986324136,-35.31654402289484
1029,-299.6226341306933,-17.694224055126483,-142.03483171761846,-35.28845148223849
1030,-292.8787893022011,-20.7378269124435,-142.1145050825136,-35.253027469023
1031,-126.26083464373801,-19.561919764491197,-142.48201636382092,-35.2735438265967
1032,-288.2244243610651,-15.237141263226755,-141.4996748334561,-34.60573681111092
1033,-50.84818819763219,-27.25314221053818,-141.50167797717202,-34.699376669296036
1034,-151.35901618239933,-16.754449191424737,-142.2646149547167,-34.62926131044741
1035,-184.44680127826962,-23.081156061873834,-142.14376904868575,-34.68436552679244
1036,-119.47865787466532,-58.1507604626945,-142.86276362746253,-35.092627743002815
1037,-82.91199515771393,-31.10701957584339,-142.8262348437854,-34.834832242409796
1038,-158.75303046545312,-85.44554423642414,-144.54702652871995,-35.451217799906175
1039,-128.73675226989064,-16.55971677669789,-144.64298943259595,-35.37496936420445
1040,-95.6654826471785,-22.453451348192022,-144.83920058906568,-35.42434129542733
1041,-197.4252794536449,-21.28124341819599,-145.4661405972944,-35.40754540253014
1042,-297.82465992354,-20.094462757158162,-147.4562560229677,-35.41962763224543
1043,-146.96000472402972,-38.14565260547662,-146.48207258747536,-35.623312058493084
1044,9.570543848760888,-20.574932291200813,-142.69012839308942,-35.655358729686604
1045,-154.12664311246772,-17.22553106402016,-143.04205447748222,-35.67281619953476
1046,-125.15442994913755,-30.734436724014454,-143.75636726065474,-35.31398433409423
1047,-82.0927262541547,-21.91949130182339,-141.81386239140596,-35.245723430409946
1048,-183.84775983145468,-47.525569081976585,-142.73374201494502,-35.035252951281635
1049,-174.84263466144662,-61.59594301457513,-144.53170119557072,-35.44316787535073
1050,-82.46683666482251,-71.12172648039255,-141.53672325184107,-35.95329214995536
1051,-182.65025131244718,-20.181008598762986,-141.91702216934783,-35.95921818245953
1052,-73.99241538446107,-40.558792586682735,-140.5843970171847,-35.80978760208752
1053,-121.03551891865777,-17.031326432445905,-141.38464165773556,-35.48207706484158
1054,-112.44563784492411,-15.917699009223655,-141.278779443322,-35.40839702369235
1055,-88.06854081923616,-72.06476358403476,-140.56204768414307,-35.921937099433705
1056,-13.423392750470835,-20.203826426839477,-139.7520306362136,-35.870261043385106
1057,-313.6438052822493,-19.466718666135417,-141.0442301601848,-35.49990354622487
1058,-103.88377140776787,-20.19774528274518,-141.04382474338158,-35.52451422917744
1059,-101.36576416819234,-16.46599407147155,-141.66948511525953,-35.47420984789554
1060,-68.96496819565954,-18.543676664839012,-141.05324876868303,-34.99594399959771
1061,-115.66614515322567,-26.614416666532,-140.19989708948273,-35.03454282226356
1062,-93.23299686461752,-106.23251673376487,-139.9173302262974,-35.84045263382537
1063,-182.43918733508903,-27.001813461522723,-136.08082727317063,-35.964128496387914
1064,-150.30937155010008,-21.18265377123756,-136.47392977381602,-35.57180490738712
1065,-30.662101324044325,-48.00391767350795,-136.06593223705414,-35.821177305753935
1066,-190.46334346108318,-55.23259964583398,-137.24961018526494,-35.279642490577935
1067,-205.9043934045717,-119.2683922467068,-138.02824737097208,-35.73801488931233
1068,-184.19967855583369,-17.181956787754846,-136.19051742740362,-35.69199031426955
1069,-220.0323530300283,-21.172033778494427,-137.3626717434278,-35.21123702630476
1070,-371.41528172594434,-13.285129598087495,-139.42305084269648,-35.17817453386838
1071,-224.1421057105867,-99.72138638374066,-140.70131533042573,-35.93690138919542
1072,-431.13821223244304,-68.19782930454892,-144.6226960220851,-36.41349445381207
1073,-175.30053858082488,-30.639811714042036,-145.4485435145835,-36.543202405736636
1074,-93.27351439791738,-126.83185998139477,-146.25532048207089,-37.150939881209226
1075,-226.01978485409077,-23.584871780774062,-147.537773329107,-36.84178561203915
1076,-38.537917208463284,-71.86358374466356,-145.55462599541866,-36.7453733784045
1077,-169.68261667324413,-58.37971531923417,-146.29293243569882,-37.162556478981216
1078,-87.02127431171685,-15.517264839751055,-146.53021117222787,-37.0676060792069
1079,-115.09013182115362,-77.60791408692842,-145.4322373924851,-37.53683412923289
1080,-218.42536172658686,-60.48497867226023,-146.44435403033867,-37.86629055354203
1081,-133.6255276216682,-51.902484549362235,-145.69881559212655,-36.97249510438371
1082,-91.59453562980151,-30.255213615361182,-145.29029682226786,-36.94997484144609
1083,-185.41013735203293,-15.035753948355367,-145.3528841411239,-36.82069546154542
1084,-222.16407339195356,-65.26581796919378,-145.52695075412421,-36.839672489965274
1085,-88.16111772530117,-27.31864251489322,-144.7952053404177,-36.95503633297777
1086,-177.68273847117436,-16.193302903696615,-147.02001883206182,-36.818909699984225
1087,-130.7387984924858,-24.71461481775541,-146.3372283795336,-36.48397505534162
1088,-84.59402637314867,-28.091756298748873,-146.05447702617437,-36.12739108262641
1089,-369.33580741830133,-15.70687162194817,-147.38674284419054,-35.923972840664966
1090,8.370462456849989,-20.792859246784207,-144.30201122305726,-35.82626983021239
1091,-147.52328631204747,-36.10663425870903,-144.1249323992605,-35.905889189319296
1092,-108.78009361569275,-22.899360055167204,-143.50815213346354,-35.856617781809334
1093,-174.0980170979537,-37.89050373431529,-142.97290162749837,-35.961504869793856
1094,-104.6067584871561,-37.28878676673513,-141.05830503721455,-36.10527860057468
1095,7.52015022002819,-24.90546974000096,-140.42225085449599,-36.06558248043204
1096,-96.29084941253508,-21.080590025500847,-140.64957914650705,-35.97478126740994
1097,-154.92373195640783,-20.807588859808238,-141.486542179464,-35.99788881943245
1098,-170.1448836335347,-25.327448797592762,-142.34667347824995,-36.08470481606646
1099,-156.38593436316765,-41.53554635440542,-142.43908211622693,-36.322303949518286
1100,-64.83258760567077,-29.936223058412484,-141.61507473931454,-35.7598410728142
1101,-301.6094592645171,-18.293819644414686,-143.45702063019954,-35.653667178581514
1102,-126.63380395918033,-19.003036189064943,-142.51645211677499,-35.651929515704694
1103,-87.78878817641805,-18.795409548420622,-142.19316463920697,-35.56479235397528
1104,-220.47721915346264,-90.46039919455029,-143.5572086858253,-36.18025262008167
1105,-243.4473033355067,-82.73853399470303,-144.50522835906972,-36.78574020195682
1106,-130.65187430785028,-25.683188883137575,-144.62811808982292,-36.37583397097395
1107,-135.95692298826944,-15.567291715092408,-143.60554491292436,-36.37425937759781
1108,-330.681702167996,-23.592713319457847,-145.86114966767306,-35.76390622802477
1109,-80.77507108450217,-22.864800649718507,-145.56661517064904,-35.5911933993442
1110,-98.48191979514681,-18.581931783856486,-145.82855827944076,-35.51918260271609
1111,-281.0402307756639,-15.546150197900994,-148.34269315450908,-35.50792227848218
1112,-54.85658518751239,-22.146654394496668,-147.7652108982879,-35.47732152625285
1113,-302.09729407907713,-54.41875710855521,-149.41460722199776,-35.798882462262014
1114,-230.86927013217672,-46.654293859625234,-152.0274992092493,-36.05408559242721
1115,-88.6270614620775,-26.914872986378583,-151.74094588219359,-36.111372257863664
1116,-149.75766743828373,-17.559773048611888,-151.8817564939563,-36.0988396662692
1117,-53.763422122449455,-17.186347657135087,-151.83580824514615,-36.087602943296396
1118,-324.0036692681326,-89.22085080279521,-153.9230946279816,-36.43499160215001
1119,-233.98994586289237,-31.605172458760602,-154.86162656984706,-36.22730501117521
1120,-124.6244736895378,-27.469168196405345,-154.59378038476245,-36.317212531375816
1121,-82.95510306896186,-24.894505186136357,-153.89268777949556,-35.68873313610422
1122,-188.99440639664545,-21.446296663316833,-154.82793131667782,-35.70451195998701
1123,-80.40836149003762,-43.05004357811433,-154.19936359512909,-35.70362584319779
1124,-117.15547226355596,-21.600253618666205,-153.85955158006712,-35.404159639605595
1125,-282.18306840916784,-40.45259551059352,-155.76177599672644,-35.57373096020834
1126,-169.42252432497125,-16.7673688107194,-156.35410037959733,-35.51715433980647
1127,-142.46998949297134,-15.02423237397602,-155.9879005484961,-35.442076067111735
1128,-112.34147413073958,-15.271419484763076,-155.3785378935333,-35.287568881078855
1129,-102.9316741222069,-68.1937865847988,-153.41162829344842,-35.79256450637558
1130,-154.95785913713576,-17.241891887603785,-152.03241899179775,-35.75760515612718
1131,-175.85262998062188,-17.128766309656054,-152.5283369451666,-35.73327362157883
1132,-108.335616602505,-25.932940202069805,-150.72944886758103,-35.84023161096726
1133,-109.50577898754138,-18.204413866507235,-151.31602477548012,-35.749744327526955
1134,-168.69235462674868,-16.126839550849006,-151.48935815992363,-35.7434682311212
1135,-267.3134361237553,-23.87674068163622,-152.31802450837847,-35.751424077318816
1136,-220.87517538303075,-14.25851629581586,-153.3319896834621,-35.31250163565003
1137,-11.44568048622876,-25.125312628302147,-152.61732653674724,-35.252684566174615
1138,-141.35084974665043,-16.833400588329077,-152.44330472955923,-34.56656312969366
1139,-138.37387438356157,-13.987239539784047,-152.53967595069594,-34.54083835732452
1140,-81.08000136232867,-20.814906243304804,-152.39382113784745,-34.52445290627565
1141,-40.876080623719055,-22.92070936176775,-150.82832914954815,-34.54084756571137
1142,-119.4298395504627,-24.147175130553194,-149.04438094581738,-34.58137468944532
1143,-172.41039591580306,-19.663763144513595,-149.29888485773515,-34.39655579483569
1144,-42.44149470753346,-18.886017078725036,-149.81900524329808,-34.37966664271093
1145,-65.75248508024629,-25.16093847061353,-148.9352636629759,-34.45902071677686
1146,-76.3865173401383,-23.086069229855827,-148.4475845368859,-34.38253704183528
1147,65.65032974155199,-67.27937040591442,-146.97015397692883,-34.836135832876195
1148,-154.1091882577269,-66.76024825492028,-146.67276826119152,-35.02848262460563
1149,-2.578358186592997,-24.63837353273655,-144.95012549644298,-34.65890692978724
1150,4.322361240782273,-19.741719666351848,-144.08223351738695,-34.14510686164683
1151,-163.5528325164709,-22.430764721401257,-143.89125932942719,-34.16760442287321
1152,-56.143002414097914,-37.842207690175584,-143.71276519972355,-34.14043857390815
1153,-87.85467413825894,-21.015244546004816,-143.38095675191957,-34.18027775504374
1154,-403.4726214683091,-16.85550822619859,-146.29122658815342,-34.18965584721349
1155,-158.90369631332612,-17.209645372068767,-146.9995781430943,-33.641104665093835
1156,-220.737219316719,-16.6658987822991,-149.0727164087568,-33.60572538864843
1157,-28.209227729638382,-25.685823669031407,-146.2183706332307,-33.66791643867739
1158,-140.1557074804617,-19.34457207793816,-146.58108999395765,-33.65938470662932
1159,-6.777022206871289,-35.77460353988622,-145.63520257434442,-33.85247080131346
1160,-125.30824645687764,-18.13125548990075,-146.1986353569566,-33.84834658956407
1161,-98.39873945684728,-19.119505659764297,-146.0259612999928,-33.773397479496396
1162,-137.90716513214673,-28.786948950923282,-146.47270298266804,-32.99894180166798
1163,-99.63758692774198,-24.586011449412617,-145.6446869785946,-32.97478378154688
1164,-296.1898421368046,-18.77579198407797,-147.10349168446163,-32.950715163675284
1165,-325.22922037152136,-14.8510340206831,-150.0491628749364,-32.61918632714704
1166,-175.84200739343768,-27.819785359546557,-149.90294951425997,-32.34505818428416
1167,-205.98117901419377,-22.116575709937443,-149.9037173703562,-31.37354001891647
1168,-84.07391897383857,-44.84560612250346,-148.90245977453623,-31.650176512263954
1169,-105.68477221522463,-17.722490855935757,-147.7589839663882,-31.615681083038368
1170,-325.7895574303647,-14.06551715968832,-147.30272672343241,-31.623484958654377
1171,-110.58114530123983,-22.01454187210968,-146.16711711933897,-30.846416513538067
1172,-87.54747018062692,-72.31439431944692,-142.7312096988208,-30.887582163687046
1173,-12.113158321058501,-20.377517714347487,-141.09933589622315,-30.7849592236901
1174,-19.233663326585873,-25.32302804638132,-140.35893738550985,-29.769870904339964
1175,-140.94172412729526,-19.71483724364061,-139.50815677824187,-29.731170558968632
1176,-32.924871339045495,-24.099038710916695,-139.4520263195477,-29.253525108631166
1177,-108.24697076619337,-21.899410480113872,-138.8376698604772,-28.88872206023996
1178,-141.77635442799172,-58.80787424780169,-139.38522066163995,-29.321628154320468
1179,-76.60833700363112,-59.32769018001375,-139.00040271346472,-29.138825915251324
1180,-125.407477699587,-22.435357522365557,-138.07022387319475,-28.758329703752374
1181,-121.96608187040891,-86.79267139471033,-137.95362941568214,-29.107231572205855
1182,-69.6149480168151,-18.14318383953558,-137.73383353955225,-28.986111274447598
1183,-57.76941731135811,-54.41991349071882,-136.45742633914548,-29.379952869871232
1184,-98.48511853999807,-59.94992726620826,-135.22063679062592,-29.326793962841375
1185,-88.17963075345783,-38.638760773510676,-135.2208219209075,-29.43999514542755
1186,-255.72424703644535,-35.65920395276081,-136.00123700656022,-29.634654155918195
1187,-159.0742090020142,-65.08492502573176,-136.28459111165552,-30.038357257997955
1188,-169.72532366620155,-22.819561026773624,-137.13590408458606,-29.985635305278205
1189,-47.214841568800935,-25.047032543148376,-133.91469442609102,-30.079036914490207
1190,-265.0628250621396,-91.9094253256697,-136.6490273012809,-30.790202575279064
1191,-176.59468114432653,-19.58952417174846,-136.9397412496037,-30.625031474409457
1192,-22.423616507931293,-96.14359008088795,-136.0761764785261,-31.357473774666662
1193,-108.3920167090925,-18.213797809055688,-135.41911647463746,-31.160706715414065
1194,-68.70937454639005,-19.347808549344972,-135.06014263522982,-30.981296933240163
1195,-73.22384058065377,-112.44461968341663,-135.86758254323664,-31.85668843267432
1196,-96.57261931397309,-21.049999089950106,-135.870400242251,-31.85638252331881
1197,-157.39740181898787,-31.83052749619003,-135.89513694087685,-31.966611909682634
1198,-83.3318719413005,-26.724099543454944,-135.0270068239545,-31.980578417141253
1199,-58.726807671954774,-29.206108688219725,-134.05041555704236,-31.857284040479392
1200,-81.60504969714327,-31.580724775367283,-134.21814017795708,-31.87372905764894
1201,8.256531561342621,-43.190701888326835,-131.11948026969847,-32.12269788008806
1202,-193.3100816367851,-125.13024562009117,-131.7862430464745,-33.18396997439833
1203,-113.19320476912613,-41.178758631599415,-132.0402872124016,-33.40780346523012
1204,-70.24855050237458,-24.151440169562413,-130.53800052589077,-32.74471387498024
1205,-47.97070612067077,-24.273363056528282,-128.5832345537424,-32.16006216559849
1206,-92.80643759888633,-72.54992409119721,-128.20478018665273,-32.62872951767909
1207,-150.21797696330407,-22.168250074882437,-128.3473907264031,-32.69473910127699
1208,-210.84712460273627,-28.6851560113855,-127.1490449507505,-32.74566352819626
1209,-161.63278690271116,-43.64752114153137,-127.95762210893258,-32.95349073311439
1210,-48.9519495021992,-65.36105001200957,-127.46232240600311,-33.42128191539592
1211,-115.8988057770891,-26.512533167349954,-125.81090815601736,-33.53094574509041
1212,-233.16202009333938,-40.98148696299788,-127.59396250507562,-33.719294070775426
1213,-128.87590811655969,-21.67544171862239,-125.86174864545045,-33.3918609168761
1214,-47.355564029645066,-47.46538459991509,-124.02661158442513,-33.39997182427899
1215,-75.33978186340363,-46.98650153205276,-123.8937387884384,-33.600688109735735
1216,-117.2431886981389,-66.76144917353601,-123.56859400103694,-34.092704870984974
1217,-96.21217649907044,-44.171789450324106,-123.99308154480315,-34.36255928891687
1218,-236.36998287554144,-19.657661438556374,-123.11674468087723,-33.66692739527448
1219,-58.908457107928996,-18.27680193963133,-121.3659297933276,-33.53364369008318
1220,-79.95116881846792,-22.206056122208366,-120.9191967446169,-33.48101256934122
1221,-31.90003978597042,-23.22912373351484,-120.408646111787,-33.464358754815
1222,-38.32890301178192,-71.99137515267878,-118.90199107793836,-33.96980953970863
1223,-311.1656066923758,-20.56788231334602,-121.20956352996174,-33.74498792706095
1224,-108.68168524645867,-37.968225943461924,-121.12482565979077,-33.9086676503089
1225,-163.0318699639851,-51.08726437628113,-119.93331367533895,-34.01501433896578
1226,-193.5181096984646,-18.118057225063588,-120.17426952907388,-34.028521223109216
1227,-92.69974910261097,-22.38871124262717,-119.67656712517028,-34.102166011795724
1228,-211.56264672669107,-23.777330195331185,-120.66877885112979,-34.1872251189014
1229,-73.00343013212594,-29.43414632803757,-120.36949641122897,-33.79962871633379
1230,-162.15361813627197,-30.527259330908574,-120.44145400122032,-33.932482390766836
1231,-113.3333712314815,-26.68332930181099,-119.81626141372891,-34.02802802068839
1232,-269.82479017005363,-29.01093892480859,-121.43115314940441,-34.05880800791578
1233,-134.74507255788401,-24.054606121202113,-121.68354608510784,-34.11730993046273
1234,-77.81054544553919,-19.38952082172848,-120.77472799329576,-34.14993674317153
1235,-100.19280950165145,-25.401336082502432,-119.1035217270747,-34.16518269718019
1236,-152.0658720520077,-112.12975772436083,-118.41542869376447,-35.143895111465646
1237,-155.2054779925697,-21.408852320168453,-119.85302666882788,-35.1067305083843
1238,-96.81762278337284,-31.487492955936037,-119.4076943991951,-35.253271432060366
1239,-82.87613284874301,-101.32223178154553,-118.85271698384692,-36.12662135447798
1240,-134.01862131280103,-21.098888498139097,-119.38210318335165,-36.12946117702632
1241,-354.5173318356924,-55.294081386235554,-122.51851569547138,-36.453194897271004
1242,-297.77948925839627,-60.31874361108636,-124.3020121925507,-36.81491058207634
1243,-110.47907046330432,-16.691366053577642,-123.68269893802572,-36.785186611166985
1244,-105.95770420182691,-27.270377594756948,-124.31786103296866,-36.8690302163273
1245,-99.3692134347762,-69.44485563171489,-124.65402831651397,-37.311869387938316
1246,-119.88084277136743,-19.857797404121314,-125.08897157082629,-37.27958666968097
1247,-12.7060138731045,-22.851705887691036,-125.87253500697284,-36.83531002449873
1248,-35.85705255529666,-23.269954095227668,-124.69001364994853,-36.40040708290181
1249,-178.1159205865503,-19.780004646240695,-126.4453892739481,-36.35182339403684
1250,-139.148009079738,-98.9939975733372,-127.8800929771533,-37.1443461731067
1251,-357.61488522963424,-18.832703227292306,-129.82071350428495,-37.10836555816561
1252,-101.19533795979072,-21.816485590274667,-130.2712368597419,-36.9481083371666
1253,-99.83643741396106,-20.83680147323499,-130.3910544924989,-36.946323906438906
1254,-28.743009454807442,-50.95699760513374,-126.64375837236388,-37.287338800228255
1255,-119.70729248660116,-48.375511664335704,-126.25179433409663,-37.59899746315093
1256,-23.690769404611803,-35.42984729751657,-124.28132983497555,-37.786636948303105
1257,-51.14019650743485,-76.45108414890419,-124.51063952275351,-38.294289553101834
1258,-163.04710647554847,-22.753873962822414,-124.73955351270438,-38.32838257195068
1259,-145.69742870588937,-30.638881564357092,-126.12875757769456,-38.27702535219538
1260,-39.7378975991127,-26.697566979977363,-125.27305408911691,-38.36268846709615
1261,-83.34964492077569,-28.757080129619194,-125.1225631437562,-38.4590642117947
1262,-72.34667134650773,-18.635711279483285,-124.46695820589981,-38.357551835080294
1263,-104.57209084675235,-162.14003930684575,-124.5163032450899,-39.73309211365462
1264,1.3406241636566043,-45.71629235672859,-121.54099858208531,-40.002497117381125
1265,-66.15940713790928,-28.114818986811546,-118.95030044974918,-40.13513496704241
1266,-180.4561304435752,-35.73015892341772,-118.99644168025056,-40.21423870268112
1267,-81.03609250129091,-59.23004198523937,-117.74699081512153,-40.585373365434144
1268,-83.39007747121396,-23.500386302505067,-117.74015240009528,-40.371921167234156
1269,-113.43633744808838,-17.67739739851426,-117.81766805242391,-40.37147023265994
1270,-246.04139353305905,-28.36727547947302,-117.02018641345086,-40.514487815857784
1271,-46.40845104565468,-28.25839088292357,-116.378459470895,-40.576926305965934
1272,-41.12082388220547,-146.5876452529304,-115.9141930079108,-41.31965881530077
1273,-68.06185713326863,-21.001371987896995,-116.47367999603289,-41.325897358036265
1274,-87.54931517264149,-124.25229961816491,-117.15683651449345,-42.3151900737541
1275,-109.1156815420081,-18.209600188664847,-116.83857608864058,-42.30013770320434
1276,-51.35865819013827,-26.899060219337702,-117.02291395715152,-42.328137918288554
1277,-48.68683264345958,-18.870112865029295,-116.42731257592416,-42.29784494213771
1278,-29.755746582072128,-25.08851600859709,-115.30710649746496,-41.96065135974566
1279,6.466557930070506,-63.73598302520904,-114.47635754812794,-42.00473428819761
1280,-192.65649594108922,-17.105842474953064,-115.14884773054297,-41.95143913772349
1281,-47.16252438862908,-25.945210240604386,-114.40081215572516,-41.34296452618243
1282,-47.87665787493743,-22.084151805302568,-114.18342925430639,-41.382374205840094
1283,-142.76786926462006,-57.28165678462948,-115.03341377383902,-41.41099163877921
1284,-126.18744637764539,-20.858453828547265,-115.31043705221549,-41.02007690440259
1285,-79.98278104187101,-83.73080974220733,-115.22846855509961,-41.470997394089565
1286,-76.12071375022082,-69.7681395048681,-113.43243322223736,-41.812086749610636
1287,-185.08859708986677,-107.89594198880195,-113.6925771031159,-42.240196919241335
1288,-162.97943141446626,-38.43836915406677,-113.62511818059855,-42.39638500051428
1289,-35.5930439467205,-25.20431478157558,-113.50890020437775,-42.39795782289855
1290,-205.08010298175233,-89.33650319130363,-112.90907298357386,-42.37222860155488
1291,-133.0156260670862,-31.144829275139323,-112.47328243280147,-42.48778165258879
1292,-250.92686148702435,-71.76180089105652,-114.75831488259239,-42.24396376069047
1293,-236.87380597366112,-70.17540653444841,-116.04313277523808,-42.76357984794439
1294,-110.18785431040659,-26.05701742569393,-116.45791757287824,-42.83067193670788
1295,-108.4484940557729,-19.9011491122977,-116.81016410762945,-41.90523723099669
1296,-110.10075654043727,-23.865099773571487,-116.94544547989409,-41.93338823783291
1297,-109.52440127528675,-95.12987919898791,-116.46671547445708,-42.56638175486089
1298,-169.18910407608317,-75.23476817435885,-117.3252877958049,-43.05148844116993
1299,-113.37422132162774,-17.04074161888037,-117.87176193230164,-42.92983477047653
1300,-325.44985583529035,-52.859428475040076,-120.31020999368312,-43.142621807473255
1301,4.71115370193217,-23.367286277973957,-120.34566377227722,-42.94438765136973
1302,-117.76825126834038,-127.5597027298945,-119.59024546859277,-42.96868222246777
1303,-26.926465583973087,-51.884534132308666,-118.72757807674124,-43.07573997747485
1304,-120.22774981820994,-87.58623832928163,-119.22737006989958,-43.710087959072055
1305,10.096891917469298,-96.53484500571889,-118.64669408951819,-44.432702778563964
1306,-189.0277853673612,-20.987139869672408,-119.60890756720293,-43.917074936348726
1307,-107.5450068865475,-23.146015943799718,-119.18217786643537,-43.92685259503789
1308,-84.39405288310522,-22.404937531483963,-117.91764714923906,-43.86405041023888
1309,-117.47799556083788,-21.196184220344307,-117.47609923582033,-43.639537041027005
1310,-101.689049459744,-42.04594913951813,-118.00347023539577,-43.40638603230208
1311,-159.20846789567173,-70.70938560250923,-118.43656685658159,-43.84835455665367
1312,-136.29974193001522,-21.95699625365853,-117.46794407494835,-43.658109649560274
1313,-98.93489437700032,-23.602443561925217,-117.16853393755275,-43.6773796679933
1314,-65.39616982897297,-65.85532489898853,-117.34893999554605,-43.86127907098403
1315,-216.39983610952905,-23.433916896536523,-118.75954053800729,-43.62575322462887
1316,-64.21409061446678,-16.93493216579469,-118.22924955717056,-43.12748805455146
1317,-152.08602241019645,-57.15072413026463,-118.78798801628183,-43.257277401350876
1318,-130.47800206564955,-24.277600106783826,-117.72906820818291,-43.30347678803316
1319,-60.03921399903885,-16.841054312093576,-117.740375777094,-43.28911931175777
1320,-82.35560026757132,-19.178817281102006,-117.76442009158505,-43.25884692334672
1321,-38.907313586617676,-19.204302786379653,-117.83449282959151,-43.21859871387536
1322,-66.30646821857026,-16.86166055506341,-118.11426848165941,-42.6673015678992
1323,-126.77489903916707,-25.378484135283692,-116.27036140512733,-42.71540758611859
1324,-111.25015173110931,-22.2373444868705,-116.29604606997383,-42.55809877155267
1325,-93.83279283732469,-22.381531180820883,-115.60405529870721,-42.27104143959807
1326,-101.39258389160993,-110.02150085503507,-114.68280004063865,-43.19007587589779
1327,-106.2075797012038,-25.21250286789782,-114.81787834662458,-43.21831379215049
1328,-22.838711690049717,-23.37427984267003,-112.93063899625818,-43.214283288623875
1329,-94.1177927600529,-56.50314154928475,-113.14178262253745,-43.48497324083635
1330,-87.49000907531007,-17.64725218399817,-112.39514653192785,-43.356173169367246
1331,-94.60988255167348,-19.396250800847458,-112.20791164512976,-43.28330238435761
1332,-78.14742100863758,-71.86840533783943,-110.29113795351559,-43.71187704848792
1333,-135.851789433103,-27.987151559707854,-110.3022051222678,-43.75120250287298
1334,-55.6356839182482,-20.29014590150864,-110.08045650699486,-43.76020875367078
1335,-43.42588761472416,-19.110063645684487,-109.5127872881256,-43.697296029302606
1336,-171.28691713030034,-24.021190438553244,-109.70499773890853,-42.81621035644453
1337,-93.03233714449593,-22.20738770785199,-109.08326633042778,-42.824195710321355
1338,-277.267806538501,-32.51012795378386,-110.88776816797906,-42.834422060299836
1339,-145.58771714276847,-25.160175524763975,-111.51488401091932,-42.07280149773202
1340,-75.10976468629796,-22.59073181760523,-110.92579544465428,-42.08771993092669
1341,-89.1603994425117,-19.854731775334365,-108.27222612072248,-41.73332643481768
1342,-138.37127534094938,-23.526160212206307,-106.67814398154802,-41.36540060082888
1343,-155.93490821906846,-61.834528538835066,-107.13270235910565,-41.81683222568145
1344,-62.94870410232629,-18.986063785414018,-106.70261235811066,-41.733989087588014
1345,-131.24745941652247,-15.733410054891468,-107.02139481792813,-41.196874631819774
1346,-118.1926052970363,-59.93267465659735,-107.00451244318481,-41.59762340434453
1347,-53.59470327499246,-21.526392904340586,-107.4133993372037,-41.58437027451102
1348,-106.45970950936861,-62.39803289973476,-108.11942590674442,-41.975651062556096
1349,-229.59247509860816,-16.02939867309346,-108.63419145186501,-41.938145002824626
1350,-34.08377845848895,-18.98401406763218,-107.58354914565251,-41.13804516776759
1351,-184.608894161135,-32.72045304589688,-105.85348923496753,-41.276922665953634
1352,-82.31427023873246,-21.5344707627896,-105.66467855775694,-41.274102517678784
1353,-135.09094844964744,-25.120502439181276,-106.01722366811379,-41.31693952733825
1354,-175.10592664048767,-64.64506689769273,-107.4808528399706,-41.453820220263836
1355,-123.7337050883159,-55.42744716442299,-107.52111696598772,-41.5243395752647
1356,-166.22463943414786,-23.3137193248073,-108.94645566628309,-41.40317829553761
1357,-101.69369129404272,-23.445279354593747,-109.45199061414915,-40.8731202475945
1358,-205.38884246700135,-16.939152832106764,-109.87540797406369,-40.81497303628734
1359,-159.54077879813659,-16.32323233473052,-110.01384147498618,-40.671816543991085
1360,17.324435214059058,-26.87697162576878,-109.44321814685446,-40.673610590448995
1361,-90.66032767068675,-27.25444287307518,-109.51632497435357,-40.65858421788356
1362,17.183045795414703,-22.926424658398673,-108.62102780293434,-40.701491351672715
1363,-65.20785440817008,-15.084308306734746,-108.22738543854851,-39.2309340416716
1364,-118.28834441346352,-16.421403077131515,-109.42367512431971,-38.93798514887563
1365,-52.12481605695476,-22.628077146354922,-109.28332921351017,-38.883117730471064
1366,-76.06784784121928,-40.777290228786796,-108.23944638748661,-38.933589043524755
1367,-139.37063969812485,-102.44776558733429,-108.82279185945494,-39.365766279545696
1368,-247.46410631648834,-18.990498916691443,-110.46353214790767,-39.32066740568756
1369,-132.432680503228,-44.11839025594233,-110.65349557845907,-39.58507733426185
1370,-99.30406522220552,-19.22804214591283,-109.18612229535056,-39.49368500092625
1371,-3.714267102739194,-20.529346879998357,-108.75918045592141,-39.416394560897
1372,-46.48891181184969,-34.17374257563906,-108.81286133521783,-38.29225553412408
1373,-119.735637783533,-48.00068454726799,-109.32959914172048,-38.562248659717795
1374,-151.58041837368742,-28.818545867699214,-109.96991017373095,-37.60791112221314
1375,-76.27052384473053,-43.79622376050623,-109.64145859675818,-37.863777357931546
1376,-115.33976298614498,-21.136469196693305,-110.28126964471825,-37.80615144770511
1377,-98.9641050072569,-29.456364944712824,-110.78404236835621,-37.91201396850194
1378,-57.834182836299405,-18.98625642367742,-111.06482673089849,-37.85099137265274
1379,-205.92950999584986,-38.266505012416324,-113.18878741015769,-37.596296592524816
1380,-258.55450917594055,-15.821880085115628,-113.8477675425062,-37.58345696862644
1381,-283.5481858630075,-92.52970079800976,-116.21162415724999,-38.2493018742005
1382,-37.9761519978085,-23.402762124455577,-116.1126190984787,-38.26248797739203
1383,-57.09988222018612,-22.176403868061975,-115.25593922803435,-37.91143544822636
1384,-216.16396447062172,-38.27359590355671,-116.15570440896411,-38.08558686897644
1385,-126.20180326614997,-54.41757033687566,-116.61789463120691,-37.792454474923126
1386,-135.07061247570886,-57.248419140115516,-117.20739361846178,-37.667257271275595
1387,-77.522530382752,-56.4935703773399,-116.13173295139065,-37.15323355516097
1388,-61.58075800420443,-105.37390323629,-115.11774621728803,-37.82258889598321
1389,-79.81564269750915,-48.11707309775957,-115.55997220479591,-38.05171647914505
1390,-226.82707277494782,-14.592646956374978,-115.77744190272787,-37.30427791679576
1391,-208.36248987476563,-51.69947427991287,-116.53091054080465,-37.509824366843496
1392,-100.20618478568352,-19.798990097682786,-115.02370377379125,-36.99019625890976
1393,-224.98037075439413,-54.30412604699673,-114.90476942159859,-36.83148345403525
1394,-88.66553944235696,-20.704425967093886,-114.6895462729181,-36.77795753944925
1395,-67.78684024406274,-29.13233942906286,-114.28292973480099,-36.8702694426169
1396,-364.2429341269074,-16.792977324206316,-116.8243515106657,-36.79954821812325
1397,-149.66097799860532,-62.30607446350432,-117.22571727789888,-36.471310170768405
1398,-150.69637328127433,-62.71876770700528,-117.0407899699508,-36.34615016609487
1399,-112.08546502481977,-24.315947821714104,-117.02790240698272,-36.418902228123216
1400,-368.06744213701063,-17.095045186905924,-117.45407826999991,-36.06125839524187
1401,-22.784673913810778,-29.570933068850344,-117.72903654615733,-36.12329486315064
1402,-225.69634035389993,-75.47759759084511,-118.80831743701292,-35.60247381176014
1403,-165.6628399062009,-15.145501685481932,-120.1956811802352,-35.23508348729187
1404,-55.89507753974951,-54.47770382967152,-119.5523544574506,-34.90399814229577
1405,-217.84164722417674,-82.29701049654088,-121.83173984886707,-34.76161979720399
1406,-225.25755739523998,-93.54683061297229,-122.19403756914585,-35.487216704636985
1407,-134.58600945370043,-57.32707160230676,-122.46444759481737,-35.82902726122206
1408,-132.37655122520866,-66.20549425208128,-122.9442725782384,-36.267032828428036
1409,-50.89723177617548,-22.23303184555798,-122.27846494039179,-36.27740130468017
1410,-14.320693089626973,-22.337315399252905,-121.40478137669061,-36.080314967277516
1411,-51.694058382687345,-39.006184619875526,-120.32963728156078,-35.76328295745118
1412,-198.23914185593637,-24.427485046975892,-120.94903128082,-35.78798784538436
1413,14.354992817451263,-44.06299233877791,-119.81613240887548,-35.99259333315288
1414,-69.30735618550808,-22.867645545029937,-119.85524427244084,-35.5627165396133
1415,-37.97922100726761,-15.747744981028601,-118.07103812141823,-35.485854820458215
1416,-225.89144087047197,-53.43525512963992,-119.68781162397828,-35.850858050096676
1417,-67.54781460087501,-73.27565416638207,-118.84242954588507,-36.012107350457846
1418,-23.061794554431657,-26.89607478559788,-117.76826747077288,-36.038292097245986
1419,-64.03180428228322,-25.001201727646706,-117.80819337360532,-36.11989357140151
1420,-92.68773287011206,-29.624207638430004,-117.91151469963073,-36.2243474749748
1421,-165.71118930160438,-22.703597600602667,-119.1795534567806,-36.25934042311703
1422,-108.08857272566576,-33.44303697258046,-119.59737450185155,-36.4251541872922
1423,-143.4167053824754,-15.04801678177002,-119.76379256528463,-36.32184951375706
1424,-126.21680132110266,-64.05620058717224,-119.91345906118455,-36.74003807476007
1425,-57.60970457648481,-33.31322050427583,-119.55122817857615,-36.84935496799462
1426,-64.02089960534025,-20.166797411317535,-119.17751133571346,-35.95080793355745
1427,-68.69863910862156,-108.68273886323101,-118.80242192978764,-36.78551029351078
1428,-92.6048418190655,-60.89296925712009,-119.50008323107781,-37.16069718765529
1429,-155.76471328462347,-26.16631695071551,-120.11655243632353,-36.85732894166959
1430,-151.40815328652812,-20.047792696376106,-120.7557338784357,-36.881334346793366
1431,-84.5667777473738,-23.604832269325954,-120.6553028303927,-36.923420161478155
1432,-59.30453863030689,-50.75777502281272,-120.46687400660939,-36.71231385832789
1433,-71.1030721048125,-31.935434392363632,-119.81938683332648,-36.75179668665445
1434,-127.31618515254155,-23.036392224125468,-120.5361918456694,-36.779259149880616
1435,-102.52054920520386,-56.151325405526116,-121.1271384615742,-37.149671767479035
1436,-103.96704322831546,-87.30298355855422,-120.45393972255435,-37.782489698679036
1437,16.291269637329215,-22.09004741828255,-119.36070365473611,-37.78131629578335
1438,-78.18343342695412,-22.55341834212074,-117.36985992362065,-37.681749199666726
1439,-22.27380726564389,-31.328286787888757,-116.13672082484942,-37.743430312297974
1440,-58.14907203532201,-28.743419066843995,-115.96711389833965,-37.80495718479036
1441,-57.84736970873883,-60.56750417582124,-115.65398360100193,-38.21208490879523
1442,-60.04274958888404,-38.61582804859993,-114.87069834348127,-38.36298158715916
1443,-101.50321980629695,-16.873120546438734,-114.32638145935353,-37.9133675072352
1444,-123.93193925532564,-23.572706780094798,-114.93621381088353,-37.959233937182006
1445,-126.30539995537242,-43.40789617943668,-114.88679321627203,-38.23597879842746
1446,-150.9644754490873,-20.976661700667407,-115.21451191779254,-37.84641866886816
1447,-124.91715094726474,-54.481134858802655,-115.92773639451525,-38.175966088412785
1448,-69.31515900355278,-19.716321887842998,-115.5562908894571,-37.74914897829386
1449,-148.42210602489618,-58.30926915213146,-114.74458719871998,-38.171947683084234
1450,-109.28932374710384,-34.40668465030799,-115.49664265160612,-38.326174388911
1451,-556.1775391108937,-61.32984409722376,-119.21232910110372,-38.612268299424265
1452,-68.36761347965525,-21.941393467829933,-119.07286253351295,-38.61633752647467
1453,-293.49847476339005,-17.886282002721163,-120.65693779665038,-38.54399532211007
1454,-85.70105222913679,-19.78561594424164,-119.76288905253686,-38.095400812575555
1455,-93.09697755744143,-97.3719720567494,-119.45652177722812,-38.51484606149882
1456,-111.33689716701467,-38.70672788984326,-118.90764435455678,-38.66877614714918
1457,-142.6274809900821,-55.94591118547564,-119.31698225151716,-38.993782465458
1458,-129.41333280723921,-19.130120273715573,-118.55722715491956,-39.01569213987409
1459,-178.40937910416685,-18.228171328884024,-118.74591315797987,-39.03474152981562
1460,-199.13458877644766,-17.29434270487042,-120.91050339788494,-38.93891524060664
1461,-19.13359879441678,-40.438428384868814,-120.19523610912223,-39.07075509572457
1462,-40.099273442471656,-19.277052236574477,-120.76805930150111,-39.03426137150633
1463,-95.70443359909117,-21.524363106695333,-121.07302509341031,-39.09866191950594
1464,-226.76052248628812,-17.93340266754203,-122.15774687413855,-39.113781915410044
1465,-34.75186055287519,-26.59618966481693,-121.98401731909776,-39.153463040594666
1466,-84.11114734747346,-58.20238865071859,-122.06445031416031,-39.327714024813986
1467,-70.65872590297306,-16.638982932378962,-121.37733117620878,-38.46962619826443
1468,-25.552791249221535,-26.82704374588867,-119.15821802553612,-38.547991646556405
1469,-16.696898298957727,-22.09327761440754,-118.00086020349342,-38.32774052014105
1470,361.8901192474582,-29.861093591769404,-113.38891835879677,-38.43407103459962
1471,-52.64135906098973,-91.25495898885079,-113.87818927837928,-39.14132715568814
1472,-154.52127900019295,-17.61731636067948,-114.9585129502627,-38.97576289353855
1473,-86.62330125367464,-22.304625978218954,-114.62738958496412,-38.71880230784806
1474,-195.78705270112434,-19.40238415122645,-115.0694559282385,-38.62464069068333
1475,-149.3989004496292,-24.21680486397242,-115.80073969428747,-38.42884650171799
1476,13.686721534842547,-23.78753964165832,-114.5104748490776,-38.45535720616764
1477,-75.64516794484926,-20.232527958775123,-114.2772854784535,-38.363118836308274
1478,-42.71198567798543,-27.194704254348643,-114.12606350687038,-38.445203314614986
1479,-123.52416513541954,-21.186797565097073,-113.30201005826608,-38.274406240141786
1480,-85.67288411195123,-122.00487227548791,-111.57319380762621,-39.336236162045516
1481,-192.81897357375303,-26.490863791360198,-110.66590168473367,-38.67584779197901
1482,-125.40601340418993,-22.91951693463869,-111.54020029879747,-38.67101534008084
1483,-139.7465381740441,-26.425165466064136,-112.36666685833606,-38.713502956060864
1484,-52.46375377373296,-60.06976571497796,-110.72966475136715,-38.93146465417507
1485,-276.9774320151032,-46.665679388163284,-112.23742103885668,-38.85394574468795
1486,-123.05891411630087,-45.17893386514327,-112.11730405526261,-38.733250891938226
1487,-66.42802646336754,-107.15198568476156,-112.00635901606876,-39.23983504501244
1488,-45.55584988034281,-31.181498981278303,-111.84610993483014,-38.497911002462324
1489,-69.0767803142949,-23.64290395869909,-111.738721310998,-38.25316931107172
1490,-30.255589646194732,-29.036628319535293,-109.77300647971047,-38.39760912470333
1491,-107.71100766603767,-88.10322112810263,-108.7664916576232,-38.761646593185226
1492,-140.19850107697474,-17.070978778350998,-109.16641482053612,-38.734366479991905
1493,-64.09222161372426,-29.636528000151976,-107.55753332912943,-38.48769049952345
1494,-61.141262802899945,-45.363377821068326,-107.28229056273484,-38.73428001806319
1495,-67.67218330813876,-90.89981566365495,-107.28114399337561,-39.351954780409116
1496,-103.08955643833606,-21.249738262347517,-104.66961021648987,-39.39652238979053
1497,-175.11121610966148,-32.937023734010445,-104.92411259760044,-39.10283188249559
1498,-100.8110236162584,-23.517742698066492,-104.42525910095029,-38.71082163240621
1499,30.379735084510333,-88.50257569086428,-103.00060709985698,-39.35268791109771
1500,-259.7937890252815,-66.13518452182926,-101.91787056873969,-39.84308930444694
1501,-170.5057037217142,-23.538645999140975,-103.39508086681873,-39.78276643374984
1502,-127.57159136852538,-25.50707889001218,-102.41383337696499,-39.28306124674152
1503,-183.5229331176149,-29.827648817216787,-102.59243430907912,-39.42988271805887
1504,10.147790996416598,-31.56191153663516,-101.93200562371747,-39.20072479512851
1505,-407.4288926360976,-90.23517053590507,-103.82787807783669,-39.280106395522154
1506,-169.28920320159045,-61.26184605337715,-103.2681945359002,-38.95725654992621
1507,-82.33633559291522,-59.10315714433807,-102.74569779729232,-38.97501740534652
1508,-81.8486911514719,-24.560560805924446,-102.24041919655495,-38.558568070884945
1509,-217.25603902528562,-19.018013511661263,-103.90400726904606,-38.526417887545975
1510,-45.59077570346314,-49.3786724841298,-104.21670809518443,-38.79683145839475
1511,-108.3642694431346,-16.039842301670742,-104.78341020578891,-38.567168035212696
1512,-159.46334468340905,-28.40548478560701,-104.39565223406363,-38.60694803259901
1513,-146.70099663039892,-19.053214077526395,-106.00621212854213,-38.356850249986486
1514,-138.67453215498014,-82.27106454320727,-106.69988388823684,-38.95088443996826
1515,-43.01923750172975,-26.896184897566535,-106.75028405318146,-39.06236883913364
1516,18.25450299156201,-25.57385871303484,-104.30882461456112,-38.783754874967585
1517,-153.9439345125726,-28.04471328678749,-105.17278581367809,-38.331445466171644
1518,46.43092314217002,-21.991906182586593,-104.47785863671209,-38.28240378014153
1519,-106.34423505095258,-41.349797531942556,-104.90098294439879,-38.44588973818449
1520,-69.54769115846096,-52.93416684116761,-104.66958252728227,-38.67898933021186
1521,-233.68246488076485,-30.826269591258697,-105.34929528307387,-38.76021605011842
1522,-112.61219711796018,-18.166518677233015,-105.39453152699681,-38.60745086716496
1523,66.37610469998678,-85.32853586972108,-103.2966034261722,-39.31025605804447
1524,-123.39969622704774,-58.155614693494634,-103.26843237523165,-39.25125019910769
1525,-96.55611646084519,-28.361677363689214,-103.65789649407525,-39.20173476770182
1526,-48.69268824035562,-17.814924235286668,-103.5046143804254,-39.17821603594152
1527,-216.46820036722977,-68.88350269304058,-104.98230999301148,-38.780223674239615
1528,-39.737841930830946,-28.169549685732065,-104.45363999412913,-38.45298947852574
1529,-118.64459483727295,-124.83038063858328,-104.08243880965563,-39.43963011540441
1530,-142.99613083894357,-17.690653463531564,-103.99831858517979,-39.41605872307597
1531,-164.14929010125758,-21.09661135262357,-104.79414370871862,-39.39097651390894
1532,-287.69459499193937,-24.701065290397857,-107.07804427233495,-39.13040941658479
1533,-103.85928699989638,-33.18443955990378,-107.40560642128577,-39.14289946826018
1534,-149.13752534464766,-60.8491442467396,-107.62381982320684,-39.52102698848633
1535,-60.49275554483472,-25.254278019393116,-107.20354188660315,-39.212056514625004
1536,-251.1963500235014,-43.91739244721408,-108.675834954555,-38.77820060351161
1537,-60.778733007685155,-22.416088104624574,-109.44653498100516,-38.781461010375025
1538,-132.44397700838783,-30.49757058422904,-109.9891404168195,-38.8609025327961
1539,-241.48640241057123,-22.272276086366624,-112.18126636826877,-38.77034242578088
1540,-51.87752708890923,-36.33478055408732,-112.11855091880464,-38.846256040653316
1541,-309.75832097817,-24.453860060304,-114.63766043149897,-38.48511959949815
1542,-164.97566359559485,-19.574493242459344,-115.68698957156607,-38.29470625143674
1543,-120.44194407106835,-62.81575435077402,-115.87637681421378,-38.75413258948009
1544,-139.19828036001908,-14.105151932135334,-116.0290402252607,-38.65945704100049
1545,-123.69550755290044,-18.89455939867988,-116.00294130123599,-38.414323673192925
1546,-103.03561492496955,-53.14025362958159,-115.52365269599481,-38.73595959248207
1547,-82.80543518023396,-24.23242363665181,-115.1025355383245,-38.43347248026056
1548,-120.98663560426354,-40.69539823028291,-115.61925030433163,-38.64326324368496
1549,-218.2132808291147,-31.137688281294526,-116.3171620523738,-38.37154743497659
1550,-182.01819211010357,-16.25817090875901,-117.0444507360038,-38.190062297561106
1551,-50.700720372214384,-52.49967568018078,-111.989682548617,-38.101760613390674
1552,-67.1404184991517,-22.179301364053668,-111.97741059881196,-38.10413969235291
1553,-174.90483993048315,-26.914428615632968,-110.79147425048289,-38.19442115848203
1554,-91.7759925885888,-28.494148740124697,-110.8522236540774,-38.28150648644086
1555,-63.26630405043262,-29.195228175759368,-110.55391691900732,-37.59973904763096
1556,-77.90425279116253,-27.43338253283062,-110.21959047524881,-37.48700559406084
1557,-216.30288933597987,-15.929686743393761,-110.95634455870778,-37.08684334964001
1558,-91.83107518057157,-30.29108900660732,-110.5805219824411,-37.19845303696893
1559,-80.65983300596255,-77.28664795111533,-109.60302652145906,-37.78903780319124
1560,-206.97552294227395,-69.69499741431773,-109.68143586311733,-38.31304435028572
1561,-107.41945133920179,-19.23333839888034,-110.56429438856517,-38.10099345042583
1562,-34.66191740802106,-27.13926787749427,-110.50992082822067,-38.17961560683503
1563,-91.84591265874592,-81.2725680201195,-110.47133561881724,-38.77709765596928
1564,-86.92705367497364,-15.660491761999541,-109.0730009307041,-38.75436854691385
1565,-256.4763594257897,-22.698317334986626,-111.29024591943325,-38.715389823615546
1566,-68.62859000881969,-67.06783378245592,-111.1354203460467,-38.80404427493292
1567,-126.67359434831553,-62.60174274294783,-111.6955690305001,-39.26367187303861
1568,-244.820854536496,-42.024191468790306,-113.88824966337285,-39.41564335026763
1569,10.01269036704342,-22.55181333051365,-113.62115377671284,-39.42022870742869
1570,-91.67125663062602,-19.343211169359638,-118.15676753549369,-39.315049883204594
1571,-8.812308494185551,-25.44172772752754,-117.71847702982565,-38.65691757059135
1572,-41.55498332178237,-53.59511208809821,-116.58881407304155,-39.01669552786554
1573,-92.91969779821635,-62.591686861351725,-116.65177803848695,-39.419566136696865
1574,-120.26730736485979,-17.364704799417385,-115.8965805851243,-39.399189343178776
1575,-6.542156451274756,-84.38248588597934,-114.46801314514076,-40.00084615339884
1576,-140.70840838906918,-30.06456055866719,-116.01196444437987,-40.06361636256893
1577,-86.73443650931975,-24.88611307437934,-116.1228571300246,-40.11015221372497
1578,7.886574033051426,-20.060709236201884,-115.61687153291423,-40.038812263543505
1579,-10.768680480959523,-19.01137800206784,-114.48931668636963,-40.01705806791322
1580,-357.2824718636475,-34.82261413387609,-117.20541256388658,-39.14523548649711
1581,-252.84472996907553,-58.40764693215522,-117.8056701278398,-39.46440331790505
1582,-112.75527828990167,-24.96176195311366,-117.67916277669691,-39.4848257680898
1583,-36.58903738256676,-28.373552924008113,-116.64758776878215,-39.50430964266924
1584,-77.53974113619569,-18.624805597334912,-116.89834764240678,-39.08986004149281
1585,-103.88465253211834,-22.47380045476722,-115.16741984757692,-38.847941252158854
1586,-179.53654029765187,-14.888924124640615,-115.73219610939043,-38.54504115475383
1587,-14.637147039827083,-40.48288542977466,-115.21428731515503,-37.878350152203964
1588,-108.2321592706146,-27.28858914795733,-115.84105040905774,-37.83942105387075
1589,-203.2686062479629,-23.296544237948883,-117.18296866839442,-37.835957456663245
1590,-84.58627801217273,-62.699953417016445,-117.7262755520542,-38.17259070763806
1591,-20.459976990377516,-26.23385459594602,-116.85376524529761,-37.553897042316486
1592,-12.837253270072788,-41.31222143987327,-115.58015276722858,-37.7963094689317
1593,-14.26494842356261,-23.930295171386728,-115.08188003532696,-37.73924714064405
1594,-37.95557263972686,-26.017383183584357,-114.85002313369523,-37.54578719426921
1595,-18.01597686192658,-28.535000997408527,-114.3534610692331,-36.92213904760675
1596,-272.0091350234396,-23.420320021211587,-116.04265685508415,-36.943844865195395
1597,-89.38590057306244,-27.410237323424973,-115.18540369971815,-36.888577001089544
1598,-69.33339324807122,-44.2190028093216,-114.87062739603628,-37.0955896022021
1599,-100.47109344955024,-23.258811616759573,-116.1791356813769,-36.44315196146104
1600,-214.43373485101105,-25.0329698349941,-115.72553513963419,-36.0321298145927
1601,-90.98092343596916,-21.818687512489657,-114.93028733677674,-36.01493022972619
1602,-122.75424099403558,-62.24321002376661,-114.88211383303185,-36.382291541063736
1603,-141.1698542926411,-35.70177260593978,-114.45858304478212,-36.44103277895096
1604,-74.02061349506181,-28.34962364018463,-115.3002670896969,-36.40890989998645
1605,-149.57141027778331,-22.28272701322132,-112.72169226611376,-35.72938546475961
1606,-82.28691778455594,-23.533283395325046,-111.85166941194342,-35.352099838179086
1607,-179.97129345405037,-61.365048840596366,-112.82801899055477,-35.37471875514167
1608,-101.0002235375323,-82.53953802208586,-113.01953431441538,-35.9545085273033
1609,-85.43344747779103,-21.636657218977394,-111.70130839894043,-35.980694964376454
1610,-381.75400594760816,-21.992302170666527,-115.06294070138188,-35.706831261241824
1611,-148.28888811119126,-73.50775212032558,-115.46218688806245,-36.281510359428374
1612,-130.67225787133938,-62.729085326666926,-115.17427601994174,-36.62474636483897
1613,-80.3109719450435,-16.706389788813116,-114.51037577308819,-36.601278121951836
1614,-123.62418382773015,-172.48463557114061,-114.35987228981568,-37.503413832231175
1615,-77.88782149453858,-98.10486403799419,-114.70855812974376,-38.21550062363544
1616,-116.7048234294481,-45.099157379317205,-116.05815139395388,-38.410753610298265
1617,-142.51618842504402,-146.2594532956343,-115.9438739330786,-39.59290101038673
1618,-88.86094165093549,-45.99733741652878,-117.29679258100965,-39.83295532272615
1619,-106.31224256019203,-75.62676306952297,-117.29647265610204,-40.175724978101954
1620,-60.143740909804336,-20.95142138083523,-117.20243315361547,-39.85589752349863
1621,-0.5221208903920003,-25.932071379936428,-114.87082971371174,-39.806955541385406
1622,-94.15387721322908,-75.33707460952918,-114.68624651466443,-40.37866110070837
1623,-317.64854908749413,-76.01105669257629,-118.52649305253922,-40.28548630893692
1624,-173.6207788974807,-41.679356689780185,-119.02870387924357,-40.12072372889977
1625,-145.2678178074561,-23.095709082136313,-119.51582089270967,-40.068064046084245
1626,-92.33758440071675,-27.88706094178847,-119.95226985431329,-40.168785413149266
1627,-99.29323831663648,-30.993086294605344,-118.78052023380737,-39.789881249164914
1628,-60.594918753068214,-25.32780089169696,-118.98909100202972,-39.76146376122457
1629,-116.86247584895554,-22.396735254936164,-118.97126981214656,-38.73712730738809
1630,-51.94694443032528,-23.255759098895417,-118.06077794806038,-38.79277836374173
1631,-278.76651887503573,-66.38847495240526,-119.20695023579816,-39.24569699973955
1632,-70.01745009889257,-18.904657611644023,-117.03017878686768,-39.187732922952
1633,-136.44364937242278,-19.610691431408323,-117.35602241059294,-39.05199544166705
1634,-113.37412023266104,-22.498712593716792,-116.99838835947307,-38.668491125136825
1635,-122.25660206754614,-68.40338740809025,-117.61602682470019,-39.0999822190238
1636,-150.50178060534103,-79.40704592574231,-116.60908113051859,-39.45487875380908
1637,-103.40261136248604,-20.322153781565095,-117.0353199140666,-39.43393941057849
1638,-75.24071507085478,-20.75877793234832,-116.46328729469128,-39.33655148405968
1639,-63.26528035810291,-20.9196530075308,-114.68107607416658,-39.323025253271325
1640,-57.61437906633611,-30.388968507639166,-114.73844459394087,-39.26356713280684
1641,-65.69695555481842,-89.66802599238417,-112.29783093970735,-39.91570879212764
1642,-208.28183022621462,-31.867231836763036,-112.73089260601354,-40.038636178070675
1643,-274.97942071870403,-45.29948847569001,-114.2762673724899,-39.86347351931984
1644,-140.77401252784915,-17.04256772057035,-114.29202469416819,-39.89284767720419
1645,-123.49566253288778,-52.66725809106581,-114.29002624396806,-40.23057466412804
1646,-108.61055230545054,-56.70266279924373,-114.34577561777287,-40.26619875582467
1647,-82.30197329463988,-28.31085548507806,-114.34074099891693,-40.306983074308924
1648,-33.71109778809186,-29.050103967684734,-113.46798562075521,-40.19053013168294
1649,-105.74180514645404,-20.18629167901523,-112.34327086392861,-40.08101616566016
1650,-121.42550962197991,-20.16956676011808,-111.73734403904737,-40.12013012417374
1651,-264.0460647973587,-29.59225223857881,-113.87079748329883,-39.89105588975772
1652,-87.87128124546933,-29.021362953004854,-114.07810611076201,-39.959476505647245
1653,-48.863202342208695,-18.453741918290195,-112.81768973487925,-39.87486963867381
1654,-143.31327931391118,-19.00135214766687,-113.33306260213246,-39.77994167274923
1655,-61.60361524655554,-25.63595701779965,-113.31643571409369,-39.74434896116964
1656,-426.06518767538,-24.25953695929833,-116.79804506293586,-39.71261050543432
1657,-100.88678088230787,-19.406969247826762,-115.64388397839915,-39.74738333047865
1658,-125.36332404665393,-20.54566548273337,-115.97920646705998,-39.649929095239905
1659,-64.79850289023727,-25.406398930429507,-115.82059316590274,-39.131126605033046
1660,-144.53107862632194,-101.78702844923392,-115.19614872274323,-39.452046915382205
1661,-79.81345726695282,-32.06440709265836,-114.92008878202073,-39.58035760231999
1662,-92.3855939035066,-25.600744929552246,-115.49732554697557,-39.564972372840565
1663,-249.38521794908578,-27.81098320395837,-117.07271859987898,-39.03035652467896
1664,-71.06015449178344,-20.73588251701894,-116.91404960804708,-39.08111043222915
1665,-152.4763227254804,-19.44541204480778,-115.87404924104399,-39.04858137932736
1666,-89.04648161267676,-53.333116022156325,-116.07822815708256,-38.91123420172437
1667,32.577269734384714,-49.23943609613929,-114.48571951625556,-38.77761113525628
1668,-37.00909717579387,-25.382072417388564,-112.40760194264853,-38.61118994474226
1669,-57.53257467025771,-42.246235510565285,-113.08305459302153,-38.80813416654277
1670,-152.6569934250196,-23.498191060893895,-113.69291196096546,-38.84968396545811
1671,8.721003184317563,-25.351382797748663,-113.51757884418043,-38.848780516160325
1672,-160.84704717008907,-18.669865077732766,-114.71049948266351,-38.499528046056675
1673,-246.66211086972183,-51.83388779110636,-116.24792361337857,-38.39195005535422
1674,-91.98003236360762,-23.373238671580797,-115.96505086336607,-38.45203539407586
1675,-158.53106717028896,-20.019850262629213,-117.4849399705562,-37.80840903784236
1676,-64.88150659596303,-19.33297222032471,-116.72667095262511,-37.70109315445893
1677,-93.17827258870972,-27.90598656376591,-116.79110931341901,-37.73129188935279
1678,-66.89689180999422,-22.975956404429027,-117.53894397184946,-37.76044436103507
1679,-40.102863196412954,-45.710446902836644,-117.832285799004,-38.027435050042754
1680,-144.84238366064275,-124.3024037089988,-115.70788491697395,-38.922232945793986
1681,2.5674130399938244,-30.604772043555357,-113.15376348688326,-38.644204196907985
1682,-135.02527963338062,-17.3655782823031,-113.37646350031805,-38.568242360199875
1683,-85.96047883454763,-25.43788024914555,-113.87017791483787,-38.53888563345126
1684,-61.133136569968656,-43.70786396541006,-113.7061118691756,-38.789716217132
1685,-132.21851798253354,-67.93523513541491,-113.98945052367975,-39.24433056393848
1686,-17.585397875982434,-20.471449767123637,-112.36993909946305,-39.30015582036331
1687,45.16130567440794,-41.921319382004896,-111.77195457232071,-39.31454015988561
1688,-71.71702194381595,-59.12198148686415,-111.40680319905272,-39.63287408327468
1689,-52.386153021817194,-29.288191573592016,-109.89797866679126,-39.69279055663111
1690,-167.49591474364672,-21.25758978634534,-110.72707503410601,-39.2783669203244
1691,-229.87037427594743,-28.958698278666468,-112.8211790069617,-39.30561535715161
1692,-272.0423090457914,-15.503481671103543,-115.41322956471889,-39.04752795946391
1693,-323.27532576968133,-29.21366688998877,-118.50333333818008,-39.10036167664993
1694,-58.001830305465965,-17.04273138617324,-118.70379591483747,-39.01061515867582
1695,-91.71541722023659,-22.930177915916733,-119.44079031842057,-38.954566927860895
1696,-42.2158628323843,-24.779213626091472,-117.14285759651001,-38.968155863909686
1697,-12.697806264666841,-67.39825515325394,-116.37597665342606,-39.36803604220798
1698,-93.13827129424442,-31.5623011511872,-116.6140254338878,-39.24146902562665
1699,-44.510132754428625,-32.08300597998852,-116.0544158269366,-39.32971096925894
1700,-161.8525426132088,-72.31286373756586,-115.5286039045586,-39.80250990828466
1701,-43.58396434004295,-18.961376478854493,-115.05463431359931,-39.773936797948316
1702,-88.93860342377965,-24.23760273322568,-114.71647793789676,-39.3938807250429
1703,-70.98029006445454,-20.57707033292669,-114.01458229561489,-39.24263370231276
1704,-1.7046633746175988,-30.216627129020196,-113.29142279441044,-39.26130373720112
1705,-90.01163870617192,-59.20004153187768,-112.69582507869431,-39.63047688238768
1706,-112.25063200589926,-85.78879701334148,-112.99546222090774,-40.25303201856784
1707,-156.31196014547524,-21.868819031939775,-112.75886888782199,-39.85806972048129
1708,-43.879700973137254,-29.883574692621025,-112.18766366217804,-39.33151008718663
1709,-69.99766439658237,-58.858120029194474,-112.03330583136596,-39.70372471528881
1710,-32.157262007705015,-21.80344684627908,-108.53733839196694,-39.70183616204493
1711,-160.36983012135065,-81.97713237302025,-108.65814781206852,-39.786529964571876
1712,-254.67883774975434,-24.862557428156922,-109.89821361085268,-39.40786468558677
1713,-55.90316116896235,-27.17812426311933,-109.65413550309187,-39.51258203032983
1714,-319.41874645829995,-57.92147989995972,-111.61208112939757,-38.36695047361802
1715,-376.5139202128475,-28.095221305138022,-114.59834211658065,-37.66685404628946
1716,-190.57231885532147,-31.52323183452303,-115.33701707083938,-37.53109479084152
1717,-292.6346459434886,-21.876462284542345,-116.83820164602382,-36.2872648807306
1718,408.8541174332796,-16.847224010051768,-111.86105105518168,-35.995763746665844
1719,-138.0332734971073,-68.91385214236608,-112.17826136455083,-35.92863463739427
1720,-160.08326311438097,-20.20973373313433,-113.17765658659661,-35.92121776091726
1721,-92.48965175939847,-55.011037434796584,-114.09733189528667,-36.21200742146586
1722,-108.2842080992701,-52.82553671965894,-114.23863520414709,-35.98689204256716
1723,-94.53396258015943,-19.93015908834419,-112.00748933907373,-35.426083066524846
1724,-208.07538312100232,-99.16726206971838,-112.35203538130894,-36.00096212032423
1725,-82.00935416006253,-20.632674978792892,-111.719450744835,-35.976331779290796
1726,-47.78738454203214,-27.892814961776306,-111.27394874624815,-35.97638931949067
1727,-65.55004016405243,-25.020164310084763,-110.93651676472231,-35.916660099645455
1728,-200.49555583369215,-78.84626850325712,-112.33552313552855,-36.45184477576105
1729,-108.54852389534454,-139.77361949856288,-112.25238361599243,-37.62561361819731
1730,-8.672277904948146,-62.92346741730556,-111.81963695073865,-38.022290701381415
1731,-76.73975633736353,-72.68319927154003,-109.79936932536194,-38.085237944572775
1732,9.556466810910475,-24.06007059487488,-109.0036301562639,-38.136792074405086
1733,-89.48566401558122,-28.425506584676803,-108.5340503026955,-38.22494022593778
1734,-103.84876351221075,-27.509523492262826,-108.438796735491,-38.27504833492324
1735,-157.67246660022408,-22.077795373627673,-108.79295538081777,-37.811792414578605
1736,-84.63329350813235,-75.75965439228088,-108.13427050984569,-37.775318499243994
1737,-84.81282372956831,-20.31411909581837,-107.94837263351651,-37.77523815238652
1738,-112.23154602271137,-26.072870959273573,-108.31828094303508,-37.828379082655765
1739,-110.95580436820941,-19.327044893960526,-108.79518618313614,-37.81245300152007
1740,-83.69699517494838,-72.41519411006762,-109.05601234422227,-38.232715257544356
1741,-202.89899663469706,-23.731178152150672,-110.42803275502106,-37.573346779142014
1742,-271.17333366184965,-25.948612471919827,-111.05694778937742,-37.514160585493585
1743,-77.75880980872198,-46.67980965683335,-109.08474168027757,-37.52796379730502
1744,-89.01856082649303,-17.3393132827423,-108.56718716326401,-37.530931252926734
1745,-110.9091063551778,-21.28412000119277,-108.4413216014869,-37.217099872028
1746,-75.73837138191209,-18.212458036838907,-108.11259979225153,-36.83219782440396
1747,-55.678903456550785,-22.87613655006792,-107.84636909387065,-36.77785063505386
1748,-46.36131805352179,-31.229424855876406,-107.97287129652494,-36.79964384393578
1749,-98.51497974967862,-54.641777957467546,-107.9006030425572,-37.1441987067203
1750,-117.50652913137719,-46.8023886436906,-107.86141323765118,-37.41052692555603
1751,-197.12414651760824,-21.47605647672277,-107.19219405485366,-37.329364967937465
1752,-83.20000695485804,-23.536026263348916,-107.14548131194755,-37.274511601040906
1753,-247.49603713992516,-23.42122899123485,-109.13180965992471,-37.32418647177035
1754,-212.66755942477488,-28.971020505630577,-109.82535246103333,-37.42388315535
1755,-113.8862115043485,-30.720820199175492,-110.34817842361127,-37.474731787163755
1756,-103.54144874449581,-66.44220478822342,-107.12294103430241,-37.896558465453005
1757,-124.3526398406238,-30.46520351194589,-107.35759962388558,-38.0071408080942
1758,-102.70404078130228,-25.052319647489256,-107.13100679123205,-38.05220734974176
1759,-94.85700895828428,-80.61472477608844,-107.43159185191254,-38.60429060819834
1760,-57.45163125560049,-29.814941206444367,-106.56079737820532,-37.88456973577044
1761,-156.99410917537347,-24.437743260534706,-107.33260389728954,-37.80830309744921
1762,327.76605793497896,-26.90967447051721,-103.1310873789047,-37.821392392858854
1763,-138.85278640888038,-24.276773425719515,-102.02576306350262,-37.786050295076464
1764,-166.66563388245572,-29.318720256726635,-102.98181785740935,-37.87187867247354
1765,-249.1228681077103,-66.41843854440282,-103.94828331123166,-38.341608937469495
1766,-101.9635353910863,-55.3301553357813,-104.07745384901574,-38.36157933060574
1767,-164.48833614296555,-29.84274328010624,-106.04810990778924,-38.167612402445414
1768,-329.2977988626489,-95.02858161757284,-108.9709969246578,-38.86407749444726
1769,-100.99298589331518,-21.468768790950165,-109.40560103688837,-38.65630282725111
1770,-183.2964594853943,-26.56007515389689,-109.71199569749213,-38.686921668181135
1771,-99.26052431156158,-58.23275717953912,-110.79181097245092,-39.01573541199904
1772,-186.49892399287495,-18.021206570724324,-111.04832974067877,-39.00924882692896
1773,-100.48343171010139,-61.07519504293312,-109.58654294908257,-39.10166189944722
1774,-203.9322157607531,-32.82814550942345,-110.70606478305402,-39.19621096782565
1775,-303.45440166320617,-16.4309753542619,-112.1552981279832,-39.160322218741975
1776,-119.97600532629598,-41.619265964033865,-112.70624311528655,-39.38318515617906
1777,-0.18803201378741718,-22.694400501359393,-111.77634070953731,-39.331069295555
1778,-119.3615414815711,-30.734870006508736,-112.30098720625308,-39.408658431575795
1779,-4.148292580041402,-137.04287226187898,-111.94144150008935,-40.32198268516621
1780,-119.69693468103841,-21.780318008217304,-111.68998701029331,-39.2967618281584
1781,-110.14191696590078,-27.34350532346514,-112.81708031035227,-39.2641491609575
1782,-142.37464411860807,-72.09366515609992,-112.89057395520454,-39.81143002969547
1783,-65.35905795414511,-28.03100508448485,-112.68455974640052,-39.83736127804885
1784,-43.77540713498649,-47.911269436578074,-112.51098245205071,-39.87939533276054
1785,-277.1610208127953,-42.28179819397489,-113.96040748035333,-39.62286096334614
1786,-109.60258235700584,-63.301005004764335,-114.88057932516355,-40.05115651572255
1787,-139.23077478834327,-35.32064790294106,-116.72450012979107,-39.985149800931914
1788,-127.48142416282066,-35.76445679832106,-117.2821441519811,-39.751574554046485
1789,-72.26039496971133,-26.262635078364802,-117.48088657146005,-39.72131898909421
1790,-8.43834465179346,-34.39348886974934,-115.89031087054151,-39.85267797992825
1791,-300.61674624221513,-18.639474926037035,-116.59777459020418,-39.74948574640196
1792,-37.556730141959854,-25.40998900094611,-114.25291880116588,-39.84855081970039
1793,-60.89514774734791,-31.815724437422404,-111.62911702094253,-39.87457139517473
1794,-69.98370118604868,-21.36622928555956,-111.74893572974835,-39.91780637416859
1795,-76.48665727589827,-126.90184922231597,-111.59664813030496,-40.95752308723259
1796,-89.84414854837628,-14.225940860739794,-112.07293098746489,-40.85199035957907
1797,-236.5963199297107,-28.476854738940837,-114.31191612411531,-40.462776355435935
1798,-69.8422368518821,-48.14711031548802,-114.07895577969171,-40.62862444707894
1799,-125.4940299902374,-23.69303305517902,-114.8887947520498,-40.54472471783085
1800,9.304452930026159,-44.19079472244351,-113.17722479661747,-40.26350402767962
1801,-134.42627438968864,-23.866976478399422,-114.08564789711392,-40.31256002767507
1802,-119.11793168323729,-28.653674826404973,-114.38744117970849,-40.35672074860686
1803,-114.72182365300762,-114.45247917515424,-114.82485651559404,-41.29547483702913
1804,-94.338401588542,-26.19074471747726,-115.75119389773327,-41.2552160129137
1805,-50.688388948025505,-28.730455913859554,-115.35796140015178,-40.95052015673352
1806,-39.544296447317656,-28.277550521856767,-114.63089804456597,-40.37540769181867
1807,-74.52407767853012,-127.84833333964443,-113.8130192198965,-41.435202834895726
1808,-81.27305778860557,-32.839199332801535,-114.1869527880512,-41.46475908129754
1809,-102.75396346221494,-32.51492905902254,-114.51451577870753,-41.201327171595814
1810,-79.62836353952123,-48.51292411811958,-114.9892267940257,-41.46842194431422
1811,-31.978011046369993,-29.786274778604916,-113.70530860327588,-40.94651336837007
1812,-172.19650405110798,-32.20156133952468,-112.88048526628941,-41.01990340748373
1813,-167.50336491982998,-32.730924111639574,-113.9964873037981,-41.07543140596894
1814,-88.79784942181527,-27.55556507804511,-111.69027833343326,-40.771772257749795
1815,-183.1829766267912,-73.59721225982366,-109.7569688975727,-41.226792167296644
1816,-87.00430471863824,-24.070927190089932,-108.72128875620585,-41.15226912085232
1817,-269.85356554857026,-112.07627881923706,-108.49347795225667,-42.05426728619927
1818,-116.7307431964002,-19.49193720848228,-113.74932655855349,-42.080714418183575
1819,-110.51320169115286,-77.24106904607005,-113.47412584049394,-42.16398658722062
1820,-138.28379600538244,-40.73023573006497,-113.25613116940394,-42.369191607189926
1821,-84.82601809458353,-29.514953006126184,-113.17949483275581,-42.11423076290321
1822,-164.6514238739029,-53.00293518976896,-113.74316699050213,-42.116004747604315
1823,-149.42520341930864,-95.48754981205829,-114.29207939889362,-42.87157865484146
1824,-12.199734272895771,-74.90555959534605,-112.33332291041256,-42.62896163009773
1825,-189.87050973016537,-31.53044382768439,-113.41193446611359,-42.73793931858665
1826,-69.61853738728406,-22.87527285416241,-113.63024599456611,-42.68776389751051
1827,-415.2005557649218,-26.56950809415086,-117.12675115057479,-42.70325733535116
1828,-278.79323957490925,-27.128266998984536,-117.90972798798697,-42.18607732030844
1829,-184.40559715505202,-29.984666862293,-118.66829872058403,-41.08818779394574
1830,-160.27637603449233,-18.792238364005055,-120.18433970187948,-40.64687550341273
1831,1.9802942113426836,-33.54296190494704,-119.39713919639242,-40.255473129746804
1832,-96.0433342352898,-52.40059369280074,-120.45313720685442,-40.538878360726066
1833,-215.0547838353032,-51.21716243458835,-121.70882840505163,-40.76679491922518
1834,-79.63510514357942,-23.06209430249755,-121.46669182136532,-40.72232062732753
1835,366.33077049104963,-22.88228206066777,-116.2266594504526,-40.730365494197926
1836,-84.3409247845966,-28.145247925576424,-116.22373576321725,-40.25422142953089
1837,-9.080438567011004,-45.334552992214704,-115.46641191159168,-40.504425768494855
1838,-156.4379612271713,-34.047031346924946,-115.90847606363627,-40.58416737237136
1839,-87.28266992344697,-33.56386339490787,-115.67174471918862,-40.72653555738084
1840,-153.64498060753536,-23.959438821709927,-116.3712245735145,-40.24197800449726
1841,-50.95100180291301,-22.0253192649259,-114.85174462519664,-40.22491941562502
1842,-35.79281029015936,-46.721242438803515,-112.49793939147976,-40.43264571529386
1843,-78.64904919822676,-82.27990741413635,-112.5068417853748,-40.788646692866884
1844,-60.2915448668489,-26.846011485354985,-112.21957162577836,-40.88371367489301
1845,-226.66238695526386,-18.439922018078658,-113.3771044317792,-40.855271695061866
1846,-43.953925796655696,-84.60882434560759,-113.05925997592664,-41.519235358149544
1847,-115.17353313208632,-58.2461144655296,-113.654206272682,-41.87293513730416
1848,-139.25601317679207,-23.567419743491996,-114.58315322391472,-41.79631508618033
1849,-94.97013696846913,-17.80337806362543,-114.54770479610264,-41.4279310872419
1850,-75.20307885927272,-23.4290486406817,-114.1246702933816,-41.19419768721182
1851,-150.18264370144095,-20.433527457774325,-113.65525526521994,-41.18377239702234
1852,-269.50746457182424,-56.609558359943506,-115.51832984138959,-41.51450771798829
1853,-212.5347120880952,-16.471903357556126,-115.16871659087127,-41.445014461651496
1854,-130.92509618312175,-16.238688684202188,-114.35129195845474,-41.31769114343721
1855,-237.89030689579675,-20.72655310211644,-115.59133291236921,-41.21774847246662
1856,-82.58752713749885,-22.966620841882825,-115.38179369629924,-40.78299263300321
1857,-77.57702270719685,-18.9822606912662,-114.91403752496498,-40.66816320479642
1858,-88.46426549310638,-22.95428707867932,-114.77163977208303,-40.64718287910832
1859,-152.96415544823398,-23.809218466472284,-115.35271123698253,-40.079127816012154
1860,-105.23902767067891,-18.955045461811924,-115.83058520113332,-39.970528858565835
1861,-51.865104952865586,-38.83940560612444,-114.77929515890824,-40.114545482021725
1862,-221.82141538954102,-19.44874594229412,-120.27516989215344,-40.0399361967395
1863,-40.61929825992924,-28.25598946611321,-119.29283501066394,-40.07972835714344
1864,-28.87011256924424,-28.362358602227445,-117.91487979753182,-40.07016474059844
1865,-181.36283497408903,-54.152052239481534,-117.2372794661956,-39.947500877549224
1866,2.891311184818788,-22.734220184802716,-116.18873100043655,-39.62154152603944
1867,-121.23609117947733,-57.21976967911087,-115.75620855080166,-39.89531179002948
1868,-101.15301773153008,-24.76732264367756,-113.47476073949049,-39.19269920029053
1869,-52.62658178977584,-31.84089757180141,-112.99109669845508,-39.29642048809904
1870,-97.97188661651842,-23.00232359453247,-112.13785096976632,-39.2608429725054
1871,-243.9127681750851,-25.904435082907195,-113.58437340840155,-38.937559751539084
1872,-63.258415460070346,-22.590628926716626,-112.35196832307349,-38.98325397509901
1873,-229.78199823496715,-35.513091655533145,-113.64495398832216,-38.72763294122501
1874,-346.56860847583937,-18.22435442891708,-115.07131791547302,-38.58159503041994
1875,51.96681678448168,-72.3112930054183,-111.51710573099614,-39.14039820693151
1876,-162.51222640763544,-21.446150395274287,-111.94246794180954,-38.93866705124391
1877,-30.65995734727778,-30.410626472966737,-112.24718719514445,-39.01582931095999
1878,-119.23080260013442,-53.22559966443888,-112.2458798063301,-39.24073660753929
1879,-105.97781205782326,-22.63988622371596,-113.2641750011079,-38.096706747157654
1880,-106.0711943303122,-23.215935461969245,-113.12791759760063,-38.11106292169518
1881,-217.66297250121355,-22.49036403214406,-114.20312815295375,-38.06253150878196
1882,-187.66123563626866,-22.12415015828577,-114.65599406813035,-37.56283635880382
1883,-60.514167919788974,-37.374803554199865,-114.6075451677868,-37.656274343500975
1884,-72.9895285831588,-42.25043009295142,-114.89968638226853,-37.59966595006472
1885,9.627920839949287,-27.01026337914709,-112.03179696574108,-37.44695060191644
1886,-75.01066589455054,-21.352888730151573,-111.68587780111653,-37.02746943917031
1887,-164.72275746521882,-15.203868624598655,-111.94079762788529,-36.82630164638688
1888,-67.40073011846829,-25.943827160500557,-111.33999068744177,-36.72809535000867
1889,-143.00967252885587,-22.34738778681917,-112.04748346303323,-36.68894287709322
1890,-114.91533760854396,-44.49181181605982,-113.11225339260073,-36.78992610655633
1891,-118.72791663068256,-71.74223388854179,-111.2933650964854,-37.32095369618138
1892,10.581053532106585,-35.915772756925534,-110.81198725974471,-37.42601153374117
1893,-145.4833263243278,-20.896591011299762,-111.6578690455145,-37.31682019947994
1894,-177.18449798410356,-52.31344359116033,-112.72987701349506,-37.62629234253595
1895,-75.45733462383114,-68.32151889403329,-112.7195837869744,-37.04048903925312
1896,-159.27199407309433,-22.489867988827694,-113.41386224222157,-37.12312831053399
1897,-177.56471140872023,-21.28107854166719,-112.82354615701169,-37.05117054856125
1898,-25.745633016992503,-55.657065451178546,-112.38258011866279,-37.126270099918166
1899,-43.05258683330695,-26.872601575901463,-111.55816568709349,-37.15806578512539
1900,-198.95216873937412,-18.711620086197016,-113.6407319037875,-36.90327403876293
1901,-211.67339970837685,-19.939348179165673,-114.41320315697438,-36.86399775577059
1902,-105.3536561167009,-16.68512350356722,-114.27556040130901,-36.744312242542215
1903,-88.59099451637503,-21.703555648499567,-114.01425210994267,-35.816823007275666
1904,20.539612228859056,-27.269391164909663,-112.86547197176866,-35.827609471749994
1905,-412.7446433668691,-55.06773065036665,-116.48603451595709,-36.09098221911506
1906,-86.03481139923575,-80.22596261870248,-116.95093966547628,-36.61046634008352
1907,-140.3639341967887,-26.751944279545366,-117.60933823065888,-35.59950244948253
1908,-100.37721756508027,-21.815632852046633,-117.80037982842363,-35.48926678467497
1909,-150.4224635721709,-18.760837877910877,-118.27706482952318,-35.35172587286385
1910,-70.12182081464405,-178.0066896775192,-118.18199940227441,-36.64666352845785
1911,-63.44977529011839,-39.788495631830536,-118.4967170447119,-36.74668573699011
1912,-102.43314054501462,-26.540083646983046,-117.79908340965095,-36.690070960064695
1913,-87.05099578933313,-24.621650012305054,-116.99455971834597,-36.60897821907134
1914,-277.9986537967333,-84.51172048405442,-118.88656776209515,-37.17853977313144
1915,378.3740361095727,-22.196625361424765,-113.27099763473151,-36.66453390414745
1916,-238.1283764997731,-31.019484328084253,-114.78223835254288,-36.73401947552739
1917,-175.9880273958721,-33.58791081285847,-113.84358297101588,-35.94913579546361
1918,-53.969599520936676,-72.7653944694497,-113.21597153426126,-36.48187036807329
1919,-179.39860447203287,-21.734574953598884,-113.90482556207006,-35.92680542714857
1920,-149.02572395797955,-158.4781687999724,-114.01224484159602,-37.104284757847644
1921,-155.7854587870543,-31.55585039241477,-114.72183924852072,-37.12469373171052
1922,20.749163045419273,-32.2648466164116,-112.86783337932751,-36.91731284597695
1923,-143.99435503434407,-66.04036711971956,-112.81352489547785,-36.62284101905357
1924,-148.75895401809217,-26.18160842992215,-114.17911709292983,-36.13560150739933
1925,27.09347040912954,-92.28211697715538,-112.0094772915369,-36.74311823889404
1926,-113.34804900023624,-35.90867842186439,-112.44677240766642,-36.87345229457106
1927,-136.4341531491201,-21.511611062518497,-109.6591083815084,-36.82287332425473
1928,-171.39435692620734,-22.897049240624106,-108.58511955502138,-36.78056114667113
1929,-275.9484870176658,-22.97922802622163,-109.50054845364751,-36.710506758310416
1930,-197.40433704896233,-70.56662440728809,-109.87182806379221,-37.228250618743246
1931,359.2965199441967,-26.852784463631423,-106.29866580646367,-37.1613488443301
1932,-88.79240827769412,-29.72843398770746,-106.22615654688772,-36.93462724727916
1933,-236.08702405546757,-23.625079586592776,-106.43647894908936,-36.658706418799206
1934,-210.45118009108248,-68.23141596953383,-107.7446396985644,-37.11039963546957
1935,-256.27403221457064,-103.60342326810863,-113.97068772562059,-37.91761104754398
1936,-113.17217043457289,-111.0817612069781,-114.25900018212035,-38.74697618035799
1937,-148.68334417758322,-107.86248722259793,-115.65502923822606,-39.372255522661824
1938,-68.06927094683235,-24.03670511576483,-114.77134233542266,-39.272152260350225
1939,-109.72332506201829,-29.45967457505983,-114.99574888680837,-39.23111037215174
1940,-202.66174354494925,-57.68676494008427,-115.48591651618253,-39.568383633335486
1941,-53.05584527452285,-23.244782205589548,-115.50696495089863,-39.58057826274212
1942,-173.6310767034752,-20.032769733531307,-116.88534761503179,-39.3136935356894
1943,-242.39096898921247,-17.294180500094544,-118.52276681294165,-38.66383626654899
1944,-70.2937841790625,-82.1998341292523,-118.6227892060638,-39.21737449298796
1945,-234.35103212887205,-22.336046606542997,-118.69967565779987,-39.2563357388726
1946,-183.30508340065413,-26.018249106992346,-120.09318723383986,-38.670429986486454
1947,-157.81131442282063,-27.663708638078443,-120.5195650467472,-38.364605928211944
1948,-169.58644228631496,-39.67064009425219,-120.82286933784243,-38.525638131719546
1949,-70.19034601330381,-59.803398144459145,-120.57507142829078,-38.945638332527885
1950,-126.07686439416754,-31.086299418846863,-121.08380928363972,-39.02221084030953
1951,-164.04737843636698,-31.21242927222445,-121.22245663098897,-39.129999858454035
1952,-207.9905645918019,-23.66984847809397,-120.60728763118874,-38.80060275963554
1953,-117.3637096430133,-31.70055802107714,-119.65557760673792,-38.95288930627074
1954,-308.1209848737564,-23.41530771957172,-121.42753649364427,-39.02465549662443
1955,-208.5786427230744,-70.38669455175358,-121.13441985191704,-39.5212569111208
1956,-89.82864685615024,-46.84738073874234,-121.20683104910357,-39.7600645100894
1957,-106.77340960375486,-21.334410604004844,-121.49879491806917,-39.78358600921679
1958,-213.0180049573319,-29.0908060997146,-122.74433231271144,-39.84495119942715
1959,-132.01077739014218,-18.837360125466486,-122.53479853213052,-39.795232616017095
1960,-106.35589764455479,-27.114617152381012,-122.54596723186927,-39.876828332922784
1961,-112.22902788990027,-36.78381621380056,-123.1496064612396,-39.85627243899955
1962,-40.55975966054266,-44.93173347527847,-121.33698990394961,-40.111102314329386
1963,-100.77313062835617,-55.24553412027826,-121.93852822763388,-40.38099776087103
1964,-104.63015331671211,-25.540057244846235,-122.69612863510856,-40.352774747297225
1965,-90.16992066711398,-33.79197431153476,-121.78419949203881,-40.149173968017756
1966,-172.46282565473845,-56.33967491172881,-123.53774086043438,-40.48522851528703
1967,-164.7012994749367,-43.63043699235032,-123.97239294338898,-40.349335188419424
1968,-174.63778308238122,-18.01356624585044,-124.70724059689748,-40.28179762444115
1969,-136.69243397363076,-29.78390049028339,-125.54789911873604,-40.26122765362596
1970,-85.0998206110314,-22.05419048514504,-125.41917845868119,-40.251746322532085
1971,-128.51999352769306,-55.83028960737107,-124.26525071220728,-40.551004867776726
1972,-37.95544333947335,-28.508255445281765,-124.0122209910013,-40.61018113296238
1973,-119.51997851932526,-23.292647753243866,-122.90960079384486,-40.48797669393949
1974,-168.29698252875588,-24.245043580735175,-121.12688453437403,-40.548183585457664
1975,-84.36570338581652,-62.288275672551414,-122.49020973607699,-40.447953412128996
1976,-59.73331182960982,-27.949319065775313,-121.46242059029673,-40.512985098834
1977,-153.42103702035288,-41.7216559106315,-122.69003138702749,-40.626095393210655
1978,-186.9467451650657,-66.04972085210474,-123.36719081267681,-40.75433660508732
1979,-90.02514691325844,-24.720854558822865,-123.20766416123116,-40.775146288438386
1980,-70.81600211159858,-59.2860706452774,-122.85511223904403,-41.135847640271464
1981,-318.5303693781095,-23.719526757483642,-123.863786207813,-41.148139267524854
1982,-13.632742454165893,-22.626342079474906,-122.12350127599197,-41.153161186736746
1983,-63.71535214198909,-21.97808008352747,-122.15551311821396,-40.99919395203002
1984,-340.74720062618684,-25.74067925286579,-124.83308983864424,-40.834096443629164
1985,-81.7623399676241,-26.344287002997326,-125.74699244671997,-40.827436679867674
1986,-74.10548521099336,-24.16543869685666,-125.7379406398844,-40.85556217953472
1987,-77.17899058200291,-31.17321021016052,-124.86250297105225,-41.01525559539034
1988,-120.7780723254653,-27.316125281223886,-125.39627639312222,-41.028978576597574
1989,-206.61219403767555,-19.7800407444422,-126.03230160821043,-41.003305106173805
1990,-91.84090529605072,-88.74981921533924,-125.8015572850855,-41.4458851801666
1991,2.5060840612147675,-25.858140628929995,-124.58921727816653,-40.98704424757048
1992,-61.858599428749656,-39.407462480878834,-125.31361380777508,-41.021961144810014
1993,-219.7818353556623,-73.84651239870476,-126.05659889808842,-41.55146035868407
1994,-128.4334679791243,-25.90029585522638,-125.56908859803862,-41.287328881324726
1995,-9.899907638406145,-28.49674267942884,-124.91351432818438,-40.88908111917868
1996,-130.80416724400774,-18.218143558975157,-124.6288360598935,-40.846363874880154
1997,-113.83185219523692,-27.809727227415145,-123.99150746775868,-40.911650361737635
1998,-12.615907794521952,-24.203491572531544,-123.86021021553397,-40.59711462295116
1999,-110.55779971367475,-91.22548051718269,-124.53526234433764,-41.24064341236397
2000,-33.951982923916184,-45.0478090914832,-122.88526048618306,-41.504005302416836
2001,10.816961261314903,-40.30298911473697,-120.66035687648613,-41.707641711772546
2002,-137.9517388679117,-34.95267235764865,-120.98633770399825,-41.89031720031337
2003,-157.67425082654103,-21.26492039202982,-121.67717026709991,-41.88593084774867
2004,-23.593953224657497,-36.38810050720738,-122.11850592163508,-41.97711794117165
2005,-105.05611068817984,-64.93293317381872,-119.04162059484818,-42.07576996640616
2006,-41.64181653237443,-34.86391206400341,-118.59769064617957,-41.62214946085918
2007,-42.716055873733204,-39.29700145333715,-117.62121186294901,-41.74760003259709
2008,-54.855674124548656,-27.85357879768619,-117.1659964285437,-41.80797949205349
2009,0.47698856551974345,-28.898595899408033,-115.6570019071668,-41.90935707226846
2010,-71.58212662433478,-27.50014796190474,-115.67160496526371,-40.40429165511232
2011,-79.76717177215703,-17.37378699478007,-115.8347789300841,-40.18014456874182
2012,-79.146650351061,-26.56945911295174,-115.60191402814456,-40.1804383234015
2013,18.70777825179019,-26.931684657774365,-114.54432628773333,-40.203538669856194
2014,-199.94823994977133,-23.47814326633143,-113.76382214926369,-39.59320289767896
2015,-88.58804307674615,-20.374134094487783,-118.43344294112687,-39.57497798500959
2016,-147.7504303021614,-89.44695753046884,-117.52966347915077,-40.15925271703343
2017,-148.43571542913176,-23.209490784214285,-117.25414035948336,-40.05546851674699
2018,-221.21488634832238,-27.915929129043512,-118.92659322775722,-39.60697386334293
2019,-70.38343262499049,-38.5198666394802,-117.8364415092868,-39.77482678020174
2020,-146.42573046117806,-92.22339627762788,-117.81044157431879,-39.1122790549783
2021,-145.25265325785404,-20.654337153100872,-117.70511351902678,-39.00326392258516
2022,-66.81972688515336,-27.198131570384234,-118.5808024183325,-38.952596772124885
2023,-38.75707416891794,-64.26663033090543,-117.52842960967824,-38.934859404236754
2024,-174.10520709738572,-41.47223613848549,-117.78189214047117,-39.08776568132238
2025,-215.3197097487969,-28.35421019247153,-120.20602394205044,-38.44848661347554
2026,-36.31287404274698,-24.08028072409569,-119.43567219247554,-38.33020263649785
2027,-149.20542147299668,-55.33393739594248,-119.5633848757143,-38.668425899832094
2028,-182.20150003361144,-18.97640406269386,-119.67145630678836,-38.629219448052794
2029,-293.01544737880704,-61.03935866957968,-119.84212591039976,-39.00982075448637
2030,-208.40985550134496,-85.3890392839953,-119.95218109492359,-39.15804490325344
2031,-277.511760458665,-23.425338928089104,-126.32026389895222,-39.123770447898025
2032,-198.45309259228125,-24.243509763521207,-127.4168707420981,-39.06892120565616
2033,-125.08105382931146,-30.315779929011512,-126.30681103983653,-39.135828209080344
2034,-120.13528696997392,-50.01429580026818,-125.40365210862544,-38.95365700738768
2035,-225.68644533107832,-67.71744303410694,-125.09777623979052,-38.59479720504766
2036,-120.96542208512537,-68.55993068286648,-125.17570875629603,-38.16957889980655
2037,-263.9042974054837,-21.48947148733334,-126.32791828857503,-37.30584874245391
2038,-112.05882032645795,-32.06252882306636,-126.76781378237129,-37.38610697952692
2039,-112.79943812705734,-31.15778670601065,-126.79857491302168,-37.403088100836435
2040,-108.10747662383322,-35.70373311253839,-125.85303224381052,-37.18325778256097
2041,-52.13021175998443,-23.202730391963172,-125.84377590866515,-37.182837264424705
2042,-111.77054429528245,-28.065250546538994,-125.22517058458322,-37.263162072554785
2043,-198.68460580299686,-44.13883232927634,-124.78810695272107,-37.5316085908466
2044,-7.765141868264539,-62.5674538361489,-124.1628205296131,-37.33528478791557
2045,-196.37817715339156,-78.17206807721345,-123.7830919798583,-37.89364500262227
2046,-299.0528858263207,-36.85658781447148,-124.94057000411495,-38.00202838969706
2047,-44.39599892942643,-45.948025846513495,-123.806416849181,-38.184871561781414
2048,-136.885204839948,-22.722604554058872,-123.47940447471733,-38.01539120637948
2049,-241.52487857923433,-90.03849482104118,-125.19274980037663,-38.317742173145305
2050,-225.03969936639297,-31.026633744599494,-126.1823781500989,-38.31714551640283
2051,-53.49838512010174,-24.10969389698278,-125.07688821693624,-38.24611816265042
2052,-89.94299452285972,-23.549149160267913,-123.89641251624684,-38.244911169472154
2053,-212.2899718851008,-20.054402846883306,-124.8456751386677,-38.12844961773022
2054,50.234439357417486,-30.864788705617414,-121.26212089635595,-38.20294442759068
2055,-34.771687217403915,-18.799751961443597,-119.52405134129924,-37.687075001687575
2056,-93.88524280038557,-29.273786566901332,-119.56461730074159,-37.51133905996915
2057,-34.42319770959281,-24.34563497922509,-118.84111518179998,-37.54145130372136
2058,-81.59521641619857,-26.11760530832906,-117.52688729638864,-37.5117192958075
2059,-136.77928760431692,-25.29698579078484,-117.57457239853039,-37.57631555246069
2060,-94.30935890817196,-80.31536520371249,-117.45410701116658,-38.10832303297401
2061,339.9489503730531,-17.721650961678254,-112.93232722853705,-37.91770138045279
2062,-9.812173021236806,-19.64748975642803,-112.62485136214399,-37.66485894326428
2063,-88.46084651948114,-63.27101095992662,-112.50172852105524,-37.745113711660764
2064,-112.74158480968806,-20.132767276841324,-112.58284283598498,-37.69104081198071
2065,8.837111125952248,-29.485557584736657,-111.59277251805432,-37.64797664471273
2066,-60.960368722405164,-21.21096533152598,-110.477747948731,-37.296689548910706
2067,-16.648901568532583,-22.698629285228577,-108.99722396966695,-37.0873714718395
2068,-97.17854746225895,-29.876487791383347,-108.22263161346574,-37.20600068729482
2069,-241.30332350424925,-21.31091820027791,-109.26874050877193,-37.121270864394766
2070,-161.5979343794099,-91.60971350274914,-110.0337216464557,-37.816826094570814
2071,-37.75695284666619,-28.03803663952928,-109.12609123964542,-37.53890356489239
2072,-166.25889408699146,-29.500897905560883,-110.40912574712061,-37.548829989495175
2073,-84.65891534344885,-23.5131792892177,-110.06051511536184,-37.55103530485491
2074,-70.50123748837864,-27.841639512129237,-109.08255766495809,-37.587001264168855
2075,-98.67343722562296,-20.704484412636322,-109.22563500335616,-37.1711633515697
2076,-52.33332482852268,-27.11837867611283,-109.1516351333453,-37.162853947673085
2077,-124.51979482112095,-21.14522906541532,-108.86262271135297,-36.957089679220914
2078,18.626117139863634,-24.178924904268776,-106.80689408830366,-36.53838171974256
2079,-161.14597077262897,-26.34368873156621,-107.51810232689736,-36.55461006146999
2080,-55.97163253460231,-20.471197522128463,-107.36965863112738,-36.1664613302385
2081,-40.75515605189128,-25.932854647402575,-104.5919064978652,-36.18859460913769
2082,-131.66263368579905,-21.673664782701493,-105.77220541018153,-36.179067836169956
2083,-159.88497117080982,-20.849879668788013,-106.73390160046974,-36.16778583202256
2084,-84.70657501855939,-21.793203984298042,-104.17349534439347,-36.128311079336875
2085,-79.23853376524205,-51.71609586744022,-104.14825728236966,-36.38202916798131
2086,-293.31496567918975,-16.260320412326656,-106.34035208705161,-36.30297798513601
2087,-56.547337833430525,-36.68515791063865,-106.13403555956589,-36.3580974621408
2088,-137.1905610573619,-24.67893666637364,-106.29816044688485,-36.33172557599229
2089,-96.63224442062196,-29.59935190684686,-105.19836095071432,-36.429918687616336
2090,-153.97309342563315,-62.860559720295505,-105.81968283201014,-36.171026092665905
2091,-299.00484789322604,-26.341214618263827,-108.83479215155455,-36.17585683255924
2092,-159.08840482406887,-66.91483673098732,-109.80709020550775,-36.45093057506032
2093,-115.68716393812258,-27.404403769637153,-108.76614349133236,-35.98650948876965
2094,-187.0636752555399,-47.817816422554216,-109.35244556409651,-36.20568469444293
2095,-162.4607236106903,-24.21820674614671,-110.87805372381935,-36.162899335110104
2096,-40.677842747874095,-26.724339205545192,-109.976790478858,-36.247961291575805
2097,-151.09481045270326,-17.93651724863558,-110.34942006143268,-36.14922919178801
2098,-152.8484553275395,-25.627074760952684,-111.75174553676285,-36.163465023672224
2099,-203.9123784288092,-16.74758182061729,-112.6852913239142,-35.418686036706575
2100,-73.48078373226438,-73.77066017412443,-113.0805793319977,-35.705914547532984
2101,-245.16891766012168,-19.330223679856505,-115.64043812121206,-35.49618689318417
2102,-119.77715503887828,-28.0918794419806,-115.45869228292173,-35.42757896402749
2103,-129.36511285823474,-26.01159888315286,-115.17560090323867,-35.475045748938726
2104,-165.98146020679658,-18.433564578127065,-116.59947597306005,-35.29550038964792
2105,-167.88402512124657,-24.28034579601019,-117.22775511739071,-34.88897451586983
2106,-81.52907551469073,-22.161671481560646,-117.62662770721387,-34.76195211004541
2107,-57.154128438870195,-28.001555391344443,-117.77100843286524,-34.648997649425475
2108,-130.19241596302385,-26.623266659187045,-118.52437585124997,-34.636694528040486
2109,-43.38563712320089,-37.301588224111086,-118.96300210813719,-34.720724451287516
2110,-158.12870117348822,-18.04945108444395,-119.82846785362874,-34.626217482512914
2111,-90.26297016537771,-21.471477968634687,-119.93342583756095,-34.66719439225146
2112,-181.96170295498698,-57.202576579257936,-120.96157636360022,-34.97352556691453
2113,-94.32700362635993,-18.44425684484201,-122.09192418238172,-34.888651288785205
2114,-120.72642395223396,-20.78740353352442,-121.29970602240634,-34.86174389145713
2115,-219.82698280734544,-93.65342326052978,-122.61209541971232,-35.59453678311755
2116,-11.963152416377781,-27.493850834268326,-121.2542226408545,-34.97500571615554
2117,-162.75322295114427,-68.15138170253228,-121.39739771607462,-35.42442462533873
2118,-124.74116012613696,-22.537688187899857,-120.43266045385276,-35.3706422159273
2119,-85.39201794270467,-49.682142329131466,-120.58274630702992,-35.482264972823806
2120,-42.92415274282227,-27.648506031053383,-119.54773052984636,-34.83651607035806
2121,-150.53314233338776,-20.572711840880718,-119.60053542060169,-34.835699817235856
2122,-98.24127923715925,-23.608101758832266,-119.91475094412174,-34.799799519120334
2123,-298.28873703916724,-25.576362796566126,-122.51006757282421,-34.41289684377695
2124,-108.8185398550086,-25.591594574639075,-121.85720090040043,-34.254090428138475
2125,-161.38788914395226,-110.07104917121549,-121.31788269435201,-35.071258817925916
2126,-108.07993861561143,-28.666421938268773,-122.03555334008065,-35.11712023006764
2127,-125.17151635896593,-74.33023658418898,-121.79521428894037,-35.307083221950116
2128,-216.31306052047165,-53.95227323754303,-122.13632989380898,-35.65684191369861
2129,-101.37855216749293,-28.961788600044866,-120.21996094169583,-35.33606621300326
2130,-172.50380840312403,-81.41307054426808,-119.86090047071362,-35.296306525605985
2131,-315.49871567141207,-85.45857837655674,-120.24077002284106,-35.916638920090655
2132,-124.97123924070819,-104.7616079297981,-119.50595148932533,-36.72181990175342
2133,-91.03318685144728,-36.900215021558026,-119.16547281954668,-36.78766425267889
2134,-197.3340389369528,-29.51047391679308,-119.93746033921647,-36.582626033844136
2135,-131.57170647842423,-82.85103498844522,-118.99631295068994,-36.73396195338753
2136,-322.43150536654895,-73.3592829343424,-121.01097378350418,-36.781955475902286
2137,-135.39161432883418,-28.783447648875814,-119.7258469527377,-36.85489523751771
2138,-75.13822862134315,-35.75306679928889,-119.35664103568654,-36.891800617279934
2139,-54.00390728552354,-27.95019030139212,-118.7686857272712,-36.85972465323375
2140,-97.74981364424491,-19.923012011728655,-118.66510909747532,-36.70191744222566
2141,-89.30211484865532,-23.801130400204848,-119.03682812836203,-36.70790144230807
2142,-107.69407493783193,-102.53693656838638,-118.99606343478753,-37.452618302526545
2143,-162.57903320051136,-50.47989048452226,-118.63500770876266,-37.516028884079006
2144,-107.5400775322996,-81.28009150826585,-119.632757065403,-37.70315526080018
2145,-91.22937146570756,-60.42325995028646,-118.58126900852616,-37.525667179530906
2146,-211.03948940030432,-22.87468597417766,-117.701135044266,-37.38584816112796
2147,-278.2004143917021,-24.89012243262406,-120.03917919888876,-37.17526912698907
2148,-482.94420807982334,-24.31984828205532,-123.49976923128752,-37.19124156426903
2149,-88.6219124507189,-28.085835420543077,-121.97073957000237,-36.57171497026405
2150,-76.20267911323938,-27.691019176211125,-120.48236936747084,-36.538358824580165
2151,-136.94188364666175,-24.627228620422144,-121.31680435273644,-36.543534171814564
2152,-167.4961491078606,-67.69894725035628,-122.09233589858646,-36.98503215271545
2153,-102.81306061485569,-68.18059781022305,-120.99756678588399,-37.466294102348854
2154,-189.4901654755614,-25.11902271995679,-123.39481283421377,-37.408836442492245
2155,-276.34499433770213,-22.264363771380662,-125.81054590541676,-37.443482560591605
2156,-30.695982060339112,-61.367523200898155,-125.1786532980163,-37.76441992693157
2157,-45.11656114768038,-65.86718409806392,-125.28558693239718,-38.17963541811996
2158,-14.335383078045199,-22.436463977394105,-124.61298859901567,-38.142824004810606
2159,-55.879117732574,-30.1198758011594,-123.80398690029824,-38.19105290491435
2160,-86.5868249651508,-22.875018062596382,-123.72676156086803,-37.61664943350319
2161,-119.48850057653655,-54.842018385086156,-128.3211360703639,-37.98785310773727
2162,-268.44535114234213,-22.29728549177922,-130.90746785157495,-38.01435106509079
2163,-117.47604917459324,-19.436609622997985,-131.19761987812606,-37.5760070517215
2164,-132.27723358413468,-27.188139887205185,-131.3929763658705,-37.64656077782514
2165,-71.92835062367696,-28.02424907774811,-132.2006309833668,-37.63194769275526
2166,-207.27082321371273,-24.281839315155437,-133.6637355282799,-37.662656432591554
2167,-144.25978172960512,-29.110548116426838,-134.9398443298906,-37.72677562090354
2168,-253.2638776692785,-19.43224522158118,-136.5006976319608,-37.62233319520551
2169,1.624146325117767,-94.45128381121403,-134.07142293366715,-38.35373685131487
2170,-116.17718287858061,-32.66242589688883,-133.61721541865887,-37.76426397525628
2171,-60.9863706597451,-27.180784205340256,-133.84950959678963,-37.75569145091439
2172,-306.41225767163013,-23.144025587080705,-135.25104323263605,-37.69212272772958
2173,-194.84531863705757,-17.780202339135148,-136.35290726557213,-37.63479295822876
2174,-220.85547062641007,-31.539805810820784,-137.85644959695244,-37.67177462121567
2175,-72.93133804139117,-29.010731409483206,-137.59902860511014,-37.75483709118414
2176,-67.98014252960735,-69.74568811092166,-137.75549678212099,-38.181110185532226
2177,-78.62624872685302,-17.848811971820577,-137.2965613211783,-38.14814601459628
2178,-106.44245121295671,-23.40019033342806,-138.5472470047065,-38.14035866888788
2179,-46.981519515578206,-23.780801508105316,-137.40560249213596,-38.11472979665326
2180,-230.33864250948147,-57.370809043242595,-139.1492725918848,-38.4837259118644
2181,-374.02798919540675,-15.491918667080009,-142.48200092331993,-38.379316552061184
2182,-121.84744045403536,-28.26229313056556,-142.3838489910023,-38.44520283553982
2183,-120.1286267729602,-16.381774484891537,-141.98628554702384,-38.40052178370085
2184,-73.94979628547648,-22.74448949507119,-141.87871775969296,-38.41003463880859
2185,-125.22690171797696,-19.443829148809915,-142.33860143922033,-38.08731197162228
2186,-291.3204726992209,-40.19691059706622,-142.31865650942063,-38.326677873469684
2187,-92.52721678935698,-28.457500607216488,-142.67845529897988,-38.24440130043546
2188,-180.64230619232802,-23.956165620455298,-143.1129727503296,-38.23717358997627
2189,-65.72681189209042,-24.50335864413944,-142.80391842504426,-38.1862136573492
2190,-152.42611963526022,-26.777562621283753,-142.78844868714052,-37.82538368635908
2191,-278.73611584240075,-25.261731646911844,-142.58576136663225,-37.814588856645564
2192,-80.14918044941074,-28.17741694122659,-141.79636912288566,-37.42721465874796
2193,-310.458562281739,-15.969895590625745,-143.74408310632182,-37.312869576957844
2194,-78.30647563418117,-24.34809924884296,-142.65651111010823,-37.078172405220734
2195,-55.25342735900269,-30.585782913351196,-141.58443814759136,-37.14184816689278
2196,-59.84049103350292,-27.795898467433666,-141.77606463044765,-37.15256375951166
2197,-131.77455776826005,-45.339983435673595,-141.58286210360322,-37.42659842138204
2198,-208.40539793809083,-26.089981727214195,-142.13843152970873,-37.43122749104465
2199,-154.6418983416395,-76.08664441092138,-141.64572672883705,-38.024618116947686
2200,-212.41850409316703,-49.62937363171836,-143.03510393244608,-37.783205251523626
2201,-93.38422745963726,-17.045109648653558,-141.51725703044127,-37.7603541112116
2202,-80.61076592774072,-28.9060376013176,-141.12559313932988,-37.768495692804976
2203,-29.224127695378865,-27.868421306022594,-140.12418328770133,-37.78706391703367
2204,-219.81735539254922,-64.69305978475647,-140.66254223955886,-38.24965886909996
2205,-122.78108713189101,-37.67582511195657,-140.2115128596653,-38.38361366225943
2206,-286.87074210801785,-15.111935711102051,-142.26492952559857,-38.313116304554846
2207,-185.7445972632975,-22.543937245287733,-143.55083421384285,-38.25854012309427
2208,-189.46020235989093,-22.727510874152685,-144.1435120778115,-38.21958256524393
2209,-196.91488070648714,-55.584118260358856,-145.67880451364437,-38.402407865606406
2210,-172.48133112225446,-25.704242510907594,-145.822330813132,-38.47895577987104
2211,-82.23406898723886,-38.855177360911945,-145.7420418013506,-38.65279277379382
2212,-423.5113240795695,-63.14678825727717,-148.15753801259643,-38.71223489057401
2213,-110.41330342147145,-19.615967563374586,-148.31840101054757,-38.723951997759336
2214,-73.86110144207598,-29.05157239851987,-147.84974778544603,-38.806593686409286
2215,-46.56592038701332,-19.553153596344835,-146.1171371612427,-38.06559098976744
2216,-167.41695123795492,-29.81911460390038,-147.67167514945845,-38.08884362746377
2217,-4.115137428769269,-19.05253289803728,-146.08529429423467,-37.59785513941881
2218,-77.19881480270757,-20.88892712998307,-145.60987084100037,-37.58136752883964
2219,-118.21599984695425,-66.7096761850052,-145.93811066004287,-37.75164286739839
2220,-75.60560409848347,-19.895212869527164,-146.2649251735995,-37.67410993578313
2221,-74.25789442919495,-19.851004999108277,-145.50217269455757,-37.6668928673654
2222,-132.0395875335716,-24.689003941528878,-145.84015577752172,-37.67770188919237
2223,-155.19239687114168,-21.410265950080294,-144.40919237584146,-37.63604092072751
2224,-80.2170823527339,-33.682030073445866,-144.1231778008187,-37.716945275715574
2225,-128.08096947494664,-25.919613376351418,-143.79010860412865,-36.875430917766934
2226,-186.65457274850615,-24.489683050600608,-144.5758549454576,-36.833663528890256
2227,-219.56295596734896,-67.37360787317697,-145.5197693415414,-36.764097241780135
2228,-91.47377426727911,-59.45948486059169,-144.2713764790095,-36.81916935801062
2229,-203.52217857724904,-25.38041357630679,-145.29281274310705,-36.78335560777324
2230,-116.10049812861794,-36.30239156838914,-144.72877964036195,-36.33224881801444
2231,-25.861910610820978,-19.770362254412245,-141.83241158975605,-35.675366656792995
2232,-71.89832507425393,-65.22391679710769,-141.30168244809153,-35.2799897454661
2233,-318.80892983295325,-54.18547623082033,-143.5794398779066,-35.452842357558715
2234,-237.647020284591,-26.497426145984512,-143.982569691383,-35.42271187985064
2235,-118.99741447374339,-75.60848691621497,-143.85682677133622,-35.350286399128336
2236,-197.08949379082486,-29.156462118021185,-142.60340665557897,-34.90825819096513
2237,-161.4351667319787,-29.75665184033037,-142.8638421796104,-34.91799023287967
2238,-164.72558892190665,-42.163540956837835,-143.759715782616,-34.98209497445515
2239,-137.98587917783192,-106.24968293640018,-144.59953550153907,-35.76508990080523
2240,-459.5174271664812,-52.32159209556943,-148.21721163676145,-36.08907570164364
2241,-189.54874975820502,-31.325521169054255,-149.21967798585695,-36.16431960933213
2242,-274.31373302812113,-59.095294990638756,-150.88587456675984,-35.72990319355466
2243,-217.34118991372955,-24.491600352970035,-151.43349613389202,-35.47002029223914
2244,-77.95117393362062,-100.00205095006322,-151.13760709790523,-35.65723988665711
2245,-102.00598593369521,-17.422910721220948,-151.24537324258512,-35.22723639436646
2246,-89.86882110240059,-64.42881304944488,-150.03366655960608,-35.64277766511913
2247,-226.95665019231808,-17.080934612037268,-149.52122891761223,-35.56468578691326
2248,-142.31732330858787,-20.065532752489236,-146.1149600698999,-35.522142631617605
2249,-69.91006017481605,-71.69592717300878,-145.92784154714084,-35.95824354914226
2250,-168.58730464595226,-65.68925121738037,-146.85168780246798,-36.338225869553945
2251,-107.26327361398671,-40.97903510328366,-146.55490170214125,-36.501743934382574
2252,-115.78903044396813,-26.1616283220121,-146.03783051550232,-36.08637074509913
2253,-6.803484414646153,-20.27724631114957,-145.0777347535002,-35.60733723010839
2254,-119.28721618716514,-72.7652207488841,-144.37570526061626,-36.08379921039766
2255,-80.8485744742934,-23.62517202245689,-142.42074106198217,-36.09740729290841
2256,-169.65964762592108,-147.89070543437194,-143.81037771763798,-36.96263911524316
2257,-215.2642208921881,-29.593868594892943,-145.51185431508307,-36.59990596021145
2258,-153.29337909033208,-18.389728880602327,-146.90143427520593,-36.55943860924353
2259,-241.88827779986923,-38.47727477824124,-148.76152587587887,-36.643012599014355
2260,-239.66359352500183,-33.36133632538172,-150.2922935614774,-36.74787578164221
2261,-99.4222457149454,-17.962628298863173,-150.09163101286148,-36.37908188077998
2262,-208.45516831132443,-41.027784329782214,-149.4917291845513,-36.56638686916
2263,-80.95212250243979,-73.0862039100248,-149.12648991782976,-37.102882812030266
2264,-148.30612664324187,-18.55533306942003,-149.28677884842082,-37.01655474385241
2265,-42.35892916112556,-18.894284386379873,-148.9910846337953,-36.925255096938734
2266,-165.099977561936,-26.359508160320438,-148.56937617727758,-36.94603178539039
2267,-100.16049619911828,-25.35917511625969,-148.12838332197268,-36.90851805538872
2268,-15.269580285030735,-37.376642127530424,-145.74844034813017,-37.08796202444822
2269,-171.60599464027032,-96.25888662395262,-147.48074175778407,-37.1060380525756
2270,-150.96673115494437,-25.78584111643885,-147.8286372405477,-37.0372722047711
2271,-166.74839540028043,-24.108205876528338,-148.88625748795303,-37.00654642148299
2272,-102.30437795105074,-19.275315178682185,-146.84517869074728,-36.967859317399004
2273,-204.7648773487266,-99.28441287982685,-146.94437427786394,-37.782901422805914
2274,-105.00996386094046,-21.148378719659412,-145.78591921020924,-37.678987151894304
2275,-146.28864218373494,-22.40524265765433,-146.5194922516327,-37.612932264376006
2276,-32.43139743318471,-23.273998659377284,-146.16400480066847,-37.14821536986055
2277,-124.7865861765499,-41.44125201506773,-146.62560817516544,-37.38413977029303
2278,-196.52697025019813,-19.016516683098565,-147.5264533655379,-37.34030303378974
2279,-133.31526791790716,-98.24795240992725,-148.38979084956117,-38.08497454280796
2280,-43.36189358925095,-26.15222542501841,-146.52002336035886,-37.77278870662572
2281,-101.70499252718483,-27.283197051327637,-143.79679339367664,-37.89070149046819
2282,-101.17105228802028,-27.772238213321927,-143.59002951201649,-37.885800941295756
2283,-48.56037231564888,-32.07382980809195,-142.87434696744333,-38.042721494527754
2284,-72.37221301360526,-21.594395941972518,-142.85857113472466,-38.031220558996765
2285,-70.46908798791992,-24.635601169135136,-142.3109929974241,-38.08313827920003
2286,-164.96586247484348,-47.03671982541241,-141.04744689518031,-38.151536371483495
2287,-244.12273409605265,-28.706397743343302,-142.56340206824729,-38.15402534284476
2288,-117.03887005657778,-30.651980898335736,-141.92736770688975,-38.22098349562357
2289,-141.42465131051958,-24.865879903111725,-142.68434610107406,-38.22460870821329
2290,-321.370689651918,-17.687226354005855,-144.3737918012406,-38.133705345540506
2291,-195.0092225781087,-34.70459997609309,-143.5365228685977,-38.22813402883232
2292,-214.97916972732006,-32.17817004302393,-144.88482276137677,-38.268141559850285
2293,-183.97819442769728,-25.661144244496402,-143.6200190828364,-38.36505404638899
2294,-213.6191856451088,-30.917475056969202,-144.9731461829457,-38.43074780447026
2295,-77.34902557094344,-19.664186169383665,-145.19410216506512,-38.321531837030584
2296,-79.58584723714064,-51.04658950551426,-145.3915557271015,-38.55403874741138
2297,-123.24156131762982,-24.27326914040678,-145.30622576259518,-38.34337160445872
2298,-175.38734052709648,-32.80523781115959,-144.97604518848524,-38.41052416529817
2299,-56.64607743225436,-23.544673720412977,-143.99608697939135,-37.88510445839309
2300,-109.71588785202981,-24.65221338740113,-142.96906081697998,-37.635332855949905
2301,-184.70232188295532,-29.790958199162908,-143.88224176121315,-37.76279134145501
2302,-36.47101090396222,-27.74010582764294,-143.4408442109754,-37.75113202371826
2303,-57.82207137417507,-28.430340900991958,-143.72682364776335,-37.75675121966797
2304,-79.96777537906577,-22.680793958340026,-142.32832784762851,-37.336628561403806
2305,-296.721703332439,-23.536563534541198,-144.06773400963402,-37.19523594562965
2306,-63.696783401445245,-74.77030907806098,-141.8359944225683,-37.79181967929924
2307,-191.54598683740525,-27.937455255371408,-141.89400831830937,-37.845754859400074
2308,-157.55181994632306,-22.097322043202063,-141.57492449417367,-37.839452971090566
2309,-49.186742311341106,-70.61916686018537,-140.09764311022218,-37.989803457088826
2310,-100.05660301500987,-22.630324260985116,-139.37339582914976,-37.95906427458961
2311,-116.26914535384095,-52.80064960976037,-139.7137465928158,-38.09851899707809
2312,-104.16749968497476,-88.671611607524,-136.52030834886983,-38.35376723058055
2313,-41.986599917428954,-27.966475979271095,-135.83604131382938,-38.437272314739516
2314,24.724309022703505,-66.4857001967051,-134.85018720918157,-38.811613592721365
2315,-319.0935242924831,-53.90419376941333,-137.57546324823628,-39.15512399445206
2316,-168.28851360209558,-24.282779677553147,-137.5841788718777,-39.09976064518858
2317,-85.7390692699021,-47.64931067536333,-138.40041819028906,-39.38572842296185
2318,-52.0302000211187,-27.925122455883734,-138.14873204247317,-39.45609037622086
2319,-174.0906754665435,-68.43107197383544,-138.70747879866906,-39.47330433410916
2320,-113.77357663063046,-29.267282325148088,-139.0891585239905,-39.56702502866536
2321,-84.6757901450003,-25.646111921150503,-139.19333748114855,-39.624976097885785
2322,36.60427922117735,-25.859256966815693,-137.50689881360108,-39.636678628138654
2323,-84.97022016642704,-63.75151695614982,-136.8046770465539,-40.06009113819935
2324,-79.29313171422505,-47.78003607022941,-136.79543754016882,-40.201071198167185
2325,-105.39716081076897,-20.73247512165518,-136.5685994535271,-40.14919981562023
2326,-100.00874010855438,-24.265616796753857,-135.70214112712756,-40.14695915308175
2327,-88.18483930249779,-28.81009634097726,-134.38835996047905,-39.76132403775976
2328,-60.25567089725055,-21.613042391122352,-134.07617892677877,-39.38285961306507
2329,-102.1888633909144,-42.85077090442246,-133.06284577491542,-39.55756318634623
2330,-243.32176165869316,-26.305032305718083,-134.33505841021616,-39.45758959371951
2331,-82.26564332201546,-39.43398238477334,-134.8990957373281,-39.654225795023116
2332,-32.600411803690925,-28.706451994352623,-134.50611660462246,-39.28905114699557
2333,-96.87304295124495,-18.897570202649494,-132.2867577358054,-38.93617208671386
2334,-156.35113055255934,-43.71951430621807,-131.47379883848507,-39.1083929683162
2335,-49.49741465063478,-61.52150465568071,-130.77879884025398,-38.967523145710864
2336,-324.90233638207985,-139.97820226505817,-132.05692726616653,-40.07574054718123
2337,-79.36906560740432,-75.01400343622124,-131.2362662549208,-40.52831406314014
2338,-65.74883060592389,-24.671972124019224,-130.24649867176095,-40.353398374811945
2339,-268.1951469793229,-122.59460920199918,-131.54859134977588,-40.51684763746793
2340,-57.822232002173024,-29.737622383283355,-127.5316393981328,-40.291007940345075
2341,-165.53668007962986,-25.548793457825372,-127.29151870134706,-40.23324066323279
2342,-76.03286874319733,-27.769542393870154,-125.30871005849784,-39.919983137265106
2343,-21.71750612210873,-20.155065124917982,-123.35247322058162,-39.87661778498458
2344,-217.19551285292502,-26.348591212231206,-124.74491660977465,-39.14008318760626
2345,-133.5125483313386,-17.454716778957614,-125.05998223375109,-39.14040124818363
2346,-91.19133155203747,-99.18791450336644,-125.07320733824746,-39.48799226272284
2347,-25.034096973082328,-45.794227485145576,-123.0539818060551,-39.77512519145393
2348,-8.337222733006538,-26.082732470292676,-121.71418080029927,-39.83529718863196
2349,-442.4377103398468,-41.40456728645544,-125.43945730194957,-39.532383589766425
2350,-109.44941309836224,-23.819215234186,-124.84807838647367,-39.11368322993449
2351,-394.52362128240117,-73.6012407512624,-127.72068186315781,-39.43990528641427
2352,-107.34095820937603,-28.102629579721494,-127.63620114081189,-39.45931529899136
2353,-64.03624545747415,-32.80574275612118,-128.20852875124018,-39.58460026344108
2354,-70.43175008508359,-38.07811424990274,-127.71997409021937,-39.23772919845127
2355,-115.2565271576521,-24.972829408895585,-128.06405361705296,-39.25120577231566
2356,-145.2028162189082,-122.17112262146743,-127.81948530298283,-38.9940099441866
2357,-76.06487218431289,-41.01146402810302,-126.42749181590406,-39.108185898518705
2358,-0.7338459785830347,-68.07733207037546,-124.90189648478658,-39.60506193041644
2359,-169.09429387550054,-61.038924109232504,-124.17395664554289,-39.83067842372636
2360,-134.61708010106946,-42.57035347636031,-123.12349151130357,-39.92276859523615
2361,-173.82487138257613,-78.18001025675696,-123.86751776797988,-40.52494241481509
2362,-128.6165760823016,-24.531071518206307,-123.06913184568964,-40.35997528669933
2363,-117.33249577128623,-29.420645281076816,-123.43293557837812,-39.92331970040985
2364,-259.2627373715814,-24.309740193500854,-124.5425016856615,-39.98086377165066
2365,3.779768428347326,-25.815852911117975,-124.08111470976678,-40.05007945689803
2366,-167.5925628277312,-70.1512946511839,-124.10604056242474,-40.48799732180667
2367,-129.8150595625706,-31.997715821484086,-124.40258619605925,-40.55438272885891
2368,-171.72581099418593,-23.375511329383073,-125.96714850315081,-40.41437142087743
2369,-9.631689097666113,-30.24481005061143,-124.34740544772477,-39.75423065514402
2370,-32.82135040959889,-22.57725754645399,-123.16595164027132,-39.72214481944417
2371,-278.07705682021395,-15.485572711376317,-124.27923825447066,-39.63591848779265
2372,-7.690142852999534,-24.274147912369806,-123.33309590349013,-39.68590681512953
2373,-146.2391620994601,-32.201921251568834,-122.74783875099746,-39.01508189884695
2374,-70.87767684566232,-17.863885245672048,-122.4065158808447,-38.98223696410708
2375,-44.64589491319316,-26.468244009394986,-121.39008840813926,-39.02286697762449
2376,-138.41749996997314,-48.57411409748598,-122.44994943350717,-39.27586813200557
2377,339.86447348972445,-21.465508567478036,-117.80343883684444,-39.07611069752967
2378,379.5012782443112,-22.952437144500482,-112.04315635189934,-39.11546990214369
2379,-170.95094214472886,-31.95335451335552,-112.41951309416756,-38.452523923177964
2380,-199.2508300629056,-17.659846506377438,-113.97840245890409,-38.36760013399156
2381,-237.98606311936604,-75.21071842882115,-115.3412131648259,-38.8468753477665
2382,-182.43199273500392,-20.87623503531927,-116.15382256929573,-38.777915315986476
2383,-11.644398505821313,-18.76836565402651,-115.78466283119744,-38.644860674445816
2384,-97.73870199088009,-22.24528729622833,-116.03832772097019,-38.65136958798838
2385,-112.09817193993413,-23.514566469484336,-116.45461856049033,-38.64015924099186
2386,8.458560646252,-29.716958934176155,-114.72037432927938,-38.4669616320795
2387,44.40013960283682,-31.68761703320447,-111.83514559229049,-38.49677382497811
2388,-201.91878170554267,-27.54563636125076,-112.68394470878013,-38.46571037960726
2389,-81.2674817128806,-166.30235089941743,-112.08237301280374,-39.88007508957032
2390,-134.9843158587518,-22.784781592265386,-110.21850927487209,-39.93105064195291
2391,429.87241048474743,-26.267174809049948,-103.96969294424353,-39.846676390282475
2392,-77.4824916549159,-36.12624291631325,-102.5947261635195,-39.88615711901537
2393,-159.47161383083517,-19.14819765643309,-102.34966035755087,-39.82102765313474
2394,-196.8343382400236,-60.60618039545018,-102.18181188350003,-40.11791470651956
2395,-61.76164673859072,-22.832564370237563,-102.0259380951765,-40.1495984885281
2396,-160.22508302806975,-21.518583455159455,-102.83233045308577,-39.854318428024555
2397,373.55123429662547,-13.568661372361147,-97.86440249694321,-39.7472723503441
2398,-91.97011092116983,-26.50598583515653,-97.03023020088395,-39.68427983058406
2399,-388.87272332884453,-15.436909769888315,-100.35249665984988,-39.603202191078815
2400,-136.44926892299998,-23.206219371534225,-100.61983047055958,-39.58874225092015
2401,-230.40536006388024,-27.655194339740536,-101.07686085236882,-39.567384612325924
2402,-246.3470795252205,-21.610160631106346,-103.17562153858141,-39.506085160360556
2403,-87.05955461864465,-46.92281590264527,-103.46799637102612,-39.69100991037709
2404,-241.23272108111246,-27.681525688942493,-105.08064582804657,-39.74101722768312
2405,-145.63126825203162,-18.80891045042442,-103.5697414772425,-39.69374069684195
2406,-154.14817928905282,-30.304221786862882,-104.47425543611857,-39.24907982392997
2407,-174.52211679205337,-20.58259699444652,-104.30401673566504,-39.17553124132072
2408,-118.82158127147895,-24.76209578756728,-103.9167143489166,-39.202178978764366
2409,-315.6758907566616,-47.34850146744485,-106.58160583336978,-38.969472324836964
2410,-187.24480050225148,-25.259601480633364,-107.45348780824222,-38.99576509703345
2411,-159.0293459702637,-24.306384402315775,-107.88108981440645,-38.71082244495901
2412,-109.84111551018077,-25.295319695820368,-107.93782597265852,-38.07705952584197
2413,-9.26441827864677,-20.701901029190587,-107.61060415627071,-38.00441377634117
2414,-18.414424857117606,-23.874031027035706,-108.04199149506891,-37.57829708464447
2415,-233.03566905782776,-24.61635703931027,-107.18141294272236,-37.28541871734343
2416,-128.8001553485323,-27.414179232014224,-106.78652936018672,-37.31673271288805
2417,19.61155088160968,-22.318849445594424,-105.73302315867161,-37.063428100590365
2418,-131.88552564542942,-35.35282430834161,-106.53157641491472,-37.13770511911493
2419,-574.7504573479885,-13.749683703841455,-110.53817423372918,-36.590891236415
2420,-67.65982859489364,-37.11014765627503,-110.07703675337181,-36.66931988972627
2421,-151.2880446280632,-20.618488183761453,-110.74315929820243,-36.61904365235237
2422,-189.48724524368376,-31.195007667405914,-113.00407454285104,-36.67240115935827
2423,-30.21824220094114,-33.47377286734897,-112.45655476319617,-36.369623718470265
2424,-124.42817629330268,-16.153906737438536,-112.90790520898695,-36.05336242514235
2425,-18.5927386634058,-36.82265728088116,-112.03986098751332,-36.214264246734615
2426,-93.68162072523444,-68.85276383842198,-111.97658979368012,-36.66013571715129
2427,-150.47080408476074,-33.624251987299644,-112.59944944150277,-36.70827727361453
2428,-203.26035365934686,-23.722991202097017,-114.02949626912373,-36.72937676172427
2429,-80.55702917980712,-28.79687448165128,-113.81317792701266,-36.58883779749656
2430,-118.49062973018226,-17.28110324324767,-112.56486660772754,-36.49859850687185
2431,-85.67282999685679,-34.080294448756796,-112.59893847447594,-36.44506162751169
2432,-36.96508544873778,-51.6963446949411,-112.64258521092641,-36.674960554517575
2433,-32.06208041993849,-46.56205615765665,-111.99447558561333,-36.95160541406765
2434,-325.30797231006284,-22.058029877767563,-113.68404400318836,-36.73499056978314
2435,-113.2714814732804,-24.254639151634354,-114.32178467141483,-36.36232191474268
2436,-118.36200923247503,-38.340785883224534,-112.25638139991878,-35.34594775092433
2437,-67.39253072200599,-29.6815967646797,-112.1366160510648,-34.89262368420892
2438,-86.26580079728106,-58.32072313888617,-112.34178575297838,-35.22911119435759
2439,-200.5105638167816,-27.73973562861404,-111.66493992135295,-34.28056245862374
2440,-100.02095668501961,-62.851250255758316,-112.08692716818145,-34.6116987373485
2441,-163.74700831212266,-29.465130621199524,-112.06903045050636,-34.65086210898223
2442,-150.88818002166394,-29.675015662584478,-112.81758356329102,-34.66991684166938
2443,-180.1373217121577,-28.05525413426534,-114.40178171919152,-34.748918731762856
2444,-285.19847987488157,-19.374370929761255,-115.08181138941109,-34.67917652893816
2445,-9.452966280543238,-26.574379325113465,-113.84121556890312,-34.770373154399714
2446,-154.29995794516051,-121.11497112709594,-114.47230183283435,-34.989643720637005
2447,26.951588384894908,-31.095147137629873,-113.95244497925457,-34.84265291716185
2448,-104.06468706723456,-84.66131772360855,-114.90971962259685,-35.42843876969501
2449,-191.68186240984733,-25.782290295799495,-112.40216114329685,-35.27221599978845
2450,-246.18675807384975,-34.938619533967255,-113.76953459305173,-35.38341004278627
2451,-299.0022214090461,-19.76732652393984,-112.81432059431819,-34.845070900513036
2452,-237.1141605171166,-61.968998633303315,-114.11205261739559,-35.183734591048854
2453,-172.99788270102556,-21.241028287903493,-115.2016689898311,-35.068087446366675
2454,-95.36151116245811,-26.247519027438543,-115.45096660060486,-34.94978149414203
2455,-163.56805233329015,-28.306587958322783,-115.93408185236125,-34.98311907963631
2456,-130.849316849873,-76.46740481685701,-115.7905468586709,-34.5260819015902
2457,-185.27156817488654,-62.59243914737357,-116.88261381857663,-34.74189165278291
2458,-42.369600239550266,-42.85283151102144,-117.2989713611863,-34.48964664718937
2459,-48.3302959589402,-27.83500129870175,-116.0913313820207,-34.157607419084066
2460,-135.14102604823248,-68.76660748167822,-116.09657084149232,-34.419569959137235
2461,-130.5508694101875,-80.38141285624977,-115.66383082176843,-34.44158398513217
2462,-160.91510117997606,-134.81432948897645,-115.98681607274519,-35.54441656483988
2463,-273.3133544395582,-17.92684846362399,-117.5466246594279,-35.42947859666534
2464,45.313746075503595,-23.405926161766363,-114.50085982495706,-35.420440456348004
2465,-291.3849698555424,-75.24306347807493,-117.45250720779596,-35.91471256201757
2466,-145.64781879401207,-23.585078145205916,-117.23305976745877,-35.44905039695779
2467,-84.10317596037709,-55.71446640405655,-116.77594093143682,-35.68621790278351
2468,-385.1173583700749,-24.65676871151521,-118.90985640519568,-35.69903047660483
2469,-56.048935232896085,-25.333187883874917,-119.37402886654797,-35.649914254937464
2470,-275.35071267551086,-88.87433885165329,-121.79932248920711,-36.312885067989455
2471,-109.9368539957682,-28.140787424650064,-120.11792046096265,-36.43943721512219
2472,-133.5806099760843,-23.200890675275055,-121.37682513219352,-36.42870464275125
2473,-195.53297967625707,-86.24318216738195,-121.86976330796148,-36.969117251909374
2474,-93.78229031854084,-29.91565913232668,-122.09880944269027,-37.08963499077592
2475,-50.03016644599906,-74.65874445073476,-122.15265215801833,-37.57153999518932
2476,-112.73536316554554,-61.21921975040346,-121.89583078997406,-37.697991051718496
2477,-167.46453526666184,-19.80871818513357,-126.96912087753792,-37.68142314789506
2478,-229.14696228845182,-20.239937376590884,-133.05560328286555,-37.65429815021596
2479,-58.62514096861422,-25.878109371341967,-131.9323452711044,-37.593545698795815
2480,-112.86350284730582,-25.556000504169845,-131.0684719989484,-37.67250723877375
2481,-86.39914127577582,-22.621578702273506,-129.5526027805125,-37.14661584150827
2482,-111.55010180463655,-21.655875585564957,-128.8437838712088,-37.15441224701073
2483,-8.361365399726237,-20.762499177623766,-128.8109535401479,-37.17435358224671
2484,-16.14861759543024,-21.715184755639697,-127.99505269619338,-37.16905255684081
2485,-209.8823833887689,-24.705367749169422,-128.97289481068174,-37.180960569637655
2486,-34.236483910912334,-30.499570710780628,-129.39984525625337,-37.1887866874037
2487,-173.9080272834173,-25.197336107396104,-131.5829269251159,-37.12388387814561
2488,-101.80237112776933,-16.7083803719217,-130.5817628193382,-37.01551131825232
2489,-316.63668509346445,-26.605170059616196,-132.93545485314402,-35.61853950985432
2490,-159.6894648566056,-33.21518343217446,-133.18250634312258,-35.722843528253414
2491,-72.47545500521724,-21.760035751823658,-138.20598499802222,-35.677772137681146
2492,-296.88065991332377,-23.739066435657108,-140.39996668060633,-35.553900372874594
2493,-111.62433253307975,-56.06378846152766,-139.92149386762875,-35.92305628092553
2494,-45.04706149151964,-50.28808738260323,-138.4036211001437,-35.81987535079706
2495,-126.04360263528783,-33.193737572414484,-139.0464406591107,-35.92348708281884
2496,-49.488698848235124,-31.567073319138306,-137.93907681731233,-36.023971981458615
2497,-127.42474842357827,-31.461268066743287,-142.9488366445144,-36.20289804840243
2498,-137.6260472441236,-19.9981704886421,-143.40539600774392,-36.137819894937294
2499,-96.08010777897128,-52.906378895907714,-140.47746985224515,-36.51251458619749
2500,-81.02405733496055,-53.39073295066827,-139.92321773636476,-36.81435972198883
2501,-76.37307639015893,-28.06695272495594,-138.3828948996275,-36.818477305840986
2502,-87.52024495341537,-63.432077963965746,-136.79462655390947,-37.23669647916958
2503,-130.33271403709466,-20.2864298437389,-137.227358148094,-36.970332618580514
2504,-108.17078998654601,-96.07846399903575,-135.89673883714832,-37.65430200168145
2505,-128.77649501797464,-52.53425945142944,-135.72819110480773,-37.9915554916915
2506,-368.2290455789621,-23.706074181144235,-137.86899976770687,-37.92557401563431
2507,-159.63616047865526,-53.76060289349172,-137.72014020457286,-38.257354074624764
2508,-296.11762727921496,-19.553799301942412,-139.49310066465023,-38.20527110976851
2509,-142.17137376829757,-29.765194508472845,-137.7580554947666,-38.029438040178796
2510,-140.53752647476762,-24.754411525979634,-137.29098275449178,-38.02438614063227
2511,-112.9430487993004,-18.249614604251125,-136.83011978278213,-37.963818442651615
2512,-267.420670274435,-24.828390702000526,-138.40591533042465,-37.959149152713415
2513,-162.74494123187515,-47.56349271786438,-139.94072055995696,-38.22776506960015
2514,-75.8000557103231,-35.9981314860764,-140.514576868489,-38.349006074190555
2515,-105.28217871259251,-25.159867342305844,-139.23704196503667,-38.354441177220515
2516,-136.4885023682805,-31.957360239310066,-139.31392543523413,-38.39987298729347
2517,-135.0722857034242,-32.15187688084778,-140.86076380108446,-38.49820326164601
2518,-79.38863795947083,-23.45297624960319,-140.33579492422487,-38.379204781058625
2519,-339.805745378096,-21.560919637729313,-137.98634780452593,-38.45731714039751
2520,-92.25834576966658,-26.635875711415533,-138.2323329762737,-38.35257442094891
2521,-157.93500622761883,-22.744346503497937,-138.29880259226923,-38.37383300414627
2522,-69.71926891708443,-101.2986029164674,-137.10112282900323,-39.074868956636884
2523,-28.750751164667314,-26.987351681537923,-137.08644791864052,-39.010004744778776
2524,-115.04150904029942,-42.4913019848713,-136.99258124611043,-39.27337869725311
2525,-37.85017627812786,-25.48240159535063,-137.18515562225767,-39.1599761403978
2526,-49.919780821058275,-21.470534378440565,-136.74753722321591,-38.68615384579799
2527,-64.83368657983158,-26.398973318061095,-135.89116604816664,-38.613901059105594
2528,-35.61445963545299,-25.40451877302052,-134.21470710792772,-38.63071633481483
2529,-198.75137954458557,-23.636935318043218,-135.39665061157552,-38.57911694317874
2530,-91.13347064041545,-88.96348312852173,-135.12307902067784,-39.29594074203148
2531,-166.38605842129502,-58.88387328031859,-135.9302113049222,-39.5439765303471
2532,-170.3849504905065,-69.3200402661365,-137.2644099553399,-39.72021348605906
2533,-94.90499038401757,-61.041684657503296,-137.89283905498067,-39.86500977105753
2534,-90.38548698878776,-29.32593974594562,-135.54361420176795,-39.93768886973932
2535,-61.65690705344561,-19.511731750702342,-135.0274684575696,-39.89025979573
2536,-81.19245980813878,-22.73668127099197,-134.65577296332623,-39.73421874960767
2537,40.62684299550263,-27.26167863243795,-133.57557922615115,-39.71001956828525
2538,-298.4013672282875,-25.06084528168224,-135.69693489046122,-39.377420789713206
2539,-30.16193924375069,-25.0037853728907,-133.99344864473093,-39.35006128715597
2540,-119.59421713390655,-23.047421177572886,-134.18918124921979,-38.95202299637412
2541,-241.65476562858464,-82.34265441541642,-134.9682588223844,-39.480798234316296
2542,-111.59016851515771,-43.461082921484056,-134.57527870731934,-39.61865890690529
2543,-131.3404794767344,-54.29347694871516,-134.08731028496507,-39.88104113504979
2544,-63.51816970546731,-75.2049047712593,-131.87050718327092,-40.439346473464774
2545,-179.74076986525878,-27.606816047843044,-133.57338521911808,-40.44967084069207
2546,-95.28478039683957,-29.43894213291174,-132.98323344363484,-39.53291055075022
2547,-56.54497596087765,-49.83060314112523,-133.81819908709258,-39.72026511078518
2548,-122.15635417724381,-31.706458968568512,-133.9991157581927,-39.19071652323477
2549,-122.59049784267842,-79.14970535301893,-133.30820211252103,-39.724390673806965
2550,-161.75482438247036,-85.78721345210599,-132.46388277560723,-40.23287661298835
2551,386.1584734630741,-25.369529802901113,-125.61227582688603,-40.28889864577796
2552,54.68480638972212,-29.79067198858536,-122.69428615781763,-39.96711537933078
2553,-194.11654271237094,-19.414688746144478,-122.9054727579311,-39.94885198391319
2554,-56.63317657167745,-46.03083041494074,-122.51818941202329,-40.146685097788215
2555,-103.04471035991376,-33.571684308130905,-121.91295599228953,-40.199336061286296
2556,-150.3971136461114,-18.354386441094782,-122.10843396025192,-39.61820587752867
2557,-271.46530944062914,-70.15957456781197,-122.97037137290933,-39.69387723173306
2558,-227.58494499396278,-31.12830781480621,-124.82252482045347,-39.57663199477091
2559,-82.03851400022472,-134.01554803991635,-125.1596070008663,-40.63843746218306
2560,-155.044980861574,-23.75111257740618,-125.35864654899972,-40.18828251314034
2561,-111.61909272051749,-20.761498624276566,-125.16932878210302,-39.59208337082061
2562,-127.76697199501697,-97.79586989290038,-124.83784749025344,-39.221898774859845
2563,-197.91649239096702,-29.704480262400892,-124.08387886976752,-39.339675092847614
2564,-83.42921116147333,-42.41612279425828,-125.37130844213728,-39.52977705917253
2565,-121.76845997059007,-84.02281576696963,-123.67514334328774,-39.61757458206148
2566,-153.29577996883887,-25.813603595617902,-123.75162295503601,-39.6398598365656
2567,-109.37241462390884,-69.91295580461926,-124.00431534167133,-39.78184473057123
2568,-40.44140966093788,-32.067263940300535,-120.55755585457997,-39.855949682859084
2569,-82.27242991660843,-24.519331315137613,-120.81979080141708,-39.84781111717171
2570,-153.13403266472116,-27.70058263103929,-119.59762400130919,-39.23607355496557
2571,-79.01339051123881,-125.83944834678493,-119.28838936646389,-40.21306016418691
2572,-144.3181663193968,-89.76250129149754,-119.39576492989703,-40.87867627034914
2573,-90.34306771534676,-28.868867525712776,-118.34386581028792,-40.30493312393245
2574,-33.48781339891021,-50.09699515267573,-117.74092104109162,-40.50674648413594
2575,-192.8784672415661,-23.1894743938898,-119.1694040490473,-39.992053783567485
2576,47.32650222080356,-28.273759177762738,-117.5687853951838,-39.662599177841074
2577,-104.45650499279353,-28.38246464757047,-116.93870509244513,-39.748336642465446
2578,-200.51192401368735,-54.580514758754674,-116.65235470969749,-40.09174241628708
2579,-57.191821391871365,-30.26417621122307,-116.63802151393006,-40.1356030846859
2580,-159.4065277940307,-27.590411001804224,-117.10345176339729,-40.155947189662236
2581,-189.31818499968136,-25.11575899945016,-118.13264220063634,-40.180888992633996
2582,-61.7278980583457,-25.96419019162051,-117.63442016317343,-40.223972138694556
2583,14.03753630599529,-27.371128158558484,-117.41043114611622,-40.290058428503905
2584,-139.17514093036195,-28.622512077668684,-118.64069637946554,-40.359131701724195
2585,-97.7608475552051,-24.37546334276644,-117.5194810211299,-40.355832657660166
2586,3.4230736540595705,-70.35196465114993,-117.14288544548019,-40.75435659706386
2587,-162.74935635206685,-99.75696455257376,-117.03129873616669,-41.49995288151564
2588,-115.35996360178666,-19.628797370746852,-117.16687466090686,-41.529157051503894
2589,-66.34546688870128,-30.431852726113622,-114.66396247885925,-41.567423878168874
2590,41.64405444925021,-113.05369786578328,-112.65062728580068,-42.365809022504955
2591,-54.36717985906726,-22.89429444923907,-112.46954453433918,-42.37715160947911
2592,-126.90139594182733,-24.7824741134466,-110.7697518946242,-42.387585686257005
2593,-213.59764765898103,-25.411504935633356,-111.78948504588321,-42.08106285099806
2594,-136.5992212260934,-17.899879606600987,-112.70500664322896,-41.75718077323804
2595,-60.7370454502421,-107.06124052239372,-112.05194107137848,-42.495855802737836
2596,-128.30288431707132,-27.810949885479445,-112.84008292606684,-42.45829456840125
2597,-71.0995920322383,-22.58983898493088,-112.27683136215346,-42.36958027758312
2598,-116.94809490538239,-28.017107391878966,-112.07005183876605,-42.449769646615486
2599,-133.0809741467083,-89.1016752124341,-112.44006050244342,-42.811722609780745
2600,-262.23786410140883,-32.780335439398506,-114.25219857010791,-42.60561863466805
2601,-97.41466073600328,-31.485448114537895,-114.46261441356634,-42.63980358856387
2602,-162.02749512307625,-29.704774091933782,-115.20768691526295,-42.30253054984357
2603,-69.17865701235476,-24.409359100107636,-114.59614634501555,-42.343759842407245
2604,-70.82667804570542,-23.68923881366438,-114.22270522560714,-41.61986759055353
2605,-156.36702056413392,-24.754241437475674,-114.49861048106875,-41.34206741041399
2606,-44.0810803505017,-20.496078800972686,-111.25713082878414,-41.30996745661228
2607,-75.51937268164666,-29.51888433278539,-110.41596295081405,-41.067550271005224
2608,-156.54078282833123,-17.771584391107414,-109.02019450630522,-41.04972812189687
2609,-224.70292434098863,-23.154961102830434,-109.84551001203211,-40.983625787840445
2610,-124.0064454152616,-23.685822963982513,-109.68019920143706,-40.97293990222047
2611,-115.0995597576686,-28.714175946854546,-109.70176431102072,-41.0775855156465
2612,-124.58774372673552,-55.81901865177405,-108.27343504554374,-41.387491795144236
2613,-112.98988185692329,-25.036432243858066,-107.77588445179421,-41.16222119040416
2614,-121.2609892092459,-28.7002285686629,-108.23049378678344,-41.08924216123003
2615,-307.1171890032091,-64.93493200785136,-110.24884388968961,-41.486992807885485
2616,-161.04742978617077,-43.04269222996834,-110.49443316386852,-41.59784612779207
2617,-34.04347131885565,-20.95515279896407,-109.48414502002284,-41.485878886973225
2618,-99.14113695740811,-20.937462676474755,-109.68167001000222,-41.46072375124195
2619,-71.9080100119253,-24.51228688562275,-107.00269265634053,-41.490237423720885
2620,-55.71738184158489,-19.730668530296796,-106.6372830170597,-41.421185351909706
2621,-194.82656742648666,-78.76285276656348,-107.00619862904837,-41.98137041454036
2622,-94.73179629767003,-23.98908586237006,-107.25632390285422,-41.20827524399938
2623,-241.39897383649046,-27.13777436844345,-109.38280612957244,-41.20977947086843
2624,-85.94202889596436,-36.4655790767941,-109.0918113281291,-41.149522241787665
2625,-99.39945256256645,-30.532608054870035,-109.70730409097347,-41.200024306382865
2626,-117.80758389828092,-26.04145210758649,-110.38618212174569,-41.24573348367432
2627,-127.5002191650274,-23.440969094363645,-111.01284744759765,-41.21615344143735
2628,-140.52660673996715,-20.449982359446505,-112.06196891864279,-41.16660807730161
2629,-91.2792623874551,-74.30803685288642,-110.98724774707149,-41.67331909265005
2630,-217.60172735682693,-17.23561044110917,-112.25193031423561,-40.95604036577592
2631,10.262750916963542,-29.13865182343497,-110.48544222085302,-40.658588151207084
2632,-92.05188003408664,-32.34210927231377,-109.70211151628884,-40.28880884126885
2633,-89.80897185899103,-18.338861010085413,-109.65115133103858,-39.861780604794674
2634,-169.73862770255238,-21.318001480344755,-110.44468273817624,-39.781701222138665
2635,-171.52540207889183,-22.63000479180944,-111.5433676884307,-39.81288395254973
2636,-263.6216402284567,-17.41501253177166,-113.36765949263386,-39.75966726515753
2637,-214.82592133683465,-21.62349443266963,-115.92218713595723,-39.70328542315984
2638,-102.23951217481707,-19.69200032131677,-113.96056858542254,-39.649596973556186
2639,-133.43613454887154,-28.524428373880358,-114.99331053847374,-39.684803403566086
2640,-105.3098014740221,-17.929178898692395,-114.8504663818749,-39.63362098077728
2641,-217.28304646298847,-19.546564708504157,-114.60674919021893,-39.00566008370816
2642,-130.1207394020854,-23.62901290563634,-114.79205489908819,-38.80733938354969
2643,-16.265444881523695,-24.520728488287546,-113.64130455313608,-38.50961189894541
2644,-123.5283736485378,-21.80048104315941,-114.24140659256679,-37.975567661664414
2645,-45.39075217845222,-93.66858967950947,-112.89790641569871,-38.63618539798108
2646,-128.81227401453708,-21.86787471779791,-113.2331813518757,-38.56047472382994
2647,-179.60880692728543,-19.811475585179462,-114.46381966153977,-38.260283448270485
2648,-44.50703371104222,-28.904736898003268,-113.68732645687777,-38.232266227564836
2649,7.26656604504269,-23.91436853083175,-112.38875581800056,-37.67991285934296
2650,-85.46855885804773,-25.287975144991698,-111.62589316275636,-37.07492047627182
2651,-192.3639883501279,-22.23585101061545,-117.41111778088838,-37.04358368834896
2652,-105.67623452212035,-27.248990462382633,-119.0147281900068,-37.018166873086926
2653,-189.4821817402296,-28.746560276284526,-118.96838458028539,-37.11148558838832
2654,-175.68939279912226,-29.100738021838886,-120.15894674255982,-36.9421846644573
2655,-28.0347572360802,-27.902455284429756,-119.40884721132149,-36.88549237422029
2656,-104.67556497222013,-90.1348852025898,-118.95163172458258,-37.60329736183524
2657,-123.00107401703397,-28.115331375402885,-117.46698937034662,-37.18285492991116
2658,-64.83933735452781,-21.54791783107446,-115.83953329395226,-37.08705103007384
2659,-79.39175989352798,-117.36442601922471,-115.81306575288531,-36.920539809866916
2660,-308.7013028090038,-66.66713202534007,-117.3496289723596,-37.34970000434626
2661,-17.987393735108068,-73.69437505964632,-116.4133119825055,-37.879028768699946
2662,-157.9370664436982,-72.5480816355852,-116.71501292699232,-37.6265508861268
2663,-364.1202534901727,-15.918846597492296,-118.37705053798437,-37.488694549477714
2664,-13.957100474655267,-39.06405158179882,-117.68232943111619,-37.455173837353115
2665,-60.89123343738006,-47.97533351070869,-117.0735571657841,-37.09469901479051
2666,-175.0196451052302,-21.25027475295911,-117.29079581714802,-37.049065726363914
2667,-181.3443801943947,-106.17905340021417,-118.01051547285287,-37.411726702319875
2668,-91.03046081664932,-35.05694554691667,-118.51640598441,-37.44162351838604
2669,-27.634455196553272,-37.16851255009401,-117.97002623720944,-37.5681153307356
2670,-145.2365145785811,-95.00803181931285,-117.89105105634803,-38.24118982261834
2671,-146.03509551350072,-23.42274884761609,-118.56126810637065,-37.21702282762665
2672,-86.60603994069412,-63.62172815825832,-117.98414684258363,-36.95561509629425
2673,-121.60638746923644,-33.9542746623897,-118.29678004012253,-37.006469167661024
2674,-126.81512566283672,-26.985701280066884,-119.2300531627618,-36.77535622893494
2675,-83.1629725216492,-77.79412344518629,-118.13289821556262,-37.32140271944791
2676,-55.42810647202504,-24.835111355253925,-119.16044430249092,-37.28701624122282
2677,-99.73063228218437,-39.61544862587102,-119.11318557538482,-37.399346081005824
2678,-101.90329715382789,-27.886685264278086,-118.12709930678622,-37.13240778606105
2679,-83.49033958245026,-55.860505991526914,-118.39008448869201,-37.38837108386409
2680,-147.0056040511916,-21.41992609195412,-118.26607525126362,-37.32666623476559
2681,-112.19780108561977,-152.2324288170762,-117.49487141212299,-38.597832932941856
2682,-81.90337653321917,-24.77448296258997,-117.69662619687173,-38.58593586065155
2683,-109.78109940869173,-28.553660748623138,-118.9348125540186,-38.5977611865522
2684,-179.4760191884085,-22.617427492271297,-119.33782133659906,-38.53771034069822
2685,-150.04556633042355,-20.41741501844061,-119.86066852435125,-38.498129857454956
2686,-47.55352148718489,-26.83246862298199,-120.3704344757637,-38.06293489717328
2687,-113.60572651661154,-25.872714480471625,-119.87899817740916,-37.32409239645226
2688,-121.41430182890412,-22.340840031913988,-119.93954155968032,-37.351212823063925
2689,-144.15496093187718,-17.85383673519908,-120.71763650011208,-37.22543266315478
2690,-189.5088471257141,-19.979265446240348,-123.02916551586172,-36.294688338959354
2691,-149.84302096470293,-17.102840120315477,-123.98392392691807,-36.23677379567012
2692,-140.2852761355911,-17.499551437116647,-124.11776272885572,-36.16394456890682
2693,-226.64663536574236,-25.785255368402122,-124.24825260592333,-36.167682073234516
2694,-146.85156486211417,-21.964867821533858,-124.35077604228354,-36.20833195538384
2695,-85.87171437044765,-29.655072827024746,-124.6021227314856,-35.43427027843015
2696,-156.53090996696636,-85.48833821859557,-124.88440298798454,-36.011044161761305
2697,-151.0304815155185,-17.638306123452736,-125.68371188281733,-35.96152883314652
2698,32.09386711492491,-26.014815417572624,-124.19329226261426,-35.94150591340346
2699,-66.49719053460964,-25.27367317593,-123.52745442649328,-35.303225893038416
2700,-112.80445530149093,-71.69016956643998,-122.03312033849409,-35.69232423430883
2701,-148.71385821144062,-17.155178204588616,-122.54611231324847,-35.54902153520934
2702,-131.4971224437658,-21.553658629039003,-122.24080858645537,-35.46751038058039
2703,-135.62393935360564,-28.0415538128111,-122.90526140986789,-35.50383232770743
2704,-222.116166460466,-16.9669357704236,-124.4181562940155,-35.43660929727503
2705,-247.19376085551235,-46.80226248081999,-125.32642369692928,-35.65708950770847
2706,-153.77358453361586,-25.589768403625417,-126.42334873876042,-35.708026403735
2707,-265.3262237130966,-16.13873307878317,-128.32141724907493,-35.57422489119498
2708,-131.7710763898035,-19.06723251283294,-128.07372018468965,-35.58718137241223
2709,-79.45291466345647,-21.897211398173994,-126.62122008791431,-35.574603875365675
2710,-159.76426053718063,-20.19452879418781,-126.9787982391335,-35.539690933667714
2711,-181.4080578630579,-40.994965316508065,-127.6418832201874,-35.66249882736425
2712,-170.77254872381917,-13.69438922365473,-128.10373127015822,-35.24125253308305
2713,-137.89441472539056,-19.30812492554463,-128.35277659884292,-35.18396945989992
2714,-40.43349842950725,-23.93552234227377,-127.54450169104553,-35.13632239763603
2715,-84.97304647161371,-17.67806808799747,-125.32306026572957,-34.66375375843749
2716,-285.1799325354715,-15.602001661966439,-126.56438529322257,-34.38934685275748
2717,-330.21169292865386,-16.639019820798136,-129.52606750932057,-34.3461855229758
2718,-279.56587128486694,-20.765070578325158,-131.33031485259514,-34.34446160199431
2719,-80.88549519726106,-109.52957863426322,-131.42008970444851,-35.19463451948072
2720,-335.4682344545613,-21.718315509995044,-134.21759823057826,-35.214510989277706
2721,-46.58764464307982,-18.92382235270901,-132.7352090027442,-34.616120685139165
2722,-60.968569128225674,-21.018913568827998,-132.39757673104975,-34.58641896220375
2723,-239.95473593834566,-63.79769213363352,-132.38313435206834,-34.953018139855644
2724,-74.3391584211286,-22.226190296838226,-132.26710564731997,-34.81062425205608
2725,-116.48429238955119,-62.95039173529225,-132.4379540455898,-35.1348020888603
2726,-49.78741289138117,-69.55226930887072,-131.75775233552082,-35.569910260873144
2727,-143.7869247854619,-18.472546826925228,-131.92061939172515,-35.52022603819876
2728,-49.351334139260494,-18.983328114550492,-131.00886666571807,-35.50555949574979
2729,-6.456199197595466,-15.570404083986203,-130.1606360338195,-34.9181831680608
2730,-190.02413069005428,-18.54954660131263,-129.88486006715175,-34.931322529662836
2731,-123.78116538837841,-14.158880547811659,-131.2252992302052,-34.781524816906604
2732,-137.87402698125595,-19.312623882511534,-131.6835206996769,-34.65122996300859
2733,-134.84085250203782,-20.55056663760588,-132.13383950610736,-34.67334701928378
2734,-101.02269216377533,-20.188029932730398,-131.44668015071954,-34.66204730380764
2735,-299.4142119875473,-19.561046336982496,-132.72556824980612,-34.63135771925937
2736,-98.28500375874475,-16.870000082040885,-131.072201885109,-34.62590759476206
2737,-187.80053972821167,-16.11086778498937,-130.80194806902279,-34.570781328285264
2738,-45.44864934860162,-98.64934006165934,-130.23403944076065,-35.36035472568869
2739,-120.91842724863723,-58.57825577764593,-130.1088623677583,-35.66089299972635
2740,-63.54478658483146,-22.183925786538214,-129.69121221886638,-35.7034404686048
2741,-62.255991110853074,-17.578890895357162,-128.14094166534503,-35.68376373047333
2742,-189.61493876657738,-20.710820311162706,-128.73588365898993,-35.654581804528604
2743,-97.41871759383189,-22.187549273492216,-129.547416386113,-35.63125001238065
2744,-216.16452374953641,-16.550182085651787,-130.473777887123,-35.57874702280557
2745,-66.07520820169557,-19.065281370842808,-130.68062244735546,-34.8327139397189
2746,-139.5859268504537,-20.600250523420723,-130.7883589757146,-34.820037697775135
2747,-197.79423637741257,-71.01975510772434,-130.97021327021588,-35.33212049300057
2748,-184.50803757130782,-21.427019648445203,-132.37022330881854,-35.25734332050499
2749,-215.9666673249751,-38.96575489979591,-134.6025556425187,-35.40785718419464
2750,-125.7831099018513,-19.244511013191325,-135.00570115295676,-35.34742254287663
2751,-122.36266492657992,-20.586524944503214,-134.30568791872128,-35.33092928221551
2752,-192.076844594628,-59.6669211982662,-135.16969401944635,-35.655108589574354
2753,-82.52940236418665,-23.756646554244206,-134.10016622568594,-35.60520945235395
2754,8.495421149390042,-23.62540402292524,-132.2583180862008,-35.55045611236481
2755,-93.75243448819604,-78.6039931387359,-132.91549485872196,-36.05747149090787
2756,-404.94737156531585,-51.59211653439461,-135.91821292465292,-35.67204380422592
2757,-224.15607796652915,-22.590274587883805,-136.92976296414787,-35.61679323635073
2758,-135.3221901558962,-51.51454517168282,-137.63459149216152,-35.91645950975681
2759,-401.74024361234365,-11.566365849319745,-140.85807632934967,-34.858478908057755
2760,-211.79062938928897,-15.18901702480561,-139.88896959515253,-34.343697758052414
2761,-85.54857721450713,-68.60452295889108,-140.56458142994651,-34.29279923704486
2762,-185.82486946438152,-107.23000529600515,-140.84345946015335,-34.639618473649065
2763,-30.14856221594995,-113.3541166135895,-137.50374254741115,-35.613971173810036
2764,-126.42210532393402,-19.842845777053324,-138.62839259590393,-35.421759115762576
2765,-101.41094840130768,-24.84601977175641,-139.0335897455432,-35.19046597837305
2766,-130.1582091446358,-66.14324356794376,-138.58497538593727,-35.639395666522894
2767,-301.2524764176417,-11.807963893729834,-139.78405634816974,-34.695684771458055
2768,0.9018415069937,-49.23187766356228,-138.86473332493333,-34.83743409262451
2769,-193.1389508620853,-26.15045131408011,-140.51977828158863,-34.727253480264366
2770,-71.68827191640075,-14.332544584861859,-139.7842958549668,-33.92049860791986
2771,-167.32145245144687,-17.43936171457862,-139.99715942434628,-33.86066473658949
2772,-256.12812875037326,-189.0169065888796,-141.69238031244305,-35.11461652089571
2773,-232.24204915258954,-65.08587438069395,-142.79873692927657,-35.42593251807875
2774,-176.56028044739367,-22.28820570051189,-143.29618847712214,-35.3789575622832
2775,-223.29361838762728,-13.16838426939008,-144.69749493578192,-34.732700170525234
2776,-109.80599374871763,-72.67402517866509,-145.24127380854884,-35.21108930875935
2777,36.513001636549724,-39.93972516836814,-143.8788374693615,-35.21433207418432
2778,-129.85082637243113,-93.47052296589233,-144.15831276154753,-35.87017045120046
2779,-296.4333725185506,-24.816581238225083,-146.28774309090855,-35.55973120366745
2780,-52.528950888469794,-26.883865311952352,-145.34297655928134,-35.61437059586743
2781,-6.687966363682863,-86.31165313862425,-144.28787821206197,-34.9551628390829
2782,-241.75843258751576,-27.741045840089267,-145.88642877260494,-34.984828467857895
2783,-129.41036173362926,-20.726034489248995,-146.08272139585435,-34.906552205264155
2784,-163.28776491661162,-70.24570963064112,-145.9208388531364,-35.38283502664785
2785,-222.29196462389302,-17.392809179073797,-146.64330283607106,-35.35258896825418
2786,-98.83160679723035,-19.423715331906116,-147.1560836891715,-35.27850143534342
2787,-149.68467583174268,-74.08005101692616,-147.5168731823228,-35.760574800707964
2788,-160.6178890380965,-68.62108144955002,-147.90890905441472,-36.22337721488433
2789,-38.53225560566605,-18.434552318820757,-146.8526820011526,-36.22918437072055
2790,-252.10464420028083,-24.896153258651342,-147.47863997189828,-36.27835324884466
2791,-122.44080569159871,-17.12447319317501,-147.20461781916725,-36.27856957957325
2792,-245.29681021960798,-19.75536842880196,-148.25473316000742,-36.3011277494901
2793,-225.23701591128147,-77.40039198825222,-148.2406369654628,-36.81727911568861
2794,-35.21327064277554,-20.031416632814032,-147.12425402326943,-36.79794460380141
2795,-270.2755443485578,-25.221775870195913,-148.96829232305055,-36.753611634233124
2796,-80.40972392088486,-33.18641615677917,-148.20708046258974,-36.230592413614964
2797,-148.38496031426217,-15.070258711232999,-148.18062525057718,-36.20491193949277
2798,-194.7987343846841,-88.98697648422392,-150.44955126557326,-36.834633550159275
2799,-220.26274201422078,-15.924679105477374,-151.98720678036938,-36.741143609454745
2800,-342.71963378084433,-15.550287307705698,-154.2863585651629,-36.179744786867396
2801,-317.6039950920793,-28.793799798436453,-155.9752599339693,-36.296131002805886
2802,-213.33815294526516,-16.98843011406005,-156.7936702389843,-36.250478717656094
2803,-156.747016745014,-17.167419479944172,-157.00490101289842,-36.14173737432743
2804,-130.93847560051154,-16.300044174044807,-156.09312410429882,-36.13506845836364
2805,-170.68198471882,-18.65220825949326,-155.3280063429319,-35.853567916150375
2806,-204.53433472264086,-19.58501814455333,-155.83561384482215,-35.793520413559655
2807,-177.97037360635804,-18.51889294275061,-154.9620553437547,-35.81732201219933
2808,-200.00145576177187,-52.862903831668966,-155.64435913747442,-36.15527872538768
2809,-178.27324263890696,-16.073298465110454,-156.63256241722894,-36.097039596057044
2810,-204.68231269892212,-22.535399698528703,-157.08174293884633,-36.120448305100446
2811,-179.72925994402956,-16.800550165098045,-157.06495495965606,-35.87850415358635
2812,-30.986201996802667,-82.20869239693826,-155.66709149238588,-36.563647185319184
2813,-97.3953991526117,-61.03313036083855,-155.26210133665808,-36.98089723967212
2814,-251.44221644311435,-15.791627700263707,-157.37218851679418,-36.899458293252025
2815,-207.57307879090578,-15.321306063464638,-158.5981888399871,-36.8758906730067
2816,-153.06388711319062,-14.089509481641743,-157.2770283857643,-36.86076575120345
2817,-69.39418116512913,-19.913887168576608,-154.66885326812908,-36.893514424681236
2818,-166.62340597457091,-15.975019995471493,-153.5394286150261,-36.845613918852706
2819,-148.85847731683748,-16.21462362768924,-154.21915843622187,-35.91246436878696
2820,-340.53184796766305,-61.84545420287657,-154.2697945713529,-36.313735755715776
2821,-104.02950379041219,-18.732927801786865,-154.84421316282618,-36.311826810206554
2822,-124.70482632346872,-22.146116052449095,-155.48157573477863,-36.323098835042764
2823,-223.20435960685364,-22.048077203038822,-155.31407197146368,-35.905602685736824
2824,-242.60880076833195,-15.254098814706978,-156.9967683949357,-35.8358817709155
2825,-237.3366472172573,-19.694646266043318,-158.20529194321279,-35.403324316223014
2826,-240.0665204616233,-16.555391475119713,-160.1080830189152,-34.87335553788551
2827,-273.2401253468747,-20.730564262345837,-161.40261502452935,-34.89593571223972
2828,-136.22773898175356,-21.555518469247154,-162.2713790729543,-34.921657615786685
2829,-193.31044524507206,-17.64566620293501,-164.13992153342906,-34.94241023697617
2830,-223.83073337810794,-18.0578486471963,-164.47798756030957,-34.937493257435015
2831,-121.7571857754966,-99.05824674013161,-164.45774776418077,-35.78648691935821
2832,-237.04770310936377,-27.559184287061033,-165.44948452546183,-35.868952523403706
2833,-113.19090141738471,-17.17547486844441,-165.2329850146153,-35.83520160571209
2834,-153.28606917284336,-18.097707706662316,-165.755618784706,-35.81429838345141
2835,-159.23446092701772,-21.588563091125977,-164.3538212741007,-35.834573550992836
2836,-191.82006963203565,-66.78679601290098,-165.28917193283363,-36.33374151030143
2837,-260.29726952375705,-62.42682298948185,-166.01413923078908,-36.79690106234636
2838,-130.65201585665196,-22.515570696427012,-166.86617289586957,-36.03556336869404
2839,-193.2605313275755,-21.73512830902656,-167.58959393665896,-35.667132094007854
2840,-140.32532420624952,-41.402389975424185,-168.35739931287316,-35.859316735896705
2841,-91.9642924362824,-83.8280390211869,-168.65448232612744,-36.52180821715501
2842,-245.94630680686038,-25.23837514801358,-169.21779600653025,-36.56708376552352
2843,-115.36347930073218,-25.384457564855214,-169.39724362359925,-36.59905284843715
2844,-141.02319913101613,-23.90218459225703,-168.64583037741403,-36.672572873503206
2845,-135.7879718922988,-19.20630499115593,-169.34295801432006,-36.673983109706334
2846,-307.6675617841216,-15.945106123183576,-171.02377436365674,-36.62743166570396
2847,-30.56783309091928,-20.150213418303068,-169.3515103307918,-36.11873624880974
2848,-170.54321707655888,-26.26537560561693,-169.21186212584433,-36.16711980838146
2849,-142.20352578186137,-24.524293682481552,-168.4742307104132,-36.022705196208314
2850,-18.987943714845894,-61.85901131832645,-167.40627904854313,-36.44885019925967
2851,-320.1375614720061,-18.90841577904323,-169.3840280139974,-36.432069107605074
2852,-73.9038425203529,-20.73672668602854,-168.20229799325466,-36.042767162482704
2853,-154.0791371350244,-17.782427330115823,-168.917795340963,-35.98302497024141
2854,-122.45453570937964,-17.35899835424875,-170.22729490955072,-35.920360913554646
2855,-94.66643544004307,-24.05990172000519,-170.2364349190692,-35.374919999367336
2856,-281.4926767329612,-95.2842169051485,-169.00188797074566,-35.811841003074875
2857,-263.9253377664608,-19.654445752111418,-169.39958056874497,-35.782482714717155
2858,-359.4031260059717,-28.857755056787546,-171.64038992724574,-35.5559148135682
2859,-98.02618014585312,-19.44059013379329,-168.60324929258084,-35.634657056412934
2860,-123.06462275430451,-19.725278882392683,-167.715989226231,-35.6800196749888
2861,-97.26553176885952,-54.45892282834733,-167.83315877177452,-35.538563673683356
2862,-148.3486910500691,-30.643062583873075,-167.4583969876314,-34.77269424656203
2863,-158.979374852799,-18.707590027773755,-168.74670511399987,-33.82622898070389
2864,-142.22845457621386,-19.845472634158064,-168.90476860652265,-33.82625524927493
2865,-163.04796288681013,-59.098916132620666,-169.5211387513777,-34.16878421288358
2866,-122.36164383987813,-25.39369627871287,-169.4431730983301,-33.76128873999127
2867,-68.17341099077171,-65.57036014414197,-167.1123824440614,-34.298912702495386
2868,-111.84380400074969,-20.062462128285052,-168.23983889913887,-34.007218547142614
2869,-114.82894255012475,-120.98918110639913,-167.45673881601925,-34.955605845065804
2870,-73.02092597553522,-48.254949106927775,-167.4700653566106,-35.294829890286465
2871,-152.90228171209372,-23.37581760466928,-167.32587364921707,-35.354194449187375
2872,-309.53652897954436,-16.519905506605124,-167.85995765150875,-33.62922443836464
2873,-41.88255474598607,-26.855742385152972,-165.95636270744274,-33.24692311840923
2874,-113.10662549633362,-56.450122813216396,-165.32182615793215,-33.58854228953627
2875,-117.52589690764202,-89.94822663320102,-164.2641489431323,-34.35634071317438
2876,-264.4929961653392,-109.89002256470397,-165.81101896729854,-34.72850068703477
2877,-94.62041873723197,-22.081773491585047,-167.12235317103634,-34.549921170266934
2878,-142.2583504787172,-31.708152303524084,-167.2464284120992,-33.93229746364325
2879,-106.02653028090654,-23.199658540469066,-165.34235998972275,-33.91612823666569
2880,-107.44587023982133,-48.734456803767344,-165.89152918323626,-34.13463415158384
2881,-204.17208861707184,-92.64267374940711,-167.8663704057701,-34.19794435769167
2882,-120.88821698051892,-21.190695900808795,-166.65766824970012,-34.132440858298864
2883,-109.84494673132976,-25.477486536973263,-166.46201409967713,-34.17995537877611
2884,-69.05104520219378,-138.69471650468307,-165.51964690253297,-34.86444544751653
2885,-33.70704957715055,-25.654256979488064,-163.63379775206553,-34.947059925520676
2886,-186.99197878074358,-56.44988622897985,-164.5154014719007,-35.31732163449141
2887,-83.02906916112015,-23.30089966449968,-163.84884540519448,-34.809530120967146
2888,-85.60720401880359,-33.436463644828216,-163.09873855500155,-34.45768394291992
2889,-110.79554366408799,-22.645697526700744,-163.82137143558577,-34.49979539499872
2890,-176.25492567049324,-81.89155225136746,-163.0628742502879,-35.06974938492589
2891,-82.47164065155351,-25.405418910231678,-162.66318259988745,-35.15255884209646
2892,-96.62481821484508,-26.580350456447672,-161.17646267983986,-35.22080866237291
2893,-237.53369225941776,-22.616274764308365,-161.29942944332123,-34.672967490133466
2894,-79.25417384590057,-23.209808235023498,-161.73983847535243,-34.70475140615556
2895,-66.27097375246733,-20.453626157660963,-159.6997927693915,-34.657069909030206
2896,-122.50999046474628,-17.303712669753867,-160.12079543483011,-34.49824287415995
2897,-187.96102693312244,-20.44206750579012,-160.51655610101872,-34.551960962105525
2898,-75.14738455164809,-16.963483897300662,-159.32004260268837,-33.8317260362363
2899,-59.002429585560044,-19.910767228113208,-157.7074394784018,-33.87158691746265
2900,-83.56982506902355,-21.510757120761216,-155.11594139128357,-33.93119161559321
2901,-187.71328826921132,-21.637998677544015,-153.81703432305488,-33.859633604384285
2902,-53.98230551675854,-23.492428345407987,-152.22347584876982,-33.924673586697764
2903,-84.62133875510527,-24.02178317786912,-151.5022190688707,-33.993217223677014
2904,-6.37455247814585,-34.1181995702875,-150.25657983764708,-34.17139877763945
2905,-153.88570191928696,-128.98101319797044,-150.08861700965176,-35.27468682702422
2906,-17.883751581867312,-26.00575905107186,-148.222111178244,-35.33889423608941
2907,-36.71284281863457,-19.758481638508112,-146.80953587036677,-35.35129012304698
2908,-158.27821161099112,-48.320320296645704,-146.39230342885895,-35.30586428769675
2909,-216.96298669322002,-46.356523020321376,-146.7792008694021,-35.60869653324885
2910,-104.02150124070643,-23.67654758628219,-145.77259275481995,-35.620108012126394
2911,-228.0516705872396,-21.645947032993107,-146.25581686125204,-35.66856198080535
2912,-81.08876131266368,-23.03960020715713,-146.75684245441064,-35.076871058907535
2913,-52.43877624005424,-37.17371568427204,-146.30727622528508,-34.838276912141865
2914,-76.00082382844289,-24.853104551852333,-144.55286229913838,-34.92889168065775
2915,-159.04954479525148,-20.485021310629616,-144.0676269591818,-34.9805288331294
2916,-94.55126733974467,-24.853726924239044,-143.48250076144737,-35.088171007555374
2917,-204.46968302460485,-39.68723071942735,-144.83325578004212,-35.285904443063885
2918,-289.0139155869643,-22.999337538755043,-146.05716087616602,-35.35614761849672
2919,-104.32616344770544,-38.38293007388563,-145.61183773747473,-35.57783068295868
2920,-41.32391553512785,-23.106920047090636,-142.61975841314936,-35.19044534140081
2921,-48.67825136301694,-18.903273699274333,-142.06624588887541,-35.1921488003757
2922,-258.30046859885897,-20.508425819397758,-143.4022023116293,-35.17577189804518
2923,-155.40613207932014,-77.32961341177614,-142.72422003635398,-35.72858726013256
2924,-62.61632942141947,-30.45100446882066,-140.92429532288486,-35.88055631667369
2925,-110.9007831674811,-59.686314843080346,-139.65993668238707,-36.28047300244407
2926,-63.923415087040006,-26.54320037286828,-137.89850562864126,-36.38035109142156
2927,-67.07883281684333,-16.929232045964167,-135.83689270334096,-36.34233776925774
2928,-134.35711229691518,-23.20720459238496,-135.81818643649257,-36.35885463048911
2929,-95.21450412263371,-23.888021968546337,-134.83722702526822,-36.42127818814522
2930,-191.55921648601256,-74.83397787859576,-134.51451185634724,-36.98903948045921
2931,52.11491898439762,-22.415458837076986,-132.7757908087483,-36.22261160142867
2932,-276.720672226608,-131.91862256436409,-133.17252049992075,-37.2662059842017
2933,-35.67360450680194,-22.139449140327862,-132.39734753081493,-37.315845726920536
2934,-162.52364217962472,-25.95464281051917,-132.48972326088273,-37.3944150779591
2935,-22.798907762432922,-27.32574409551231,-131.12536772923687,-37.451786888002964
2936,-134.04352328692983,-20.261230954402002,-130.54760226578583,-36.98653123741798
2937,-281.3451873106178,-33.415929075022305,-130.75808144365442,-36.696422298273376
2938,-75.65906109288296,-28.132454694357982,-130.20815189601674,-36.75259113825269
2939,-121.93846164597716,-16.55267693712101,-129.49493119920072,-36.70076662453364
2940,-87.23525103281395,-15.519321159209044,-128.9640304674664,-36.441935936371486
2941,-97.18414346171215,-24.437256550444605,-129.0162289777207,-35.848028111664064
2942,-44.77175819232416,-22.20756193303242,-127.00448349157534,-35.81771997951426
2943,-62.81631561225225,-69.37154893753986,-126.47901185469054,-36.25759089324111
2944,-63.26112091829768,-23.176864383950107,-125.70139107256334,-36.25033769115803
2945,-159.08818101671457,-17.87771142152254,-125.9343931638075,-36.23705175546169
2946,-96.43098372857864,-19.226819889647242,-123.82202738325209,-36.26986889312633
2947,-135.4675444860304,-70.93403387977249,-124.8710244972032,-36.77770709774102
2948,-118.16680102039058,-17.527883671272008,-124.3472603366415,-36.690332178397576
2949,-108.38430215058284,-25.015699522959064,-124.00906810032872,-36.69524623680235
2950,-109.16328916356939,-18.25392645434173,-124.91082155481595,-36.259195388162496
2951,-117.6018836400932,-23.011976317063574,-122.88546477649682,-36.300230993542705
2952,-95.3633837218922,-18.44702019843412,-123.10006018851222,-36.277333928666756
2953,11.185508965506706,-18.087692194465927,-121.4474137275069,-36.28038657731026
2954,-118.34870285735789,-30.328708951547938,-121.40635539898668,-36.41008368328325
2955,-40.5975070718174,-19.755136890709547,-120.86566611530442,-36.36703603499029
2956,-123.67908209443237,-21.37269934667127,-119.28753016891913,-35.62792085940552
2957,-81.58434247477591,-22.04405654194376,-117.46412021600227,-35.651816967303844
2958,-70.56281697859306,-17.259641437216626,-114.57571712572847,-35.53583583110814
2959,-166.7743191486935,-23.88459682945821,-115.2631985157569,-35.58027589806479
2960,-202.14098892566594,-58.79712610050834,-116.05396217747051,-35.97099437024595
2961,-86.69566310539113,-19.483995592516415,-115.94826349083583,-35.62124509788764
2962,-51.80393150932945,-21.391594818680378,-114.98281589542843,-35.52873042023571
2963,-108.65934386042257,-26.30208642838606,-114.47961558550467,-35.60467538424182
2964,-157.8222112147415,-18.47128252633855,-114.63555315188995,-35.59093348316363
2965,-92.56598251015578,-22.729074798512492,-113.93073334812341,-35.22723506982255
2966,-85.30136382155449,-39.546566148315726,-113.56013054794018,-35.368763768518576
2967,-138.99858752884958,-54.97968720401182,-114.26838231332096,-35.26285703911728
2968,-148.79640095085207,-25.806592297506658,-114.63790828282198,-35.320298340809494
2969,-154.47033959368653,-38.062215573346855,-115.0343222532576,-34.49102868547897
2970,-11.427233330125121,-17.718098112690612,-114.4183853268035,-34.185660175536604
2971,-19.07194611187451,-25.33078569810083,-113.0800819708013,-34.20520985647092
2972,-154.7765154658709,-27.77717372572209,-111.53248183566457,-34.317782538662094
2973,-70.55234436459199,-41.473009839721044,-111.81917973185064,-34.46395521320777
2974,-150.8454282486199,-38.45650870224856,-112.19656775937348,-34.28401907209808
2975,-108.61190051005687,-51.467372536012185,-112.10742779539764,-33.899210531126194
2976,-46.25846717584237,-59.570088214123246,-109.92508250550266,-33.39601118762039
2977,-67.58855649660572,-17.833027978018393,-109.65476388309641,-33.353523732484724
2978,-365.0032045392691,-12.321826534271047,-111.88221242370193,-33.15966047479219
2979,-206.9026376674059,-51.046587957494175,-112.89097349756692,-33.43812976896245
2980,-168.57174267990237,-17.708779492264892,-113.50223222196773,-33.127872995847426
2981,-176.49407187327682,-22.87774416563837,-113.22545205452978,-32.43022370000974
2982,-163.90610203886322,-71.1469923871476,-113.65563090511323,-32.92978666487313
2983,-118.61565947246874,-17.738719520827882,-113.74333803252463,-32.85239899471167
2984,-156.52808022345542,-18.011119457816008,-114.61810838273725,-31.645563024243
2985,-306.08208779071197,-18.108395095880113,-117.34185876487285,-31.570104405406923
2986,-211.88815697367977,-85.14987307729736,-117.5908205468022,-31.857104273890098
2987,-227.73563578977522,-22.48833500023327,-119.03788621308877,-31.848978627247433
2988,-209.4737745612788,-39.96870989111119,-120.27655191851352,-31.914301089710264
2989,-94.66139411758297,-24.26594843718355,-120.11521042304848,-31.930503598815093
2990,-350.1766057102984,-81.11565171704295,-121.85442722344652,-31.922744593471844
2991,-357.94415866757475,-45.48867392936704,-124.6091524036067,-32.1235771436632
2992,-245.60730577650295,-15.093012462047646,-126.09897727922328,-32.0087037637192
2993,-150.68563917695982,-22.066001264141587,-125.2304967483987,-32.003201028717534
2994,-212.87717384168434,-15.813972394937423,-126.56672674835654,-31.929242670316675
2995,-269.4437887019542,-51.68006949132842,-128.5984548978514,-32.24150710365335
2996,-282.2702627501236,-23.8024849396428,-130.1960576207052,-32.306494826352235
2997,-316.1962267378208,-63.08045157605442,-131.4784096187522,-32.73287866705488
2998,-268.3341972458417,-25.73774402678337,-133.41027774569412,-32.8206212683497
2999,-352.54546849353653,-57.503315453539365,-136.34570813477387,-33.19654675060396
3000,-311.7026181262123,-18.158208984074307,-138.62703606534575,-33.16302126923709
3001,-346.2249416340774,-22.6558031609712,-140.2121525989944,-33.17319931407137
3002,-407.9283625995032,-20.411484971908017,-143.75161316982187,-33.142389880336374
3003,-414.59679067292757,-12.473593247935714,-147.0513676890001,-33.02690798103704
3004,-342.7915824312266,-19.303473353033493,-150.4155379885309,-32.878760718864505
3005,-374.2100859648514,-13.239098783930483,-152.61878182898656,-31.7213415747241
3006,-266.82358553953964,-14.190182591599525,-155.10818016856328,-31.60318581012937
3007,-413.193631330907,-67.54530537308523,-158.872988053686,-32.08105404747515
3008,-402.38662353707275,-13.24123234082003,-161.31407217294682,-31.730263167916885
3009,-293.63615184475236,-14.68822898292035,-162.08080382446212,-31.413580227542877
3010,-298.4318964878923,-57.972455543750094,-164.024907776934,-31.756539307117556
3011,-278.0782689910779,-17.002167779954547,-164.52517376097236,-31.710101514587173
3012,-294.65635027551383,-53.467707357917064,-166.66084965060088,-32.01438258609477
3013,-419.4963195019922,-12.824037869585144,-170.33142508322024,-31.770885807947902
3014,-324.0128377253554,-62.969434557183035,-172.81154522218938,-32.15204910800121
3015,-369.8936665071439,-44.891864798058634,-174.9199864393083,-32.396117542875494
3016,-253.71048416248965,-18.031122838977318,-176.51157860753577,-32.32789150202288
3017,-340.12111652163617,-33.62461038837626,-177.86809294250608,-32.26726529871237
3018,-300.9386913669099,-27.351602710955945,-177.98734070030554,-32.310787950434374
3019,-318.72559429071237,-24.55654178801103,-180.1313350087356,-32.17252406757563
3020,-399.00673093021794,-12.366904376227167,-183.7081631626865,-32.065123910867
3021,-307.9357078796475,-12.949980170212115,-186.3007377278528,-32.00559097557638
3022,-246.4963165238759,-19.02298283043819,-186.182696207103,-31.990736545686783
3023,-421.2067521312775,-45.19668019194797,-188.8407024076226,-31.6694072134885
3024,-312.3056451990939,-67.39354350022833,-191.3375955653993,-32.038832603802575
3025,-353.70215749375717,-16.142701303097006,-193.76560930866208,-31.603396468402742
3026,-431.56712268842546,-18.102009149042676,-197.44204638467593,-31.518984556164487
3027,-298.9471001345968,-20.28321126630567,-199.76072905785347,-31.552524348367907
3028,-267.4097737840426,-16.557694500802548,-201.0912556727247,-31.48602924745208
3029,-285.23459534017974,-52.74748033820358,-202.99145658490016,-31.774623831148652
3030,-264.861169032655,-15.591366461523547,-203.7244761103666,-31.182197716977928
3031,-216.79794904875016,-17.729744269397393,-206.4136047906981,-31.135340571301132
3032,-367.9852360168761,-11.783510771324162,-207.32625042860076,-29.93398945337073
3033,-276.6854100160037,-20.160380683185124,-209.7363684836928,-29.914198768799302
3034,-319.8489762326312,-13.862015941643419,-211.30962182422283,-29.793272500110547
3035,-269.11606303185056,-13.087052249134079,-213.772793376917,-29.650885581646765
3036,-400.42888693471406,-17.389565099152918,-216.43664701339486,-29.622168923094275
3037,-428.36607086687434,-10.586432989612788,-217.90685584895743,-29.39387396224018
3038,-342.4757291811778,-15.426212096865298,-220.57502252984037,-29.26681153626525
3039,-301.90177821165764,-52.43982787255837,-222.37465569549718,-29.625683045619624
3040,-396.56676021313825,-10.395461384274803,-225.46797078730043,-29.574444447870285
3041,-354.323837212858,-27.739515656940846,-228.03936772481188,-29.607467038935248
3042,-294.91129650578944,-63.262472050515285,-230.54076310794653,-30.018016140110074
3043,-362.1737579495138,-13.685965053362287,-233.53433753131915,-29.461160301268297
3044,-347.79482034354226,-28.150905886561606,-236.37967452557163,-29.510900716294415
3045,-345.70531503538064,-11.962371474178026,-238.24584586575827,-29.45174731682097
3046,-275.9184460216087,-14.120231563242708,-240.04072048868855,-29.400681433556922
3047,-282.68017372862755,-18.40450780603473,-241.51284678111452,-28.875386172819546
3048,-355.40917472755524,-19.012454851019037,-243.88527051818616,-28.890231884617016
3049,-485.36804713198705,-11.16251255663138,-247.6551079680002,-28.751700014953737
3050,-402.3538127253322,-15.309613406333014,-250.58701320361786,-28.72225688447365
3051,-357.4973121544699,-35.27013758394789,-252.98596748876164,-28.844838497142497
3052,-341.167703130349,-12.289717828799576,-255.4440106828462,-28.78326547344615
3053,-331.03860807051205,-79.21305678479992,-258.8662518532064,-29.39451911934949
3054,-325.4859085871932,-24.368138845049742,-260.9376239105047,-29.334913418284508
3055,-315.83093886685157,-11.840042446081359,-263.68995822845505,-29.255762473838224
3056,-476.51614759810406,-67.79226866906,-267.2183288834918,-29.719958167062114
3057,-333.0168745374324,-21.147540328890916,-269.7326542041183,-29.710993004931584
3058,-292.25362761136586,-11.707678820245551,-271.9495623104461,-29.655473378761876
3059,-314.60916133152034,-11.915048286734894,-273.42791073227437,-29.53577789333464
3060,-566.2265209376786,-17.081555078164335,-277.0687660523945,-29.1186221831112
3061,-378.3538363756629,-23.879834796061566,-279.9853477850972,-29.162580575146652
3062,-311.09882640621476,-57.916390097824774,-282.57829673406604,-29.527828527938095
3063,-355.8222366143814,-13.478874111051272,-285.04992566160564,-29.399596404764747
3064,-199.03503254011915,-16.09233968115137,-285.4620538748594,-29.375806976312873
3065,-402.2209007337406,-15.077189632246982,-288.55860305709524,-29.29928812465022
3066,-245.78027138190558,-60.712788925918225,-290.16339213269873,-29.510950352426246
3067,-378.0439980053882,-14.350866551461188,-292.5538462374641,-29.10466214590074
3068,-305.30336658133876,-57.18382274572488,-294.118915893769,-29.41843445038292
3069,-300.03854142295995,-68.7123813629526,-295.57459791206173,-29.72493610827898
3070,-332.0562945079264,-13.05008064087804,-298.78088852383974,-29.678255933560855
3071,-436.300224105213,-24.94745311100827,-302.95317130377316,-29.674422607689923
3072,-312.1849863903921,-22.31777673123716,-304.52725601301836,-29.619828637745076
3073,-293.67694092787247,-44.23825848294969,-306.75850197865117,-29.647481124177364
3074,-386.71671298719315,-20.422433321080383,-309.1172148260369,-29.46714037036568
3075,-231.01577671733784,-21.324407389131338,-310.34125358810974,-29.165710718896875
3076,-290.78577506841214,-46.27804577090183,-312.7865266670354,-29.03279029446466
3077,-343.04171604287444,-12.749992472123424,-315.5410582624981,-28.981959939405716
3078,-362.07294501796366,-20.35020555363406,-315.51175566728506,-29.062243729599345
3079,-293.3891990066127,-19.60163298177749,-316.37662128067706,-28.747794179842174
3080,-353.5902605124572,-59.95467661673785,-318.22680645900266,-29.170253151086904
3081,-363.770388059785,-16.509293063362716,-320.0995696208677,-29.106568640064147
3082,-355.6487475612509,-63.794204620008315,-322.01699607609163,-29.033040762392755
3083,-347.5131774647208,-84.8021648669234,-324.3059712560141,-29.703675215853714
3084,-347.54010895837655,-56.758286469438836,-326.21609154336335,-30.09114688596994
3085,-403.41012523076796,-16.052635696135813,-327.18937191776394,-30.0705892919725
3086,-369.3648238442436,-28.507687482739627,-328.7641385864695,-29.50416743602692
3087,-255.59037970169996,-30.009238684417795,-329.0426860255888,-29.579376472868763
3088,-290.75511502557936,-12.476156585342817,-329.85549943023176,-29.30445093981108
3089,-318.3043437386475,-14.276259245741054,-332.09192892644245,-29.204554047896657
3090,-331.10161587975847,-14.05020767812939,-331.90117902813705,-28.533899607507525
3091,-356.8583882009461,-84.88178142646862,-331.8903213234708,-28.92783068247854
3092,-210.03429841055535,-23.816031963661654,-331.53459124981134,-29.015060877494676
3093,-394.0851341983113,-19.287235225471303,-333.96858620002484,-28.987273217107976
3094,-297.82968615941206,-18.58550116434053,-334.8181113232021,-29.014988504802
3095,-291.60559848053686,-21.30232063277048,-335.0397294209879,-28.711211016216424
3096,-304.8630013005902,-22.319091159600582,-335.26565680649253,-28.696377078416003
3097,-385.99115321479854,-36.93276082098505,-335.9636060712623,-28.43490017086531
3098,-393.1863921444281,-26.45913617661268,-337.2121280202482,-28.4421140923636
3099,-364.6831728121807,-20.37198514712694,-337.33350506343464,-28.07080078929948
3100,-304.644292008006,-48.15278252267127,-337.2629218022526,-28.370746524685448
3101,-343.8430343156023,-22.633191020407523,-337.23910272906784,-28.37052040327981
3102,-267.95372206049245,-20.331698382233842,-335.8393563236777,-28.36972253738307
3103,-388.76546844080667,-12.724545107531211,-335.5810431013565,-28.37223205597902
3104,-252.93437240277277,-20.446584662568092,-334.682471001072,-28.383663169074367
3105,-384.52312065872707,-99.40321201996511,-334.7856013480107,-29.245304301434714
3106,-325.45718204135505,-19.725819442239672,-335.37193731302887,-29.300660669941113
3107,-303.1283693990878,-19.01848467943725,-334.2712846937107,-28.81539246300464
3108,-329.2244963752995,-19.22668859891332,-333.53966342209293,-28.875247025585573
3109,-424.32321337590554,-59.11895696327618,-334.8465340374045,-29.31955430538913
3110,-327.71845463684855,-19.271772902332845,-335.13939961889406,-28.932547478974957
3111,-392.93717462215136,-17.226046117746804,-336.2879886752048,-28.93478626235288
3112,-452.01317570381383,-15.473798452425958,-337.86155692948785,-28.55484717329797
3113,-348.5768595250295,-15.007818037872733,-337.1523623297182,-28.576684974980846
3114,-313.2149076563318,-17.772501655879587,-337.044383029028,-28.12471564596781
3115,-262.66520789740576,-21.9443394463491,-335.9720984429306,-27.895240392450713
3116,-283.8379041495579,-23.242453219509336,-336.27337264280123,-27.947353696256034
3117,-339.4733910502378,-14.235995576878173,-336.2668953880873,-27.75346754814105
3118,-267.0700982393157,-17.4432073758618,-335.9282094568113,-27.654383594790108
3119,-359.85840207032254,-19.557718805628205,-336.3395375346074,-27.604395364966283
3120,-376.48833470940497,-13.007682172085074,-336.1143535723993,-27.610803142924865
3121,-349.77640645474605,-16.618794369164053,-336.5327605581503,-27.647491284914384
3122,-279.905415477385,-13.660529163933623,-336.86685154768537,-27.59386674824934
3123,-300.1573474035813,-82.1356912391982,-335.65635750040843,-27.963256858721838
3124,-226.99813241643608,-33.60081321002112,-334.8032823725818,-27.625329555819764
3125,-382.2885452080043,-17.570264739578125,-335.08914624972425,-27.639605190184575
3126,-330.1807701514117,-88.21274989827408,-334.0752827243541,-28.340712597676887
3127,-403.666787904882,-23.015286015035233,-335.122479602057,-28.368033345164186
3128,-242.3936082310805,-18.456220515971623,-334.8723179465274,-28.387018605315877
3129,-334.2741988678958,-71.41463695627857,-335.3627139818046,-28.573690171496626
3130,-372.978259831551,-18.053209518809236,-336.44388488979354,-28.59830860206948
3131,-320.9124701405462,-20.05649441257166,-337.4850301007115,-28.621576103501223
3132,-267.61804103658784,-12.688918641612464,-336.48135815090865,-28.630630182204108
3133,-262.34977010637476,-15.070462512314014,-336.3380017518123,-28.579731000495396
3134,-328.6328446180579,-16.47670919276521,-336.42584043566654,-28.605877933006614
3135,-314.86672825020065,-58.854858103654806,-336.88334708785004,-29.06355599155182
3136,-282.6570508481967,-17.965825053322614,-335.70562872698486,-29.069318591093516
3137,-393.4425772394086,-14.292440852231096,-335.3563937907102,-29.106378669719703
3138,-397.1751517056097,-22.540134133465177,-335.9033880159545,-29.177517890085703
3139,-362.0096423540004,-13.598880800606883,-336.504466657378,-28.78910841936619
3140,-278.23890590155685,-20.588948982018454,-335.32118811426216,-28.891043295343625
3141,-521.9035500576781,-30.033665811470936,-336.99698524271037,-28.91398479688893
3142,-344.9130094498845,-18.829595410005737,-337.49700237215137,-28.46965603048383
3143,-306.42959508121663,-13.250172932740684,-336.9395607434683,-28.46529810927761
3144,-486.06350945190945,-33.06658838014802,-338.322247634552,-28.514454934213475
3145,-368.9814929312384,-19.376380026582424,-338.55500941351056,-28.588595019737518
3146,-384.0297228889229,-11.121801892518812,-339.6361221821837,-28.55861072303028
3147,-242.44386762163774,-14.640501473221969,-339.23375912111385,-28.520970659702158
3148,-324.4276696433904,-15.408041644849943,-338.9239440702722,-28.484926527640468
3149,-362.709546407915,-102.32199866673005,-337.6973590630315,-29.396521388741455
3150,-413.261844930646,-14.188236367829186,-337.8064393850846,-29.385307618356418
3151,-332.67501158162065,-12.06274939134926,-337.5582163793561,-29.15323373643043
3152,-507.2469122954822,-27.904167450020324,-339.21900847100744,-29.309378232642633
3153,-286.500400842086,-21.318738680691418,-338.7736263987232,-28.73043505160155
3154,-296.9344257728877,-46.4760306291806,-338.48811157058014,-28.951513969442857
3155,-346.22670074594004,-13.475972733974526,-338.79206918937103,-28.96787327232179
3156,-333.98128370658594,-21.676000355982346,-337.36672055045585,-28.506710589191012
3157,-285.40866130944283,-17.763774052666577,-336.8906384181759,-28.47287292642877
3158,-298.8777405826786,-59.59956198821028,-336.956879547889,-28.951791758108417
3159,-457.0852454652414,-15.395954977427278,-338.3816403892263,-28.986600825015344
3160,-374.3782574100765,-15.004256476967667,-336.4631577539502,-28.965827839003378
3161,-309.0207729971023,-12.841460466386806,-335.7698271201647,-28.855444095706627
3162,-304.1885152207323,-13.337087499157779,-335.70072400830986,-28.40965106971996
3163,-340.2505413890191,-38.49475225683693,-335.54500705605625,-28.659809851177812
3164,-372.08473298116724,-18.838651765711823,-337.27550406046663,-28.687272972023415
3165,-344.8164038031549,-12.307635140002,-336.7014590911608,-28.659577427100963
3166,-436.57649743330774,-14.606994177703768,-338.6094213516748,-28.19851947961882
3167,-284.7216062106502,-13.145792837926509,-337.6761974337275,-28.186468742483477
3168,-370.52338896079385,-63.83892237585875,-338.32839765752203,-28.25301973878482
3169,-331.0901562075832,-18.41092112746673,-338.6389138053683,-27.750005136429955
3170,-310.8821620461644,-12.005815851502048,-338.42717248075064,-27.739562488536198
3171,-586.7326664895352,-12.502533163380372,-339.93149690459387,-27.615113289059916
3172,-428.82156884793545,-30.944781374533292,-341.09786272916926,-27.701383335492878
3173,-442.32142027103174,-19.78493569277488,-342.5843075226009,-27.45685010759113
3174,-305.27701846844604,-25.389664436018148,-341.7699105774134,-27.50652241874051
3175,-379.53198859594943,-15.514165188234236,-343.2550726961995,-27.448419996731538
3176,-335.0429244657334,-20.726558119181572,-343.69764419017275,-27.192905120214334
3177,-388.0855625498347,-33.078843375545404,-344.1480826552423,-27.396193629248557
3178,-353.2228964082437,-95.12845588748314,-344.05958216914513,-28.143976132587046
3179,-314.3388180714927,-52.26580435541694,-344.2690783597939,-28.470617846323442
3180,-289.9935445188716,-18.51568127404527,-343.633111199858,-28.056227892896516
3181,-435.2369253889839,-56.768649094966044,-344.34777657315,-28.458821453212547
3182,-313.9643701174011,-15.266080660120817,-343.9309327987115,-27.973540213613674
3183,-394.87417425283223,-103.5620291573172,-344.40454276659267,-28.16113885651761
3184,-372.16908224983723,-19.990656850882907,-344.6508324995073,-27.793462560332053
3185,-330.30619116836533,-24.557540208060665,-343.9197931588833,-27.878511605451298
3186,-402.5309926743235,-18.121806724591845,-344.2514548471841,-27.774652797869823
3187,-393.66568149983425,-23.002924502691826,-345.6322078651654,-27.704589656052566
3188,-291.86362284720843,-43.0590782065547,-345.64329294338177,-28.010418872264683
3189,-300.0758804991393,-19.24609584133147,-345.46100831098664,-28.060117238220585
3190,-284.72844183054434,-34.00701758462562,-344.9972765704945,-28.25968533728555
3191,-351.03752014948293,-13.381879135793904,-344.93906788997987,-27.5446863143788
3192,-287.0482561492647,-77.9198963051027,-345.7092074673669,-28.08572495779321
3193,-382.72526065092904,-78.86509483652205,-345.59560873189315,-28.681503553903717
3194,-396.3162006585168,-19.894830330338177,-346.5804738768842,-28.694596845563694
3195,-404.99876685172205,-24.089258049685377,-347.71440556059605,-28.722466219732844
3196,-311.2141178283032,-58.100091789208776,-347.7779167258732,-29.080276226028925
3197,-389.25556513483934,-26.00677675153483,-347.81056084507355,-28.971016385334423
3198,-379.3593070885191,-55.762525230002296,-347.67228999451453,-29.26405027586832
3199,-326.8844683332689,-14.446822604175752,-347.2943029497254,-29.20479865043881
3200,-283.313928046199,-44.99888059978709,-347.0809993101073,-29.17325963120997
3201,-356.98338076210825,-21.748768514211694,-347.21240277457235,-29.16441540614801
3202,-325.12334920267585,-60.653569101080464,-347.7840990459942,-29.567634113336474
3203,-378.77394439598504,-19.869742017436106,-347.684183805546,-29.639086082435526
3204,-327.98376749104017,-18.842292751212685,-348.4346777564287,-29.623043163321974
3205,-342.0684902536764,-18.800712304736532,-348.0101314523782,-28.81701816616969
3206,-415.0704510461953,-17.231472869610318,-348.90626414242655,-28.792074700443393
3207,-376.2189139161699,-21.961748964461083,-349.6371695875973,-28.821507343293632
3208,-334.61794455838975,-75.71324903679563,-349.69110406942826,-29.386372947672452
3209,-371.73434017946636,-16.792184741690924,-349.1652153374639,-28.9631052254566
3210,-334.0342264838223,-25.037867345821613,-349.2283730559337,-29.020766169891488
3211,-347.3437902658152,-67.72917454017352,-348.7724392123703,-29.52579745411575
3212,-389.82456375615044,-105.09125039460766,-348.15055309289363,-30.42197197353757
3213,-286.92706147525365,-13.724373735839242,-347.53405511239583,-30.40913753051723
3214,-278.66432719825224,-16.63457237308031,-347.18854930781504,-30.397758237689242
3215,-282.3598424144994,-15.773649698518568,-347.385495652986,-30.33605134021094
3216,-303.7427088271123,-18.875211077093546,-347.5845436997615,-30.29237891878678
3217,-389.8933038224597,-18.686310813091765,-348.0887428274837,-30.336882071148917
3218,-339.6292050910333,-56.89702276323381,-348.8143338960009,-30.73142022502264
3219,-311.3665017737941,-19.660990743056384,-348.3294148930356,-30.73245294439692
3220,-364.844537692504,-13.74641559007728,-348.21297692286663,-30.73984027857684
3221,-441.34956133467654,-25.95691488398213,-349.12870847166596,-30.833221483725023
3222,-343.4532682735663,-20.886442626069346,-349.7641869996278,-30.905480618346377
3223,-217.55692010517694,-53.820182223090285,-348.9381827266437,-30.622325528185296
3224,-313.83737109260045,-13.07980268948529,-349.8065751134053,-30.41711542297994
3225,-185.17335987772236,-24.943344782815924,-347.8354232601026,-30.490846223412316
3226,-250.8297055485777,-21.558380335354606,-347.0419126140742,-29.824302527783125
3227,-234.0811651140215,-18.140331398610964,-345.34605638616557,-29.77555298161888
3228,-241.0771957021742,-21.38414498110511,-345.33289226087646,-29.804832226270218
3229,-318.58463134195694,-18.957893644341567,-345.1759965856171,-29.28026479315085
3230,-412.19635457198007,-54.45136577268678,-345.56817753302136,-29.64424635568962
3231,-365.42320894756824,-15.128836036745774,-346.0132849210916,-29.594969771931364
3232,-279.29968858711624,-13.689983017769777,-346.1301013965969,-29.604980415692932
3233,-336.53059733013356,-17.32515352007426,-346.8719096688345,-29.627527325770536
3234,-338.29758105949344,-20.025577891142365,-346.9685570332489,-29.66301601275431
3235,-363.1095759582648,-12.72996932645301,-347.45098551032953,-29.201767124982286
3236,-274.9492831302514,-43.496417012548676,-347.3739078331501,-29.45707304457455
3237,-358.3613948293388,-24.388037977488477,-347.02309600904937,-29.558029015827127
3238,-576.8529232271567,-19.053639218518395,-348.8198737242648,-29.52316406667766
3239,-350.3621113838514,-26.20862351764419,-348.7033984145633,-29.649261493848034
3240,-379.0588688205939,-15.321399392441288,-349.7115980437537,-29.59658599795226
3241,-311.99407932284504,-24.32354598372035,-347.61250333640544,-29.539484799674753
3242,-372.5370941503655,-17.944074506929844,-347.88874418341015,-29.530629590643997
3243,-281.580948138282,-12.434585935328595,-347.6402577139808,-29.522473720669876
3244,-291.6990420240484,-28.446016973207467,-345.69661303970224,-29.476268006600474
3245,-305.0842154911464,-16.408200056024164,-345.0576402653013,-29.44658620689489
3246,-348.60118260913754,-13.386167131765808,-344.7033548625035,-29.469229859287356
3247,-273.3388010157028,-79.20730987709015,-345.0123041964441,-30.11489794332604
3248,-316.2175051146141,-50.16782836142321,-344.93020255115636,-30.46249581049177
3249,-419.3167454209311,-18.470669849650058,-345.4962745412865,-29.62398252232097
3250,-264.6576545842313,-21.16807571645454,-344.01023263782236,-29.693780915807224
3251,-356.49763646874027,-23.67595397054321,-344.2484588866936,-29.809912961599164
3252,-309.5325444929787,-14.232103546136447,-342.27131520866857,-29.673192322560322
3253,-298.1781838961757,-14.58667769617979,-342.3880930392094,-29.605871712715206
3254,-294.9307883119404,-36.05701199759847,-342.3680566646,-29.501681526399388
3255,-273.00769262066234,-19.82398677731669,-341.63586658334714,-29.56516166683281
3256,-304.40637374647065,-74.92956920125827,-341.340117483746,-30.09769735528557
3257,-448.5113161085864,-11.80989171474023,-342.9711440317374,-30.03815853190631
3258,-424.9762128368536,-12.254736306141933,-344.2321287542792,-29.56471027508562
3259,-318.2767379952753,-16.59786763043341,-342.8440436795795,-29.576729401615683
3260,-293.29933551324723,-33.0103743832233,-342.0332544606112,-29.756790580678235
3261,-333.5324018868466,-83.7681774088521,-342.27837074950867,-30.466057750102888
3262,-396.67055124827044,-17.255225252715075,-343.20319110978403,-30.50523912763846
3263,-286.0662452312854,-42.257131523502245,-342.6613481482067,-30.542862920305115
3264,-296.56311004795396,-16.302838589722864,-341.90613191887456,-30.517504788545224
3265,-301.095655560325,-77.95192589980736,-341.46892443644623,-31.17394769614328
3266,-250.31778484009496,-30.54181762735069,-339.6063373105141,-31.33329593063975
3267,-362.95416613769106,-19.84150080566916,-340.3886629097845,-31.400253010317176
3268,-340.24082141105555,-14.622491142355091,-340.0858372342871,-30.90808869798214
3269,-413.4763884367163,-21.055821387988555,-340.9096995565784,-30.934537700587356
3270,-290.9321971518194,-23.824816951514254,-340.71019990763506,-31.05272771158748
3271,-411.8289204809914,-13.35178809480306,-338.9611624475496,-31.061220260901706
3272,-431.92503305221055,-36.593548262237476,-338.99219708959237,-31.11770792977875
3273,-266.41124243255837,-14.317042845497237,-337.2330953112077,-31.063029001305974
3274,-419.96366517401987,-58.54658939650667,-338.3799617782634,-31.39459825091086
3275,-397.988845803878,-22.735554089832082,-338.5645303503427,-31.46681213992684
3276,-328.5699337995383,-15.782043699565387,-338.4998004436807,-31.417366995730678
3277,-403.00913905930224,-15.944788403179128,-338.6490362087754,-31.246026446007015
3278,-441.3868992964431,-51.269851688421156,-339.5306762376574,-30.80744040401639
3279,-484.8149581905502,-16.807676220853015,-341.23543763884794,-30.452859122670752
3280,-272.1321966546005,-29.54026094605145,-341.0568241602053,-30.56310491939081
3281,-360.524996305736,-32.710763878279124,-340.30970486937275,-30.32252606722394
3282,-289.30328493699693,-25.00400181861453,-340.0630940175687,-30.419905278808876
3283,-290.39854876160376,-132.00035449194715,-339.0183377626564,-30.704288532155182
3284,-367.4677584970488,-19.615751066107197,-338.9713245251285,-30.700539474307423
3285,-388.45249700818744,-21.31774682517346,-339.5527875835267,-30.66814154047855
3286,-348.9562095718671,-22.130242272780002,-339.01703975250217,-30.708225895960435
3287,-399.73552837739135,-20.479176463143315,-339.0777382212778,-30.68298841556495
3288,-390.1090087385725,-66.82124182563763,-340.0601920801915,-30.92061005175578
3289,-283.29118836462857,-32.7258208097467,-339.8923451588463,-31.05540730143993
3290,-416.2352053635861,-59.458387943129445,-341.2074127941768,-31.30992100502497
3291,-353.996905561654,-19.592510804121783,-341.23700664829846,-31.372027321708252
3292,-357.44240890650826,-30.298054415180275,-341.94094817587086,-30.895808902809026
3293,-359.9790924216297,-14.771432149581132,-341.7134864935779,-30.254872275939615
3294,-347.17036372360377,-79.81403432031122,-341.2220281242287,-30.85406431583935
3295,-305.7976093478925,-23.811417593753525,-340.23001654919045,-30.851285911280026
3296,-336.01050451928097,-21.68411192593863,-340.47798041610025,-30.487126112647324
3297,-345.46668384030204,-21.374030421362523,-340.04009160315485,-30.440798649345606
3298,-295.7303753382808,-19.77929848970398,-339.2038022856525,-30.08096638194262
3299,-374.5787796488408,-59.66248682139733,-339.6807453988082,-30.533123024114833
3300,-309.1976612945292,-66.49963248900713,-339.9395827312915,-30.748130543007033
3301,-305.7085679642369,-19.477167454064023,-339.4268346033128,-30.72541453240556
3302,-431.4328387611344,-94.76725577977608,-340.48992949889737,-31.066551399192516
3303,-357.3401687132345,-16.84288292026969,-340.2755917420699,-31.036282808220854
3304,-344.1746670676751,-37.003579271413194,-340.4375007378362,-31.217895673422856
3305,-288.4283234572248,-66.3628333534071,-339.90109906987175,-31.69351688390956
3306,-329.1207861382549,-14.55045914085163,-339.0416024207923,-31.666706746621973
3307,-308.9122237265423,-67.84250847083747,-338.36853551889607,-32.12551434168574
3308,-346.9941236872911,-17.08720603124453,-338.49229731018505,-31.53925391163023
3309,-392.6055387694506,-24.611942888203714,-338.7010092960849,-31.617451493095356
3310,-353.9710707585483,-13.441690275806108,-338.90037773883216,-31.5014897223952
3311,-362.78302089291066,-23.643311708932465,-339.0547700451031,-31.060631094082787
3312,-300.0181208371252,-20.763903755335534,-338.15670561591287,-30.21735762769007
3313,-364.9244917541261,-18.936495800363417,-338.93667991870154,-30.26947884833531
3314,-362.0319801996118,-19.83471252416789,-339.7703564487152,-30.301480249846183
3315,-360.4095157601838,-17.856819502008246,-340.550853182172,-30.322311947881083
3316,-323.82122091841575,-85.464102951679,-340.75163830308503,-30.98820086662694
3317,-290.863187882808,-19.115705690623976,-339.76133714368854,-30.99249481540226
3318,-407.4021235362751,-80.89941543368428,-340.439066328141,-31.232518742106766
3319,-396.61462469719226,-19.82353063236522,-341.29154755737494,-31.234144140999856
3320,-433.7409832280205,-26.32147866940191,-341.9805120127301,-31.3598947717931
3321,-269.5632788540928,-13.380821674768798,-340.26264918792424,-31.23413383970097
3322,-298.1257439456889,-12.54778942266391,-339.8093739446455,-31.15074730766691
3323,-355.632813959949,-36.44134709215352,-341.19013288319326,-30.976958956357542
3324,-329.33066819124497,-22.769094319484378,-341.34506585417967,-31.07385187265753
3325,-346.133809668166,-16.100074161757377,-342.9546703520841,-30.985419166446945
3326,-300.00803756003387,-16.68722285690743,-343.4464536721987,-30.936707591662476
3327,-333.895310385052,-14.739528341970752,-344.44459512490903,-30.902699561096075
3328,-338.46718419384507,-15.904617120804605,-345.41849500982573,-30.847904282493072
3329,-364.3414790057126,-22.493867834371304,-345.87606348646324,-30.88326402439337
3330,-303.67142612820993,-87.74483743590658,-344.79081420202556,-31.216198741025565
3331,-318.04994569130696,-16.996786157629543,-344.31708156946297,-31.234878242234405
3332,-205.68417723830513,-40.00944967570659,-343.58092645597486,-31.498072908813768
3333,-297.7365685004226,-16.149249298426273,-343.1929861676777,-31.48631386659729
3334,-224.91158509854307,-36.406067959059364,-342.0591262080682,-31.65011876727646
3335,-324.84465540299215,-56.556451131934644,-341.6764770025154,-32.08838358533128
3336,-309.30614765154525,-21.60826100350187,-342.0200456477284,-31.869502025240813
3337,-297.09137549715336,-18.115868630361888,-341.40734545440654,-31.80678033176955
3338,-323.46569068901965,-11.579721414341591,-338.87347312902523,-31.732041153727778
3339,-386.0220981814602,-15.947065577143638,-339.23007299700134,-31.62942557432277
3340,-271.7477080805689,-18.0482575245482,-338.15696138960107,-31.656694155643837
3341,-292.78451210048905,-18.917389334023753,-337.9648657173775,-31.602632589146868
3342,-333.6690492932148,-16.78258131585578,-337.57618526880594,-31.59101765723613
3343,-277.45196847820716,-12.765913019986984,-337.5348954722052,-31.594330928082716
3344,-304.63069487284287,-23.83193848117215,-337.6642120006932,-31.548190143162362
3345,-375.59814470027084,-11.57260509786093,-338.3693512927844,-31.49983419358073
3346,-296.59494441972964,-13.345493980618784,-337.8492889108903,-31.49942746206926
3347,-370.74309311197663,-21.36619953724918,-338.823331831853,-30.921016358670848
3348,-276.4127359529841,-16.849412794435214,-338.42528414023667,-30.58783220300097
3349,-315.8423750358257,-23.64685016467479,-337.39054043638566,-30.639594006151217
3350,-395.345786311954,-12.887956460571408,-338.6974217536629,-30.556792813592384
3351,-385.03585578406046,-14.253947368905273,-338.98280394681615,-30.462572747576004
3352,-298.83847472849294,-25.596163323547955,-338.8758632491713,-30.57621334535012
3353,-195.3260063572815,-14.669813096059517,-337.8473414737823,-30.577044699348917
3354,-347.7942345755829,-13.781855804314258,-338.3759759364188,-30.354293137416075
3355,-202.49834206788498,-24.919145559890087,-337.67088243089097,-30.40524472524181
3356,-529.1366657928904,-10.515358180630743,-339.91818535135513,-29.761102615035533
3357,-296.0459174896684,-18.837291057399845,-338.393531365166,-29.83137660846213
3358,-275.81257920369364,-20.924032982340044,-336.9018950288344,-29.91806957522411
3359,-352.9557632145227,-13.36811237761076,-337.2486852810269,-29.885772022695885
3360,-325.75362778615767,-22.33994227705012,-337.57322820375595,-29.779067701634155
3361,-404.78172943827354,-11.41522343223962,-338.28572147927025,-29.055538161868032
3362,-276.6704176378967,-21.822090997888008,-337.08572014316655,-29.10120681931976
3363,-254.09539160621944,-18.23413867704602,-336.7660116069159,-28.8609768908552
3364,-359.3378724350211,-11.808397901535752,-337.3937592307866,-28.816032483973324
3365,-395.1820943563479,-10.879601536688266,-338.3346236187468,-28.145309240342133
3366,-372.79441308974214,-18.955284976383943,-339.55938990124326,-28.029443913832463
3367,-262.0957573014574,-14.191823061461522,-338.55080581288087,-27.972947136390385
3368,-296.36460095361394,-19.536356381551563,-338.1120436083064,-28.022085788782352
3369,-295.6072661959519,-17.084165488009866,-336.93335238589884,-27.982369229782567
3370,-279.94236293899957,-37.139148195153425,-336.8234540437706,-28.11551254221896
3371,-404.4036950089254,-14.74152497399339,-336.74920178905,-28.12940991101086
3372,-254.39648563430157,-25.765740368871157,-334.97391631487085,-28.0211318320772
3373,-221.77766902262067,-27.430752949803093,-334.5275805807715,-28.152268933120258
3374,-420.3763212028278,-43.76850881040605,-334.5317071410596,-28.004488127259254
3375,-300.35570564835047,-25.150646719471762,-333.55537573950426,-28.028639053555654
3376,-262.01598658550427,-20.58494231111218,-332.88983626736393,-28.07666803967112
3377,-323.30002336624995,-14.55134662252816,-332.0927451104334,-28.06273362186461
3378,-310.1999143435754,-17.626921069261435,-330.78087526090474,-27.726304315673012
3379,-345.90074869797377,-16.753212554585392,-329.39173316597896,-27.725759679010334
3380,-235.65399823090823,-13.438101429510345,-329.02695118174205,-27.564738083844922
3381,-245.27538772586348,-18.01333225558715,-327.87445509594335,-27.417763767618002
3382,-300.78802972334415,-15.76144872957179,-327.98930254380684,-27.325338236727575
3383,-367.1147038539176,-16.36825509222069,-328.75646409473,-26.169017242730312
3384,-327.79279411621627,-49.191623504672464,-328.3597144509217,-26.464775967115962
3385,-253.58043280379744,-17.445878222692603,-327.0109938088777,-26.426057281091154
3386,-556.1732295467563,-11.932294283014215,-329.0831640086266,-26.324077801193493
3387,-258.1191731577973,-15.0291864510143,-327.6670004564307,-26.269577901072203
3388,-306.50957295882597,-20.402970088244963,-326.8310060986332,-25.80539518369828
3389,-286.2053463544523,-37.696469381048516,-326.86014767853146,-25.8551016694113
3390,-285.43469342402614,-42.351838445000766,-325.5521425591358,-25.684036174430016
3391,-525.4940143078126,-11.643925543605578,-327.2671136465974,-25.604550321824853
3392,-374.81539585471506,-61.939188374145346,-327.4408435160795,-25.920961661414502
3393,-302.53048500997846,-22.53485174110728,-326.8663574419629,-25.998595857329764
3394,-310.09596455544204,-57.54200729376838,-326.4956134502814,-25.775875587064338
3395,-399.6687857178862,-115.27751265108809,-327.4343252139813,-26.690536537637684
3396,-353.76580991162785,-19.92343826293293,-327.61187826790484,-26.672929801007626
3397,-336.2426053081932,-23.757057184690947,-327.51963748258373,-26.69676006864091
3398,-400.71529637991074,-163.8186848025196,-328.56948669300004,-28.13715393176906
3399,-344.1049057234076,-24.369337048577542,-328.2647479537457,-27.784222434040863
3400,-273.12032052600705,-13.108566182997299,-327.90397454606045,-27.25031177098077
3401,-329.76009877518544,-12.3614052029071,-328.14448985416993,-27.179154148469202
3402,-417.8311045531351,-63.04561299407664,-328.00847251208995,-26.861937720612207
3403,-353.65125869817774,-13.030084093246112,-327.9715834119393,-26.82380973234197
3404,-269.10590341449904,-63.36542360023172,-327.2208957754076,-27.087428175630155
3405,-299.37794851035375,-14.592997594459897,-327.33039202593886,-26.569729818040685
3406,-298.8727360455599,-15.047655173070275,-327.02791152501186,-26.57470177836287
3407,-229.11622476869522,-23.55695865630555,-326.22995153543343,-26.13184628021755
3408,-321.03474340123665,-15.791011065473105,-325.9703577325729,-26.118884330559837
3409,-277.9366366948005,-20.739273395985926,-324.82366871182643,-26.080157635637658
3410,-302.7120105840627,-20.386890809822955,-324.3110781100816,-26.14960964097783
3411,-303.2918142388268,-14.325411981434227,-323.7161660435408,-26.056430643702846
3412,-365.60422676459456,-27.32541165671549,-324.3720271028154,-26.122045722716642
3413,-417.3014093327544,-67.82269090742582,-324.8957962786017,-26.610907673787267
3414,-520.9803454929444,-50.62653100813767,-326.48527993153505,-26.918825858626963
3415,-293.8431744914463,-13.535328963312304,-325.8196165188477,-26.875610953240002
3416,-300.6235700560414,-14.650904943486168,-325.5876400102239,-26.167478973158076
3417,-337.0613038675468,-49.52096505753778,-326.0496211700713,-26.471531566827217
3418,-326.93177897169323,-38.48593139177148,-325.2449177244254,-26.047396726408092
3419,-304.9764710119925,-34.77542947981914,-324.3285361875735,-26.196915714882632
3420,-381.82770306655016,-13.941618501724683,-323.8094033859588,-26.073117113205857
3421,-272.18247033037966,-27.07360632869097,-323.83559530072165,-26.210044959745076
3422,-359.60496515810894,-28.3949844410177,-324.4503875128459,-26.368516909928612
3423,-310.3359682184206,-74.04644367467012,-323.9974190554306,-26.74456787575378
3424,-215.82554487459785,-16.21122079411312,-322.8623678222641,-26.678989140500068
3425,-293.59981847025944,-12.351168371154275,-322.3370279102851,-26.641500082594032
3426,-391.83459498612723,-13.401368841418707,-323.255293484546,-26.608641542439145
3427,-297.55158209879124,-22.717345875387025,-322.89185620168337,-26.688419717773307
3428,-295.4619308070841,-24.385875253698774,-322.4618036678158,-26.77323229910225
3429,-348.5843032259556,-14.794733563546279,-322.3042319100182,-26.696240956394
3430,-369.64339179061125,-14.831182451196371,-322.9639515666422,-25.9671044065469
3431,-325.7648161725783,-20.006367729604367,-323.0411002714549,-25.997200222266645
3432,-308.03952486356735,-13.2388442235181,-324.06465374770755,-25.729494167744765
3433,-337.1788823033518,-21.748902608678577,-324.45907688573686,-25.78549070084729
3434,-328.27770744665617,-14.741930614826243,-325.4927381092179,-25.568849327404955
3435,-301.95193321729045,-12.475733884035392,-325.2638108873609,-25.128042154925964
3436,-357.4463278561219,-16.860017969177683,-325.7452126894066,-25.080559724582717
3437,-275.1222379342428,-40.94847151895268,-325.5255213137775,-25.308885753468626
3438,-294.8293246855187,-13.528602761566217,-325.23915765374255,-25.328374566940877
3439,-356.83770821140115,-15.720217511804197,-324.947313754042,-25.32610608628748
3440,-310.0733688245386,-13.38075913553682,-325.3305703614817,-25.279431102397368
3441,-297.04515827959375,-24.348182043398367,-325.37317682327273,-25.333739029491113
3442,-277.7806920001106,-63.988060302216674,-324.8142932503417,-25.805793819354722
3443,-295.79152325856126,-20.31523623579178,-324.99768879814525,-25.88128705151277
3444,-290.09324888816485,-17.909443343590816,-324.8523143382985,-25.822062100136957
3445,-278.63726240149407,-14.511026959116393,-323.88270551531076,-25.851446318749513
3446,-319.05605501258674,-15.40285080510459,-324.1073166212393,-25.87201988699437
3447,-308.14308784920087,-21.909532128041562,-323.48131656861153,-25.877453212902296
3448,-356.8417588361487,-18.43818293993434,-324.2856067974432,-25.89334091435728
3449,-254.640350104669,-13.0455818851784,-323.6735865481317,-25.787328231562316
3450,-417.0957352083756,-12.269988202951954,-323.8910860370959,-25.781148548986124
3451,-353.27811753704435,-19.221606905584004,-323.57350865462564,-25.830825144352907
3452,-353.7884448814254,-19.70553179274269,-324.12300835615497,-25.771918829044857
3453,-435.2436007893193,-17.10292951281362,-326.5221843004753,-25.7962499932124
3454,-279.94041648235793,-17.32881064731079,-325.84364611954305,-25.831719541642368
3455,-414.3262224488087,-17.687620066383378,-327.96192492335234,-25.759404286707298
3456,-343.44061666090704,-27.9510711682666,-326.10496443203243,-25.93376141658366
3457,-475.84759238458224,-68.06929243312213,-327.90298118098156,-26.42608143034088
3458,-415.3142983614946,-13.518791623601677,-329.2979983725596,-26.352029016753495
3459,-321.65366813581466,-28.99967170093591,-328.98497742177256,-26.508344609986747
3460,-451.6651681387551,-10.081292891831197,-330.24409282529854,-26.38575811613456
3461,-352.4729422665033,-21.630103749498616,-329.7210049535808,-26.48790691930715
3462,-296.8327478195252,-21.905630724942117,-329.92262825539706,-26.488742316577692
3463,-264.9313844094633,-16.114958071160004,-330.03098818342954,-26.467550510518834
3464,-372.2043101949415,-17.69055312395635,-330.1596525610288,-26.52637206274304
3465,-338.92470752591333,-16.29461797971671,-329.59707869272444,-26.580522227173322
3466,-260.34048462660104,-45.95721979496496,-328.472539408093,-26.850541575359134
3467,-282.62909989163654,-23.069169881573675,-328.67787283399474,-26.939315043560253
3468,-272.1013230104754,-20.193104124892646,-328.4352400545634,-26.945882520993663
3469,-288.6062622098738,-41.186332133123926,-328.3652300147026,-27.186904187444803
3470,-199.68237766279103,-14.324576139565174,-327.56263016194055,-26.95875846688892
3471,-268.692775236652,-30.746845943877535,-326.20552096421784,-27.118811676587764
3472,-433.4854002751089,-31.32061352416293,-327.99641011062596,-27.17436040814068
3473,-288.1393558328476,-16.7056180390904,-328.6600269787282,-27.06710905903355
3474,-331.8540831944505,-15.925896491530525,-327.77480459864444,-26.7886829358448
3475,-365.52788921138745,-13.457760895882382,-328.4265264342748,-26.671754077608906
3476,-281.41984659664604,-18.055638939508896,-328.6205650343862,-26.646461043892877
3477,-314.6215541833867,-17.613038104204772,-328.53378034255746,-26.67707795870964
3478,-331.9719859078506,-17.92928773673007,-328.7515010582003,-26.680101625384324
3479,-382.14799927498507,-18.88870464018996,-329.11397356397043,-26.70145654624037
3480,-436.68132088085144,-12.50201943330827,-331.1242467904699,-26.692095726278346
3481,-247.20649042485874,-14.274015974171407,-331.1435578174599,-26.654702563464188
3482,-156.80938912062396,-21.499838043316842,-329.7037714114326,-26.71208645660164
3483,-419.4427378917621,-12.099827042753137,-330.2270517518111,-26.669402176106967
3484,-305.67099539471707,-17.31729180838532,-330.00583376459605,-26.350658859144094
3485,-343.72918252867447,-27.756349038076152,-330.9073212618448,-26.45376356729793
3486,-444.8756967467115,-90.29439352269418,-329.79434593384434,-27.237384559694732
3487,-254.22953888480734,-18.714528585969344,-329.7554495911144,-27.274237981044283
3488,-340.8086544020253,-13.792008404325147,-330.09844040554646,-27.208128364205084
3489,-325.4411139590078,-12.523082300411446,-330.490798081592,-26.956394493398715
3490,-342.8246732535851,-19.221584328491595,-331.0646978798876,-26.725091952233623
3491,-299.5675148535202,-49.3987257476506,-328.8054328853447,-27.102639954274075
3492,-311.6737535867654,-18.28710888251301,-328.1740164626652,-26.66611915935775
3493,-338.91906512248397,-13.678943847785831,-328.5379022637902,-26.577560080424533
3494,-313.8500973851384,-21.142978228400725,-328.57544359208714,-26.213569789770855
3495,-243.56039782179195,-20.620008988995558,-327.01435971312617,-25.26699475314993
3496,-322.31398491047406,-20.94303881300337,-326.6998414631147,-25.277190758650633
3497,-391.0970187745745,-93.28532066746443,-327.2483855977785,-25.97247339347837
3498,-330.6342798207467,-24.704044248147888,-326.54757543218693,-24.58132698793465
3499,-333.6485920971959,-57.411306858872386,-326.44301229592475,-24.9117466860376
3500,-434.1298644050827,-99.38202851665692,-328.05310773471547,-25.774481309374195
3501,-381.63108528628896,-15.987899195313151,-328.5718175998265,-25.81074624929826
3502,-306.73675781413186,-19.33467153988768,-327.4608741324365,-25.373636834756372
3503,-324.55558399997875,-21.444223832651204,-327.1699173854546,-25.457778232150424
3504,-310.3147760033156,-28.410406371613174,-327.58200611134276,-25.108228059864235
3505,-297.7279384046109,-59.67112734077734,-327.5655060102853,-25.559009357327408
3506,-429.770751861685,-39.17978908546373,-328.8744861684465,-25.800330696451343
3507,-311.7627630546163,-33.558340449777035,-329.7009515513057,-25.90034451438606
3508,-255.85350047798482,-24.32900595731907,-329.0491391220732,-25.985724463304518
3509,-280.63436225781936,-41.31901457853017,-329.0761163777034,-26.191521875129958
3510,-409.38611940220636,-97.95666318749646,-330.1428574658849,-26.96721959890669
3511,-363.7701848187482,-117.30229849386659,-330.74764117168405,-27.996988464031013
3512,-364.4133947465696,-37.21891956056711,-330.7357328515038,-28.09592354306953
3513,-312.54826134906943,-16.99593399736756,-329.688201371667,-27.587655973968953
3514,-361.71893260687347,-22.465935777801384,-328.09558724280623,-27.306050021665587
3515,-277.29591167487683,-38.2431622630068,-327.9301146146406,-27.553128354662533
3516,-339.1270929823647,-72.49401599623828,-328.3151498439038,-28.131559465190055
3517,-342.00288560721896,-22.482681594799136,-328.3645656613005,-27.861176630562667
3518,-292.72386619004186,-21.749745718785306,-328.022486533484,-27.69381477383281
3519,-295.61019739562084,-22.695467297998665,-327.9288237973203,-27.5730151520146
3520,-320.07263537819665,-25.285918109644495,-327.3112731204368,-27.686458148093802
3521,-362.87877639113077,-51.21285530742509,-328.2182361810443,-27.927850637881143
3522,-292.3312380510364,-17.097784504304872,-327.54549890997356,-27.81487863851401
3523,-345.803532979882,-23.170294278960576,-327.9001745575882,-27.306117144556918
3524,-438.4051190619452,-99.78488216894681,-330.12597029946164,-28.141853758305256
3525,-323.44718611566896,-13.522521425612549,-330.4244439759157,-28.153567288849835
3526,-254.6201472643464,-19.535451324343292,-329.05229949869795,-28.214908113679083
3527,-302.1844843603366,-17.449996402354685,-329.09862852131346,-28.16223461894876
3528,-256.37279802667547,-13.99982834297908,-328.70773719350933,-28.058374149841562
3529,-328.29171569007997,-20.821423238108746,-328.5048113181506,-28.11864104658719
3530,-286.7268117637479,-69.82173619217353,-327.67564551788195,-28.668546583996957
3531,-296.1042116816478,-16.484765224636593,-327.3790394729726,-28.63333055894728
3532,-286.50860095678735,-12.652383418705874,-327.16373023390474,-28.627465950899158
3533,-218.32385898917497,-16.785800742355313,-325.975180000763,-28.577834932235927
3534,-352.5283479377693,-46.594028502753275,-326.2176864056741,-28.896355911115194
3535,-351.96162676822246,-113.99732598250668,-326.71778334118346,-29.911571832099906
3536,-313.10525638035364,-37.05067785827673,-326.2743726264258,-30.1134784309909
3537,-280.7733196948985,-28.79652515156911,-326.3308834440324,-29.99195896731706
3538,-296.9249856760641,-21.45786917720108,-326.3518400539378,-30.071251631473412
3539,-300.0077020426068,-20.02291219445903,-325.7835399922499,-30.114278578299963
3540,-197.30252398492064,-19.836461891355835,-324.6558315438537,-30.17883560585815
3541,-228.56574575443508,-22.974325892025018,-323.9710374186021,-30.16509704434442
3542,-314.1627589328322,-14.624686054678614,-324.3348580879293,-29.67146330186904
3543,-314.70491106757834,-15.833321257098287,-324.5239919660195,-29.626644152082104
3544,-300.29880034342506,-16.625881710139836,-324.6260474805721,-29.613808535747594
3545,-366.7115883205794,-14.932457792014766,-325.5067907397629,-29.618022844076574
3546,-238.56195548368106,-20.279831009305287,-324.70184974447386,-29.66679264611858
3547,-311.38251639817287,-14.817811524800284,-324.7342440299636,-29.595875440086168
3548,-283.4445561945524,-13.975882307166032,-324.00027200354765,-29.55125243375849
3549,-296.26784556157116,-86.22126021935917,-324.4165469581167,-30.283009217100293
3550,-361.41499328468944,-14.49957720922938,-323.85973953887986,-30.30530510716307
3551,-346.00705891134146,-26.215458667460386,-323.7870289526228,-30.37524362478183
3552,-283.7158509086345,-21.708707258760203,-323.08630301289486,-30.39527537944201
3553,-365.34813612939337,-46.16257180199589,-322.38734836629556,-30.685871802333835
3554,-346.7580822734452,-64.02328398677786,-323.0555250242065,-31.152816535728505
3555,-311.14620949907635,-29.929427688689024,-322.0237248947092,-31.27523461195156
3556,-262.8597707754749,-23.913590744458542,-321.2179164358548,-31.234859807713477
3557,-244.56417000091275,-23.44613458615243,-318.90508221201816,-30.788628229243784
3558,-310.1286113714025,-22.021811311299984,-317.8532253421172,-30.873658426120762
3559,-348.3770330242303,-15.315494769633485,-318.1204589910013,-30.73681665680774
3560,-667.7914370449006,-20.88437695579124,-320.2817216800628,-30.844847497447343
3561,-285.3901897034557,-13.566564591684223,-319.61089415443234,-30.7642121058692
3562,-257.64463568836493,-18.250012939239387,-319.21901303312075,-30.72765592801217
3563,-256.179881762551,-16.584065925728925,-319.13149800665167,-30.732347006557855
3564,-364.77730646283146,-18.38298211350559,-319.05722796933054,-30.73927129645335
3565,-361.9480169187453,-18.31034835693248,-319.28746106325883,-30.759428600225508
3566,-254.20255944212892,-13.630234932796215,-319.22608181141413,-30.43615875160382
3567,-253.78010386818573,-47.76727811146113,-318.9375918511796,-30.683139833902697
3568,-283.95478722473035,-24.43864825256792,-319.0561264933221,-30.72559527517945
3569,-225.8204118932102,-25.333071493556186,-318.42826799015546,-30.567062668783773
3570,-252.67013217215788,-22.393569639000106,-318.9581455352492,-30.647752603778123
3571,-241.92324526652413,-15.87047364401303,-318.6904502355479,-30.49898888077947
3572,-229.14701915572695,-14.820381963513155,-316.64706642435414,-30.333986565172975
3573,-278.44893049940134,-48.52364621311459,-316.5501621710197,-30.652166846913214
3574,-365.7098689395845,-12.357105035724379,-316.88872002847097,-30.616478932355154
3575,-263.14536436077,-13.700705698619146,-315.8648947799648,-30.618908380382525
3576,-287.50301988203415,-16.641849589936832,-315.9257265128187,-30.604770486886803
3577,-251.5031222535729,-16.74563201589872,-315.2945421935206,-30.596096426003744
3578,-296.3142463397686,-21.73917822951638,-314.93796479783975,-30.634195330931608
3579,-269.52270208389837,-26.510677962548733,-313.81171182592885,-30.710415064155196
3580,-347.1930811007318,-15.194023122008064,-312.91682942812764,-30.737335101042195
3581,-272.8810196230569,-24.173005204410174,-313.1735747201096,-30.83632499334458
3582,-256.426975980278,-22.70669217008008,-314.16975058870617,-30.848393534612214
3583,-285.52510317431864,-16.33900128738064,-312.83057424153174,-30.890785277058487
3584,-247.78562858751826,-18.911147814231295,-312.25172057345975,-30.906723837116946
3585,-127.87395964657621,-15.461801003400927,-310.09316834463874,-30.783778356770192
3586,-268.4882229591809,-22.356617692460176,-308.3292936067635,-30.10440059846785
3587,-299.4992872412067,-20.870803413091817,-308.7819910903275,-30.125963346739077
3588,-182.95294284418338,-20.33411843127319,-307.2034339747491,-30.19138444700856
3589,-99.06767045096831,-17.951648254800165,-304.9396995396687,-30.24567010655245
3590,-307.24120148096966,-23.45268896270128,-304.5838648219425,-30.287981152894545
3591,-506.2509811667127,-11.014682647552869,-306.6506994850744,-29.904140721893565
3592,-318.95115252226975,-35.80789555099317,-306.72347347442945,-30.07934858857837
3593,-384.9021415186468,-90.27893588220827,-307.1833042383911,-30.845348508922594
3594,-264.9292239153368,-15.885996857659325,-306.6940955036931,-30.792778695215176
3595,-278.9985008403243,-15.222442958621548,-307.0484765338784,-30.738803034911438
3596,-272.56836149669033,-94.62800662869635,-306.5510202997405,-31.47565271306837
3597,-333.2502919185203,-13.559875701992102,-305.97255303118,-30.678398263413648
3598,-202.42265597787534,-36.352671563301435,-304.69043679275126,-30.794884536565185
3599,-304.72735708234063,-18.943902556992004,-304.4012244426027,-30.41021049354638
3600,-276.3887078117896,-19.908516878184667,-302.82381287666976,-29.615475377161655
3601,-251.97885547255507,-41.994688513853454,-301.5272905785324,-29.87554327034706
3602,-298.17003304063877,-19.64420455862795,-301.4416233307975,-29.878638600534465
3603,-242.73758623752158,-19.91100615889855,-300.62344335317295,-29.86330642379694
3604,-280.99641127118133,-26.255294246047345,-300.3302597058517,-29.841755302541284
3605,-246.6080715124749,-15.915082786656404,-299.81906103693035,-29.40419485700007
3606,-360.36778250393127,-23.28651920409101,-299.1250313433528,-29.245262158186343
3607,-327.1394650795256,-28.41390185678753,-299.2787983636018,-29.193817772256445
3608,-378.3163085151062,-22.431062927721722,-300.50342644397296,-29.17483834196047
3609,-405.4208827624827,-58.6483749507565,-301.7512916490196,-29.34813194568273
3610,-408.94364886430293,-20.406342688611574,-301.74686694364055,-28.572628740693883
3611,-254.5713418212227,-29.46173431102677,-300.6548785136654,-27.69422309886549
3612,-289.3856616932266,-24.966425211755173,-299.904601183132,-27.57169815537737
3613,-295.579678740719,-13.395255977361856,-299.7349153570484,-27.53569137517731
3614,-243.1362991021258,-16.664330740277524,-298.549089022001,-27.47767532480207
3615,-326.6775017160773,-42.53664407525542,-299.042904922413,-27.52061014292456
3616,-340.42824869997594,-20.339655557737974,-299.0559164795891,-26.99906653853956
3617,-250.16741100339928,-25.223581951461846,-298.13756173355097,-27.026475542106184
3618,-388.30666904804514,-34.44843995880748,-299.093389762131,-27.153462484506406
3619,-163.07858875588812,-16.71344830208318,-297.76807367573366,-27.09364229454725
3620,-209.6120985595968,-25.57106117806904,-296.66346830754765,-27.096493725231493
3621,-325.872575412351,-63.20223073020091,-296.2934062977599,-27.216387479459254
3622,-325.9280554812502,-47.81054060403503,-296.629374472062,-27.52351504045655
3623,-301.5705193060328,-57.495243088875434,-296.1870443353235,-27.8667645285557
3624,-280.193506997082,-27.369404633479334,-294.6049282146748,-27.142609753201025
3625,-277.6984111633834,-60.23098723548387,-294.147440465152,-27.60969441129974
3626,-186.27671836854643,-42.997799776658276,-293.464006176194,-27.84431789582289
3627,-262.1739172593663,-18.36927762079707,-293.0639005051843,-27.853510708007313
3628,-253.69785832358477,-20.926903090757367,-293.0371511081534,-27.922781455485097
3629,-300.22183365699647,-15.862505756582143,-292.7564522878225,-27.873192280669834
3630,-332.87203092561776,-18.02556513573913,-293.21790447944124,-27.355230570105487
3631,-259.22679656415613,-17.776318525611487,-292.8491303282663,-27.368146103115237
3632,-286.6336153813667,-21.41707211463799,-292.8503804725121,-27.45579299007456
3633,-130.93293583733038,-23.207199685028485,-291.97647124099365,-27.52000697950129
3634,-279.8781786585975,-18.57507714643758,-291.2499695482019,-27.23981746593814
3635,-295.9107073378172,-15.80196466028426,-290.68946035389786,-26.25786385271591
3636,-313.72604321845296,-14.335316952212137,-290.6956682222788,-26.030710243655264
3637,-180.68984474230524,-41.216265965862384,-289.6948334727529,-26.154907651798197
3638,-406.4779747566568,-18.655123446057143,-290.7903633635588,-26.126880194486755
3639,-335.9495980391679,-18.811105333571195,-291.14978232352445,-26.114762125877874
3640,-263.84650054045153,-17.883982722804884,-291.8152220890798,-26.095237334192365
3641,-352.08745582888344,-14.184830837375046,-293.0504391898242,-26.007342383645867
3642,-441.6515955273339,-24.546383707674657,-294.3253275557692,-26.10655936017583
3643,-268.8347415038347,-15.774317438699013,-293.86662586013176,-26.10596932199184
3644,-248.43068227422296,-14.801849045585708,-293.34794467943976,-26.0877289953463
3645,-294.9538578403277,-25.976678597894264,-292.6303673746373,-26.198171203405096
3646,-232.52653177872608,-16.860972354605853,-292.57001313758775,-26.1639826168581
3647,-321.6316794486046,-28.236471298464455,-292.67250476809204,-26.29816921459474
3648,-265.0871009739711,-26.431425557474284,-292.4889302158863,-26.422724647097823
3649,-313.4709752951077,-13.828244276479754,-292.66096151322165,-25.698794487669026
3650,-406.05994838872994,-17.963050351609688,-293.107411064262,-25.73342921909283
3651,-260.4691194992425,-20.83491761550551,-292.2520316701411,-25.679623808573282
3652,-306.02626517022827,-21.61479498813189,-292.47513581275695,-25.678684685866997
3653,-317.4166732185996,-24.06959005793799,-291.995821183649,-25.45775486842642
3654,-205.21563130732588,-46.681112362739775,-290.5803966739878,-25.284333152186036
3655,-276.34778150143,-20.369604969489302,-290.23241239401136,-25.188734924994037
3656,-335.75359470745417,-18.447860794151723,-290.9613506333312,-25.13407762549097
3657,-323.19636140985244,-15.803555115864393,-291.7476725474206,-25.057651830788092
3658,-251.38782978948794,-14.997515863476123,-291.16026473160144,-24.987408876309853
3659,-278.29932082542695,-12.220124249654614,-290.4594876096134,-24.95645517111006
3660,-319.0966116266591,-19.3385662429817,-286.97253935543097,-24.94099706398197
3661,-272.3198806364789,-25.80043463756165,-286.84183626476124,-25.063335764440748
3662,-266.81424476727307,-27.38628167502669,-286.9335323555503,-25.15469845179862
3663,-264.34334036306666,-16.138906996342545,-287.0151669415555,-25.150246862504755
3664,-373.7224374048658,-20.3799703432892,-287.1046182509758,-25.17021674480259
3665,-345.511625412423,-28.847070579964537,-286.9402543359125,-25.27558396703291
3666,-302.8714989113097,-14.745842655975189,-287.42694373060436,-25.286740044264704
3667,-567.1550678668052,-14.830194807482485,-290.56069337059057,-24.957369211224915
3668,-250.41101945096253,-22.70000845881488,-290.22525569285284,-24.93998281328738
3669,-220.00702920067974,-23.64571268289988,-290.1671218659275,-24.923109225180816
3670,-189.9607128942517,-16.88766521317235,-289.54002767314853,-24.868050180922538
3671,-340.85090512433555,-23.734575077244443,-290.52930427172663,-24.946691195254854
3672,-430.5184915851297,-15.068893384362273,-292.54301899602063,-24.949176309463343
3673,-250.3500199120337,-24.058539386791317,-292.26202989014695,-24.704525241200113
3674,-309.9241717338987,-27.83675325268446,-291.7041729180901,-24.859321723369714
3675,-291.5524170383277,-23.557361157452252,-291.98824344486565,-24.957888277958045
3676,-255.18878957012063,-21.454952175181976,-291.66510114174656,-25.0060193038105
3677,-228.237914489219,-17.780364738984403,-291.4324490641031,-25.016366631041354
3678,-251.68778839398138,-26.050134412715234,-290.9861844846452,-25.059476192873344
3679,-336.6821593108172,-23.282157959001132,-291.6577790569144,-25.02719099283787
3680,-264.6594657785126,-20.313437698177342,-290.83244290369214,-25.07838513859956
3681,-296.1010983797792,-21.823213171995786,-291.06464369125933,-25.054887218275418
3682,-181.6547831301916,-16.62355142810086,-290.3169217627585,-24.994055810855624
3683,-248.5456424515161,-63.46378000406111,-289.9471271555305,-25.465303598022427
3684,-496.4898507542948,-12.244667099066415,-292.4341693771983,-25.39863879087078
3685,-195.7278362796324,-17.163381627029068,-293.11270814352883,-25.415654597107064
3686,-276.1545388890735,-21.80376879060783,-293.18937130282774,-25.41012610808854
3687,-280.1924834234512,-21.36455270261258,-292.99630326465024,-25.41506360098375
3688,-320.8708926409822,-18.18511864942487,-294.3754827626182,-25.39357360316526
3689,-352.38665535817904,-18.990374914413398,-296.9086726116903,-25.403960869761395
3690,-280.2559065135193,-55.03112499970444,-296.6388196620158,-25.719745230131426
3691,-290.49732938567524,-62.841836549401684,-294.48128314420546,-26.238016769149915
3692,-347.88461934141225,-21.5674955382426,-294.7706178123969,-26.09561276902241
3693,-269.3805129391394,-21.512297983460204,-293.61540152660183,-25.40794639003493
3694,-316.47166142217003,-20.63941820933882,-294.13082590167016,-25.455480603551724
3695,-210.54124642051718,-18.606607379508016,-293.4462533574721,-25.489322247760587
3696,-439.69769459245725,-18.050227149325067,-295.11754668842974,-24.723544452966873
3697,-245.40851597220527,-28.108649858573024,-294.2391289289666,-24.869032194532682
3698,-269.7951624851061,-14.881080129786843,-294.91285399403887,-24.654316280197538
3699,-327.8551775040127,-21.306826015046592,-295.14413219825553,-24.677945514778084
3700,-278.6433683468295,-23.8546758309984,-295.166678803606,-24.71740710430622
3701,-258.4379371240976,-24.454503737895152,-295.2312696201214,-24.542005256546638
3702,-150.087709140477,-19.60312473110104,-293.75044638111984,-24.54159445827137
3703,-385.5678042871632,-62.77747015032527,-295.17874856161626,-24.970259098185636
3704,-275.35080074594765,-36.126732890191676,-295.1222924563639,-25.06897348462708
3705,-295.2246165294128,-47.18854969339276,-295.60845790653326,-25.381708153694447
3706,-330.87686241037864,-23.644218699060335,-295.31354870559767,-25.38528514864414
3707,-140.34824054120452,-23.295244662740426,-293.4456364602144,-25.33409857670367
3708,-280.2687593485063,-16.61079664975687,-292.46516096854845,-25.275895913924025
3709,-345.72426499736713,-31.19901895822967,-291.86819479089735,-25.001402353998753
3710,-267.8364535430353,-47.08452007822194,-290.4571228376847,-25.268184127894855
3711,-147.97002767315854,-130.5932276870734,-289.3911096962041,-26.27949906165532
3712,-305.0706508170694,-67.53405389088543,-289.5479595874425,-26.705175348446623
3713,-295.2010891119712,-63.10546444103808,-289.544173691155,-27.202277433083385
3714,-240.61823118838933,-19.66476009661945,-289.51899301201763,-27.232281726646804
3715,-272.7771539069801,-18.300901567654147,-288.97998953392664,-26.989924301570788
3716,-394.8775383365101,-48.97614965430721,-289.524482430292,-27.27628924253648
3717,-299.6544394859725,-17.067917177664146,-290.0193527151177,-27.194732594798502
3718,-208.70161986194685,-22.938400155667406,-288.2233022232567,-27.079632196767104
3719,-453.7065845982018,-12.419478798913653,-291.1295821816799,-27.03669250173541
3720,-241.52076015946747,-26.00899623932407,-291.4486687976786,-27.04107185234796
3721,-394.2639700273917,-29.950679770715023,-292.132582743829,-26.708556342753102
3722,-333.4243047744014,-19.07837592730483,-292.20754523676044,-26.4212346959858
3723,-419.37494678563144,-24.310746965848885,-293.3855895115564,-26.08938973475553
3724,-288.8025476461988,-19.733958160874973,-293.4716799180475,-26.013035270029487
3725,-287.5080155737118,-68.96376740124897,-293.56977596215086,-26.100363071687145
3726,-253.11000023535058,-85.78787427580632,-294.23810878081895,-26.52826381667862
3727,-188.4541685987437,-56.47681402768765,-293.5009112942127,-26.909339180747526
3728,-288.73725084283313,-25.0829634552085,-293.8513052194052,-26.95089978439204
3729,-160.8061223975845,-16.369721121954125,-292.4571481068111,-26.95597193804576
3730,-297.8676950945337,-101.42567085357253,-292.1071047485002,-27.78997299522409
3731,-372.6856503766619,-19.356641078543213,-293.24169328662526,-27.805776220753412
3732,-308.1257312059258,-54.8958381051138,-293.45661444487087,-28.14056388065817
3733,-296.2435393157563,-22.915109638416062,-295.1097204796552,-28.137642980192044
3734,-304.34399683809414,-15.125137028009828,-295.3543786614502,-28.10314357900777
3735,-238.2062078136922,-47.55400138286597,-294.77733366620896,-28.420663946233585
3736,-262.25411882074343,-22.371053266571653,-294.2626144222319,-28.50102130937718
3737,-275.96535610841835,-19.00833734856068,-295.2153695358929,-28.278942023204163
3738,-255.08673757690167,-19.78152437157816,-293.70145716409536,-28.29020603245937
3739,-258.65804432810694,-15.941023974787004,-292.9285416269848,-28.26150521887153
3740,-240.02101608695733,-28.32604096877667,-292.69028678244985,-28.365925801331247
3741,-177.68136865103295,-22.541653629095396,-290.94622591067133,-28.44949402924845
3742,-168.575530310689,-16.131680641549334,-288.2154652585048,-28.365346998587196
3743,-356.22281889190515,-22.047009507087047,-289.08934603238555,-28.428073919271075
3744,-281.4250696366892,-21.066798068927095,-289.41928990601025,-28.490723409504486
3745,-303.81247701836793,-49.08398841433251,-289.5078760977907,-28.72179650766887
3746,-283.8900166158723,-21.86694096771916,-290.02151094616215,-28.771856193800005
3747,-290.7768499774099,-19.739673929826488,-289.71296265145014,-28.686888220113627
3748,-275.9972615707785,-19.611855286477134,-289.8220642574182,-28.61869251740366
3749,-314.3190502687265,-44.03613192609394,-289.8305450071544,-28.920771393899802
3750,-436.4625804117715,-18.366874662528623,-290.1345713273849,-28.92480963700899
3751,-319.74740198133975,-18.253524978173534,-290.72735415220586,-28.898995710635674
3752,-274.964957820993,-20.614078395194458,-290.41674107871347,-28.888988544706297
3753,-297.7241255928251,-22.15596810475221,-290.21981560245575,-28.86985232517444
3754,-371.3932316158276,-31.98699361948749,-291.88159160554073,-28.72291113774191
3755,-252.2689273352041,-42.803406136361254,-291.6408030638785,-28.947249149410627
3756,-197.87378954673306,-19.456075118493132,-290.26200501227123,-28.957331292654043
3757,-323.2796262289263,-15.041966773193927,-290.2628376604619,-28.949715409227334
3758,-260.97918426508187,-20.843273659267833,-290.35875120521786,-29.008172987185254
3759,-282.0156235455784,-31.672851496945924,-290.3959142324194,-29.20270025965817
3760,-290.3989698405407,-18.53342883041101,-290.1089378145582,-29.194648885532462
3761,-493.22754019526553,-17.002078595695018,-292.3180144101461,-29.106665325113795
3762,-309.4559759858751,-57.26850260346389,-292.7444317223321,-29.405487534398166
3763,-250.72606084208226,-27.690723570544435,-292.6082589271223,-29.521005700140186
3764,-333.4162063506185,-22.546709566795563,-292.2051966165799,-29.54267309237525
3765,-245.58638644574833,-27.31747623809263,-291.20594422691306,-29.527377148956532
3766,-305.727701034539,-12.418483965577474,-291.2345062481454,-29.504103562052556
3767,-334.30828408505096,-17.018804268918608,-288.9060384103278,-29.52598965666692
3768,-304.3614619118016,-18.149234379604707,-289.4455428349362,-29.48048191587482
3769,-314.91917053723444,-36.86946692861412,-290.39466424830175,-29.612719458331963
3770,-259.08996686254096,-60.639252993339845,-291.0859567879846,-30.050235336133635
3771,-338.01745481188823,-21.567341185845372,-291.05762228486014,-30.028562997219645
3772,-319.7053178484972,-13.749831701305295,-289.94949054749384,-30.01537238038907
3773,-249.27577749336896,-47.68371852289531,-289.9387481233072,-30.25162417175011
3774,-446.3245964828735,-20.20349057881348,-291.30275237079695,-30.175291545011397
3775,-292.4050857122434,-78.43209789143708,-291.31127905753607,-30.72403891235125
3776,-269.45508408798497,-15.740583443242253,-291.45394200271477,-30.666895225031855
3777,-307.38991089549273,-15.278482188372184,-292.24546196677755,-30.64187639952573
3778,-268.53534916586926,-16.55948191151077,-292.41393757449646,-30.546969874513685
3779,-355.95354056404665,-114.24208222612276,-292.6066513870287,-31.456569117184905
3780,-232.97645615905375,-17.12414513462083,-292.28982129083414,-31.424676191549338
3781,-297.70130400860717,-17.50809113332798,-292.3058233471224,-31.38152497116266
3782,-279.58929304267514,-20.31368430172314,-293.2851684462472,-31.41842629989888
3783,-225.60177320727666,-13.426041428319053,-293.0557297538049,-30.91804891414146
3784,-288.6416763746942,-118.66659072665065,-290.97724801000885,-31.9822681504173
3785,-257.4132208636649,-52.97465254976975,-291.59410185584915,-32.34038085964471
3786,-322.6352908273254,-14.406517909053283,-292.0589093752317,-32.26640835082916
3787,-245.64598057619395,-19.33063131445749,-291.71344434675905,-32.24606913694761
3788,-304.29338854593084,-59.15737583999732,-291.5476693058086,-32.65579170885334
3789,-223.01340879187623,-13.413325539880283,-290.2539368401456,-32.60002121510801
3790,-292.8961822464867,-20.520135710251985,-290.38033959747526,-32.25491132221348
3791,-290.41764092152255,-37.07420649869285,-290.3795427128337,-31.997235021706395
3792,-185.72585902790695,-28.966112637256927,-288.7579551096986,-32.07122119269654
3793,-245.10470606162787,-33.03872832036768,-288.51519704092357,-32.186485496065615
3794,-202.06934192092163,-13.36559650808894,-287.371173845911,-32.113747279053115
3795,-283.8518985602471,-16.387355303525865,-288.1042803673084,-32.09155475829329
3796,-210.3122690083447,-20.455321923031512,-285.8104261114673,-32.11560570603036
3797,-283.7849111035478,-22.89956102498205,-286.19419006278065,-32.06351481769445
3798,-286.3714664063781,-26.484959038968448,-286.35995310199337,-32.179553606786264
3799,-371.3059439571749,-27.062871756452164,-286.794460766525,-32.23711406420032
3800,-194.92127291687686,-23.749772619555834,-285.9572398122254,-32.2360650320859
3801,-320.0047271913024,-27.314920445661866,-286.57290771289746,-32.26466919916356
3802,-209.06101595860682,-21.346164209965707,-287.1626407810787,-32.28209959395221
3803,-290.4903170748172,-57.77668967067776,-286.2118659089553,-32.23209178915574
3804,-429.84016276985244,-69.98274610548964,-287.75675952919437,-32.57065192130871
3805,-281.9736556607411,-17.959601282157617,-287.6242499205076,-32.27836243719636
3806,-318.27630963820013,-23.06996621039184,-287.4982443927859,-32.27261991230967
3807,-250.01010588284845,-36.38121416923956,-288.59486304620236,-32.403479607374656
3808,-369.3443684284359,-56.425826812479556,-289.4856191370017,-32.801629909001896
3809,-229.76898860903282,-68.84179722118483,-288.32606637311835,-33.17805769163145
3810,-267.77689465585377,-17.872082352010526,-288.3254707842465,-32.88593331436933
3811,-305.9004200030772,-22.243726847704806,-289.90477470754564,-31.802438305975645
3812,-260.2870654895712,-16.570492043278225,-289.4569388542706,-31.29280268749957
3813,-301.4634302708822,-21.94273633513968,-289.51956226585975,-30.881175406440587
3814,-307.68652571302306,-31.823680065835585,-290.19024521110606,-31.00276460613275
3815,-299.80644103975413,-20.24294606450547,-290.46053808243386,-31.02218505110126
3816,-297.06368947870664,-39.722552349579324,-289.48239959385586,-30.92964907805398
3817,-223.29596896645273,-16.49437285957201,-288.71881488866063,-30.923913634873063
3818,-292.00622010848696,-64.5807385658987,-289.551860891126,-31.340337018975376
3819,-283.17623502524555,-21.504160139492,-287.8465573953965,-31.431183832381162
3820,-318.5695171556028,-16.986039382867286,-288.6170449653578,-31.340954263816595
3821,-346.22782547450896,-15.829901244038552,-288.136683519829,-31.199746478549827
3822,-304.67616378712194,-23.034842214034427,-287.8492021099562,-31.239311141417122
3823,-260.72538453274313,-17.185393830885147,-286.2627064874273,-31.168057610067486
3824,-290.0224050862524,-17.882072359059126,-286.27490506182784,-31.149538752049324
3825,-372.4878478687649,-19.2781794412965,-287.1247033847783,-30.6526828724498
3826,-339.1533555246366,-13.387513713063585,-287.9851369376712,-29.928679266822375
3827,-274.89382600147377,-24.45703784801625,-288.8495335116985,-29.60848150502566
3828,-289.7408392185746,-91.3678751293676,-288.85956939545594,-30.271330621767255
3829,-313.13105320105836,-47.992635900497106,-290.38281870349067,-30.587559769552684
3830,-358.7270843735087,-19.787089980448226,-290.9914125962804,-29.77117396082144
3831,-266.31239508439666,-15.264285377746567,-289.9276800433577,-29.73025040381347
3832,-421.7690455872882,-20.895391207232045,-291.0641131871713,-29.390245934834653
3833,-262.8502249168104,-24.801696781972787,-290.7301800431819,-29.40911180627022
3834,-337.40498118653005,-21.275820002791804,-291.0607898866662,-29.47061863601804
3835,-316.6142610655786,-28.08443756096357,-291.84487041918516,-29.275922997799018
3836,-348.5597193107186,-20.60561102424824,-292.7079264240849,-29.258268575375784
3837,-330.53319011871645,-36.18617034220913,-293.25360476418797,-29.430046905312267
3838,-387.0128152900241,-31.22671910627333,-294.5728655413191,-29.54449885265922
3839,-153.96900457701653,-21.70047897615469,-293.52597514380824,-29.602093402672896
3840,-530.6615493392832,-50.62947750681754,-296.43238047633145,-29.825127768053303
3841,-244.85639124597836,-22.618073636823475,-297.10413070228094,-29.825891968130584
3842,-295.7116635269366,-60.838388391781145,-298.3754920344434,-30.2729590456329
3843,-288.8604412787104,-38.118538137222984,-297.7018682583115,-30.433674331934263
3844,-359.3352997891706,-29.812840643764766,-298.4809705598363,-30.521134757682642
3845,-252.2153543124593,-26.683738208786867,-297.9649993327772,-30.297132255627183
3846,-210.18765548109826,-19.44177085921779,-297.2279757214295,-30.27288055454217
3847,-274.4198982200572,-51.64362504812977,-297.0644062038559,-30.591920065725205
3848,-231.9552768823224,-27.803243922300695,-296.62398635697133,-30.67383395208344
3849,-237.7682952411344,-19.554916151331863,-295.8584788066955,-30.42902179433582
3850,-205.30483441406864,-22.17991832166672,-293.54690134671836,-30.467152230927205
3851,-391.41446251881325,-25.10200764397979,-294.2635719520932,-30.535637057585266
3852,-322.4860038268512,-27.75187903076408,-294.73878241215175,-30.60701506394096
3853,-202.7142017633215,-32.78584835145001,-293.78868317385667,-30.713313866407937
3854,-273.76913689627736,-23.981770789028715,-292.8124422266612,-30.63326163810335
3855,-293.5220797105053,-15.374345904107932,-293.22497375041416,-30.35897103578081
3856,-290.9832207937829,-18.54289464319816,-294.1560680628847,-30.34983923102786
3857,-265.72383137985906,-23.935355007608507,-293.58051011439403,-30.438773113372008
3858,-392.88572122083053,-19.970153650164374,-294.8995754839515,-30.430041913280974
3859,-353.10728509158514,-18.452640897674197,-295.61049209941154,-30.297839807288256
3860,-371.16922387169325,-17.41347093743162,-296.4181946397231,-30.28664022835846
3861,-90.97625050883381,-22.53004017160439,-292.39568174285876,-30.341919844117555
3862,-368.1522446714223,-17.79605032965488,-292.98264442971424,-29.947195321379468
3863,-218.84422935855463,-16.270479187218356,-292.66382611487893,-29.83299287754621
3864,-200.93406239343543,-22.465794444691014,-291.3390046753071,-29.832183726325166
3865,-221.4460995593821,-18.187056150061835,-291.09760180644344,-29.740879525444853
3866,-153.64829546195548,-22.570571115628663,-289.5768077507176,-29.84240039694537
3867,-259.5600579320198,-45.660148595466524,-288.8293254891873,-30.128813840210846
3868,-205.76530688289213,-16.139333368660946,-287.8433639388982,-30.10871483010141
3869,-293.4348538704819,-73.04075944791721,-287.62852077223073,-30.47042775529444
3870,-232.66323972921714,-14.004530224085281,-287.3642535008974,-30.004080527601893
3871,-193.46565100769553,-60.209980328878494,-285.91873546285547,-30.390506919032223
3872,-235.58134010699206,-135.25089039672204,-285.0774956854404,-31.60551750598639
3873,-319.7860653521689,-14.192346599293897,-285.78259856402843,-31.270603786750378
3874,-140.3958910377339,-17.913278551479983,-282.72331150957706,-31.24770166647704
3875,-190.60255294794572,-15.394937040243112,-281.70528618193407,-30.617330057965102
3876,-215.86550773669308,-17.550753468588717,-281.16939041842124,-30.635431758218566
3877,-66.59429559270284,-21.05948473313911,-278.76143426539335,-30.693241783666235
3878,-457.2701977626622,-13.342959615306855,-280.6487827513613,-30.661076560704192
3879,-233.45816324288904,-18.268118888023213,-279.4238289781497,-29.7013369273232
3880,-255.5154240238784,-32.571984137015676,-279.6492186567979,-29.855815317347147
3881,-172.36007499094623,-24.472867042341033,-278.3958063666213,-29.92546307643728
3882,-99.92955522253119,-24.42803779207682,-276.59920898841983,-29.966606611340815
3883,-217.32855848363704,-18.581693513054425,-276.5164768411835,-30.018163132188167
3884,-138.8138217746545,-21.911578765738643,-275.0181982951831,-29.05061301257905
3885,-139.63084153224452,-16.513427695087717,-273.8403745018689,-28.68600076403223
3886,-168.7807523736346,-22.037388360547613,-272.301829117332,-28.762309468547173
3887,-292.04460162144443,-15.71648442018336,-272.7658153277844,-28.726167999604435
3888,383.1541079210635,-17.146261175195804,-265.89134036311447,-28.30605685295642
3889,-178.21127666974363,-18.968384384407695,-265.4433190418932,-28.36160744140169
3890,-212.16912316232222,-19.11165338346262,-264.6360484510515,-28.3475226181338
3891,-199.35886514238877,-17.40371577256187,-263.7254606932602,-28.15081771087249
3892,-205.31024891975406,-72.23876488834468,-263.92130459217867,-28.583544233383368
3893,-384.30716728818027,-14.565891041799569,-265.3133292044442,-28.39881586059769
3894,-204.57403808577362,-48.53565757628515,-265.33837616609276,-28.75051647127965
3895,-201.92194366285764,-42.31427113940647,-264.5190766171189,-29.009785629638454
3896,-242.11369699180335,-15.770730735953048,-264.8370908969535,-28.962939717767668
3897,-202.99919305418783,-18.2503353517748,-264.0292337164599,-28.916447461035595
3898,-217.21917736652497,-15.9891606305408,-263.3377108260613,-28.81148947695132
3899,-242.48596505761697,-14.595579278156332,-262.0495110370657,-28.686816552168363
3900,-232.9699291622129,-56.08965678920619,-262.42999759951914,-29.01021539386487
3901,-267.62311956202694,-27.32127351112151,-261.9061815232264,-29.01027892451946
3902,-151.78509230168632,-23.849951429024912,-261.33342228665714,-29.035316796710056
3903,-113.64842980500012,-18.26135708598055,-259.56500341395895,-28.640163470863083
3904,-199.91572578982445,-18.936741935097256,-257.26575904415864,-28.129703429159157
3905,-218.0108390092419,-16.446895789195715,-256.6261308776437,-28.11457637422954
3906,-305.8535446932683,-17.748557123030853,-256.50190322819435,-28.06136228335593
3907,-246.80485998126792,-17.375967026823073,-256.4698507691786,-27.871309811931766
3908,-3.7624746042396016,-27.219805006658188,-252.81403183093656,-27.579249593873552
3909,-358.5585445446272,-18.786106949205205,-254.1019273902925,-27.078692691153755
3910,-204.05402687081275,-51.80159851272259,-253.46469871244213,-27.417987852760874
3911,-210.42766912706597,-63.328525553428186,-252.509971203682,-27.828835839818105
3912,-221.3508573713175,-23.23565838953373,-252.12060912249947,-27.89548750328066
3913,-221.54737058920458,-16.964809061988227,-251.32144852568268,-27.84570823054915
3914,-281.91301149017335,-92.5288710159313,-251.06371338345417,-28.45276014005011
3915,-236.67436141660923,-36.99646203905483,-250.43239258722275,-28.620295299795604
3916,355.04590999833204,-109.0331779796458,-243.91129659245235,-29.313401556096267
3917,-239.23541413888583,-48.49325006781231,-244.07069104417667,-29.633390328178667
3918,-216.93553194970352,-21.362872268344404,-243.31998416258884,-29.20121166520312
3919,-198.74670360730775,-21.96513237903843,-242.47568884840948,-29.20582138759859
3920,-168.1902666963625,-16.870856015070526,-240.97189634381706,-29.20466955392062
3921,-187.52386633652446,-40.60596685320344,-239.38485675243723,-29.45243021001227
3922,-134.6934375662335,-60.739630414960445,-237.68502949022835,-29.829478092021528
3923,-134.2142827382479,-77.03948263754037,-236.41991847228337,-30.428018980088083
3924,-324.7161330753618,-24.05621769678138,-236.76685575217448,-30.489760433465307
3925,-222.87856608415518,-46.13009043610875,-235.27076293432836,-30.75827954341343
3926,-245.9858412724841,-29.58010075056985,-234.33908779180683,-30.920205413788494
3927,-208.65448306197237,-22.342297597110722,-233.67669436241184,-30.899058011279436
3928,-199.14478705782847,-63.14102551520399,-232.77073384080438,-30.6167895151378
3929,-294.24826404497406,-20.25457301077908,-232.58190594924358,-30.33940888624062
3930,-95.04107580702714,-30.42988996870211,-229.94504586357874,-30.44583688612316
3931,-132.48362584489647,-57.81887397394948,-228.6067581711837,-30.87138277208519
3932,-251.7452771162334,-20.59334796953575,-226.90652048647317,-30.868362339708227
3933,-158.6626321922905,-38.120060569268446,-225.86464455922797,-31.00154597758118
3934,-358.46201496028453,-16.293574841619034,-226.07521489696552,-30.951723525969452
3935,-48.88649596938989,-34.242418573143155,-223.39793724600364,-31.013303336091244
3936,-130.89169360031406,-38.740951593923214,-221.22125698889957,-31.194656741787995
3937,-219.47428517112397,-24.02001376292041,-220.11066793942365,-31.07299517599511
3938,-217.33713520405274,-51.45943392078518,-218.41391113856395,-31.27532232414023
3939,-264.7165336413465,-16.52639117283376,-219.52138642920724,-31.223581446107023
3940,-211.56622368389463,-125.64065748172187,-216.33043317265336,-31.973693245856065
3941,-152.2065032674677,-34.0326744140216,-215.40393429286826,-32.08783925362805
3942,-214.45595238625805,-99.13010570856311,-214.59137718146144,-32.470756426795866
3943,-237.41251672225067,-60.755803010755905,-214.07689793589685,-32.697129075531194
3944,-119.95569614164401,-22.214913198355653,-211.68310189942162,-32.6211498010771
3945,-176.29478511197064,-23.409411136201754,-210.92389620741676,-32.58840653035126
3946,-273.7461142855577,-21.448067652887527,-211.55948079546135,-32.608469498287945
3947,-137.97362278829164,-23.704716230462747,-210.19501804114367,-32.329080410111274
3948,-208.00556355132954,-22.931285842131494,-209.95552090783374,-32.28036082930959
3949,-50.634253167907154,-20.2237804916719,-208.08418048710146,-32.28704947271299
3950,377.16020571506743,-44.091006899017664,-202.2595300858101,-32.5061603584865
3951,-185.7926461151597,-24.625687628649878,-200.20331192177358,-32.5013971583332
3952,-15.235504679439895,-30.7975989947422,-197.13080693029946,-32.53185435797298
3953,-197.93175926714778,-45.832814481869576,-197.0829825053377,-32.66232401927717
3954,-140.29866920202505,-61.980912174736304,-195.74827782839517,-33.042315433134256
3955,-162.10277112823104,-29.207941139101486,-194.43408474257245,-33.18065138548419
3956,-183.73489201312037,-19.878466637098338,-193.3616014547658,-33.19400710542319
3957,-127.67891241879552,-18.778188847682852,-191.9811522651552,-33.142435443823935
3958,-223.94888325986028,-15.98462059352591,-190.2917838855455,-33.102580113257545
3959,-158.23363917548244,-23.76995206466305,-188.3430474263845,-33.15575322492744
3960,-212.06898361138713,-23.59206513203401,-186.75204502378145,-33.21753916687346
3961,-462.69189574094025,-13.256316503161203,-190.46920147610248,-33.12480193018903
3962,-216.96451650893835,-19.319004003244988,-188.95732419447762,-33.14003146692493
3963,-167.3503786645091,-20.459139104952705,-188.44238568753718,-33.18191806610228
3964,-189.46668275522296,-20.556361332165025,-188.32771189115505,-33.16282373497701
3965,-177.81566658955154,-23.13762271114022,-187.89140756145673,-33.2123294005878
3966,-186.86731947123448,-56.13954500698748,-188.22359780154954,-33.548019139501385
3967,-230.920219685827,-23.07349420903823,-187.93719941908765,-33.3221525956371
3968,-268.4832302870664,-68.0207687411792,-188.56437865312938,-33.84096694936228
3969,-116.525129321548,-32.38531950532222,-186.79528140764003,-33.43441254993633
3970,-86.72951232746094,-24.599953763677814,-185.33594413362243,-33.54036678533226
3971,-107.91035825571916,-18.98169811502858,-184.4803912061027,-33.12808396319377
3972,-139.8519913780269,-23.70631441617062,-183.52309771881303,-32.01263820338824
3973,-182.9357967200629,-23.91025043923544,-182.15459503249195,-32.10981724178766
3974,-191.2593719027004,-20.804122329130543,-182.66322984114163,-32.13872567956417
3975,-312.9069339750214,-74.05796205540558,-183.88627365141235,-32.72535592971579
3976,-168.33891590962273,-17.40002820446006,-183.41100773314167,-32.72384867707451
3977,-116.39734299039476,-21.149247403702653,-183.9090382071186,-32.72474630378015
3978,-171.2856881242366,-18.30130943082573,-181.0491931107344,-32.77432980193534
3979,-122.86426254542212,-15.3957352120522,-179.94325410375973,-32.74560596517563
3980,-239.28725556744857,-44.79389440315898,-179.7809724191954,-32.86782506783705
3981,-109.20276119717536,-17.888464298760237,-179.14939928125767,-32.801981040401245
3982,-270.9748082130768,-23.25299367380264,-180.85985181116314,-32.7902305992185
3983,-253.78969959281528,-26.53297277037278,-181.2244632222549,-32.86974339179169
3984,-137.4815473246261,-18.475404215526204,-181.2111404777546,-32.83538164628956
3985,-183.97002133933614,-79.44372629302624,-181.65453227582555,-33.46468463226894
3986,-256.2604715349932,-27.728114456786262,-182.5293294674391,-33.52159189323133
3987,-220.19220100541344,-17.589475124721886,-181.81080546127882,-33.54032180027672
3988,-148.32237785246556,-19.611915513718365,-187.12557031901412,-33.56497834366194
3989,-180.0073364576531,-17.792744720766596,-187.1435309168932,-33.553221947025534
3990,-223.85532410194568,-16.097562641075957,-187.26039292628946,-33.523081039601664
3991,-263.743540756039,-19.18520820866642,-187.90423968242595,-33.540895963962704
3992,-48.0018493759666,-32.6099116939268,-186.33115568698807,-33.14460743201853
3993,-140.81578903212676,-17.893291236309697,-183.8962419044275,-33.177881433963634
3994,-123.67127486297836,-21.597184607513352,-183.08721427219956,-32.90849670427591
3995,-226.70909662948674,-27.714595009907736,-183.33508580186586,-32.762499942980924
3996,-186.750354205503,-15.511700449247488,-182.78145237400284,-32.759909640113875
3997,-187.13350487073217,-19.364326897500522,-182.6227954921683,-32.771049555571125
3998,-96.62589805273228,-18.147642851585328,-181.4168626990304,-32.79263437778157
3999,-140.66728476226018,-23.93153684052624,-180.39867589607687,-32.88599395340527
4000,-285.8764242969828,-17.80014132228607,-180.92774084742456,-32.50309879873607
4001,-177.06544344255403,-21.063970966878802,-180.02216408622982,-32.44052577329364
4002,-206.7396024583415,-16.092920258116134,-180.5717091877964,-32.36295546158456
4003,-34.38298409585455,-21.12203211038807,-179.7790547307049,-32.391562211828635
4004,-155.2378001452704,-23.035767204366525,-179.33227547425935,-32.43255246452133
4005,-161.78298575211747,-63.54404069320588,-178.76999694168808,-32.903523913561436
4006,-154.80357549948755,-23.778616054674412,-177.2594972497503,-32.96382450287787
4007,-150.38547755127047,-23.843507653152635,-176.29530342545033,-33.02849990914116
4008,-141.32752912065502,-33.04223623062259,-177.67095397061448,-33.0867242213808
4009,-217.001982625992,-23.768827480194236,-176.25538835142817,-33.13655142669069
4010,-232.6083131339341,-14.26162498483178,-176.54093121405938,-32.761151691411776
4011,-203.56429720958317,-17.429835460893308,-176.47229749488454,-32.302164790486444
4012,-135.98695846385573,-66.91206617050183,-175.61865850580992,-32.73892886829612
4013,-173.29896572866443,-16.803668457251607,-175.1361744572045,-32.73731746224875
4014,-218.29800720156487,-15.299700267151367,-174.5000244143184,-31.96502575476095
4015,-155.4315353243039,-19.260777585841733,-173.68759615339533,-31.78766891022882
4016,-160.6484818821352,-15.791132276081415,-178.8445400722,-30.855248453193177
4017,-184.43318942410954,-26.001273925406075,-178.29651782505223,-30.630328691769115
4018,-210.17236079514163,-15.508947797014045,-178.2288861135066,-30.571789447055814
4019,-183.4744901155049,-22.421856971276817,-178.0761639785886,-30.576356692978198
4020,-195.91676784641348,-54.296479184241306,-178.35342899008913,-30.9506129246699
4021,-65.92402047206967,-32.59932298331283,-177.13743053144458,-30.870546485970994
4022,-172.73606844915577,-34.21833595939363,-177.51785684027382,-30.605333541415323
4023,27.764101336529073,-19.664943105058104,-175.89807299952605,-30.031588146090503
4024,-226.3927112902644,-106.09471255366257,-174.91483878167506,-30.851973094659318
4025,-183.63584784865185,-87.99346454455976,-174.52241159932,-31.27060683574383
4026,-139.17941481707302,-32.054212433401915,-173.45434733476588,-31.29534795257215
4027,-167.60883708554806,-24.936361556346448,-173.04389087500167,-31.321288592164503
4028,-87.16931905294302,-62.3760018689518,-171.9241361949528,-31.313638355701983
4029,-175.200052070151,-92.05949325947698,-170.73365407520456,-32.03168755818896
4030,-232.28094243300643,-35.213507246374384,-172.1060527414644,-32.07952373096569
4031,-184.66205180783953,-19.31072903119504,-172.6278370010938,-31.69444228153814
4032,-98.15648746714967,-22.001936437613704,-171.09194910460295,-31.708528166218922
4033,-192.21364044899485,-50.94659586885856,-171.42745918717,-31.836793519214826
4034,-50.55945031105046,-79.30359220946606,-168.34843354067766,-32.4668936928933
4035,-281.70452023162596,-45.89387861902999,-170.6766137833,-32.58340829335217
4036,-270.6972970027722,-51.526852691458956,-172.0746698173246,-32.71126730432752
4037,-201.22800458407357,-63.38170381913538,-171.89220701145408,-33.104884204889665
4038,-188.78991529835733,-75.56082298403572,-171.60673481239715,-33.34589809552217
4039,-228.9300368210025,-52.2355587161768,-171.2488698441937,-33.702989770955604
4040,-194.83625949141438,-18.250389915869967,-171.0815702022689,-32.62908709529708
4041,-393.6029156471682,-25.727178241254087,-173.4955343260659,-32.546032133569405
4042,-255.36213844830485,-25.555113511545336,-173.90459618668638,-31.810282211599233
4043,-221.05807401308905,-25.01624301573654,-173.74105175959477,-31.452886611649042
4044,-202.78644958324602,-25.976490573183977,-174.5693592940108,-31.49050238539732
4045,-335.5977827467949,-68.59826240559666,-176.16238927035903,-31.942390898091272
4046,-193.45843700529664,-17.1193557406815,-175.3595124975564,-31.899103778969213
4047,-196.96522462472518,-20.63418023460594,-175.94942851592072,-31.868398419010642
4048,-262.23691912172836,-22.15374619160097,-176.4917420716247,-31.86062302250534
4049,-141.9248609367724,-57.03974105260695,-177.40464814931337,-32.22878262811469
4050,-253.199193131185,-30.45603698579164,-183.7082421377759,-32.092432928982426
4051,-238.99673326657012,-16.315922956371423,-184.24028300928998,-32.00933528225965
4052,-70.86428140855627,-75.12672719627355,-184.79657077658112,-32.45262656427496
4053,-298.7793564094924,-61.53755348767882,-185.80504674800457,-32.609673954333054
4054,-184.39745546236864,-76.76424246920197,-186.24603461060804,-32.7575072572777
4055,-166.43767956237704,-23.06578847838521,-186.28938369494952,-32.696085730670546
4056,-154.46162432416207,-23.421298618801114,-185.99665101805996,-32.73151405048757
4057,-323.07313507300324,-117.04865797491692,-187.95059324460203,-33.714218741759915
4058,-155.21163081830818,-27.044842322034995,-187.2632207201865,-33.824820959045006
4059,-176.4937592361234,-31.526912944542552,-187.44582192079292,-33.902390567843796
4060,-87.52197533308843,-18.786863537372458,-186.20035183800994,-33.854338551897186
4061,-242.56950527789135,-18.898943622046477,-183.99912793337947,-33.91076482308604
4062,-139.12988915669752,-22.297879672194767,-183.22078165985704,-33.94055357977553
4063,-202.37123228094686,-63.80682696218411,-183.5709901960214,-34.37403045834785
4064,-35.153544375821774,-169.32452525323362,-182.02785881222738,-35.86171209755853
4065,-195.73298185585048,-49.646243487731816,-182.20703196489038,-36.12679830532444
4066,-233.09335168968374,-14.731149146435689,-182.66929228707488,-35.712714346718926
4067,-177.04769340094367,-21.139351875346918,-182.13056702422602,-35.693372923382015
4068,-213.1961937835629,-50.38482637828066,-181.57769665919096,-35.517013499753034
4069,-136.7935729156219,-15.826186156871804,-181.7803810951317,-35.35142216626853
4070,-110.61106533887408,-59.778508601959246,-182.01919662524585,-35.70320771465134
4071,-340.19941618624983,-17.619002812638662,-184.34208720455118,-35.68958076162744
4072,-214.86643368074576,-56.66869822366746,-185.09223162757837,-36.01920459970241
4073,-128.9333657644205,-71.06058078969832,-184.55220731802194,-36.49070790320704
4074,-182.20961650284667,-24.93989401862022,-184.4617097640234,-36.53206562010194
4075,-90.01618867347676,-19.020002206312764,-182.23280231100793,-35.98168602161101
4076,-194.370240259133,-18.03980610632394,-182.49311555450305,-35.988083800629646
4077,-337.88118732447435,-22.034538839380716,-184.70795399784387,-35.99693671498643
4078,-77.76803708452935,-46.75636336809086,-183.7727774874468,-36.281487254359085
4079,-280.8706150214171,-16.491101029542296,-185.35284101220677,-36.292440912533976
4080,-382.928272933891,-16.08308398165348,-186.78925118587117,-36.005332808318926
4081,-188.6701036913559,-16.0032270745505,-187.58392461081297,-35.986480436076825
4082,-174.16162884918825,-28.854208521149104,-186.61579281717408,-36.04249258455029
4083,-59.08995106605674,-21.405080583451227,-184.6687953319065,-35.99121366268107
4084,-122.34934491819403,-23.715987895317372,-184.51747330784218,-36.04361949947898
4085,-340.55958281928895,-18.51550394135602,-186.08336892264174,-35.43433727596228
4086,-404.43572736078994,-24.42474465071221,-187.5651214808997,-35.40130357790154
4087,-238.40615690019638,-24.224843460247104,-187.74726103984753,-35.4676572612568
4088,-200.06926486218248,-23.14052041428782,-188.2647299099447,-35.502943310262495
4089,-156.67170650868735,-24.35219320587227,-188.031373610455,-35.56853779511355
4090,-123.59673746520538,-25.77521196619445,-187.02878774408762,-35.66531428836474
4091,-339.5814046134605,-14.593001032398936,-187.7871663826618,-35.61939221660206
4092,-280.8906638844441,-78.63690152132153,-190.11605452774657,-36.07966211487601
4093,-250.90835284585143,-41.09419998398424,-191.21698016588385,-36.31167120235275
4094,-274.12574871238564,-25.23522540386765,-192.7215249043779,-36.3480516103163
4095,-204.18489992147983,-23.451926149375495,-192.49628293729785,-36.30542492171097
4096,-239.9394785477098,-16.88598634605211,-193.02817418071993,-36.31916778067901
4097,-142.22293035129425,-74.05686607014955,-192.57906843552553,-36.866093172405506
4098,-240.9416792870769,-24.599668453387586,-194.02222624786899,-36.93061342842353
4099,-187.55197020097125,-16.40024562640032,-194.49107310225608,-36.85530051628228
4100,-399.87602022823387,-15.546880973199784,-195.6310690615686,-36.83276791279141
4101,-234.19528914682795,-18.0731482772931,-196.20236751861134,-36.80285968589556
4102,-121.37982909723087,-24.185555701013357,-195.34876978500023,-36.88378604032452
4103,-239.32706855291093,-18.025714052908434,-197.3982106295708,-36.852822859749736
4104,-85.32010033893992,-24.812528248154276,-196.69903363150746,-36.870590470187615
4105,-287.59268900627796,-24.695146794937465,-197.95713066404906,-36.482101531204925
4106,-68.0334315366926,-27.931949644879847,-197.0894292244211,-36.523634867106985
4107,-187.6461402471421,-57.06926390875861,-197.46203585137985,-36.85589242966304
4108,-193.53392022792454,-19.440165446028256,-197.98409976245256,-36.7198717218171
4109,-64.4984974093273,-28.101620042019086,-196.45906491028592,-36.76319964743535
4110,-184.47730718475378,-20.784520026716805,-195.9777548507941,-36.8284285978542
4111,-83.9243972883529,-27.767495921616757,-194.7813558515818,-36.931805202461426
4112,-141.73318369657244,-18.981665925367125,-194.83881810390898,-36.45250120001008
4113,-189.84587275809506,-25.86453998293232,-195.00428717420328,-36.54310991526689
4114,-128.667854467327,-23.404950663008574,-194.10798564686093,-36.62416241922547
4115,-120.81199143507281,-21.446644724919313,-193.7617902079686,-36.646021090616244
4116,25.002381874655537,-19.601184788888496,-191.90528157040072,-36.68412161574431
4117,-208.35462202154977,-80.55711887525496,-192.1444958963751,-37.22968006524279
4118,-129.78140717238188,-15.591662039379017,-191.34058636014754,-37.23050720766644
4119,-270.7371254724269,-33.97045991005613,-192.21321271371676,-37.34599323705424
4120,-160.40307041433073,-16.163754837747945,-191.8580757393959,-36.9646659935893
4121,-70.25084014204818,-17.755669019613336,-191.90134393609569,-36.8162294539523
4122,-254.05101957629603,-72.90880319096206,-192.7144934473671,-37.20313412626799
4123,-177.99019114073573,-31.19251081754814,-194.77203637213972,-37.31840980339288
4124,-166.52407645007133,-22.504475434075598,-194.1733500237378,-36.48250743219702
4125,-187.09998908549855,-17.98516455246585,-194.20799143610628,-35.78242443227608
4126,-187.48915422986218,-22.31741502496972,-194.69108883023418,-35.68505645819176
4127,-144.64304526629735,-21.44629522182336,-194.46143091204166,-35.65015579484653
4128,-66.85336919557399,-25.306827857045818,-194.25827141346798,-35.27946405472747
4129,-314.23082836417984,-25.04593134306058,-195.64857917640825,-34.609328435563306
4130,-96.20636651677175,-26.265320976464857,-194.28783341724588,-34.51984657286421
4131,-223.16725182429946,-108.06667339645243,-194.67288541741047,-35.40740601651679
4132,-220.2791201032482,-25.807722353422395,-195.89411174377145,-35.445463875674875
4133,-128.35996135465376,-26.091294143323726,-195.25557495282803,-35.196910858419535
4134,-151.47234159596863,-70.26435543134187,-196.26470386567723,-35.10651849063828
4135,13.773127027485966,-29.235416220243174,-193.30992739308613,-34.93993386665041
4136,-151.12947882668777,-68.02713874764063,-192.11424921132527,-35.104936727212234
4137,-146.06665667150907,-36.26480244506146,-191.56263573219965,-34.83376771347149
4138,-203.19495996790852,-20.897298832210353,-191.70668617889515,-34.287132471953235
4139,-164.00673121545753,-24.13492315982489,-191.0574531228397,-34.006126116389716
4140,-195.58007826311555,-46.89435494245678,-191.0648913105567,-34.292565766655585
4141,-282.6239130013932,-58.94708379895908,-189.95510128409896,-34.62476482223263
4142,-126.3185409565845,-82.17124326864416,-188.66466530918174,-35.19092611980362
4143,-142.57500046914566,-54.23116561894498,-187.8798345737423,-35.4830753458357
4144,-227.50415525116682,-19.23491711974625,-188.12701163042152,-35.41565961130132
4145,-153.07070227108335,-25.418742548339864,-186.3017408256644,-34.983864412728764
4146,-218.85615120370238,-19.880750425926504,-186.55571796764846,-35.01147835958122
4147,-83.65201553800689,-38.378208653787276,-185.42258587678128,-35.18891864377303
4148,-123.15483211258692,-61.561448437857,-184.03176500668985,-35.58299566623558
4149,-198.32470768211746,-24.862032041765357,-184.59576347414335,-35.26121857612716
4150,-223.59372346137246,-76.66066108353608,-184.2997087774452,-35.72326481710461
4151,-94.21853190793628,-32.65299208680474,-182.85192676385887,-35.88663550840894
4152,-168.88155337366786,-29.97021027877135,-183.83209948350998,-35.43507033923392
4153,-225.09958768903024,-15.653334330266238,-183.09530179630534,-34.976228147659796
4154,-161.78385345757584,-17.885180570085932,-182.8691657762574,-34.38743752866864
4155,-246.5401965460129,-63.50249826844864,-183.6701909460938,-34.791804626569274
4156,-43.87676892623598,-21.329772589414542,-182.56434239211453,-34.770889366275405
4157,-165.18146971846232,-108.68636899044694,-180.98542573856912,-34.68726647643071
4158,-216.77186760370927,-24.92690986603921,-181.60102810642312,-34.66608715187075
4159,-42.41293513363533,-20.067396635483117,-180.26021986539823,-34.55149198878016
4160,-199.3701585814403,-81.28122122079117,-181.37870169788172,-35.17643556561435
4161,-124.1558730897757,-66.39905202373248,-180.1945653760006,-35.651436649631215
4162,-210.28656855865174,-16.20511240936197,-180.90613217002013,-35.59050897700289
4163,-173.2709901744766,-19.50772603855761,-180.61512974895544,-35.14751796776662
4164,-173.08730417057703,-34.1328262862071,-181.994467346903,-33.79560097809635
4165,-109.5294751112485,-24.38024922000912,-181.13243227945696,-33.542941035419126
4166,-212.6394359860227,-77.565691660949,-180.92789312242033,-34.171286460564254
4167,-198.70684049038522,-23.07676694183451,-181.1444845933148,-34.190660611229134
4168,-229.6435647979128,-17.42253465703473,-181.3089583034583,-33.86103769401667
4169,-139.50954986024098,-17.634806410159765,-181.3361180729045,-33.87912389654955
4170,-140.3888582947453,-20.333646156449085,-181.6338960024632,-33.48467527209445
4171,-129.63302136859542,-26.33911205144429,-179.52823205428666,-33.5718763644825
4172,-175.53663383132798,-15.386371379192823,-179.13493405579248,-33.15905309603775
4173,-272.4390316841024,-15.636349721095778,-180.5699907149893,-32.60481078535174
4174,-247.15437056902257,-46.50946892727311,-181.21943825565106,-32.820506534438266
4175,-327.76400906958736,-22.295087311671416,-183.5969164596122,-32.85325738549186
4176,-243.6557696735367,-65.71597077243504,-184.08977175375625,-33.33001903215296
4177,-239.2837478976368,-23.61944642783038,-183.10379735948786,-33.345868108037465
4178,-365.85714827608666,-19.355986245789445,-185.98468847140342,-33.07186433681445
4179,-52.56055699777302,-20.207732313725653,-183.70158789116695,-33.109030649656276
4180,-172.52365733267936,-38.73305376810012,-181.5975417351548,-33.335530347520745
4181,-92.72350984921422,-23.510965284037624,-180.6380757967334,-33.41060772961561
4182,-264.89414945790224,-26.580073035665382,-181.5454010028205,-33.38786637476077
4183,-184.19492260258505,-23.243511292793166,-182.79645071818584,-33.40625068185419
4184,-140.82170498927564,-23.91200767317224,-182.98117431889665,-33.40821087963274
4185,-99.82750005991964,-27.654962796278205,-180.57385349130297,-33.49960546818196
4186,-192.19702572013256,-99.15395728810527,-178.45146647489642,-34.24689759455589
4187,-411.3441514710663,-23.987362970371926,-180.18084642060512,-34.24452278965713
4188,-119.61800495124544,-23.856262528754147,-179.37633382149573,-34.2516802108018
4189,-203.05810231629428,-13.655427152936635,-179.8401977795718,-34.14471255027245
4190,-196.05190773085192,-22.53057919205861,-180.56474948222828,-34.11226622253109
4191,-165.57885499609478,-44.15459588083855,-178.82472398605464,-34.40788217101549
4192,-122.47764820684544,-24.675589457731704,-177.24059382927862,-33.86826905037958
4193,-131.53537458928884,-17.99513295655193,-176.04686404671298,-33.637278380105265
4194,-337.93068546757723,-90.80397957579345,-176.6849134142649,-34.292965921824525
4195,-204.001110043878,-19.045464400495984,-176.6830755154889,-34.24890130433573
4196,-378.68914152649967,-18.93863651198417,-178.07057214527677,-34.26942780599506
4197,-190.4223887209257,-19.530597779106643,-178.55256672897312,-33.724165123084624
4198,-229.73852023173583,-21.3143237048047,-178.44053513841973,-33.6913116755988
4199,-234.69033370058906,-19.708997597462748,-178.9119187734159,-33.72439919530942
4200,-97.3376533426407,-29.615306051324712,-175.88653510455995,-33.86508344609066
4201,-144.16738660669947,-24.9275643979516,-174.98625607915864,-33.93362760729725
4202,-179.45498298527755,-24.58646976777034,-175.5670076180391,-33.937636747964824
4203,-48.18483753204359,-77.26527808508757,-173.65558530783042,-34.530032388286614
4204,-213.5115825614653,-27.47474765144447,-174.93750013005567,-34.55665458231951
4205,-139.5835017701035,-36.921667138316224,-173.45740825769394,-34.6789197857533
4206,-233.70572866474046,-15.290668094054693,-175.11413122897443,-34.55250697024505
4207,-61.66375409440144,-19.715517132406127,-173.85430736744706,-34.17896950248153
4208,-81.7711707495134,-49.23203967876894,-172.73667987266293,-34.47688824480893
4209,-288.210077052266,-16.710927045728965,-174.9737956690923,-34.36298131484603
4210,-255.15408030845785,-58.319420854325,-175.68056340032936,-34.73833032312211
4211,-151.71500065188033,-21.22701018018985,-176.35846943396461,-34.67292546570784
4212,-157.066210830335,-20.310331831656363,-176.51179970530222,-34.686212124770734
4213,-171.8329751755382,-18.144107442489943,-176.33167072947666,-34.6090077993663
4214,-91.95889751141056,-27.03892583985099,-175.9645811599175,-34.64534755113473
4215,-181.1002136054169,-21.75806087019517,-176.5674633816209,-34.64846171258749
4216,-179.00650468616078,-66.11833507901117,-178.60755224722908,-35.11363321548872
4217,-347.086186394049,-19.691290638489544,-179.99486789095405,-34.50497493312106
4218,-77.81365548709655,-29.258779365366177,-179.47519037410123,-34.64164610638094
4219,-185.45897618128484,-17.019105991215678,-178.62240888118984,-34.47213256719253
4220,-147.6438977264309,-16.99094316084903,-178.49481715431082,-34.48040445042354
4221,-114.66393607075365,-22.763683907262717,-178.9389481135979,-34.53048459930004
4222,-108.87600768698442,-21.37081466677862,-177.4871979947048,-34.015104714058204
4223,-51.34369904197799,-27.68402572392653,-176.2207330737172,-33.98001986312199
4224,-172.11878741062833,-21.83585866241031,-176.27668018332278,-33.97333369540534
4225,-169.46747935865397,-18.83814089642093,-176.10035508605432,-33.98186345884489
4226,-202.3906585038951,-93.08294020299064,-176.24937012879465,-34.6895187106251
4227,-138.53622648116362,-23.649568258860647,-176.1883019409433,-34.71155144099547
4228,-211.5041213563011,-21.16140155407716,-177.63480946255058,-34.670097177965786
4229,-232.98843377760468,-116.53053398592051,-176.82238551668485,-35.58494320439438
4230,302.24515134718524,-33.84570191638968,-172.83787033804526,-35.66074701379363
4231,-214.16047214607383,-20.456636357861267,-172.74780254126298,-34.78464664340772
4232,-300.81536823967986,-23.50568559680174,-173.5531650226273,-34.76162627584151
4233,-248.27038250043773,-21.105385801932787,-174.75226923408513,-34.7117671924276
4234,-168.8693154485178,-76.15200004916663,-174.92623897261066,-34.770643638605854
4235,-221.66683840416096,-66.63022396095806,-177.28063862692713,-35.144591716013
4236,-49.48050474994298,-23.723289667050746,-176.26414888615966,-34.7015532252071
4237,-169.6338291746533,-26.509512798944087,-176.49982061119113,-34.60400032874592
4238,-219.84373786856054,-45.62125300383139,-176.66630839019766,-34.85123987046214
4239,-218.9154007706064,-52.73498714870187,-177.21539508574912,-35.13724051035091
4240,-73.9290325529812,-28.18616201062625,-175.9988846286478,-34.9501585810326
4241,-218.71595557317661,-24.309260643987574,-175.35980505436564,-34.60378034948288
4242,-269.5246589398173,-68.88685728402356,-176.79186623419795,-34.47093648963668
4243,-286.9195886114092,-63.18067660287212,-178.2353121156206,-34.560431599475955
4244,-167.88390151022043,-15.328648237645087,-177.6391095782111,-34.52136891065494
4245,-294.00607505816055,-21.658275418422264,-179.04846330608189,-34.48376423935577
4246,-21.79041885304311,-28.89196779865011,-177.07780598257528,-34.573876413083006
4247,-182.01950473762372,-20.171103408664298,-178.0614808745715,-34.391805360631764
4248,-81.1877384547282,-64.54182413036291,-177.6418099379929,-34.421609117556834
4249,-213.12440504398853,-28.90225159996861,-177.78980691161158,-34.46201131313886
4250,-256.59911384500646,-14.492916983513615,-178.1198608154479,-33.840333872138636
4251,-184.42101444983714,-63.455261429177895,-179.0218856408669,-34.148356565562366
4252,-375.0309873185598,-55.986598059080585,-181.08337998031584,-34.40852044336546
4253,-208.82514938419098,-14.449193463333172,-180.92063559726745,-34.396479034696135
4254,-217.7014261632079,-31.90429264948268,-181.47981132432375,-34.53667015549009
4255,-41.406150963405395,-56.60918582690484,-179.42847086849767,-34.467737031074655
4256,-209.037777393232,-26.331295489779837,-181.08008095316765,-34.51775226007831
4257,-267.6772522334887,-29.472300718642924,-182.10503877831792,-33.72561157736027
4258,-302.9746697676417,-9.734983133771145,-182.96706679995725,-33.573692310037586
4259,-256.4089939511704,-80.24718137435873,-185.1070273881326,-34.175490157426346
4260,-201.12451764293715,-20.474880791400377,-185.12457097874758,-33.56742675313244
4261,-223.7020794417812,-29.35236346619649,-186.12003304226766,-33.196959867557084
4262,-193.0056917243463,-17.420598825246497,-185.94722427392463,-33.20911473171593
4263,-161.0518164294257,-20.61919013723982,-185.82503253647408,-33.22022937270275
4264,-99.55701956686966,-24.025126421658896,-185.08972969043703,-33.11915237405727
4265,-289.7672112112247,-13.93318974398584,-186.89210705143677,-33.014681779297035
4266,-198.31867121851323,-51.12437550132454,-186.74889940376167,-32.75026861770079
4267,-104.57394580005244,-58.852375798505975,-185.80757045685834,-33.10802470626751
4268,-163.12235361675607,-20.342405274817313,-185.14235834504677,-33.13722341244533
4269,-152.55140375853475,-16.898413975150827,-185.2727768840297,-33.12985948809524
4270,-141.5527894974591,-59.17250434530146,-185.28441619605684,-33.51824806998377
4271,-164.2896965644728,-72.16690226456005,-185.6309829480156,-33.97652597211493
4272,-52.62279902087405,-27.58250871314914,-184.40184459991104,-34.09848734545449
4273,-177.9378688374865,-28.529908408621438,-183.4568329714449,-34.227422932329745
4274,-127.73461694290337,-18.70706488383301,-182.2626354351837,-33.94939889189534
4275,-61.708060116801974,-23.71623037902735,-179.60207594565588,-33.9636103225689
4276,-164.53228683959617,-48.03356176791688,-178.81084111731647,-33.78678623252371
4277,-180.86300126375315,-17.076560732182934,-178.22663365097765,-33.72135737556724
4278,-81.75173543240231,-24.861194586480547,-175.3855795225408,-33.77640945897414
4279,-124.55758966032522,-24.12335890791806,-176.1055498491663,-33.81556572491607
4280,-385.9357060702483,-16.504452271788477,-178.239670336542,-33.59327970995296
4281,-215.10752553912988,-24.35129697005533,-179.46351049344113,-33.601683026813134
4282,-145.54387612505923,-16.63011481269036,-178.27000776011275,-33.50218344458339
4283,-104.77032697737695,-19.28452981650625,-177.47576180386065,-33.462593629820525
4284,-81.96617972638933,-24.558758770015206,-176.8872065512318,-33.469061140788945
4285,-131.8787912420136,-50.40745299878093,-177.20771946305274,-33.696586042813976
4286,-253.62690695736492,-18.976314916201318,-177.82201827542505,-32.894809619094936
4287,-2.490094214695498,-22.688065734445296,-173.73347770286134,-32.881816646735665
4288,-175.59002299381012,-13.344009480029719,-174.29319788328698,-32.77669411624843
4289,-84.64263354427058,-19.592477619500485,-173.10904319556678,-32.836064620914065
4290,9.767298223715759,-44.15327710612123,-171.0508511360211,-33.052291600054694
4291,-211.35318258757536,-18.394917617843742,-171.5085944119359,-32.79469481742474
4292,-327.45543435829546,-20.895921516591095,-173.5583722734504,-32.75689813801334
4293,-185.30387308749837,-13.961203354593001,-174.09605725843247,-32.71655884199375
4294,-174.44947464509852,-22.19064763203835,-172.46124515020767,-32.0304255225562
4295,-137.7732326515212,-19.362395992487727,-171.79896637628408,-32.03359483847612
4296,-152.6388277927056,-21.76541786493536,-169.53846323894612,-32.06186265200563
4297,-204.64906199365194,-16.73531133400777,-169.6807299716734,-32.03390978755464
4298,-400.2231640285873,-20.24011419988984,-171.38557640964194,-32.023167692505496
4299,-192.00909863322462,-20.78138791051312,-170.95876405896828,-32.03389159563599
4300,-168.92610899735746,-20.06197987690842,-171.67464861551548,-31.938358333891827
4301,-337.222282663487,-29.884266678197037,-173.60519757608333,-31.98792535669428
4302,-206.23198868545023,-15.028610457078074,-173.87296763308504,-31.89234676358736
4303,-144.11056935313712,-23.044925502911962,-174.832224951296,-31.3501432377656
4304,-118.78852539020778,-26.64318530804133,-173.88499437958342,-31.34182761433157
4305,-460.89958490809954,-13.581362583796098,-177.09815521096337,-31.108424568786372
4306,-211.25927258366224,-18.407349391345285,-176.8736906501526,-31.139591381759274
4307,-108.98981095152816,-20.16061307622466,-177.3469512187239,-31.144042341197462
4308,-118.0785683947332,-18.942327440885975,-177.7100251951761,-30.841145218818635
4309,-111.23112185662143,-16.06385895165206,-175.94023564321964,-30.834674537877863
4310,-416.5057763261549,-21.694256344927396,-177.55375260339662,-30.468422892783888
4311,-194.14230912551164,-26.418910763289084,-177.97802568813293,-30.52034189861488
4312,-193.96892628620967,-23.707310024827837,-178.34705284269165,-30.554311680546594
4313,-78.94962509724658,-29.17357292563329,-177.41821934190872,-30.664606335378032
4314,-203.55583345135818,-20.908075407263492,-178.5341887013082,-30.603297831052156
4315,-80.42041091781316,-23.118197880549967,-177.52739067443216,-30.616899201155704
4316,-166.01704867271584,-17.166991729776655,-177.39749611429772,-30.127385767663355
4317,-304.52434001704574,-28.439435719571563,-176.9718776505277,-30.214867218474172
4318,-76.17108515396292,-20.46190189109515,-176.95545194719634,-30.126898443731466
4319,-186.78924808523317,-17.935169712963205,-176.96875466623584,-30.13605908094894
4320,-281.9875627487748,-21.24890614997935,-178.31219131645926,-30.178638710840247
4321,-132.82899367835282,-21.552808861007296,-178.49384189253527,-30.16652996037769
4322,-57.20654560486148,-34.997439358371636,-177.97714727171407,-30.30279620729362
4323,-126.74445074190552,-23.564732464108882,-178.73115478871333,-30.261603274695446
4324,-157.58312330281305,-51.07173588737003,-178.58579814763516,-30.553962046945042
4325,-106.38705004196673,-35.410679931241475,-177.95499385446828,-30.719687437293253
4326,-188.36039553298613,-39.743013581075715,-177.8146912247592,-30.1862881710741
4327,-114.54535287267063,-21.29429111387217,-177.5747824886743,-30.162735399624214
4328,-152.83331815013804,-18.10107885222102,-176.98807445661265,-30.132132172605655
4329,-108.12687376556943,-20.70172475082328,-175.7394588564923,-29.173844080254682
4330,-32.12717773370753,-23.726312020576902,-179.08318214730124,-29.072650181296552
4331,-95.0905417090919,-27.792721424133703,-177.89248284293143,-29.14601103195928
4332,-115.58938566231858,-24.333190645468456,-176.04022301715779,-29.154286082445942
4333,-182.33047823757428,-31.274652362588228,-175.38082397452914,-29.2559787480525
4334,-182.09123620719475,-28.730707936907233,-175.5130431821159,-28.781765826929906
4335,-290.4443566385197,-28.09762193322858,-176.2008183644595,-28.396439806652605
4336,-182.11617098622932,-21.544167349352705,-177.52717502682236,-28.374648583475626
4337,-178.13588519691635,-22.99435105072818,-177.612195587045,-28.33949696599347
4338,-166.67948627421032,-27.457958603213367,-177.0805530711015,-28.157864021987287
4339,-218.4448654815296,-21.818837095812682,-177.07584771821075,-27.8487025214584
4340,-179.36485992124133,-106.59455201167343,-178.13020599189335,-28.632786421468868
4341,-299.26780888403795,-24.431124330533375,-178.93572452500197,-28.634005058334328
4342,-179.51745043404128,-22.58052384547647,-178.03565243994422,-28.170941723948857
4343,-157.29360614987647,-45.829837965329155,-176.73939261532885,-27.99743333757343
4344,-134.13132454261083,-26.174777745947626,-176.40186684565276,-28.105894632656454
4345,-172.77551174216896,-23.326523081129306,-175.18956121249283,-28.122577109283526
4346,-211.22860992743594,-22.9591252682007,-177.08394312323676,-28.06324868397903
4347,-129.13700478546238,-31.3474835904267,-176.55511812371515,-28.175012485796653
4348,-132.73440641295525,-26.6418436623017,-177.07058480329744,-27.79601268111604
4349,-156.9274348900048,-66.34114910479192,-176.5086151017576,-28.170401656164273
4350,-379.2044168648347,-48.51642850558404,-177.73466813195589,-28.51063677138498
4351,-170.63690059304324,-22.653570677048233,-177.596826993388,-28.102619863863683
4352,-204.50437006789596,-49.01957404225434,-175.89156082088132,-28.032949623695423
4353,-140.0624560406563,-27.88516206702395,-175.20393388744594,-28.167309309732328
4354,-216.89993166793886,-24.747212454538655,-175.19591894249325,-28.095738507782887
4355,-164.67196396499565,-26.767722567843204,-176.42857707250914,-27.797323875192273
4356,-190.77757120880793,-42.46071894291867,-176.2459750106649,-27.95861810972366
4357,-64.39019389911024,-69.48092357357183,-174.2131044273211,-28.358704338272947
4358,-182.80146559263548,-17.15899836967743,-173.01137238557106,-28.432944490632007
4359,-184.4629924028182,-36.959779098859336,-172.29191237008752,-28.00007046787701
4360,-78.26129928339434,-63.16656500722968,-171.0632801864921,-28.426987310035308
4361,-197.1944565064483,-38.51798026256249,-170.7982039571388,-28.518643477998967
4362,-197.6187833561038,-23.759387694312245,-170.84433487345638,-28.582031366689627
4363,-185.3062895090945,-62.74786340251868,-171.08687960425308,-29.00331809934242
4364,-187.0567065520336,-21.269423407786803,-171.96187647410468,-28.9757610692037
4365,-184.4440103768313,-17.041835190616386,-170.90864446576074,-29.006847523670004
4366,-133.76133797920855,-51.0291203337334,-170.26307113336773,-29.005894971994092
4367,-137.00755605310854,-20.876797995853252,-170.5874072358983,-28.626139193967564
4368,-203.62972858538222,-62.45789336065465,-170.99248098558456,-29.04729407482594
4369,-123.82337783725983,-61.830888206399536,-170.70520072637183,-29.496618817138426
4370,-234.80329896771912,-20.962508709172088,-171.6377058210744,-29.114518860777128
4371,-221.6218211087697,-25.212582967561143,-172.21102706651737,-28.64497566780714
4372,-184.75858291593292,-43.71973355021118,-173.53238490546798,-28.806347916177764
4373,-227.246070077331,-19.763166207499097,-174.0254669178664,-28.718680494166538
4374,-79.65452603375532,-26.45197540108883,-173.54466600877493,-28.796129599339093
4375,-198.35240137557193,-14.857679640701503,-174.91110942136262,-28.70754409195583
4376,-250.61578140545075,-19.904442263819416,-175.77194436702118,-28.426252896914857
4377,-206.59246070190483,-74.61795547263449,-176.02923896140268,-29.001666844319377
4378,-215.07462013888988,-22.24222962974348,-177.36246780846756,-28.975477194752006
4379,-176.57943619135568,-22.483914976988316,-177.88268627377786,-28.95908275544271
4380,-83.528280018822,-27.51045425437445,-174.85861201326358,-29.06914277526857
4381,-239.20446860230155,-16.60429075343656,-175.09958144389532,-28.99167271310238
4382,-162.36040725637244,-22.19101985373106,-175.26774675520844,-29.047281763512785
4383,-217.86618569492208,-19.986539829153717,-176.3987053423839,-29.054301863639257
4384,-132.87681884226214,-22.58275852088327,-176.90781173354264,-29.03454186114794
4385,-26.34562539147854,-30.553874266093615,-175.8524800750373,-28.836006073821068
4386,-193.4934923007897,-37.90066066576562,-175.25114592847154,-29.025249531316714
4387,-36.524080781109596,-19.212308745868484,-175.59148579413568,-28.990491961430948
4388,-218.05629852534426,-21.852919729928345,-176.016148549451,-29.07558106392993
4389,-156.94235159282616,-26.523931545643105,-176.73914572993655,-29.144895603191358
4390,-135.83698111003818,-17.84992689041346,-178.19518852327408,-28.881862101034276
4391,-179.6510764132027,-30.750633255768808,-177.87816746153035,-29.005419257413525
4392,-153.8888624942345,-19.1828741541664,-176.14250174288978,-28.988288783789276
4393,-121.16209867144555,-21.730395179196083,-175.50108399872923,-29.06598070203531
4394,-84.67163557344576,-17.74062192581083,-174.60330560801273,-29.021480444973037
4395,-163.13145846041334,-31.344367607269465,-174.85688786610163,-29.141300161120856
4396,-288.71445737414155,-24.079518368649886,-176.21764416191598,-29.164441166158003
4397,-84.81975760899181,-25.20048775090559,-175.01935111806938,-29.24909293032698
4398,-245.51587090645634,-24.277144734389516,-173.47227818684806,-29.289463235671978
4399,-122.28345462810202,-24.412985576779956,-172.77502174679682,-29.325779212334645
4400,-207.3793107383687,-17.397670164810123,-173.15955376420695,-29.29913611521366
4401,-127.14833762061531,-35.479925231686764,-171.05881431377827,-29.355092700748557
4402,-155.69356978976137,-27.06521038689541,-170.55343012482135,-29.47545870004673
4403,-379.57825200327915,-21.922215640037425,-172.9081069513228,-29.464231601417985
4404,-81.86811227698216,-23.20456695287653,-172.53890282019054,-29.42984541786634
4405,-200.15225918528444,-38.70917676184527,-169.93142956296236,-29.681123559646835
4406,-236.66625049731036,-27.67676883585628,-170.18549934209884,-29.773817754091944
4407,-126.03771342319789,-27.957301026532114,-170.35597836681555,-29.851784633595017
4408,-313.7307975499441,-64.84343705949128,-172.3125006583677,-30.31079572978107
4409,-72.38387291347587,-21.42754963367603,-171.92402816893625,-30.364432636601308
4410,-165.47631963120705,-30.807432114669624,-169.41373360198676,-30.455564394298726
4411,-213.20597297777198,-16.627458130005248,-169.60437024050935,-30.35764986796589
4412,-314.61306709870644,-19.78767320661526,-170.8108116486343,-30.318453499783764
4413,-170.23726086691553,-24.448088249667922,-171.72368800633097,-30.27119865302411
4414,-87.3096928960881,-25.770727822854102,-170.56122660077827,-30.319825177180018
4415,-89.74369644054211,-32.23106342192966,-170.65445945600558,-30.410953832593812
4416,-214.39477142778412,-20.89306602870216,-171.13823668355624,-30.448214575583066
4417,-118.55530810329607,-17.35644347859667,-169.27854636441873,-30.337384653173316
4418,-281.07815247100757,-14.272679892450752,-171.3276170375892,-30.275492433186873
4419,-154.94459116467166,-21.756711851597874,-171.0091704683836,-30.313707854573224
4420,-207.51715634495366,-24.243289324239345,-170.26446640434543,-30.34365168631583
4421,-90.35554247199214,-21.710060890464934,-169.8397318922818,-30.345224206610403
4422,-197.63090210482883,-25.217106218746643,-171.24397545728146,-30.247420875214154
4423,-368.01360999964606,-107.72533997501785,-173.65666704985887,-31.08902695032324
4424,-159.83765527959167,-20.55516285649333,-173.67921236962664,-30.783861220014472
4425,-162.74611369943042,-25.697195441356115,-174.24280300620126,-30.686726375115622
4426,-165.45469472171237,-19.463964705366724,-174.01374599808855,-30.48393588635853
4427,-340.69553075316367,-13.26931850520635,-176.27524777689345,-30.40368616027187
4428,-93.03472511208838,-24.486168208043278,-175.67726184651295,-30.467537053830092
4429,-284.81896666313463,-53.33036331050189,-177.4441827754886,-30.793823439426877
4430,-154.56508488649285,-29.682066254378572,-178.6685618470165,-30.853380981764897
4431,-137.29803640114488,-22.658346926723336,-179.09063679393702,-30.80203723679079
4432,-154.6030868732775,-19.337959167058756,-179.4807738060466,-30.752084922006695
4433,-69.83245755828001,-25.34169732156504,-178.35579359925367,-30.692755371596466
4434,-213.63952035752754,-21.544737997378125,-178.67127644075697,-30.620895672201172
4435,-199.46057167966762,-120.59329659202521,-177.76143859116846,-31.54585241878914
4436,-235.7148733312985,-20.91254939693109,-178.29742561461916,-31.539536239264923
4437,-209.7218207175828,-39.57951791388873,-178.6132849698258,-31.705387907896526
4438,-175.08303102324751,-42.79775481871143,-178.6973204173162,-31.85878587005151
4439,-176.97583102329918,-19.234900424226648,-178.28263007273387,-31.83294650333565
4440,-185.09486318928006,-52.93156107381085,-178.33993010541425,-31.296316593957023
4441,-217.48898382881438,-14.648278357271955,-177.52214185486204,-31.19848813422441
4442,-93.15766863818727,-30.481291455208485,-176.6585440369035,-31.27749581032173
4443,-79.77216986617323,-23.13127203622298,-175.8833296740665,-31.050510151030668
4444,-169.59141191738553,-52.92923782290831,-176.23793054781424,-31.318054751800272
4445,-224.38131230083576,-73.8468891438377,-176.75398855340092,-31.823258412427357
4446,-158.58342508878425,-17.143880114660522,-176.2275367050144,-31.765105960891955
4447,-231.97327368716532,-27.7752183576386,-177.2558993940314,-31.729383308564074
4448,-178.33021525834553,-90.07104217178359,-177.71185748248527,-32.36367529365889
4449,-132.2607648113112,-31.675300187143733,-177.46519078169837,-32.01701680448242
4450,-137.0799312763288,-99.545732407814,-175.04394592581332,-32.52730984350472
4451,-119.171128998958,-27.629262288042902,-174.52928820987245,-32.57706675961465
4452,-67.59318484842507,-32.47479485500268,-173.16017635767776,-32.411618967742136
4453,-116.30784700903831,-57.70305151010867,-172.92263026736157,-32.70979786217299
4454,-214.31919077102512,-84.20209953845875,-172.89682285839243,-33.304346733012196
4455,-122.40610497048505,-16.451700715102525,-172.47416426844734,-33.20118651448478
4456,-78.99025907857816,-17.92916196063577,-171.35629114714504,-32.95587094466195
4457,-348.67879841579236,-18.951948475708882,-174.19917719231185,-32.45058119368333
4458,-54.52892904941664,-24.901769757225964,-172.91645182687967,-32.528008907558814
4459,-371.0882673305905,-74.27874089963072,-174.78270457615739,-32.90119852556652
4460,-164.00459624279858,-17.08034236337797,-175.64013754575146,-32.440336299128006
4461,-209.1710353933045,-20.749360916193638,-175.75990333462002,-32.26265010566432
4462,-202.75807609146338,-21.77303609055384,-175.8112962619736,-32.24278658962673
4463,-216.36371699012284,-19.11894566181066,-176.1218705367839,-31.806497412219652
4464,-90.4383870674079,-80.41884345469242,-175.1556873419376,-32.397991612688706
4465,-142.3727342670117,-21.461253840824895,-174.73497458083938,-32.442185799190796
4466,-249.3229101278644,-40.75827877601477,-175.89059030232596,-32.33947738361361
4467,-128.58341972748727,-34.8785006182245,-175.80634893906975,-32.47949440983732
4468,-110.78527948970012,-21.310379763251422,-174.87790444811293,-32.06801927386329
4469,-40.73224213581375,-62.33180457999936,-174.0469930910985,-32.073028437599284
4470,-167.38141059700172,-18.426946046109286,-173.37277420739133,-32.047672810968656
4471,-243.12381858504943,-89.97616747194468,-173.5877941821541,-32.69530865601249
4472,-130.8411560941018,-19.99160805726572,-173.0486199139358,-32.458027401083044
4473,-383.29258916432303,-22.990548784234885,-174.60908510480573,-32.4903012268504
4474,-102.50894455664272,-19.06195630867412,-174.83762929003458,-32.41640103592625
4475,-269.9192277605123,-17.254410968855453,-175.553297553884,-32.44036834920779
4476,-267.965600992836,-18.921768793023336,-175.72679574975785,-32.43054161449982
4477,-133.21577354464753,-90.29842559483981,-174.99302887818527,-32.58734631572189
4478,-123.44845804346565,-21.64746370721845,-174.07676725723104,-32.58139865649663
4479,-227.47053190956106,-51.51640068225014,-174.5856782144131,-32.87172351354925
4480,-128.3503337523942,-29.473935715359772,-175.0338987517488,-32.89135832815909
4481,-210.73389675567353,-22.850340133715466,-174.7491930332825,-32.95381882196189
4482,-108.48572691346584,-18.20539344976385,-174.21044622985343,-32.91396255792222
4483,-214.0096082091387,-14.895199078519193,-174.1718804549956,-32.863049150415875
4484,-193.07976305719623,-92.92878238771155,-174.77390989714493,-33.56650938908416
4485,281.55608372019356,-18.61036829066636,-171.69489280602824,-33.44707432932989
4486,-392.45622381806083,-15.784681470668584,-173.68452012120096,-33.22591453737892
4487,-216.6161681512616,-63.75117471866715,-175.4854409949025,-33.6713031971069
4488,-251.81228516462429,-39.73752559062402,-175.82300086129527,-33.85014925571386
4489,-324.81609667561213,-15.645165319459782,-177.5017383121231,-33.74136159345203
4490,-239.72491787092204,-58.0134707757748,-178.54061767973195,-34.142997032305644
4491,-316.87819893248627,-15.917393124144633,-179.91288890492478,-33.994664630989405
4492,279.842357174319,-19.95063280956237,-175.57557670823925,-34.00234221754336
4493,-271.6445786614126,-18.896598937907463,-177.08040150813892,-33.97400425513048
4494,-189.20575393858178,-54.75140864932892,-178.1257426917903,-34.34411212236565
4495,-145.47083741716128,-22.168788207914297,-177.94913648135778,-34.2523563283721
4496,-67.79065538992526,-23.00745670376555,-175.73989846151562,-34.24163571172326
4497,5.898971035727268,-20.23508628166439,-174.83271117506843,-34.19198169703085
4498,-180.00126315390258,-17.07220938961715,-174.1775650975429,-34.11993234358313
4499,-208.3945699267955,-15.528152072737115,-175.03867625052982,-34.0310840085427
4500,-204.20845107564452,-13.886183215977217,-175.00696765390256,-33.99596913905436
4501,-89.64086047909377,-19.082334277804247,-174.63189288248736,-33.83199322951554
4502,-52.23294364100289,-34.5818490305569,-173.59728662099977,-33.90715961595215
4503,-116.78233945451719,-20.900178582058366,-170.96932749551212,-33.89693924537236
4504,-176.3265947817579,-102.25021918010354,-171.91391232055992,-34.68739576764464
4505,-127.87800306002626,-65.81504030096521,-171.19116975930734,-34.95845440303583
4506,-130.0624176974012,-19.061336247782005,-170.12513143130826,-34.87230007715509
4507,-264.5623773262923,-13.40168987811053,-171.5103780703392,-34.72674396567087
4508,-178.95548440360992,-50.07746918166574,-170.16262493887584,-34.579084286892616
4509,-261.37409642114216,-25.93435227189487,-172.05252717395248,-34.62415231327481
4510,-203.09881112340958,-19.946748383129066,-172.42875208887452,-34.51554547595941
4511,-263.0389067054084,-14.062574891046937,-172.92708142615092,-34.48989664356982
4512,-131.45201430242864,-20.490054421455223,-171.09547089818813,-34.49692045571822
4513,-390.2351799593905,-16.561940969064185,-173.29545008911288,-34.41805898291218
4514,-178.36552497864437,-24.581871607063203,-174.20600840993845,-34.40617042075427
4515,-228.7782749398438,-16.02531772803115,-175.59635419493145,-34.24411296381528
4516,-250.6262810024951,-17.104183059843546,-175.95866929067859,-34.20622413412669
4517,-128.18084394761357,-33.67824593983807,-176.05492464912174,-34.369442158739105
4518,-212.8049302864323,-23.894006908493445,-175.372192427276,-34.46565542889953
4519,-229.86018855704637,-18.33081947725592,-176.12134840119973,-34.431396505156115
4520,-108.4804621138336,-26.16071520628945,-175.1309814588885,-34.450570763976614
4521,-193.4910804189922,-13.09417863763544,-176.16233683835853,-34.364411941448324
4522,-221.6357738698972,-62.184335514188106,-176.40238555600922,-34.734084234402744
4523,-267.9267828515746,-17.95334548067281,-175.4015172845285,-33.8363642894593
4524,-271.5500603763389,-13.365616102120901,-176.51864133549594,-33.76446882191557
4525,-355.79765630387124,-12.772538690436118,-178.44915676154037,-33.63522225440637
4526,-309.62543208791897,-16.17476905153025,-179.89086413520243,-33.60233029786801
4527,-344.58347447045264,-14.54856222806433,-179.92974357237532,-33.615122735096584
4528,-325.73847410772794,-13.896036652839076,-182.25678106233173,-33.50922141954455
4529,-327.00291300064504,-14.621309162964016,-182.67862052570683,-33.12213087806917
4530,-386.8142015664376,-16.342054287170626,-185.00111169250627,-32.98873075839709
4531,-245.3819550217011,-22.33766728649264,-186.08195087871187,-32.98552396199477
4532,-314.17547914656393,-60.56258460761233,-187.67767480144474,-33.3977702164003
4533,-299.3220738185934,-20.634909437224884,-189.97257096404783,-33.3507023375569
4534,-354.16369274520093,-18.73428870801188,-191.37781268792455,-33.32259784466324
4535,-315.2600572671691,-12.529415606012646,-192.53580754379956,-32.24195903480312
4536,-291.2199292033334,-16.814615350552103,-193.09085810251992,-32.20097969433933
4537,-202.97586964366118,-21.38173805241782,-193.0233985917807,-32.01900189572462
4538,-311.759397568382,-71.74850012691152,-194.39016225723208,-32.30850934880662
4539,-354.5515793041675,-15.452134987627204,-196.16591974004075,-32.27068169444063
4540,-243.9868044625989,-24.70871402216647,-196.75483915277397,-31.988453223924193
4541,-117.41824263122463,-77.60428678714136,-195.75413174079807,-32.618013308222885
4542,-207.26261001981862,-16.21132764054897,-196.89518115461436,-32.47531367007629
4543,-280.27464978202653,-16.15913334824495,-198.90020595377288,-32.405592283196505
4544,-316.6903584800751,-16.87881284864851,-200.37119541939978,-32.0450880334539
4545,-292.16698675131187,-60.902419504883085,-201.04905216390455,-31.915643337064356
4546,-281.5508759988701,-15.723483349448585,-202.2787266730054,-31.901439369412238
4547,-407.422939623098,-68.97771943836304,-204.0332233323647,-32.313464380219486
4548,-287.234678139103,-30.51232425494244,-205.1222679611723,-31.71787720105107
4549,-345.0409086123129,-15.042883659070219,-207.25006939918228,-31.551553035770336
4550,-279.43310464137505,-18.224414461865074,-208.67360113283277,-30.738339856310848
4551,-249.7882022570012,-16.402510998866127,-209.97977186541323,-30.62607234341908
4552,-209.99562261230815,-58.56262298707358,-211.40379624305206,-30.88695062473979
4553,-307.386253532925,-15.314742065157786,-213.31458030829094,-30.46306753029028
4554,-288.03081585242256,-23.58211355115667,-214.05169655910493,-29.856867670417262
4555,-284.26233034327845,-70.3480392898183,-215.67025881283283,-30.395831056164422
4556,-304.15542977781473,-32.3866494034116,-217.9219105198252,-30.54040593059218
4557,-259.95612453475,-60.29470185491339,-217.03468378101476,-30.953833464384225
4558,-270.69110405450454,-16.811498167251283,-219.1963055310656,-30.872930748484475
4559,-298.4199057527762,-15.160210490690464,-218.4696219152875,-30.28174544439507
4560,-384.63350062639523,-16.63128322569078,-220.67591095912348,-30.277254853018196
4561,-312.9190682874872,-24.42303226227204,-221.7133912880653,-30.313991566478983
4562,-329.9894985917752,-16.151209621810306,-222.98570551306844,-30.257773301791545
4563,-313.46087876299873,-16.49911790570858,-223.95667713079717,-30.231575024230526
4564,-289.6923169114799,-21.15182116662923,-225.94921642923788,-29.638904801349895
4565,-388.44970395764915,-10.790009865956502,-228.40998612614425,-29.532192361601215
4566,-243.25186582604215,-63.351167361814774,-228.34927568312602,-29.758121247459215
4567,-356.91231033150507,-15.357075658164243,-230.6325645891662,-29.56290699785861
4568,-192.11820693903266,-15.999021497623493,-231.44589386365956,-29.509793415202335
4569,-312.1350963916266,-12.249623218984617,-234.15992240621767,-29.008971601592187
4570,-265.25561031805654,-22.76129663090511,-235.13866440342824,-29.052315107440144
4571,-311.41059831193564,-25.27988910491025,-235.82153220069705,-28.405352323769797
4572,-297.1956473988001,-18.240491468526592,-237.48507711374404,-28.387841157882402
4573,-310.68319661751815,-18.5781613111944,-236.75898318827598,-28.343717283152
4574,-293.00672270505896,-18.79121692145703,-238.66396096976015,-28.34100988927983
4575,-293.99874102860934,-22.766780575577602,-238.90475610244116,-28.39613358534705
4576,-320.4495653979065,-60.13982291546657,-239.42959574649183,-28.808314126571485
4577,-265.5669577320715,-21.554288907426965,-240.75310758836605,-28.120872759697356
4578,-311.8365485543715,-27.062116967078097,-242.63698849347512,-28.175019292295953
4579,-302.0519969272092,-20.21552649210074,-243.3828031436516,-27.86201055039446
4580,-286.93428413615607,-71.41468459880095,-244.96864264748925,-28.28141803922887
4581,-329.092580557752,-18.284152791613067,-246.15222948551005,-28.235756165807846
4582,-337.7949727082721,-15.648210983845088,-248.44532194345814,-28.210184341148654
4583,-306.5966861601712,-54.07267588799777,-249.37119272296846,-28.60195910924344
4584,-370.63954865552313,-17.150339154120463,-251.1467905789517,-27.844174676907535
4585,-180.732440853018,-23.111627300167655,-255.76967582468382,-27.889187267002548
4586,-320.8551939100586,-33.32114146050138,-255.05366552560378,-28.064551866900874
4587,-285.89973187086326,-50.16568155414844,-255.7465011627998,-27.928696935255687
4588,-293.18964512876306,-16.883036237035615,-256.1602747624412,-27.700152041719807
4589,-332.6515746161628,-17.307526617995425,-256.2386295418467,-27.71677565470516
4590,-347.84088861994877,-52.75288065954339,-257.31978924933696,-27.664169753542843
4591,-280.30555084256457,-15.325629874794492,-256.9540627684377,-27.658252121049344
4592,-278.83910479416414,-21.58826908689264,-262.54087738812257,-27.674628483822648
4593,-256.6290373945099,-16.468644249912163,-262.3907219754535,-27.650348936942695
4594,-178.39607673185796,-15.806134194586935,-262.2826252033863,-27.260896192395276
4595,-229.5414341017293,-17.10562957251815,-263.123331170232,-27.210264606041317
4596,-158.65523329705775,-18.580279524011114,-264.0319769493034,-27.165992834243774
4597,-323.3651942602825,-15.934474047342889,-267.3246186022635,-27.122986711900555
4598,-143.2242484519005,-18.79941909136325,-266.95684845524346,-27.140258808918016
4599,-179.9654028352887,-15.406213700067598,-266.6725567843284,-27.139039425191317
4600,-264.45139411546177,-14.674151512727471,-267.2749862147265,-27.14691910815882
4601,-167.98792986306327,-42.784315995495184,-268.05845690856626,-27.383938925335734
4602,-221.18126301938332,-112.66825431573436,-269.74794010235,-28.164802978187506
4603,-205.07423707834974,-16.30512658621592,-270.63085907858834,-28.11885245822908
4604,-319.42912904682885,-15.052212255634924,-272.06188442123903,-27.246872388984396
4605,-201.33860139612807,-22.325403494062108,-272.7964904046001,-26.811976020915363
4606,-259.1097929207528,-21.641015681255748,-274.0869641568336,-26.837772815250098
4607,-206.99560739920102,-19.073424257826535,-273.51129645756265,-26.89449015904726
4608,-222.69236725794696,-15.95516282056646,-273.948665286106,-26.55326709543627
4609,-205.912310200113,-26.781498040907547,-273.39404742389576,-26.561738553126396
4610,-238.20585585107005,-27.74324618392367,-273.74511787117234,-26.63970353113434
4611,-545.4533816765785,-12.6788078322962,-276.56926262088405,-26.625865860546835
4612,-142.286384762825,-22.64062660673808,-276.67760632548806,-26.647371582399664
4613,-284.2621493294216,-12.19762805054531,-275.6178760191884,-26.603728453214476
4614,-248.60476156524592,-18.506937090704827,-276.3202683850543,-26.542979108050893
4615,-163.02198610255945,-25.557029193095122,-275.6627054966815,-26.63829622270153
4616,-224.1781184442783,-18.81553893907115,-275.39822387109933,-26.655409781493805
4617,-266.10499914309713,-12.25296344554043,-276.77746542305414,-26.44115695655083
4618,-408.76993468662624,-13.873405659421357,-278.73711546705607,-26.34095094406011
4619,-229.97333671353078,-15.377852930787158,-278.738246948621,-26.311421278595418
4620,-201.14025344951276,-54.97861466981198,-279.66484486197777,-26.599600273230646
4621,-134.31663557657387,-23.912374475058986,-279.07310041355356,-26.70778223160488
4622,-201.45239095766146,-57.98252240032146,-278.8712665844312,-26.665764100466216
4623,-232.80106763981652,-16.81825663186665,-278.5200094323136,-26.654413211978156
4624,-51.69556373756646,-21.2743321343196,-276.3214644659258,-26.733500372300142
4625,-226.38559002393598,-22.883974422632374,-275.0273438031265,-26.834614729622107
4626,-252.07463772483584,-17.009501521321965,-274.4518358594957,-26.842962054320026
4627,-131.93930316463272,-27.355742427358674,-272.32539414643753,-26.971033856312967
4628,-295.97968645587633,-14.308229474481253,-272.027806269919,-26.975155784529388
4629,-243.58123912678192,-21.51177132010465,-271.19358953118035,-27.044060406100794
4630,-211.5719501044082,-45.19577420613818,-269.44116701656003,-27.332597605290466
4631,-248.1460149588504,-18.553135803925315,-269.4688076159315,-27.294752290464793
4632,-243.0687724099399,-43.539607973488884,-268.75774054856527,-27.12452252412356
4633,-216.6566314301912,-24.658659083605755,-267.93108612468126,-27.16476002058737
4634,-239.21858696801283,-16.056319333025623,-266.7816350669094,-27.137980326837503
4635,-144.75731510005016,-26.81850069155767,-265.0766076452382,-27.280871177692955
4636,-251.39295736896074,-17.088001407678885,-264.67833792689447,-27.283605038264223
4637,-167.41539548666415,-15.565452764242702,-264.3227331853245,-27.22544218538247
4638,-216.7228466586757,-18.235995346853944,-263.3723676762275,-26.690317137581896
4639,-221.73817923088885,-17.168351924147633,-262.04423367549475,-26.7074793069471
4640,-178.29866275087306,-29.079714194624888,-261.38735225837746,-26.751189308671684
4641,-258.92197341244463,-20.98221951813461,-262.8023895661896,-26.18496863598162
4642,-244.7219250393029,-51.540242124257965,-263.17698271638443,-26.53825778081871
4643,-214.07682481417086,-14.821041448724344,-262.5150044667059,-26.524876861823504
4644,-188.6708334500003,-23.58964712129822,-261.2348092164051,-26.591985204550003
4645,-226.4706819066605,-63.89388640749798,-260.5778461679586,-26.62189987357615
4646,-216.07566310476344,-17.801586587935546,-259.9230940390176,-26.64268090596102
4647,-200.53714051280326,-78.36985196457721,-257.85423604791464,-26.73660223122316
4648,-211.77567489099243,-19.258319561590802,-257.09964601543356,-26.624062184289638
4649,-224.06100826506105,-26.027529521228733,-255.88984701196102,-26.733908642911228
4650,-246.92870779347982,-29.755929219715956,-255.5648030434821,-26.849223790489738
4651,-373.89005303341804,-17.173098728306012,-256.80582155124625,-26.856929667784136
4652,-188.59949679415132,-20.156522565173745,-256.59186029306466,-26.47286866356514
4653,-224.98184691327592,-16.468142770516184,-255.76781622686815,-26.48440267061872
4654,-255.40364858768672,-21.545549121539686,-255.4415445542208,-26.46403702632255
4655,-295.11755700669863,-69.07722190326183,-255.550096820855,-26.451328852456985
4656,-179.37576650851437,-24.12378776281226,-254.302300188162,-26.36870023605099
4657,-288.4781483551664,-48.207139239539075,-254.5875204263662,-26.24782460989725
4658,-223.67217009627728,-15.213566155051998,-254.1173310867839,-26.231845289775258
4659,-96.97270056110085,-117.6777933095695,-252.10285903486715,-27.257021117964047
4660,-268.53452424501285,-104.75814198629607,-250.94186927105332,-28.138289705570102
4661,-156.87971212373887,-21.59679885596321,-249.38147570941584,-28.110027371507016
4662,-191.00782072029182,-50.77875473321957,-247.99165893070102,-28.456302822621108
4663,-241.54550685455092,-16.723297758533715,-247.27250521161653,-28.458544621149358
4664,-257.9166543858781,-66.28656123053638,-246.9547485863605,-28.909892021788426
4665,-225.3234209903995,-20.09209116780707,-245.32348575668803,-29.00291283480693
4666,-271.5998406441029,-32.35526188262612,-245.6069655048686,-28.692953780015046
4667,-148.05519658539328,-17.070270307239397,-243.5183943674075,-28.7100857265058
4668,-235.7015329492107,-21.422253042753294,-243.95422762750925,-28.7643180419571
4669,-230.39286891119286,-78.74850076935161,-243.13680535270493,-29.42930681746077
4670,-72.74339705033636,-32.56744039959661,-241.21168322002774,-29.52736825514768
4671,-250.20753563029797,-32.30034167176346,-240.59965259321137,-29.597572780816215
4672,-443.1476154758751,-13.243345675615965,-242.0591722739821,-29.547601322887108
4673,-141.2083612932266,-22.759035530128596,-240.3644239207392,-29.58941006507645
4674,-363.9154624507238,-42.176221346336405,-241.0735113181958,-29.823260109325243
4675,-246.81606786040956,-14.201595439155152,-240.60168458651384,-29.737608257961018
4676,-265.9144303431128,-63.6989468026926,-240.05633323596592,-29.77319949683328
4677,-193.56471183907504,-15.679109720575331,-239.33631077703598,-29.714447704964762
4678,-295.1463331432914,-14.58122222428231,-239.16940862292518,-29.589638757536804
4679,-276.748352245938,-63.18391667560039,-238.91637217611245,-30.019322659371806
4680,-130.87166405381785,-28.69078365929321,-237.35574597528904,-29.592083649976725
4681,-163.0882963642591,-21.57605361072855,-235.6957031333541,-29.62500265816788
4682,-157.94767441715467,-17.33748622729989,-233.89723015044294,-29.64189541060243
4683,-168.11179713872187,-18.860480000905913,-232.51238126022844,-29.28977345173151
4684,-230.78448600904406,-36.36984092905461,-231.11383063376365,-29.481968469480854
4685,-237.77732825859886,-44.41557164382144,-231.68427950781947,-29.69500791291739
4686,-176.66008745888072,-27.12996528669806,-230.24232844330768,-29.633096151179352
4687,-266.77380149328894,-25.568775697924597,-230.05106913953196,-29.38712709261711
4688,-290.89628782238674,-22.2103642974168,-230.0281355664682,-29.440400373220925
4689,-172.78619061017852,-16.40581210484871,-228.42948172640834,-29.43138322808946
4690,-195.6407162095588,-21.29203327408006,-226.90748000230442,-29.116774754234825
4691,-235.2080861043651,-45.92656909548933,-226.45650535492243,-29.422784146441774
4692,-318.5679637210104,-21.02403046099767,-226.85379394419093,-29.417141760182826
4693,-254.11993107878843,-19.171831556024923,-226.8287028810337,-29.444173633243953
4694,-266.0262767603866,-24.676969562677108,-227.70500488131898,-29.532881986924853
4695,-247.86294561583225,-61.707133745059465,-227.88821999646,-29.978897028650263
4696,-283.39177828462766,-15.171472753647294,-229.13558544633568,-29.944808960946627
4697,-259.1851837491776,-16.923016558948852,-228.49378534122465,-29.954694386062688
4698,-226.8364171593968,-21.85667715344546,-229.32990702829963,-29.98526696668351
4699,-229.03892343452128,-76.0942317771283,-229.82064223429197,-30.592147147454117
4700,-278.42058275832153,-69.57284487978683,-229.96033412072055,-31.14113408112471
4701,-320.56343731094233,-20.864437924624045,-231.48608919519933,-30.921935300416003
4702,-322.072711279552,-20.535566428356375,-232.49500367780104,-30.00060842154222
4703,-323.5252689489914,-10.654197107454687,-233.67951399650744,-29.944099126754608
4704,-226.44277819615058,-68.54704091512981,-232.74965048800067,-30.479047413349555
4705,-99.51017887765809,-25.465004694038434,-231.73136626281595,-30.51044342534932
4706,-323.21949062135326,-37.47577549335602,-232.37246323982197,-30.668791023470323
4707,-119.11667665508902,-14.298016297561007,-231.49367393238083,-30.62103694386767
4708,-175.17558136460025,-25.556836245239133,-231.01850607344738,-30.717053678114397
4709,-242.36323123172312,-46.921988786825075,-231.38301528376348,-30.918458585573575
4710,-256.9761691092681,-16.490902673154096,-231.57071841634547,-30.805935150465874
4711,-172.34092964961323,-26.659863998870254,-227.83959389607583,-30.945745712131615
4712,-247.08825340632157,-19.68725328527881,-228.88761258251077,-30.916211978917023
4713,-424.46661038528913,-14.281121765958718,-230.28965719306944,-30.937046916071154
4714,-171.84636353048126,-42.66061081953756,-229.52207321272178,-31.178583653359485
4715,-265.08277796425074,-28.74690175421134,-230.5426811313387,-31.210482378970646
4716,-205.93115258628168,-17.95007133975888,-230.36021147275875,-31.201827702977525
4717,-91.30517585429111,-16.99285252495449,-228.61221323987067,-31.249226593771663
4718,-312.81202162465297,-27.955988364776644,-227.65263410925098,-31.390052420825217
4719,-243.34795081391476,-16.910526334654794,-227.7863802502548,-31.405379154863894
4720,-237.6510460919043,-28.546431781553093,-228.15148817667873,-31.141057325981308
4721,-204.8008868347378,-26.51658739921734,-228.85633068926037,-31.16709945522289
4722,-250.06888373039507,-23.228788682063932,-229.3424956169877,-30.81956211804031
4723,-272.0049689718457,-20.946384062228823,-229.73453463030796,-30.86084339234393
4724,-289.5352331652747,-13.792193008208779,-232.11293132458508,-30.78602200108282
4725,-519.8074292467352,-17.58448927336006,-235.04714971681307,-30.7330271495901
4726,-282.32077992752045,-17.095597761278178,-235.34961113883986,-30.733888111989664
4727,-153.8559294966339,-56.89804615036899,-235.5687774021599,-31.029311149219765
4728,-265.48992738237166,-21.404566479344698,-235.26387981142486,-31.100274519268396
4729,-268.2873176892674,-80.5949107558649,-235.5109405970497,-31.691105913626
4730,-280.54028526686824,-24.242573107837433,-236.20062394867435,-31.481573902642992
4731,-198.78881400411677,-22.01971446936328,-235.707051939127,-31.516239689297375
4732,-214.08432363980188,-18.907135151567065,-235.4172074514256,-31.26991496107816
4733,-247.2420240520631,-22.895459940897332,-235.7230613776443,-31.25228296965107
4734,-265.93095226200353,-17.18252482782373,-235.99018503058423,-31.263545024599054
4735,-501.33724459560545,-19.429852005195436,-239.55598432553978,-31.189658537735433
4736,-140.43963220046513,-18.15984941258764,-238.44645107385483,-31.20037701778452
4737,-207.59707787613442,-23.405758022638874,-238.84826789774954,-31.27878007036848
4738,-257.4820097551249,-61.491756618284946,-239.25585952871404,-31.71133768308279
4739,-150.03395042766283,-21.47167788661626,-238.53881724068177,-31.754370942707478
4740,-225.53473272883843,-17.900658420329176,-239.0111779404614,-31.64258038496452
4741,-127.43869892741054,-23.734995171266885,-237.69634519561106,-31.670108141495845
4742,-199.57704762928486,-22.829275017896247,-237.24489642151087,-31.382998470432227
4743,-214.33820901419926,-27.850262263459946,-237.24751026351112,-31.51329067857959
4744,-298.4148304801061,-25.754492437751935,-238.34495023381223,-31.534939131744125
4745,-236.01473065234646,-20.98149321274899,-238.44039072126907,-31.105815199796634
4746,-272.56454172425344,-13.269369818224947,-239.00527950746397,-31.060493032099526
4747,-280.6060189244318,-84.64715349779473,-239.80596829158026,-31.1232660474317
4748,-366.0413878072352,-60.57787406314533,-241.34862542074268,-31.536461592447246
4749,-267.34667049218024,-21.29513002948887,-241.78148204301388,-31.489137597529844
4750,-274.724529039386,-21.46041292147211,-242.05944025547294,-31.406182434547407
4751,-353.79379377554466,-22.0527217215957,-241.85847766289424,-31.454978664480304
4752,-210.9148580974487,-21.78559807269995,-242.08163127592718,-31.471269419555565
4753,-266.3067393104773,-48.18474694503435,-242.4948801998992,-31.788435461300747
4754,-220.9801665045761,-27.501092220328065,-242.15064537906812,-31.847990892288628
4755,-259.98518201204917,-18.216589166732973,-241.7993216291216,-31.33938456492334
4756,-306.95254730560777,-22.798821805206792,-243.07508943709254,-31.32613490534729
4757,-380.050118774004,-105.59403903721886,-243.99080914128095,-31.900003903324087
4758,-268.32961677426204,-25.977829164749476,-244.43738360806077,-32.00764653342107
4759,-244.56929754078442,-23.665987576975322,-245.9133495778576,-31.067528476095127
4760,-372.49412354162433,-18.424883866753195,-246.95294557082372,-30.204195894899694
4761,-284.18534512031084,-22.6656611940379,-248.22600190078944,-30.21488451828044
4762,-288.0800120541835,-52.134840896434184,-249.19672381412838,-30.228445379912582
4763,-232.57815609031775,-17.581065635492376,-249.10705030648606,-30.23702305868217
4764,-217.95573044551563,-22.198590673256383,-248.7074410670824,-29.79614335310937
4765,-296.3221900495286,-18.46340612478195,-249.4174287576737,-29.77985650267912
4766,-294.05949381947204,-23.367022540550273,-249.64202528942738,-29.689974109258362
4767,-282.3988036094749,-88.66819957320114,-250.98546135966822,-30.40595340191798
4768,-285.3621982002949,-26.8074252157368,-251.48206801217904,-30.45980512364782
4769,-352.62855450833257,-73.62822356370826,-252.70442486815045,-30.408602351591384
4770,-229.53379012552165,-22.998935795828974,-254.27232879890232,-30.312917305553704
4771,-330.857328091112,-24.391463477798272,-255.07882672351045,-30.233828523614054
4772,-411.16990803163446,-64.55374851845941,-254.75904964906806,-30.746932552042487
4773,-157.34634488051117,-68.2597259182692,-254.92042948494088,-31.201939455923892
4774,-171.17394063157326,-69.9089043686072,-252.99301426674938,-31.4792662861466
4775,-227.72495790611774,-20.921107491384113,-252.80210316720647,-31.546461406668893
4776,-242.77060580759172,-21.57863714821939,-252.57066492185126,-31.12525831012416
4777,-320.5424858762844,-21.454577104560123,-253.84044266222335,-31.183012983964005
4778,-227.72539037547014,-19.42351365911908,-253.16623323454516,-31.231435898312373
4779,-223.1559337620154,-43.07177212657494,-252.63030904970591,-31.030314452822118
4780,-285.6775120061313,-19.555594977593504,-254.17836752922906,-30.938962566005127
4781,-308.2691607706975,-23.759454968854293,-255.63017617329345,-30.96079657958638
4782,-175.1745920593049,-22.339836329886612,-255.80244534971493,-31.01082008061225
4783,-320.0566377498168,-28.393654023136058,-257.32189375582584,-31.106151820834548
4784,-289.1742164300873,-58.870150384076915,-257.9057910600363,-31.33115491538477
4785,-294.86104213189884,-23.816306913911227,-258.4766281987693,-31.125162268085667
4786,-329.1632509013957,-109.82601884393068,-260.0016598331944,-31.952122803657993
4787,-208.9349088889338,-27.143204223417577,-259.4232709071509,-31.967867088912925
4788,-230.62532475417152,-51.18021888822643,-258.8205612764687,-32.25756563482102
4789,-233.65240141990733,-23.857532133309437,-259.42922338456606,-32.33208283510563
4790,-304.10521503631975,-71.6987649309826,-260.51386837283366,-32.83615015167466
4791,-269.95916096424736,-28.23132725735901,-260.8613791214325,-32.659197733293354
4792,-219.15438923374444,-23.60836000131838,-259.86724337655977,-32.68504102869656
4793,-296.9630457568329,-19.6937004867592,-260.2956745233402,-32.6902597180039
4794,-159.55492588715663,-18.20239551411183,-259.23096101460794,-32.625513977518246
4795,-187.41324299382111,-25.22327250154124,-258.6264639883878,-32.26067536508307
4796,-221.50958751688637,-40.24773337452211,-258.00764208071047,-32.51143797129182
4797,-368.1700353987144,-73.94236438569688,-259.09749059720576,-33.081631449559296
4798,-26.86109829997169,-22.72486352685554,-257.0977374086115,-33.09031331329339
4799,-249.95861452980557,-20.875111253970633,-257.3069343195644,-32.53812210806182
4800,-314.9441992857295,-17.335570837304438,-257.67217048483843,-32.01574936763699
4801,-281.44583509831574,-12.867891202489668,-257.28099446271216,-31.935783900415647
4802,-219.71899952299387,-57.37582533726549,-256.25745734514663,-32.30418648950474
4803,-301.39870849092387,-11.995437521141078,-256.036191740566,-32.3175988936416
4804,-285.05747186142906,-16.228066198831687,-256.62233867721875,-31.794409146478625
4805,-251.130342473799,-31.557417985078494,-258.13854031318016,-31.855333279389026
4806,-181.3367821372158,-19.075578444148743,-256.7197132283388,-31.67133130889695
4807,-126.07536711964791,-15.703372446684144,-256.78930013298435,-31.685384870388184
4808,-190.78444531288963,-17.76842154815146,-256.94538877246725,-31.60750072341731
4809,-245.57843858797239,-64.65359060688805,-256.97754084602974,-31.78481674161794
4810,-232.07065408586203,-84.09059829823397,-256.72848569579565,-32.46081369786874
4811,-232.4565439304123,-55.603871271505575,-257.32964183860366,-32.750253770595094
4812,-239.45660279446489,-15.272051876790094,-257.2533253324851,-32.7061017565102
4813,-212.19377703551496,-17.500849838363308,-255.13059699898736,-32.73829903723425
4814,-228.890359649489,-11.65066438829266,-255.70103696017742,-32.428199572921805
4815,-148.6675004952211,-19.46953309818866,-254.53688418548714,-32.33542588636158
4816,-183.23792997858294,-125.6435369417995,-254.30995195941014,-33.412360542381975
4817,-154.98971092666127,-14.326463294148498,-254.94679731013386,-33.385696650073925
4818,-207.59180376619693,-21.502314696448675,-253.89459513154932,-33.32115991339064
4819,-192.0328830344354,-19.701088338539808,-253.3814444537545,-33.34906553342948
4820,-350.3488212190543,-15.090848056124168,-254.50842220502602,-33.2145096961752
4821,-242.04233340416565,-77.2614418741684,-254.88083667072027,-33.7219582409247
4822,-281.91274721636563,-15.508228268128308,-255.19927530557996,-33.644752636785356
4823,-299.9751931554448,-17.749963912638428,-255.47897754741595,-33.61278843528945
4824,-227.68850542913555,-57.838315032967635,-254.86051027005456,-34.05324965553704
4825,-458.1978967639867,-20.721816710386555,-254.24441494522708,-34.084622929907304
4826,-105.98378498145564,-41.34255330149266,-252.48104499576647,-34.32709248530945
4827,-275.5745835003027,-13.460485740387153,-253.69823153580313,-33.89271688120964
4828,36.90765486254917,-18.181385187751538,-250.67425571335392,-33.860485068293706
4829,-223.20932172939754,-19.625769497805692,-250.22347575375525,-33.25079365571311
4830,-319.6430756778059,-69.01484738671041,-250.61450365786462,-33.69851639850184
4831,-234.90957114380168,-16.368387417366364,-250.97571122926146,-33.642003127981866
4832,-200.7488377988899,-15.361166835798514,-250.84235637085234,-33.606543444824176
4833,-220.63261579188537,-15.29195806869535,-250.57626228825058,-33.53050842610216
4834,-228.6450469168373,-17.63836982572738,-250.2034032347989,-33.5350668760812
4835,-215.50883476044447,-28.575274553687876,-247.3451191364473,-33.62652110156612
4836,-178.09859128468923,-26.548129579055157,-247.72170872728955,-33.7104039032308
4837,-208.61964443021557,-15.86006324079805,-247.73193439283034,-33.63494695541239
4838,-264.49163592168236,-15.945642381218088,-247.8020306544959,-33.17948581304172
4839,-227.13926558046663,-74.38888725476464,-248.57308380602393,-33.708657906723204
4840,-334.56262204100835,-22.856129541907876,-249.66336269914564,-33.75821261793899
4841,-134.82412569802645,-19.176490715272088,-249.73721696685183,-33.712627573379045
4842,-158.23736066864035,-13.440869207474655,-249.32382009724537,-33.61874351527483
4843,-210.41005916580374,-16.15411656610662,-249.28453859876143,-33.501782058301295
4844,-202.9801448539754,-17.111877005294264,-248.33019174250012,-33.415355903976725
4845,-194.49283377960757,-28.39040149499305,-247.91497277377275,-33.489444986799164
4846,-226.10756979465373,-65.17661327752214,-247.4504030544767,-34.008517421392135
4847,-126.76589319710659,-17.036999703259813,-245.91200179720343,-33.332415883446785
4848,-371.55303856811474,-16.95208888151318,-245.96711830481223,-32.896158031630456
4849,-242.71923928055762,-17.371615260937705,-245.72084399269602,-32.856922883944954
4850,-377.21659852899836,-19.936732629568365,-246.7457646875921,-32.84168608102592
4851,-213.24471896843835,-27.27566147670318,-245.34027393952104,-32.89391547857699
4852,-299.74418408064076,-19.401930285380548,-246.22856719935297,-32.870078800703794
4853,-144.91374358269468,-21.85308112833698,-245.01463724207514,-32.606762142536816
4854,-395.81362404497406,-60.76285858409311,-246.76297181747913,-32.939379806174465
4855,-251.3053962404536,-17.06547312434943,-246.6761739597632,-32.92786864575063
4856,-228.3131564461313,-13.104455415849227,-245.88978005116843,-32.83092498185705
4857,-121.10606891569707,-17.46606359065305,-243.30033955258537,-31.9496452273914
4858,-166.95835357267163,-13.660336141350657,-242.28662692056946,-31.82647029715741
4859,-243.5246949855203,-20.263302906719503,-242.27618089501684,-31.79244345045485
4860,-277.95353997084226,-18.873030147801344,-241.33077505930902,-31.796924913265332
4861,-200.9773251888329,-24.262901085357058,-240.49869485999423,-31.81289731217852
4862,-155.38074120540801,-21.182369104651915,-239.1717021515065,-31.503372594260696
4863,-254.59856971403863,-24.10171069088874,-239.3919062877437,-31.568579044814662
4864,-302.9097240198802,-19.749127644995674,-240.24144622348734,-31.544084414532055
4865,-241.22539967699817,-63.65838053142333,-239.69047831976204,-31.996034158598473
4866,-279.59133893794194,-23.01847183182515,-239.54579677094674,-31.992548651511225
4867,-240.5949440955989,-17.747631232492452,-239.12775817580797,-31.283342968104137
4868,-224.1578510068607,-115.74931576017083,-238.5157147038736,-32.172761873548474
4869,-314.5803427040555,-23.055860212174952,-238.13523258583086,-31.667038240033143
4870,-229.35459651645778,-21.300789224606934,-238.1334406497402,-31.650056774320923
4871,-201.70303040438802,-112.87176285486967,-236.841897672873,-32.53485976809164
4872,-277.4252427916502,-21.322745789822697,-235.50445102047314,-32.102549740805266
4873,-221.59685451525039,-20.99560620320129,-236.14695611682052,-31.629908543654587
4874,-244.31776157442658,-28.82585373580106,-236.87839432624904,-31.219078037326526
4875,-200.9268107765665,-15.718416532402,-236.61041285495355,-31.167051127736705
4876,-208.17787476248776,-82.88647574772637,-236.26448554450246,-31.780129513731776
4877,-267.33864061085484,-14.761334917456171,-235.7324470918482,-31.713197091860735
4878,-362.38215707683213,-24.206985242435817,-237.07901475886183,-31.761031807693904
4879,-201.66652439167385,-34.95237919598482,-236.86412066515842,-31.679837878388
4880,-299.22061433628477,-18.493571356618144,-236.99955168845995,-31.669217642178246
4881,-248.3422207512075,-67.84423532245118,-236.40028228826503,-32.11006544571422
4882,-335.70871827226426,-19.234769021451147,-238.00562355039463,-32.07901477262986
4883,-253.92994551595348,-100.31719251762239,-237.34435662805598,-32.79825015757472
4884,-235.15800746993386,-18.970606316581634,-236.80419453845445,-32.399254716899776
4885,-338.6362121325999,-47.03666734624301,-237.24194623846145,-32.63145832122309
4886,-185.27255979974976,-48.15046763684246,-235.803039327445,-32.01470280915221
4887,-289.887773685075,-22.36512367847471,-236.61256797540642,-31.966922003702777
4888,-229.6869364586598,-73.23830023146249,-236.60318409245133,-32.18750281713514
4889,-99.18840704887704,-17.73009047742311,-235.258544148741,-32.126228400576274
4890,-247.15551254422508,-29.887141932119178,-234.68904712382007,-31.708112170587643
4891,-200.99668154058278,-19.78069000420559,-233.9994223295834,-31.62360579805611
4892,-164.33945968593656,-19.274265540677447,-233.45127303410533,-31.5802648534497
4893,-307.55031667937743,-20.65040143427761,-233.55714574333078,-31.58983186292489
4894,-205.44694071538598,-13.87401854124761,-234.01606589161307,-31.546548093196247
4895,-328.0597709615574,-109.40955077309353,-235.42253117129042,-32.38841087591177
4896,-201.88520634041276,-21.017155864789423,-235.22628735952568,-32.19610510081444
4897,-386.6993654007128,-24.46567076822996,-235.41158065954568,-31.70133816463977
4898,-204.7114564335816,-23.04415455327111,-237.19008424088182,-31.70453107490392
4899,-192.64180450631017,-22.36296718032467,-236.61691614064688,-31.719409634167466
4900,-157.0373125376502,-22.496168207754952,-235.03784727316608,-31.77101560787197
4901,-305.86491252761715,-20.543822511105528,-235.28203804745908,-31.847774920958127
4902,-212.27255709563602,-18.661912713094853,-235.20757362318548,-31.460635794716428
4903,-184.3200152344532,-17.916673031810667,-234.03678669062074,-31.519848149823122
4904,-207.77859625741846,-68.70094144033354,-233.26399793458063,-32.04457690223814
4905,-291.50573713182575,-26.156422336980334,-233.6677518811609,-31.990566945757156
4906,-379.38268859041233,-26.213715513697277,-235.64821094569288,-32.061948316452636
4907,-261.8479428589369,-16.652244723066012,-237.00593670308578,-32.071437039216455
4908,-199.08895816070364,-25.230602133744057,-237.08898183156393,-32.14605884507239
4909,-263.37958944142235,-52.97438801361492,-237.26699334009842,-32.02926681913966
4910,-247.4663974785175,-13.500232794931561,-237.42095077402502,-31.32336316410663
4911,-129.41153236868814,-47.23610574776423,-236.39050065840775,-31.239685508869215
4912,-195.77641902894686,-22.554127596447934,-235.95369882075258,-31.312506266065792
4913,-228.16093075700755,-13.076287218277372,-236.1133703579675,-31.268260639864934
4914,-179.43082910262916,-20.686296201062827,-235.6187750524989,-31.358616957992638
4915,-282.9386922672449,-14.216877725358456,-236.96148697021914,-31.30609040426434
4916,-208.61164670596958,-14.222587708914354,-237.215224137493,-30.191880911935485
4917,-294.64521648250854,-47.236519962434784,-238.61177919305146,-30.52098147861835
4918,-291.3362238567024,-22.53757929088266,-239.44922339395652,-30.53133412456269
4919,-265.7911693197773,-25.57029993378721,-240.18680625680994,-30.59002624051516
4920,-256.27655709602504,-32.91883035817059,-239.24608361557964,-30.768306063535626
4921,-233.03344937376897,-16.899529297082356,-239.15599477527567,-30.164686937764763
4922,-271.5503106766166,-32.169113568574836,-239.05237040987816,-30.33129579076923
4923,-236.28100059394316,-20.916653033874415,-238.41542848426315,-30.362962681981593
4924,-261.2469504711293,-21.578229572008315,-238.7510129346831,-30.000361827372
4925,-290.56842691998423,-14.528283609817926,-237.0747182362431,-29.938426496366315
4926,-245.0508517556834,-57.713818449190505,-238.46538890398537,-30.10213914784329
4927,-210.15074474739123,-24.49120853880773,-237.81115051645628,-30.212446375827493
4928,-142.82056615303708,-54.04694771895605,-239.60843272661214,-30.57110200113954
4929,-345.35207872497483,-16.907795488346714,-240.82986029656792,-30.54392226104495
4930,-167.0271750283792,-14.055550334519738,-239.30370129007366,-29.99432929052304
4931,-226.6307726365219,-21.45678635428889,-239.22091330500083,-30.04521327989227
4932,-213.38938529063984,-18.599976811542902,-239.34731877991834,-30.07760137964971
4933,-234.5642776983403,-25.837857145139584,-239.48663539898288,-30.183060370414154
4934,-257.40372916297,-20.412675730197353,-239.7742222214442,-30.210803429458853
4935,-154.3482332407016,-15.713723305002903,-239.16261620624678,-30.082187916972007
4936,-288.3698756568402,-41.50563235532412,-240.26532904996827,-30.231762944734694
4937,-152.66165239854615,-19.698400371802066,-239.7057491296516,-30.270146316044737
4938,-173.53529098446353,-15.5244269783633,-238.79618568027942,-30.26593416201619
4939,-226.53702422582714,-16.539332036575345,-238.790163266733,-29.6874386098343
4940,-201.09394203928545,-23.05840253398491,-237.45547646671577,-29.689461339755066
4941,-311.4286184413255,-15.99412773689074,-239.22152139414877,-29.657637709971254
4942,-248.11850529940415,-19.26891582355181,-240.12033284045643,-29.71591817613202
4943,-183.55705731746556,-20.577862888775602,-239.85180282197302,-29.76015563935871
4944,-210.70569327803815,-15.374976683459485,-239.92905830621368,-29.74278663614036
4945,-183.7865733202647,-18.58652916004525,-239.82199570162024,-29.644747912790884
4946,-226.78895256496037,-14.255574620591336,-239.82880952932328,-29.13553752622158
4947,-266.5873039587156,-35.80532111786864,-241.22702363693935,-29.323220740367667
4948,-286.41573885221715,-34.96233848599159,-240.37565063978036,-29.503323236412456
4949,-234.73754141758997,-17.544330529021558,-240.2958336611507,-29.50505038909329
4950,-168.3732812278504,-38.58752810587969,-238.20740048813923,-29.691558343856403
4951,-213.20270086700333,-16.624463802603266,-238.20698030712487,-29.585046367115407
4952,-229.61052042137996,-30.16945419908683,-237.50564367053227,-29.69272160625247
4953,-170.64680266024195,-57.72864289952659,-237.76297426130773,-30.051477223964362
4954,-224.67414278905744,-20.322933645085833,-236.0515794487486,-29.647077974574287
4955,-273.8446923421701,-51.48382044467845,-236.27697240976573,-29.99126144777758
4956,-148.48074228740788,-23.255576667126313,-235.4786482681785,-30.09277266029035
4957,-349.74685018547706,-16.75311813615809,-237.7650560808763,-30.085643205745402
4958,-188.5863019037117,-20.58815909218624,-237.9813355641867,-30.154921435253762
4959,-212.1796855058405,-16.059766029073785,-237.66788546938992,-30.1128860664773
4960,-457.0219437424834,-16.199320119996045,-239.45856950710635,-30.086148966199243
4961,-145.26242667452843,-20.417079115784247,-238.90142052196327,-30.047690746503513
4962,-195.99602225183565,-16.472088855870183,-239.30757333242755,-30.000587944015695
4963,-215.32509221221275,-107.29100101044398,-238.91483855740933,-30.83248084721125
4964,-188.047457447933,-18.244338679311134,-237.76621589168985,-30.817432957554406
4965,-202.3107808755552,-17.364543790437093,-237.37706970367543,-30.354494590144544
4966,-247.61939110710227,-20.746718624569528,-237.057350225367,-30.33177705807199
4967,-89.09245647656176,-56.40321562888915,-235.54232534917662,-30.71833290203595
4968,-186.0378171914978,-21.629409212488657,-235.161125011023,-29.77713383655913
4969,-343.5284005388476,-17.99314009030422,-235.4506055893709,-29.726506635340428
4970,-191.90329439783378,-25.016458389357105,-235.0760925681847,-29.76366332698793
4971,-231.2000101222655,-27.354997179689033,-235.37106236536349,-28.908495670236125
4972,-225.8554766255878,-16.355787545927253,-234.85536470370286,-28.858826087797166
4973,-222.48768661566584,-19.253975250051763,-234.864273024707,-28.84140977826567
4974,-138.15359056498488,-18.743043853079524,-233.80263131461257,-28.740581679438456
4975,-152.66027690361807,-25.05632465497661,-233.3199659758831,-28.833960760664205
4976,-226.75496781831313,-41.43851810915966,-233.50573690644134,-28.419481184278535
4977,-175.2779194354698,-28.546387905726483,-232.5851296946875,-28.55733171416124
4978,-391.1796440265822,-104.47171553895436,-232.873104564185,-29.359979017126427
4979,-195.87275106072317,-19.074724419168493,-232.8151668308755,-29.20120246935826
4980,-231.6637536264397,-16.018460652035262,-232.13959822377706,-29.176451362312434
4981,-198.10003303788523,-15.070663668019712,-231.63717634664383,-28.648715645768117
4982,-226.20893332162476,-68.99456679232622,-230.54217849713743,-29.146313623476868
4983,-240.25640195016805,-24.170234159873655,-230.4054430614796,-28.38484403989938
4984,-233.90690699746497,-63.9343086528571,-230.3929320567549,-28.834481063262135
4985,-116.82387321342661,-26.602811922360917,-228.17480866756313,-28.63014250902331
4986,-251.62568397715825,-63.769664959905235,-228.8383399093372,-28.78633448225394
4987,-149.79153101808802,-18.394572488464966,-227.43737748266733,-28.746628970353846
4988,-398.4020667633496,-68.49911937294537,-229.12452878571423,-28.699237161768675
4989,-246.4927570773597,-17.695345397372712,-230.59757228599906,-28.69888971096817
4990,-245.73236576425967,-70.11733078087973,-230.58334081819942,-29.101191599455774
4991,-168.08708368806757,-57.519720411307084,-230.25424483967427,-29.47858190352679
4992,-263.1863377727867,-23.176447181488637,-231.24271362054276,-29.517603719934904
4993,-110.8085988585132,-28.1181665365402,-229.27529644233414,-29.592281370957533
4994,-176.64205245611262,-74.35779722229876,-228.98724755974138,-30.197119157768043
4995,-27.6171129657438,-71.31882112009971,-225.98282097978324,-29.816211861238102
4996,-244.68409260521884,-13.065579166441944,-226.4108098424313,-29.736696094254626
4997,-198.1551263769505,-22.23956600126341,-224.52536745219368,-29.71443504658496
4998,-176.01291259945108,-22.190767241219564,-224.2383820138524,-29.705901173464444
4999,-383.1258310070829,-67.08918690178163,-226.14322227886015,-30.153163370679014
