episode,total_reward,target_reward,smoothed_total_reward_100,smoothed_target_reward_100
0,-494.3182542271178,-61.23923508206202,,
1,-284.5208251990896,-18.12555341360189,,
2,-400.1594146947472,-17.44855462870912,,
3,-562.3528476983852,-13.562779037177243,,
4,-321.26365399644976,-32.10347692483584,,
5,-379.0365391600376,-20.01615751547966,,
6,-348.5635945919029,-17.411388095977728,,
7,-304.8416100893659,-63.024163568239445,,
8,-398.97376153930327,-14.892519244990543,,
9,-303.3293386231881,-55.039642838132735,,
10,-311.073863132302,-46.8652462091235,,
11,-457.0907120961961,-16.238218321080996,,
12,-338.9994720305027,-66.36815760800026,,
13,-442.95211475668384,-13.48100065963387,,
14,-302.9182443581301,-17.884249231881626,,
15,-193.83153853421024,-17.882647437431125,,
16,-446.6677353558528,-16.93341159993299,,
17,-374.6571620458469,-65.09401422500635,,
18,-451.6665347554614,-51.2325709297029,,
19,-445.65003339650457,-20.227612072120028,,
20,-462.79264436396807,-16.757150082314546,,
21,-312.4677303350151,-18.256715083783106,,
22,-328.29716699172184,-19.22384508775902,,
23,-349.21100598330884,-67.43080971687162,,
24,-413.32613606345967,-69.22738748943443,,
25,-363.58640113640035,-64.54526171811067,,
26,-344.6719345525125,-16.660827298095626,,
27,-410.37290134252305,-17.529969987539516,,
28,-368.68492794406575,-19.077548854021302,,
29,-449.6780355187827,-53.680602006097786,,
30,-553.2844209008375,-23.671662591741217,,
31,-432.76349442090736,-18.82786123231021,,
32,-316.3457511993746,-20.649924349645804,,
33,-443.20828488287395,-58.204421021191365,,
34,-464.54107674604677,-25.579715449891644,,
35,-477.36612126358165,-75.0037845273512,,
36,-256.89723288780937,-20.156455724718633,,
37,-476.60988960844423,-16.911023065044304,,
38,-447.31587099008306,-92.55550081539693,,
39,-433.30645601565993,-15.815853538536567,,
40,-448.8024054712103,-92.85042502102283,,
41,-349.35687445133783,-30.77220334125553,,
42,-475.25740592371983,-23.48114961733164,,
43,-412.2292699795673,-18.425445208120227,,
44,-448.94486426426835,-23.573687899044458,,
45,-422.43609918929604,-20.726910449183254,,
46,-385.50007961096344,-54.075117355180794,,
47,-454.7774543312068,-19.42706275107282,,
48,-432.678494154115,-53.30313590760768,,
49,-447.98686448456596,-23.891510134153478,,
50,-401.3983616786885,-18.576613832506723,,
51,-327.19552751743055,-17.729492577826775,,
52,-385.488215942346,-74.33069353320612,,
53,-417.0729139631712,-30.591966037450348,,
54,-385.8561428291668,-74.34871634948182,,
55,-335.4883793899212,-45.22700315611133,,
56,-417.31339520245575,-22.560616216753196,,
57,-420.4663535149306,-17.513495165208106,,
58,-459.0503170637282,-20.536474682751326,,
59,-405.6795325030002,-115.81940749026991,,
60,-280.68210349815377,-26.714004343415162,,
61,-423.89296203461134,-49.530832502491556,,
62,-395.46913501702926,-62.0837596486768,,
63,-371.2483942417974,-55.32998715966165,,
64,-371.51167617272023,-69.74306646023106,,
65,-479.4056827926438,-26.17027411530912,,
66,-400.7831279316721,-59.515976271191434,,
67,-317.6029208487218,-56.903457648147,,
68,-430.3657374293429,-24.201201743022537,,
69,-397.3671612120158,-61.967141283023025,,
70,-366.3427700530065,-66.63131299767758,,
71,-438.99096939990096,-68.92287507570204,,
72,-387.4576924885018,-18.41159112616001,,
73,110.57513782030875,-82.51779255453728,,
74,-390.24959968734976,-70.33667797053525,,
75,-426.74338173397535,-104.85960517039656,,
76,-304.12214066562194,-23.28053876601582,,
77,-317.2823538373661,-31.987034108367492,,
78,-329.7571488969241,-35.014765721527674,,
79,-345.13037339332703,-23.86734493628397,,
80,-413.71795762482907,-18.098854980786317,,
81,-406.5869806341455,-78.65604267334345,,
82,-297.5400804889811,-40.76704007411823,,
83,-391.03106544933297,-62.41235625749514,,
84,-361.7999825979202,-18.232402345207365,,
85,-347.5340509694369,-20.114109405531917,,
86,-495.9892277025821,-70.19184599914162,,
87,-368.3240453956627,-25.966167266748414,,
88,-406.22313216252115,-51.85905622551386,,
89,-362.00956580134545,-36.95015496779191,,
90,-445.94583750692533,-22.426155830759527,,
91,-539.1152416107072,-51.75126942108891,,
92,-352.17902115228065,-96.93186729891997,,
93,-561.5554783324467,-15.142917334118518,,
94,-382.9268326996718,-16.478724074597924,,
95,-543.411745207147,-76.14382447352295,,
96,-444.90389945432395,-52.28071623923633,,
97,-533.3765536025347,-128.6185442443587,,
98,-474.49047990278046,-86.2902065518199,,
99,-620.8990922590609,-86.38865285169194,-397.1396414896275,-42.4628819312668
100,-533.1651702032939,-98.77516225184598,-397.5281106493893,-42.83824120296464
101,-574.6878875042898,-83.30367818180986,-400.4297812724413,-43.49002245064672
102,-428.9651611483671,-19.65128800670669,-400.71783873697757,-43.5120497844267
103,-547.4069634133791,-73.11991115841671,-400.5683798941275,-44.1076211056391
104,-563.0597934302457,-83.94498831907387,-402.9863412884654,-44.62603621958147
105,-565.1388277569367,-39.80809691799251,-404.8473641744344,-44.82395561360659
106,-536.0217526844054,-89.6605756735043,-406.7219457553594,-45.54644748938186
107,-524.0931937142424,-14.456001474045891,-408.9144615916082,-45.060765868439915
108,-551.8322494887509,-19.752263949520007,-410.44304647110266,-45.10936331548521
109,-612.0958651927597,-43.435830670055566,-413.53071173679837,-44.99332519380444
110,-645.4805010955266,-15.055127019183251,-416.87477811643066,-44.675224001905036
111,-638.6391719671539,-33.44954625330972,-418.69026271514025,-44.84733728122733
112,-766.8184152975598,-68.64935613444783,-422.96845214781075,-44.87014926649181
113,-598.3365356331012,-153.78094172005115,-424.522296356575,-46.27314867709599
114,-718.5431167770723,-55.47288894715018,-428.67854508076437,-46.64903507424867
115,-574.4865045631618,-87.6899620747092,-432.4850947410539,-47.34710822062145
116,-553.7791676644215,-59.41363396422744,-433.5562090641396,-47.77191044426439
117,-564.6021312090294,-107.37623916317696,-435.45565875577137,-48.194732693646095
118,-663.2148367859492,-39.80399601457805,-437.5711417760762,-48.080446944494845
119,-661.109642607873,-13.17534341057405,-439.7257378681899,-48.00992425787939
120,-579.7708241113743,-41.60499356265542,-440.89551966566404,-48.2584026926828
121,-639.742029023156,-56.33148993206593,-444.1682626525454,-48.639150441165626
122,-721.662541110044,-116.88163597480533,-448.10191639372863,-49.61572835003609
123,-556.1112326232019,-54.61021101585347,-450.17091866012754,-49.48752236302591
124,-737.1308719037942,-74.04497878885823,-453.4089660185309,-49.53569827602015
125,-626.4113269456832,-173.16789227458594,-456.0372152766238,-50.6219245815849
126,-704.8132867751085,-23.905364262249257,-459.6386287988497,-50.694369951226435
127,-552.7724882191673,-119.08538368928332,-461.0626246676161,-51.70992408824387
128,-670.513829222274,-44.70125331640025,-464.08091368039817,-51.96616113286766
129,-646.1901231471368,-54.737792187513975,-466.04603455668166,-51.97673303468183
130,-676.6397753942722,-104.18934618371931,-467.27958810161607,-52.7819098706016
131,-690.3531912891284,-142.4456569838648,-469.85548507029836,-54.01808782811714
132,-793.7033772800849,-133.89971979438332,-474.6290613311055,-55.15058578256452
133,-668.5902382074595,-94.87579350439054,-476.88288086435136,-55.517299507396515
134,-617.9227171127955,-76.66933983016432,-478.41669726801877,-56.02819575119924
135,-629.4339112471629,-53.8278114687982,-479.93737516785455,-55.81643602061372
136,-701.9340380471416,-14.610500555715403,-484.3877432194478,-55.76097646892369
137,-772.1976607028752,-103.27342411341954,-487.3436209303922,-56.624600479407434
138,-596.3535144756007,-112.93957469647917,-488.8339973652474,-56.82844121821826
139,-681.5981528313488,-14.61850269140835,-491.3169143334043,-56.81646770974697
140,-683.1709304149673,-122.51518142810612,-493.6605995828419,-57.113115273817805
141,-527.3358068747133,-40.91646580279522,-495.44038890707566,-57.214557898433206
142,-645.8910138264563,-129.73796769667425,-497.146724986103,-58.27712607922664
143,-679.1111987416368,-119.62334337774779,-499.8155442737237,-59.289105060922914
144,-588.6017754990844,-84.09415447796702,-501.2121133860718,-59.89430972671213
145,-602.5020509373321,-108.63519737597073,-503.0127729035522,-60.77339259598
146,-651.6199983900458,-97.50047182397222,-505.673972091343,-61.207646140667926
147,-586.8536536192081,-36.99582669108567,-506.99473408422307,-61.38333378006805
148,-566.5672621024471,-15.404857724809343,-508.33362176370645,-61.004350998240064
149,-611.2502485179297,-88.8181056741383,-509.96625560404,-61.65361695363991
150,-576.479245755196,-14.710740345447936,-511.71706444480503,-61.61495821876933
151,-595.0327715958401,-46.269733946035316,-514.3954368855892,-61.90036063245142
152,-740.9177492677928,-10.634270436597184,-517.9497322188436,-61.26339640148532
153,-528.5522620859803,-62.944844086243066,-519.0645257000716,-61.58692518197325
154,-624.0000390875599,-107.38555392562796,-521.4459646626557,-61.917293557734716
155,-604.8808277184389,-120.57861950435658,-524.139889145941,-62.67080972121717
156,-459.60448351458916,-15.482113348538755,-524.5628000290623,-62.60002469253502
157,-530.9674770864415,-113.26720079774216,-525.6678112647772,-63.55756174886036
158,-742.4324831554392,-39.41786062127893,-528.5016329256943,-63.746375608245636
159,-626.66376179913,-81.77420157283154,-530.7114752186556,-63.405923549071254
160,-583.4755480264934,-30.295681780368174,-533.739409663939,-63.44174032344079
161,-486.2485895236503,-79.53377527341117,-534.3629659388295,-63.74176975114998
162,-585.1759512669062,-60.04624872486951,-536.2600341013283,-63.721394641911914
163,-560.3291191261668,-127.08537828072608,-538.150841350172,-64.43894855312256
164,-538.1861362681022,-65.45526107607202,-539.8175859511257,-64.39607049928097
165,-674.4061525480595,-11.116061978772064,-541.7675906486797,-64.24552837791559
166,-520.3784768154852,-47.39696392163499,-542.9635441375178,-64.12433825442002
167,-496.7297026273941,-52.44193069331364,-544.7548119553046,-64.07972298487168
168,-539.6911922230619,-35.88363599330244,-545.848066503242,-64.19654732737449
169,-511.2243308763272,-34.05856562012493,-546.9866381998851,-63.91746157074551
170,-453.95407678193027,-14.89293436706586,-547.8627512671743,-63.40007778443939
171,-365.68206400136364,-14.90578563840377,-547.1296622131889,-62.85990689006641
172,-472.04954871915885,-81.15735075762207,-547.9755807754955,-63.48736448638103
173,-512.8341268142001,-65.73967684259347,-554.2096734218405,-63.3195833292616
174,-672.2874049629678,-60.896043987696835,-557.0300514745968,-63.22517698943321
175,-573.1123906951727,-31.726687669456837,-558.4937415642088,-62.49384781442381
176,-418.6441119071801,-14.653505896563585,-559.6389612766244,-62.407577485729284
177,-636.3629683388841,-102.22649146368262,-562.8297674216395,-63.10997205928244
178,-288.40740257708677,-67.81762524350336,-562.416269958441,-63.4380006545022
179,-340.4082442597778,-109.22778738810983,-562.3690486671055,-64.29160507902047
180,-472.34978795489894,-18.29397913511486,-562.9553669704062,-64.29355632056375
181,-293.87405266266586,-18.90639393086627,-561.8282376906915,-63.696059833138975
182,-333.6409333098985,-79.09496662682888,-562.1892462189007,-64.07933909866607
183,-335.67315734990154,-16.787594659237108,-561.6356671379065,-63.62309148268349
184,-293.05131297720004,-142.6782150327759,-560.9481804416993,-64.86754960955918
185,-318.25079488363224,-100.09777886862246,-560.6553478808412,-65.66738630419007
186,-267.15176762680426,-16.083612637263084,-558.3669732800834,-65.1263039705713
187,-225.52655328149163,-20.392196660588578,-556.9389983589416,-65.0705642645097
188,-435.7069001546499,-15.048494567524246,-557.2338360388629,-64.70245864792982
189,-356.4777536637147,-16.764944827635787,-557.1785179174867,-64.50060654652826
190,-396.63774572419067,-94.17950984605498,-556.6854369996594,-65.2181400866812
191,-355.5923225938678,-18.447785621718523,-554.850207809491,-64.8851052486875
192,-316.71178012187,-91.48058760477494,-554.4955353991869,-64.83059245174604
193,-384.7006712252958,-56.02018457148598,-552.7269873281155,-65.23936512411971
194,-321.2433255680711,-14.175420035018483,-552.1101522567994,-65.21633208372391
195,-254.87046761047503,-81.02536828477339,-549.2247394808327,-65.26514752183643
196,-347.27699613620075,-13.800037860817488,-548.2484704476515,-64.88034073805224
197,-531.3112426271492,-59.893991726689784,-548.2278173378975,-64.19309521287556
198,-352.96303794635065,-67.36936643339638,-547.0125429183331,-64.00388681169132
199,-413.8442859431451,-31.97175614302408,-544.9419948551739,-63.45971784460463
200,-393.02023157454107,-47.518622347277166,-543.5405454688864,-62.94715244555894
201,-324.51850880255404,-88.68455635030793,-541.0388516818691,-63.00096122724393
202,-547.9995954172604,-55.21962062791598,-542.2291960245582,-63.35664455345603
203,-343.1853562570822,-47.9501433262128,-540.1869799529952,-63.10494687513399
204,-440.13514409771597,-14.831685013234868,-538.9577334596697,-62.413813842075605
205,-601.9502134126134,-58.32502273905155,-539.3258473162266,-62.59898310028618
206,-328.8139588152348,-19.266295034500793,-537.2537693775349,-61.89504029389615
207,-497.5476168392084,-38.44218035708106,-536.9883136087846,-62.1349020827265
208,-458.4418863380055,-18.337959667487134,-536.0544099772771,-62.12075903990617
209,-426.7113386480833,-57.986745828728445,-534.2005647118303,-62.26626819149289
210,-517.8147380503524,-37.98487885820277,-532.9239070813786,-62.49556570988309
211,-391.6921662919839,-68.99522519741022,-530.4544370246269,-62.8510224993241
212,-441.53865446371816,-44.88431661950673,-527.2016394162885,-62.6133721041747
213,-402.7255209937828,-48.80482540755693,-525.2455292698953,-61.56361094104976
214,-465.27206096007575,-28.373335245440646,-522.7128187117254,-61.29261540403266
215,-473.97636981030763,-14.87572498486843,-521.7077173641967,-60.564473033134256
216,-452.10539739643013,-61.68807717743977,-520.6909796615168,-60.58721746526638
217,-341.5995408113099,-64.94467411496717,-518.4609537575396,-60.162901814784284
218,-392.3307244830678,-58.279696041746355,-515.7521126345108,-60.347658815055965
219,-359.56341478749823,-65.83454216548577,-512.736650356307,-60.874250802605076
220,-405.2901744174921,-72.30740331565914,-510.9918438593682,-61.181274900135115
221,-516.6297849765539,-18.308888127109128,-509.76072141890216,-60.80104888208554
222,-475.892247190257,-20.697761528990135,-507.30301847970435,-59.83921013762739
223,-476.30667982240385,-116.45742636392121,-506.50497295169635,-60.457682291108064
224,-314.1856460615295,-152.73370670684034,-502.2755206932738,-61.24456957028788
225,-458.8201732240838,-111.56969911073297,-500.5996091560578,-60.62858763864935
226,-480.7010658051019,-15.285284472577638,-498.3584869463577,-60.542386840752634
227,-450.08823842120677,-52.060433485106195,-497.3316444483781,-59.87213733871087
228,-463.11267383761316,-29.745780377215073,-495.2576328945314,-59.722582609319026
229,-422.7920608914215,-51.158779918247305,-493.02365227197424,-59.68679248662636
230,-242.06247167309158,-56.20371999883682,-488.6778792347625,-59.20693622477753
231,-332.13697068671956,-67.62999446277229,-485.09571702873836,-58.458779599566604
232,-475.1733247236783,-68.87809636755607,-481.91041650317436,-57.808563365298326
233,-326.07557104183445,-39.46620855901238,-478.48526983151805,-57.25446751584455
234,-292.136139638826,-21.2615703497374,-475.22740405677837,-56.70038982104029
235,-305.8596846722238,-113.60484759757519,-471.99166179102895,-57.29816018232806
236,-413.5333339041735,-38.84740707984608,-469.1076547495993,-57.54052924756937
237,-378.7724734647686,-21.959798239528343,-465.1734028772183,-56.72739298883045
238,-250.51413136697593,-19.656204832091824,-461.715009046132,-55.79455929018658
239,-305.04123203829266,-58.89170982486473,-457.94943983820144,-56.237291361521144
240,-247.29371804391582,-87.75984926697602,-453.5906677144909,-55.889738039909844
241,-454.8962275203956,-85.88128085030004,-452.8662719209478,-56.33938619038489
242,-431.64629540057547,-91.43207721386696,-450.723824736689,-55.956327285556824
243,-193.7723895827894,-29.240271718781017,-445.8704366451005,-55.05249656896715
244,-186.61290622314803,-75.89035357428014,-441.8505479523412,-54.97045855993028
245,-333.9196237376509,-98.60241152177798,-439.1647236803443,-54.87013070138835
246,-351.0182704126867,-15.79694859903015,-436.1587064005707,-54.053095469138924
247,-318.8532962158705,-73.08291174399213,-433.4787028265373,-54.41396631966799
248,-258.520091849361,-67.81548500621655,-430.39823112400643,-54.93807259248206
249,-461.5980114135448,-57.383154984686755,-428.90170875296263,-54.62372308558754
250,-215.63945293657477,-74.23953186534263,-425.2933108247764,-55.219011000786494
251,-321.1271142238689,-18.597072707119235,-422.55425425105665,-54.94228438839733
252,-285.3651096476088,-49.175392381420146,-417.9987278548548,-55.32769560784556
253,-362.17678272845774,-83.73415628267637,-416.3349730612796,-55.535588729809895
254,-190.37264735188594,-52.29053475919245,-411.9986991439229,-54.98463853814554
255,-151.12999894224814,-20.08837090740981,-407.461190856161,-53.979736052176065
256,-163.0807548336195,-23.86889179332847,-404.49595356935134,-54.06360383662396
257,-225.50257796839776,-20.222723411691014,-401.4413045781709,-53.13315906276345
258,-163.00006254541603,-100.06825295825199,-395.64698037207063,-53.739662986133176
259,-291.01820985557225,-23.81304531781488,-392.29052485263503,-53.16005142358302
260,-319.5763404496689,-17.95560288816479,-389.6515327768668,-53.03665063466099
261,-236.86200239999366,-57.93953610177215,-387.15766690563026,-52.820708242944605
262,-340.39551221455287,-26.983542619235916,-384.7098625151067,-52.49008118188827
263,-322.50170277771394,-15.838847369436486,-382.33158835162226,-51.37761587277537
264,-441.79758973180583,-114.45269750791695,-381.3677028862592,-51.867590237093815
265,-282.56106579909897,-29.56005882382012,-377.44925201876964,-52.05203020554429
266,-380.9322893822451,-90.02555843842092,-376.0547901444372,-52.47831615071215
267,-426.55223893080614,-21.04108400910681,-375.35301550747135,-52.16430768387008
268,-350.8439886214342,-18.18460408059378,-373.464543471455,-51.987317364743
269,-193.50967133032745,-67.1197159892006,-370.287396875995,-52.31792886843375
270,-381.68860494674436,-36.41103278284194,-369.56474215764314,-52.53310985259151
271,-398.488851899145,-116.78553657160299,-369.8928100366209,-53.551907361923504
272,-100.73672050569381,-20.960840359679853,-366.1796817544863,-52.94994225794408
273,-488.581853527666,-60.68369690646938,-365.937159021621,-52.89938245858284
274,-528.2892794240904,-56.54982229056665,-364.49717776623226,-52.85592024161154
275,-279.8093008591551,-20.459770722673007,-361.56414686787207,-52.74325107214371
276,-377.57168293789545,-80.36750425353446,-361.15342257817923,-53.40039105571342
277,-257.24431943226017,-16.512338619074804,-357.36223608911297,-52.54324952726734
278,-300.48635794289,-138.72251258890537,-357.483025642771,-53.252298400721365
279,-336.36116444725513,-16.861326416774673,-357.44255484464577,-52.32863379100801
280,-123.13005915487547,-28.144614390216763,-353.95035755664554,-52.42714014355902
281,-259.7824699089746,-50.8262672755541,-353.6094417291086,-52.7463388770059
282,-445.8189357302755,-90.68018569811662,-354.73122175331235,-52.862191067718776
283,-309.18293532963105,-92.40721236909583,-354.4663195331097,-53.61838724481737
284,-284.7141008123856,-91.14349591565465,-354.38294741146154,-53.103040053646154
285,-280.04732778153885,-23.00014609847912,-354.0009127404406,-52.332063725944714
286,-152.68091161728202,-97.42633606539194,-352.8562041803454,-53.145490960226006
287,-240.18278123232713,-61.35954973330608,-353.00276645985383,-53.55516449095318
288,-155.67585656016718,-26.45096450052465,-350.202456023909,-53.669189190283184
289,-185.10338755933464,-19.101272180603942,-348.4887123628652,-53.692552463812866
290,-360.7273101275617,-68.15452583695506,-348.12960800689893,-53.43230262372187
291,-228.98912078392027,-116.12249292979843,-346.8635759887994,-54.409049696802676
292,-149.53644914138002,-18.406658053579985,-345.19182267899447,-53.67831040129072
293,-358.05768848864335,-48.53407934166993,-344.925392851628,-53.60344934899256
294,-373.7117495303024,-104.08424433864253,-345.4500770912503,-54.5025375920288
295,-507.50742177203944,-49.881235272233965,-347.97644663286593,-54.191096261903404
296,-305.21947369678776,-14.712282490344663,-347.5558714084718,-54.200218708198676
297,-251.91290516981914,-24.052989631901173,-344.76188803389846,-53.8418086872508
298,-254.9578580735712,-60.830026971394076,-343.7818362351707,-53.77641529263077
299,-349.2691524775464,-99.98568696456479,-343.1360849005147,-54.45655460084618
300,-255.41959754173809,-16.809706360790763,-341.7600785601867,-54.14946544098132
301,-319.39580912530437,-13.900736247624156,-341.70885156341416,-53.40162723995448
302,-380.2439748196221,-51.9655337496351,-340.0312953574377,-53.36908637117166
303,-370.27813660303286,-14.416666816394047,-340.3022231608972,-53.03375160607348
304,-344.2026794889668,-40.70919597279165,-339.34289851480975,-53.29252671566904
305,-419.53182941891345,-56.73390054282783,-337.5187146748728,-53.27661549370681
306,-362.9660907129194,-17.271410980240354,-337.86023599384964,-53.2566666531642
307,-183.3947431069177,-17.36279853901268,-334.7187072565267,-53.04587283498353
308,-293.3434525072823,-27.326891846218007,-333.0677229182195,-53.13576215677083
309,-233.53668915863815,-19.37827928943165,-331.1359764233251,-52.74967749137787
310,-452.15189720814186,-73.68448494925163,-330.47934801490294,-53.10667355228835
311,-350.1979990245137,-15.600196742970663,-330.06440634222827,-52.57272326774395
312,-362.5185964215093,-22.389724403511426,-329.2742057618062,-52.347777345584
313,-416.925214549406,-14.35218534362617,-329.41620269736245,-52.003250944944696
314,-448.4350710298514,-16.005864407187584,-329.2478327980602,-51.879576236562166
315,-364.5246776365819,-65.31378945990512,-328.1533158763229,-52.38395688131252
316,-229.95398723112785,-19.415883454757754,-325.9318017746698,-51.96123494408571
317,-376.00403726091497,-60.89845022290945,-326.27584673916584,-51.92077270516513
318,-569.8413901057553,-25.643845239566787,-328.05095339539275,-51.59441419714334
319,-507.49685590048983,-15.927675075778916,-329.5302878065227,-51.09534552624627
320,-426.4822745035283,-90.10274117252628,-329.7422088073831,-51.27329890481494
321,-448.2822673747243,-15.474732041373288,-329.0587336313648,-51.24495734395759
322,-399.63553897071347,-30.098905839750113,-328.2961665491694,-51.338968787065184
323,-412.1005404442737,-83.74647028662292,-327.6541051553881,-51.0118592262922
324,-386.28088104686134,-41.70262730775905,-328.3750575052414,-49.90154843230138
325,-424.2836225132862,-17.50744916760143,-328.0296919981334,-48.96092593287007
326,-318.44626037735395,-19.30568248746281,-326.4071439438559,-49.00112991301892
327,-319.8398571067884,-34.32608982096662,-325.1046601307118,-48.82378647637753
328,-318.6609185192892,-48.73982879392923,-323.6601425775285,-49.013726960544666
329,-440.52791102718635,-16.82976299878209,-323.8375010788862,-48.67043679135001
330,-413.6521382437044,-56.01678683957202,-325.55339774459225,-48.66856745975737
331,-508.88178418485285,-113.2646359355128,-327.32084587957354,-49.124913874484776
332,-585.8768677885093,-13.34193612944422,-328.4278813102219,-48.56955227210366
333,-203.6568340931088,-15.503214057655459,-327.2036939407346,-48.32992232709009
334,-461.62950713576424,-85.20144448085043,-328.89862761570396,-48.969321068401214
335,-641.0047516701129,-16.40978230506381,-332.2500782856829,-47.9973704154761
336,-201.71421894378432,-46.58942089853491,-330.131887136079,-48.07479055366298
337,-344.0719913632902,-67.29581392667869,-329.7848823150642,-48.5281507105345
338,-293.56269124748366,-30.646384583078884,-330.21536791386933,-48.63805250804437
339,-264.99087090843847,-60.383612449619044,-329.81486430257075,-48.65297153429191
340,-557.0702546723265,-14.992563387580995,-332.9126296688549,-47.92529867549797
341,-355.36546824622536,-16.351402991702592,-331.9173220761132,-47.229999896911984
342,-449.9381905645416,-13.917156914314024,-332.1002410277529,-46.45485069391645
343,-430.3305104911782,-15.137596804824694,-334.46582223683674,-46.313823944776885
344,-359.1961275061255,-62.99543563563016,-336.1916544496665,-46.18487476539038
345,-372.79068091027176,-18.261537491034225,-336.58036502139265,-45.38146602508295
346,-298.8626174353266,-15.089907741400136,-336.05880849161906,-45.37439561650665
347,-394.9252999107385,-14.192801053496746,-336.8195285285678,-44.7854945096017
348,-332.62274356276134,-15.469276725255076,-337.56055504570185,-44.26203242679208
349,-268.0780267991234,-16.847604289073175,-335.6253551995576,-43.85667691983595
350,-192.02704805660517,-51.7365613701986,-335.38923115075784,-43.6316472148845
351,-385.03821382946364,-19.347680044866884,-336.0283421468138,-43.63915328826198
352,-287.7825347998887,-41.22400616188062,-336.05251639833665,-43.55963942606658
353,-357.2638994391923,-14.146939102371164,-336.00338756544403,-42.863767254263536
354,-296.74433750438646,-14.75373601472456,-337.067104466969,-42.48839926681885
355,-409.66398409525215,-51.73765033604007,-339.652444318499,-42.80489206110516
356,-465.50670139963273,-87.0345908824804,-342.67670378415914,-43.43654905199668
357,-291.29779805490455,-16.34991833941039,-343.3346559850242,-43.39782100127387
358,-390.7744196935349,-15.461194317013252,-345.6123995565054,-42.55175041486148
359,-189.94927704853527,-15.843688484818973,-344.6017102284351,-42.47205684653152
360,-454.29345949572473,-15.469640214845631,-345.94888141889567,-42.44719721979833
361,-319.08418416584067,-20.422140391135965,-346.77110323655415,-42.07202326269198
362,-178.46737197283508,-15.685479470820523,-345.15182183413697,-41.95904263120782
363,-329.3268490653754,-13.98028855112139,-345.2200732970135,-41.94045704302467
364,-214.2524641504089,-14.908286687673883,-342.9446220411996,-40.94501293482224
365,-422.4958599711458,-66.8709699187338,-344.34396998292004,-41.318122045771375
366,-207.93440004632066,-21.881259725193296,-342.6139910895608,-40.6366790586391
367,-166.39190886787372,-43.638248492989035,-340.01238778893145,-40.862650703477925
368,-357.29712910944556,-16.952231678687944,-340.0769191938115,-40.85032697945886
369,-230.05573049596165,-18.54652755766787,-340.44237978546784,-40.36459509514354
370,-351.29409308165214,-16.23425614818814,-340.1384346668169,-40.162827328797
371,-352.8986585341554,-19.113146734046325,-339.6825327331671,-39.18610343042143
372,-347.30810594420734,-31.356973015104558,-342.1482465875522,-39.290064756975674
373,-239.12122296836395,-52.80987680621691,-339.65364028195916,-39.21132655597315
374,-370.64199817437543,-30.31663036435383,-338.0771674694619,-38.94899463671102
375,-183.3367926082651,-20.408464466854017,-337.11244238695303,-38.94848157415283
376,-333.4694879117089,-18.00035275297815,-336.67142043669116,-38.32481005914728
377,-325.86835283859835,-16.41821789007184,-337.35766077075465,-38.32386885185725
378,-173.39639530604487,-23.694199208373274,-336.0867611443862,-37.173585718051925
379,-249.5110221153351,-16.23119704623432,-335.218259721067,-37.16728442434652
380,-248.7145026068884,-67.48523532267882,-336.47410415558716,-37.560690633671136
381,-266.20727725650517,-52.720275477448816,-336.53835222906247,-37.57963071569008
382,-245.0349085510249,-17.67476653443578,-334.53051195727,-36.84957652405327
383,-377.31275991045425,-18.48769802487628,-335.21181020307824,-36.110381380611074
384,-42.41960842385487,-26.333353879725216,-332.78886527919286,-35.46227996025178
385,-303.75302337509123,-23.92116184014633,-333.02592223512835,-35.47149011766845
386,-257.79148098897707,-130.81627143736472,-334.0770279288453,-35.80538947138818
387,-212.05130525821963,-18.162460998469957,-333.7957131691042,-35.37341858403982
388,-82.00826213213712,-62.208450343383106,-333.0590372248239,-35.7309934424684
389,-164.55471337174666,-19.870219392114294,-332.85355048294804,-35.73868291458351
390,-335.75757748174954,-97.71832884039043,-332.60385315648995,-36.03432094461787
391,-109.79820713663526,-111.67483882392688,-331.41194402001713,-35.989844403559154
392,-524.0107309872801,-14.269241755006128,-335.15668683847616,-35.94847024057341
393,-436.7363220290504,-124.23733941525373,-335.9434731738802,-36.70550284130925
394,-194.47111855703105,-25.386891429177627,-334.1510668641475,-35.918529312214595
395,-157.05147551727796,-22.951321291203552,-330.6465074015999,-35.6492301724043
396,-265.50999437588683,-56.46644380769394,-330.2494126083908,-36.0667717855778
397,-339.19204063655917,-61.960513350440145,-331.1222039630582,-36.44584702276318
398,-327.3989420474903,-56.741838674867,-331.84661480279743,-36.40496513979791
399,-277.32580227725833,-91.74238366314601,-331.1271813007945,-36.32253210678371
400,-410.19440176052495,-18.984880960678556,-332.67492934298247,-36.34428385278259
401,-496.890092890244,-31.918367023972916,-334.4498721806318,-36.524460160546084
402,-142.9617795165059,-135.88258645619368,-332.0770502276007,-37.36363068761167
403,-328.05363316004286,-70.41590372778394,-331.6548051931708,-37.923623056725575
404,-254.22607360052723,-16.998310699641003,-330.7550391342864,-37.686514203994065
405,-553.8396696730152,-89.09175714851678,-332.09811753682743,-38.01009277005096
406,-188.95418531929946,-45.070454573121616,-330.3579984828912,-38.28808320597977
407,-403.79819977433294,-63.86887645554148,-332.56203304956534,-38.75314398514506
408,-176.14637961483172,-46.9755445606744,-331.39006232064077,-38.94963051228962
409,-239.9597158834596,-80.2377617064314,-331.45429258788903,-39.55822533645962
410,-245.42866349883707,-61.23473480830029,-329.3870602507959,-39.433727835050114
411,-305.0347131185699,-13.998566659286675,-328.9354273917364,-39.41771153421327
412,-414.2217949086021,-103.37662235610273,-329.45245937660746,-40.22758051373918
413,-341.754426646079,-42.02136196529399,-328.7007514975742,-40.50427227995585
414,-218.89314919896256,-17.79452405946937,-326.4053322792653,-40.52215887647867
415,-190.79120246196084,-44.095776519083145,-324.66799752751916,-40.30997874707045
416,-125.8225449934015,-22.205513303680092,-323.62668310514186,-40.337875045559684
417,-318.603720410138,-126.16119473263066,-323.0526799366341,-40.9905024906569
418,-204.24014870830607,-84.71570453618195,-319.3966675226596,-41.58122108362305
419,-332.760386776376,-71.29600657107598,-317.6493028314184,-42.13490439857601
420,-384.9273835378847,-71.41589008695864,-317.23375392176195,-41.94803588772034
421,-160.84608502573968,-20.458065905935168,-314.3593920982721,-41.99786922636596
422,-209.40094693218003,-25.950581917312636,-312.4570461778868,-41.95638598714158
423,-146.23462139539026,-20.459807091998126,-309.798386987398,-41.32351935519533
424,-189.0610621612996,-20.316354875845484,-307.8261887985424,-41.10965663087619
425,-366.55421711592555,-35.41326556665914,-307.24889474456876,-41.28871479486676
426,-473.6589525768476,-22.86057851057886,-308.80102166656366,-41.32426375509793
427,-300.7847962707251,-69.20894718791934,-308.6104710582031,-41.67309232876745
428,-240.45579914508457,-15.81389017042054,-307.828419864461,-41.34383294253237
429,-404.55995716603775,-18.78992355352171,-307.4687403258496,-41.36343454807977
430,-148.16648098676887,-21.108863684428666,-304.81388375328027,-41.01435531652834
431,-217.97859364418514,-59.63314272196992,-301.9048518478736,-40.47804038439291
432,-221.13394900148592,-21.060268916070633,-298.2574226600033,-40.555223712259185
433,-197.32350958015195,-17.35306746675179,-298.1940894148737,-40.573722246350144
434,-422.6612787132958,-13.171668659382732,-297.804407130649,-39.85342448813546
435,-178.18763029113353,-14.960237005361728,-293.1762359168592,-39.83892903513843
436,-312.3205352906355,-21.21075637221086,-294.28229908032773,-39.58514238987519
437,-295.97910459166377,-45.130092317012284,-293.80137021261146,-39.36348517377853
438,-317.0919183080834,-45.90576455870716,-294.03666248321747,-39.51607897353481
439,-311.12027878585366,-61.470857908510446,-294.49795656199166,-39.52695142812372
440,-286.22922346000803,-15.505042175212244,-291.78954624986847,-39.53207621600004
441,-87.05097254213601,-28.06780723259928,-289.10640129282757,-39.64924025840901
442,-127.36999404790194,-19.855380710417165,-285.8807193276611,-39.70862249637003
443,-221.74937640716422,-29.13426640775688,-283.794907986821,-39.84858919239935
444,-195.87097676080907,-56.21374682278628,-282.16165647936776,-39.78077230427092
445,-225.9811190355802,-14.261875116796181,-280.69356086062083,-39.74077568052853
446,-243.96544036324812,-26.881898595069917,-280.1445890899001,-39.858695589065235
447,-275.3936408646963,-23.631006442577643,-278.9492724994396,-39.953077642956046
448,-115.46691756584148,-75.77273499442082,-276.7777142394704,-40.556112225647716
449,-269.5870841187402,-16.713373441342124,-276.79280481266665,-40.554769917170404
450,-394.11981355075056,-14.401248292847624,-278.8137324676082,-40.18141678639689
451,-373.19728538518143,-63.11218606633553,-278.6953231831654,-40.61906184661157
452,-241.58099567716067,-15.707847487978222,-278.2333077919381,-40.363900259872544
453,-219.95284803363487,-67.8418440746845,-276.8601972778825,-40.90084930959568
454,-350.9350691058827,-19.993275071724153,-277.40210459389743,-40.95324470016567
455,-389.49068772740213,-21.247189045136604,-277.20037163021897,-40.648340087256635
456,-233.1420057332417,-18.549675806410665,-274.8767246735551,-39.96349093649594
457,-345.30034721271426,-20.11463237543856,-275.4167501651331,-40.00113807685622
458,-380.15316043802295,-19.5175184245715,-275.31053757257797,-40.04170131793181
459,-262.7963233518558,-131.91743591553993,-276.03900803561123,-41.202438792239015
460,-185.6005119899937,-36.653199530730475,-273.3520785605539,-41.41427438539787
461,-397.76924744597505,-17.46306977370828,-274.1389291933552,-41.384683679223585
462,-357.2715428287976,-15.976771752996255,-275.92697090191484,-41.387596602045335
463,-413.3949318831477,-19.734038577432784,-276.7676517300925,-41.44513410230845
464,-212.36522622841807,-63.68537601944631,-276.7487793508726,-41.932904995626174
465,-140.94174376151832,-25.54951249734462,-273.93323818877633,-41.51969042141228
466,-305.1843674386311,-17.700261453570096,-274.9057378626994,-41.477880438696054
467,-242.38929510915034,-66.74094737018048,-275.66571172511226,-41.70890742746797
468,-361.63617160002565,-15.729584197242696,-275.70910215001805,-41.696680952653516
469,-401.7265844394164,-15.072670535068232,-277.4258106894526,-41.661942382427526
470,-232.6735389365055,-52.163412068684934,-276.23960514800115,-42.02123394163249
471,-154.34781312865346,-19.52931886592755,-274.2540966939461,-42.02539566295131
472,-312.37809656701955,-49.22358606425293,-273.9047966001743,-42.2040617934428
473,-138.24826106405985,-58.33167781049392,-272.8960669811312,-42.25927980348556
474,-387.8071984347215,-20.659420771914768,-273.06771898373466,-42.16270770756117
475,-293.3598839642369,-65.83227919913504,-274.1679498972944,-42.61694585488398
476,-416.0491841148233,-21.953079094720586,-274.99374685932554,-42.6564731183014
477,-186.8840017941641,-56.91331100116412,-273.6039033488812,-43.06142404941233
478,-220.60361820140704,-17.57625514930015,-274.0759755778348,-43.000244608821596
479,-201.33469116984443,-41.052283756885245,-273.5942122683799,-43.248455475928104
480,-398.00573586910446,-59.67820509388243,-275.087124601002,-43.17038517364015
481,-313.21714937792433,-65.07970803027636,-275.5572233222162,-43.29397949916843
482,-275.4162820021084,-18.041673168240756,-275.861037056727,-43.29764856550648
483,-167.59507375461385,-19.075596374659703,-273.76386019516866,-43.30352754900431
484,-455.2515536251613,-102.15705659511235,-277.89217964718176,-44.061764576158176
485,-260.9574027737679,-18.208573820183478,-277.46422344116854,-44.00463869595854
486,-329.1919713030446,-18.523905905673725,-278.1782283443092,-42.88171504064163
487,-65.52819544312712,-59.654084035959485,-276.71299724615824,-43.29663127101652
488,-439.04149261309914,-92.47306567638962,-280.28332955096784,-43.59927742434659
489,-299.02580142502745,-18.30178882532231,-281.62804043150066,-43.58359311867867
490,-359.4895415675088,-18.939583711102646,-281.8653600723582,-42.7958056673858
491,-310.47754313083277,-63.670417704167896,-283.87215343230025,-42.31576145618821
492,-281.3170848952185,-21.193060166089655,-281.44521697137964,-42.38499964029905
493,-534.7457268871306,-21.340138177652292,-282.4253110199605,-41.356027627923034
494,-219.47180162348764,-90.8708235523277,-282.6753178506251,-42.01086694915453
495,-361.7361977189889,-91.6612617101562,-284.7221650726422,-42.69796635334406
496,-362.61204987859963,-18.479555957905408,-285.6931856276693,-42.31809747484617
497,-556.8080203453922,-17.95975443229094,-287.8693454247576,-41.87808988566468
498,-89.96040514873256,-41.58591292811937,-285.49496005577,-41.7265306281972
499,-323.0857115718253,-17.14879728261609,-285.95255914871564,-40.98059476439191
500,-304.77595801852124,-28.003297749228864,-284.89837471129556,-41.070778932277406
501,-143.10273350381237,-109.64418396215706,-281.3605011174313,-41.84803710165925
502,-222.25623054248436,-44.01342698949283,-282.1534456276911,-40.92934550699224
503,-327.8755316068345,-15.84865015230689,-282.151664612159,-40.38367297123747
504,-195.41573964764947,-18.63841167074845,-281.5635612726303,-40.40007398094854
505,-244.37941508923606,-60.77076373762176,-278.46895872679244,-40.116864046839595
506,-176.00073485127191,-21.20547549296822,-278.33942422211214,-39.87821425603806
507,-210.93112434296378,-19.020989793068168,-276.4107534677985,-39.429735389413324
508,-292.026897632093,-23.90741537963872,-277.5695586479711,-39.19905409760296
509,-202.52560095207778,-67.91268908750169,-277.1952174986573,-39.07580337141366
510,-409.33769600984766,-14.593003047245524,-278.8343078237674,-38.60938605380313
511,-317.12560566692895,-19.958593908019843,-278.9552167492509,-38.66898632629046
512,-260.0192474551369,-47.89738509652682,-277.41319127471627,-38.1141939536947
513,-391.05548774889826,-13.891879392529038,-277.9062018857445,-37.83289912796705
514,-368.1779817800624,-68.61602677954512,-279.39905021155556,-38.34111415516781
515,-324.1094828777967,-16.230501360864633,-280.7322330157139,-38.06246140358562
516,-154.40238376477555,-18.61082554172615,-281.01803140342764,-38.02651452596608
517,-307.85339040550684,-18.225165403180753,-280.9105281033813,-36.94715423267158
518,-263.003521694462,-14.628265309436207,-281.4981618332429,-36.24627984040412
519,-226.79826277670247,-19.365342721720182,-280.4385405932461,-35.72697320191057
520,-330.60260013626277,-24.24167622646195,-279.89529275922996,-35.255231063305594
521,-144.01286035655562,-26.753356907179207,-279.726960512538,-35.318183973318035
522,-116.25977141653237,-81.02846058126067,-278.79554875738154,-35.86896275995752
523,-278.3615246351248,-17.57717055184283,-280.1168177897789,-35.84013639455596
524,-429.4256588694657,-15.548658269692435,-282.5204637568606,-35.79245942849443
525,-167.1062871222473,-18.31693345299547,-280.5259844569238,-35.6214961073578
526,-418.232922571823,-44.655233446233794,-279.97172415687356,-35.83944265671435
527,-315.4578027084397,-45.14776541301645,-280.1184542212507,-35.59883083896533
528,-155.95763929917695,-40.33516761410654,-279.2734726227916,-35.844043613402185
529,-257.25598041290726,-61.95645557383042,-277.8004328552603,-36.27570893360527
530,-192.2769267784654,-84.02478750434882,-278.2415373131772,-36.90486817180447
531,-319.1928480528896,-13.420835024510335,-279.2536798572643,-36.44274509482988
532,-125.75964227212783,-118.23683648908703,-278.29993678997073,-37.41451077056004
533,-261.37256421368477,-20.264205621312694,-278.940427336306,-37.44362215210565
534,-187.99914759228633,-16.965152479056346,-276.593806025096,-37.481556990302394
535,-319.53628645824614,-71.60566064117967,-278.00729258676716,-38.04801122666057
536,-180.09614382872445,-19.3094153477257,-276.685048672148,-38.02899781641571
537,-205.13268890887616,-150.6803595497174,-275.77658451532017,-39.08450048874277
538,-177.19682301109253,-19.12478390931651,-274.3776335623503,-38.816690682248854
539,-184.27197677018964,-49.42100799444249,-273.1091505421936,-38.696192183108174
540,-267.9607942669208,-27.285734589952508,-272.92646625026276,-38.813999107255576
541,-361.705463833311,-24.8587974007274,-275.6730111631745,-38.78190900893686
542,-165.54210360857942,-102.0910115758229,-276.0547322587813,-39.60426531759091
543,-276.82769078997546,-74.94324560026465,-276.6055154026094,-40.062355109515984
544,-322.02672729476217,-23.991476102455604,-277.86707290794885,-39.74013240231268
545,-99.9380203129428,-20.165392869805586,-276.6066419207225,-39.79916757984278
546,-107.11162929455733,-67.99731812272546,-275.2381038100356,-40.21032177511934
547,-481.41145153172357,-47.16348396570155,-277.29828191670583,-40.44564655035058
548,-175.7712233784847,-20.74514352142589,-277.9013249748323,-39.89537063562063
549,-315.29699455183413,-144.3751553963366,-278.3584240791632,-41.17198845517057
550,-187.76173812484487,-52.390170114012825,-276.29484332490415,-41.55187767338222
551,-136.85692733679628,-72.85896032515093,-273.93143974442035,-41.64934541597037
552,-47.06665470159866,-71.78237175994568,-271.9862963346647,-42.21009065869004
553,-159.2373371727287,-58.09140518221989,-271.3791412260556,-42.1125862697654
554,-212.66215908590064,-92.39645733689963,-269.99641212585584,-42.836618092417154
555,-174.34066510710437,-17.538317131592652,-267.84491189965286,-42.79952937328173
556,-148.68261356513077,-129.8431734647302,-267.00031797797175,-43.912464349864926
557,-178.70899258876267,-21.110224682485057,-265.33440443173225,-43.92242027293539
558,-121.02681650688375,-73.63447322313849,-262.7431409924209,-44.46358982092106
559,-111.04774537757467,-64.30274624690506,-261.225655212678,-43.7874429242347
560,-421.4453521361084,-29.853462580210756,-263.5841036141391,-43.719445554729504
561,-174.9507978304383,-89.71421096537219,-261.35591911798383,-44.44195696664614
562,-294.8703992328887,-75.19127406755149,-260.7319076820247,-45.03410198979169
563,-155.56267700012174,-109.55823054563982,-258.15358513319444,-45.93234390947376
564,-254.13961558104393,-93.97264814691248,-258.5713290267207,-46.23521663074842
565,-241.3570095512177,-78.1971234711571,-259.57548168461767,-46.761692740486545
566,-353.0576500227703,-21.539947825740274,-260.05421451045913,-46.800089604208246
567,-163.3847454821285,-19.12645292886337,-259.2641690141889,-46.323944659795075
568,-383.306332592665,-60.13437131894624,-259.48087062411525,-46.76799253101211
569,-96.59058557908394,-47.07243432193485,-256.4295106355119,-47.08799016888078
570,-294.7569000523816,-17.579258032017318,-257.0503442466707,-46.7421486285141
571,-353.6528972458838,-69.86692308349285,-259.04339508784307,-47.24552467068976
572,-164.3842253945742,-38.33186077163333,-257.5634563761186,-47.136607417763564
573,-244.30924764309765,-95.17876895620797,-258.62406624190896,-47.50507832922071
574,-202.94385437243307,-19.462504268736826,-256.77543280128606,-47.49310916418894
575,-464.9286975313499,-64.01636541005334,-258.49112093695715,-47.47495002629811
576,-261.04011168193466,-64.00481506512948,-256.9410302126283,-47.8954673860022
577,-289.64622705052676,-67.07418493695087,-257.9686524651919,-47.99707612536007
578,-351.41621936504043,-18.79537167872091,-259.27677847682827,-48.00926729065427
579,-161.91642598271386,-95.71981907927132,-258.8825958249569,-48.55594264387813
580,-290.1110831587627,-26.65802244030957,-257.8036492978535,-48.2257408173424
581,-383.812161963367,-13.639119156982966,-258.5095994237079,-47.71133492860947
582,-186.31275484100988,-17.52487286218092,-257.61856415209695,-47.70616692554887
583,-382.85782786172416,-38.791396147262816,-259.7711916931681,-47.9033249232749
584,-220.31688358057104,-59.202277579291206,-257.4218449927222,-47.47377713311669
585,-106.98248473519658,-21.827789653925883,-255.88209581233644,-47.50996929145412
586,147.24311298483767,-20.669432181249043,-251.11774496945762,-47.53142455420987
587,-167.20427951739023,-95.23937304394931,-252.13450581020024,-47.88727744428977
588,-287.603017823576,-16.799549071441948,-250.62012106230503,-47.13054227824029
589,-278.8417508812398,-17.59463876818038,-250.41828055686716,-47.12347077766887
590,-202.6154047673879,-21.021938956696545,-248.84953918886595,-47.144294330124815
591,-202.57208983782547,-26.411791983463758,-247.7704846559359,-46.771708072917775
592,-301.46495901813586,-21.293051004336046,-247.97196339716504,-46.772707981300236
593,-352.4478177577799,-18.609403656092816,-246.14898430587155,-46.745400636084646
594,-294.93983209271784,-17.162119815257014,-246.90366461056385,-46.00831359871393
595,-223.21121560772121,-15.822192653350776,-245.51841478945119,-45.249922908145884
596,-439.5321529185693,-14.029674329404067,-246.28761581985088,-45.20542409186087
597,-147.1743117664556,-22.51133257832203,-242.19127873406148,-45.25093987332117
598,-148.0130957631015,-23.305561187531406,-242.77180564020517,-45.06813635591529
599,-193.3139893772892,-17.343220723210475,-241.4740884182598,-45.07008059032123
600,-202.1581209318111,-66.04169046112804,-240.44791004739272,-45.450464517440224
601,-235.81992542081466,-16.636846593180096,-241.37508196656276,-44.52039114375046
602,-17.393062804651713,-20.282931801770825,-239.32645028918446,-44.28308619187324
603,-356.43297787640637,-135.46381437369394,-239.61202475188017,-45.479237834087115
604,-276.869193469159,-20.41443424421189,-240.42655929009527,-45.49699805982175
605,-222.24389450859803,-19.512802657530656,-240.20520408428885,-45.08441844902084
606,-334.65940047956656,-16.09984459677711,-241.7917907405718,-45.03336214005893
607,-349.8027908570024,-13.437035310024116,-243.1805074057122,-44.977522595228486
608,-283.8630866474665,-50.493386135486396,-243.09886929586594,-45.24338230278696
609,-148.88999037483052,-21.515860286229827,-242.56251319009348,-44.77941401477424
610,-302.43244081419095,-14.230525537226933,-241.49346063813692,-44.775789239674054
611,-165.83632158484062,-17.889253314751876,-239.980567797316,-44.75509583374137
612,-215.80822571246534,-17.201556242194854,-239.5384575798893,-44.44813754519805
613,-349.82732739713236,-11.479637068006225,-239.12617597637166,-44.424015121952834
614,-234.6724115961063,-37.19820072587906,-237.79112027453206,-44.10983686141617
615,-226.8627949233893,-31.362322044335677,-236.818653394988,-44.26115506825087
616,-270.88768171762143,-29.336967719718565,-237.98350637451645,-44.3684164900308
617,-146.61281546020408,-18.822702842974145,-236.37110062506343,-44.37439186442874
618,-152.81460371723884,-19.281621720301754,-235.26921144529118,-44.420925428537394
619,-220.0256251441939,-50.66415807576724,-235.2014850689661,-44.73391358207787
620,-151.21747103158253,-80.82085098896317,-233.4076337779193,-45.29970532970288
621,-139.2152440203642,-23.23824931479638,-233.3596576145574,-45.26455425377905
622,-282.51505878754745,-59.432506101663556,-235.02221048826755,-45.04859470898308
623,-136.59719750222445,-16.036195590142356,-233.60456721693853,-45.03318495936607
624,-203.77586539798978,-14.13749772123105,-231.34806928222378,-45.01907335388145
625,-319.8111859957991,-41.50115059395611,-232.87511827095932,-45.250915525291056
626,-250.06970238452496,-13.192865925468965,-231.19348606908636,-44.936291850083414
627,-206.96886528646417,-13.721212761107596,-230.1085966948666,-44.622026323564334
628,-73.14346093420049,-18.056712041326207,-229.28045491121682,-44.39924176783653
629,-217.29082794085323,-54.85577680353246,-228.8808033864963,-44.32823498013355
630,-405.6798936358325,-18.083788763011004,-231.01483305506994,-43.668824992720175
631,-204.99089600035,-42.09723212491196,-229.87281353454458,-43.95558896372419
632,-449.16870976640433,-13.541149508850024,-233.10690420948734,-42.90863209392181
633,-123.50761509610703,-17.67461203599908,-231.72825471831155,-42.882736158068674
634,-136.89728424099306,-69.6575170071305,-231.21723608479863,-43.40965980334942
635,-185.18142167221632,-18.496579186223848,-229.87368743693833,-42.87856898879986
636,-206.8705775428079,-54.76350790821561,-230.14143177407914,-43.233109914404764
637,-268.86894667524,-72.00040565180305,-230.7787943517428,-42.44631037542561
638,-123.26880057515211,-24.080508974306003,-230.2395141273834,-42.495867626075515
639,-163.93468291584773,-16.33267853459903,-230.03614118883996,-42.16498433147707
640,-161.88873974440102,-19.41599381720011,-228.97542064361477,-42.08628692374955
641,-240.40460197071687,-54.72781586054647,-227.76241202498883,-42.38497710834774
642,-226.64437596420444,-18.000044271817075,-228.3734347485451,-41.544067435307674
643,-446.1749028577329,-14.677893346222094,-230.06690686922263,-40.94141391276725
644,-259.1986529760657,-16.81989116047994,-229.43862612603564,-40.8696980633475
645,-160.90051519895627,-56.066972421116,-230.04825107489575,-41.2287138588606
646,-606.9614057244871,-11.275014894962675,-235.04674883919506,-40.66149082658298
647,-169.09951773656823,-25.168301926368184,-231.92362950124354,-40.44153900618964
648,-180.06231756566908,-59.51679897382955,-231.96654044311538,-40.82925556071368
649,-183.6139549763216,-23.360861003879915,-230.64971004736026,-39.61911261678912
650,-225.64168198980852,-85.5487866067357,-231.02850948600988,-39.95069878171634
651,-282.788919915091,-16.270265865661038,-232.4878294117928,-39.38481183712145
652,-287.58692984690646,-40.82342905999714,-234.89303216324592,-39.07522241012197
653,-199.46911273877578,-21.68185590456249,-235.2953499189064,-38.71112691734539
654,-313.17693256867256,-14.312623831645531,-236.3004976537341,-37.930288582292846
655,-194.25596316289077,-72.26337658463088,-236.49965063429198,-38.47753917682323
656,-314.1108828015763,-17.181306437130026,-238.15393332665647,-37.350920506547226
657,-336.7800855443652,-43.03057215114856,-239.73464425621245,-37.57012398123387
658,-189.0274573536482,-80.90188279208746,-240.41465066468012,-37.642798076923356
659,-272.62844755114963,-20.713643640042747,-242.03045768641587,-37.20690705085473
660,-178.64444783936287,-44.631492204340404,-239.60244864344838,-37.354687347096025
661,-433.73121047408534,-16.068749129356632,-242.1902527698849,-36.61823272873586
662,-378.8614645535765,-55.88410237735275,-243.03016342309178,-36.42516101183388
663,-306.91489916704097,-14.162672766941034,-244.54368564476096,-35.471205434046894
664,-249.36869135167078,-16.91974740252363,-244.49597640246722,-34.700676426603
665,-133.0779166279157,-19.494361497342087,-243.4131854732342,-34.11364880686485
666,-157.0817305289609,-31.31497216449382,-241.45342627829606,-34.21139905025239
667,-222.85578655885305,-19.636117747641265,-242.0481366890633,-34.21649569844017
668,-372.2103260792607,-16.555818540339185,-241.93717662392928,-33.780710170654096
669,-279.97396324901354,-65.04352309791877,-243.7710104006286,-33.96042105841394
670,-141.59847198424507,-21.324133095814513,-242.23942611994724,-33.99786980905191
671,-260.8632110389033,-122.68157511735835,-241.31152925787742,-34.526016329390565
672,-188.99884769934187,-47.91917860475422,-241.55767548092507,-34.621889507721775
673,-247.74797802905556,-111.8182881241569,-241.59206278478467,-34.78828469940126
674,-211.02138330194657,-22.061141948507625,-241.67283807407978,-34.81427107619896
675,-135.35721998506574,-18.28131851306557,-238.37712329861694,-34.356920607229085
676,-250.9490847155521,-19.271691805660282,-238.27621302895312,-33.90958937463439
677,-151.54634483793663,-25.22320465136165,-236.8952142068272,-33.491079571778506
678,-110.1107213591429,-76.10808192257974,-234.48215922676826,-34.0642066742171
679,-153.6057184963224,-17.555938244724555,-234.39905215190436,-33.28256786587163
680,-190.16437614439434,-19.35579562783396,-233.39958508176068,-33.209545597746875
681,-187.14201131986792,-74.12869710936987,-231.43288357532566,-33.81444137727075
682,-65.53299868209551,-70.34753092949504,-230.22508601373653,-34.34266795794389
683,-181.22478983144492,-26.11549170234486,-228.20875563343373,-34.21590891349471
684,-122.18088552919191,-18.353849565734397,-227.22739565291994,-33.80742463335914
685,-165.93812392759577,-22.78470490606132,-227.81695204484393,-33.81699378588049
686,-150.0423970163775,-58.06184503376109,-230.7898071448561,-34.19091791440561
687,-254.993595866645,-17.756243761572883,-231.66770030834866,-33.41608662158184
688,-295.8718628059256,-24.158165770166857,-231.7503887581721,-33.48967278856909
689,-90.83811333763965,-17.876336735830996,-229.87035238273612,-33.49248976824559
690,-288.23707690051475,-87.15977130720712,-230.72656910406738,-34.153868091750695
691,-83.23512660368844,-19.535479632271276,-229.53319947172602,-34.085104968238774
692,-281.8203317934383,-91.3148743658657,-229.33675319947906,-34.78532320185407
693,-136.30617060820035,-102.2704071152141,-227.17533672798325,-35.62193323644529
694,-139.92183269079615,-22.50609376885269,-225.62515673396405,-35.67537297598125
695,-249.51724636112402,-114.0205961676692,-225.88821704149808,-36.65735701112443
696,-93.87559376522943,-18.711335945945933,-222.4316514499647,-36.70417362728985
697,-198.8154823225722,-22.50098985137009,-222.9480631555259,-36.70407020002033
698,-90.61006681769821,-22.40944287881356,-222.37403286607181,-36.69510901693315
699,-55.54580793035939,-70.86995076831485,-220.99635105160255,-37.2303763173842
700,231.15841290357517,-18.709541609800176,-216.66318571324865,-36.75705482887092
701,-202.64635588618185,-19.247726711269728,-216.3314500179023,-36.783163630051824
702,-138.02696038604228,-24.89888893979031,-217.53778899371622,-36.82932320143202
703,-558.399407925827,-56.227068139930644,-219.5574532942104,-36.036955739094374
704,-279.5971674086741,-19.30122661435371,-219.58473303360557,-36.025823662795794
705,-118.9435943701898,-59.86704323578284,-218.5517300322215,-36.42936606857831
706,-103.68295127404204,-20.641802829944684,-216.24196554016623,-36.474785650909986
707,-192.83249477358623,-29.294127070666125,-214.67226257933208,-36.63335656851642
708,-271.19201821369614,-24.000541006278716,-214.5455518949944,-36.36842811722433
709,-196.33208267117084,-18.94197663376908,-215.01997281795778,-36.34268928069973
710,-204.07695045624126,-80.04960577968643,-214.0364179143783,-37.00088008312432
711,-139.51882935734304,-20.361878612407104,-213.77324299210332,-37.02560633610087
712,-120.74601181210018,-100.77653322005384,-212.82262085309966,-37.86135610587946
713,-130.26144092316372,-20.85095456100385,-210.62696198835997,-37.95506928080945
714,-152.03758829641117,-19.94521884730562,-209.80061375536303,-37.782539462023706
715,-199.26545158222686,-36.693761561207104,-209.5246403219514,-37.835853857192426
716,-322.18260089275896,-17.3697697389008,-210.03758951370278,-37.716181877384244
717,-199.59938404471322,-62.1636181888273,-210.5674551995479,-38.14959103084277
718,-146.1260773668162,-22.21788826527418,-210.50056993604366,-38.178953696292496
719,-127.5551475130667,-19.719618227986167,-209.5758651597324,-37.86950829781468
720,-231.14084557546022,-113.85458665283488,-210.37509890517117,-38.1998456544534
721,-157.74012296295427,-57.51357535896422,-210.56034769459706,-38.54259891489508
722,-224.018972437853,-20.745078563141597,-209.9753868311001,-38.155724639509856
723,-315.58521135191484,-25.998078200853016,-211.76526696959704,-38.25534346561697
724,-92.49550418369552,-20.79289751395297,-210.65246335745408,-38.32189746354419
725,-428.6540718663979,-17.882450353481705,-211.7408922161601,-38.08571046113945
726,-170.2657935891815,-17.87658851299324,-210.94285312820665,-38.1325476870147
727,-268.10489123930284,-64.2072334203178,-211.55421338773502,-38.63740789360679
728,-239.66884071116917,-49.54109970605966,-213.2194671855047,-38.95225177025413
729,-305.0976227003462,-63.502961474643925,-214.09753513309965,-39.03872361696524
730,-215.79137781867666,-23.53320435573338,-212.19864997492806,-39.09321777289246
731,-307.35191317171814,-17.719724907126405,-213.22226014664176,-38.849442700714604
732,-400.073336463942,-15.508796456924738,-212.73130641361712,-38.86911917019535
733,-266.3139353841355,-16.583037215929203,-214.1593696164974,-38.85820342199465
734,-266.83384591092437,-116.94460633791736,-215.4587352331967,-39.33107431530252
735,-162.13286028346533,-19.140792704405918,-215.22824961930922,-39.337516450484344
736,-221.7081639911515,-60.882414439511244,-215.37662548379268,-39.3987055157973
737,-186.33726465427287,-72.9052939851851,-214.551308663583,-39.40775439913113
738,-234.6593607989954,-62.53531860157712,-215.66521426582142,-39.79230249540384
739,-235.89524985653776,-18.234495407049387,-216.3848199352283,-39.81132066412834
740,-302.4549480619044,-52.89091386432289,-217.79048201840334,-40.146069864599575
741,-148.05981706377915,-65.39246366891528,-216.86703416933395,-40.25271634268326
742,-307.0922523960384,-20.840922431273228,-217.6715129336523,-40.281125124277814
743,-259.7006242161185,-16.3476129653653,-215.80677014723616,-40.297822320469244
744,-350.60711379847845,-48.30349738531923,-216.72085475546027,-40.61265838271764
745,259.25210414956393,-67.3616434222065,-212.51932856197507,-40.72560509272854
746,-406.9504538585848,-14.782042448297226,-210.51921904331604,-40.760675368261886
747,-235.30165096628645,-17.968895056834526,-211.18124037561324,-40.68868129956655
748,-125.57290372856416,-27.007122937605015,-210.6363462372422,-40.36358453920431
749,-261.47482028482017,-109.05377684435177,-211.4149548903272,-41.220513697609036
750,-372.28126815311913,-18.449181780684057,-212.88135075196033,-40.549517649348516
751,-189.596269827814,-31.731782888404716,-211.94942425108755,-40.70413281957595
752,-44.91636933040641,-20.386799895613226,-209.5227186459225,-40.49976652793212
753,-153.94921437132206,-19.26273652329592,-209.067519662248,-40.47557533411945
754,-432.9385652415907,-18.79045988330902,-210.2651359889772,-40.520353694636086
755,-137.8215981893772,-61.78141537472319,-209.70079233924204,-40.415534082537
756,-323.1815835552767,-16.72918570684957,-209.79149934677903,-40.4110128752342
757,-208.04054983837608,-64.07749201825328,-208.50410398971914,-40.62148207390525
758,-162.3773741193937,-58.84487161281794,-208.23760315737658,-40.400911962112545
759,-482.52005521734327,-41.866373829008865,-210.33651923403855,-40.6124392640022
760,-99.91279997372581,-21.54073575135444,-209.54920275538217,-40.38153169947233
761,-236.84516533698385,-18.292172758366068,-207.58034230401117,-40.403765935762436
762,-93.79272528179811,-50.87083184455856,-204.72965491129338,-40.35363323043449
763,-171.61764328228384,-18.4773426039225,-203.37668235244578,-40.39677992880431
764,-303.5616551416434,-86.58604893501357,-203.91861199034554,-41.09344294412921
765,-261.4411333075819,-65.30693837555549,-205.2022441571422,-41.55156871291134
766,-249.0777130854242,-16.23183816821839,-206.12220398270682,-41.40073737294859
767,-92.69726318091475,-21.72432289340026,-204.82061874892744,-41.42161942440618
768,286.6009341237505,-16.579696409822127,-198.23250614689732,-41.42185820310101
769,-273.2848785388128,-54.777883427696224,-198.1656152997953,-41.31920180639879
770,-132.33839930204078,-71.87309356903961,-198.07301457297325,-41.824691411131035
771,-193.05138480475492,-22.944099937002854,-197.39489631063176,-40.82731665932748
772,-146.75474271253964,-18.3236466724197,-196.97245526076375,-40.53136134000414
773,-223.6839772592026,-18.608980933328667,-196.7318152530652,-39.599268268095855
774,-223.79110874797357,-18.81278394953087,-196.8595125075255,-39.56678468810609
775,-87.37573302586821,-21.391647743848235,-196.37969763793353,-39.597887980413915
776,-266.6624672622936,-17.12241806831625,-196.53683146340094,-39.57639524304047
777,203.0605641906078,-18.730466314334954,-192.9907623731155,-39.511467859670205
778,-144.2385882128637,-18.722037818272117,-193.3320410416527,-38.93760741862713
779,-118.06751810055539,-21.653388567316508,-192.97665903769501,-38.978581921853056
780,-162.75328926302262,-54.141358562173835,-192.7025481688813,-39.326437551196456
781,-357.6930016984613,-23.076689285432142,-194.40805807266725,-38.815917472957075
782,-98.20953697003625,-19.656636446340812,-194.7348234555467,-38.30900852812553
783,-125.19445530133152,-17.55550910846179,-194.17452011024557,-38.2234087021867
784,-250.1376885677599,-18.10332956775298,-195.45408814063123,-38.22090350220689
785,-148.08128077813643,-20.650334869763682,-195.27551970913663,-38.19955980184391
786,-241.75720073248377,-91.92787497898725,-196.1926677462977,-38.538220101296176
787,-183.73088228730526,-20.08542430938131,-195.4800406105043,-38.56151190677426
788,-211.05916415828403,-19.762584253470507,-194.63191362402785,-38.5175560916073
789,-193.95506940486766,-17.743467172619866,-195.66308318470013,-38.516227395975186
790,-250.97564747887913,-20.66584056522909,-195.29046889048377,-37.8512880885554
791,-213.90786202486635,-51.33834904471507,-196.59719624469554,-38.16931678267984
792,-119.61926112046699,-53.73415946694509,-194.97518553796584,-37.79350963369063
793,-127.37744078714292,-18.627992567101217,-194.88589823975528,-36.9570854882095
794,-299.7803500898034,-19.771412904940878,-196.48448341374538,-36.929738679570384
795,-271.79438233635733,-19.760191320282022,-196.7072547734977,-35.9871346310965
796,-70.77313508720158,-19.4044181028706,-196.47623018671743,-35.99406545266576
797,-149.28934672573786,-88.01448740333498,-195.98096883074908,-36.64920042818541
798,-391.38504002624404,-15.579294950201799,-198.98871856283455,-36.58089894889929
799,-257.24653868778597,-68.72781334647205,-201.0057258704088,-36.55947757468087
800,-308.69564587404454,-33.77632592538505,-206.404266458185,-36.710145417836706
801,-268.7478987921943,-19.674226161832284,-207.06528188724513,-36.71441041234234
802,-284.5649397816709,-50.58071310525431,-208.53066168120142,-36.971228653996974
803,-337.4103495947496,-22.406304659802736,-206.32077109789063,-36.633021019195695
804,-115.56149052959996,-19.784680000213633,-204.6804143290999,-36.6378555530543
805,-197.02746448248521,-21.17431519153684,-205.46125303022285,-36.250928272611844
806,-155.66992504202048,-23.244759320616716,-205.9811227679026,-36.276957837518566
807,-258.7993981942824,-68.44148891993191,-206.64079180210956,-36.66843145601123
808,-316.85048416904476,-24.23023919758328,-207.09737646166306,-36.67072843792427
809,-204.50290904437662,-22.824473247869335,-207.1790847253951,-36.70955340406527
810,-367.2948526802432,-21.848456250578476,-208.81126374763514,-36.127541908774184
811,-346.25913558099296,-18.70547998068734,-210.87866680987165,-36.11097792245699
812,-174.25115759116306,-18.813158081140205,-211.4137182676623,-35.29134417106785
813,-161.92756573106433,-79.22136961549786,-211.73037951574128,-35.875048321612795
814,-271.7802663940396,-54.28005244984915,-212.9278062967176,-36.21839665763822
815,-247.05171192326304,-70.44447527241013,-213.40566890012795,-36.55590379475025
816,-229.50578722633324,-70.07000703098412,-212.47890076346368,-37.082906167671084
817,-201.44327565700877,-65.19822729197571,-212.49733967958664,-37.11325225870257
818,-386.7866226350552,-82.89439447783629,-214.90394513226903,-37.7200173208282
819,-330.55725076460953,-16.606744901901855,-216.93396616478447,-37.68888858756736
820,-167.17453235948375,-140.48984001991505,-216.2943030326247,-37.95524112123816
821,-187.75694351330188,-26.315506221433818,-216.59447123812816,-37.643260429862856
822,-221.89641709449012,-22.935698080955074,-216.57324568469454,-37.66516662504098
823,-207.98491439919422,-73.60497433056518,-215.4972427151673,-38.141235586338105
824,-195.36407368629688,-21.675607861703785,-216.52592841019333,-38.15006268981561
825,-193.46934037091947,-129.04783648202098,-214.17408109523853,-39.261716551101
826,-305.2043507058496,-20.434180683868195,-215.52346666640523,-39.28729247280975
827,-233.9448242659126,-110.33702506312625,-215.18186599667135,-39.74859038923785
828,-110.79470845306507,-20.980435636708158,-213.8931246740903,-39.462983748544325
829,-372.55039038362145,-28.59372002541781,-214.56765235092305,-39.11389133405206
830,-179.92030208079495,-29.416922030680638,-214.2089415935442,-39.172728510801534
831,-192.67945570690105,-20.541218943921344,-213.06221701889604,-39.200943451169486
832,-53.51355559496321,-64.7355059004951,-209.59661921020626,-39.69321054560519
833,-284.8908087316553,-51.63010293368986,-209.78238794368144,-40.0436812027828
834,-169.35532850649562,-101.08432363416121,-208.80760276963716,-39.885078375745245
835,-48.28255346800833,-101.33081827274201,-207.66909970148257,-40.706978631428605
836,-318.2088776727294,-46.966889885267285,-208.63410683829832,-40.567823385886165
837,-179.2328773103806,-122.74827358213174,-208.56306296485943,-41.06625318185563
838,-195.50950423346208,-68.48812857942649,-208.1715643992041,-41.12578128163412
839,-34.00661973817789,-54.395067655604244,-206.15267809802052,-41.48738700411967
840,-198.0458703302863,-17.74690907456816,-205.10858732070437,-41.13594695622212
841,-170.55447639013633,-68.24750869039472,-205.33353391396795,-41.164497406436915
842,-127.96123490443236,-57.22931378145479,-203.5422237390519,-41.52838131993873
843,-211.86913530258252,-30.243672990652414,-203.06390884991654,-41.6673419201916
844,-235.3569363939453,-61.927075014372285,-201.91140707587118,-41.80357769648213
845,-8.499394679650836,-21.534476049787138,-204.58892206416334,-41.34530602275793
846,-68.00022307715552,-22.495786846192033,-201.19941975634902,-41.42244346673689
847,-205.835793099397,-23.10388439476319,-200.9047611776801,-41.47379336011617
848,-179.53166138253246,-19.55616144047936,-201.4443487542198,-41.39928374514491
849,-192.04306722334476,-59.11753360430362,-200.75003122360502,-40.89992131274443
850,-43.34636941524185,-23.061615998643934,-197.46068223622626,-40.946045654924035
851,-259.8103776462303,-71.88092523752749,-198.16282331441042,-41.347537078415264
852,-34.029127899446074,-37.43947854239448,-198.0539509001008,-41.51806386488307
853,-289.6480429686606,-17.326129679202605,-199.41093918607422,-41.49869779644214
854,-128.44626306150775,-153.19480260590095,-196.36601616427342,-42.84274122366806
855,-203.90484071827095,-21.41830627728451,-197.02684858956238,-42.43911013269368
856,-195.50335772471266,-53.11207226423387,-195.7500663312567,-42.80293899826752
857,-265.2340752731393,-61.257673769366164,-196.32200158560434,-42.77474081577865
858,-170.8468378225547,-64.8159936051738,-196.40669622263593,-42.834452035702206
859,-129.7768656549722,-79.16099484726242,-192.8792643270122,-43.20739824588475
860,-200.3962902730998,-21.39898241016589,-193.88409923000594,-43.20598071247286
861,-101.63440488301366,-27.050933921335556,-192.53199162546625,-43.293568324102544
862,-132.34424305608383,-19.378603138924483,-192.91750680320914,-42.978646037046204
863,-217.5282940187923,-69.44344207889965,-193.3766133105742,-43.48830703179597
864,-359.7728787884932,-21.44760565498048,-193.9387255470427,-42.83692259899565
865,-194.11119276724546,-19.684465463349987,-193.26542614163935,-42.38069786987359
866,-96.54003003251331,-19.672490005389697,-191.74004931111023,-42.415104388245304
867,-163.58501381811925,-63.96127725861468,-192.4489268174823,-42.83747393189745
868,-76.40142445901108,-44.63591794832106,-196.07895040330988,-43.11803614728244
869,-232.96070452232627,-20.047429603428196,-195.67570866314503,-42.77073160903975
870,-371.1868336246945,-23.26401754958066,-198.06419300637154,-42.28464084884517
871,-136.6323526794591,-24.137683751992014,-197.50000268511857,-42.29657668699507
872,-204.24440701708474,-23.037998009874883,-198.07489932816407,-42.34372020036962
873,-178.647766546785,-24.301891357631334,-197.6245372210399,-42.40064930461264
874,-194.8521792636742,-17.931924969075165,-197.3351479261969,-42.39184071480808
875,-121.75132591514735,-20.789879660218727,-197.6789038550897,-42.38582303397178
876,-405.33402919373657,-19.080013525630175,-199.0656194744041,-42.405398988544924
877,-238.07420036289594,-50.03782389351519,-203.47696711993913,-42.71847256433672
878,-148.746566670116,-72.04687031060803,-203.52204690451168,-43.25172088926008
879,-213.0675702487877,-57.39127688289288,-204.472047425994,-43.60909977241584
880,-178.475428312894,-19.428418747420874,-204.6292688164927,-43.261970374268316
881,-148.23230906714238,-19.409434410957584,-202.5346618901795,-43.22529782552357
882,-377.8811301614565,-17.37292115458153,-205.33137782209369,-43.20246067260598
883,-259.45123288073574,-19.286569290060672,-206.67394559788772,-43.219771274421966
884,-131.0148949872707,-72.65829621915975,-205.48271766208285,-43.765320940936036
885,-259.40960696997377,-22.896505044942337,-206.5960009240012,-43.78778264268782
886,-324.6938764361646,-19.214770524668655,-207.42536768103807,-43.06065159814464
887,-111.83072589205725,-20.35575000906289,-206.70636611708557,-43.06335485514146
888,-157.5968416494736,-21.45011739517249,-206.17174289199747,-43.08023018655848
889,-192.66728461562127,-22.968842494622336,-206.158865044105,-43.13248393977851
890,-77.31442852560114,-69.86617925268855,-204.4222528545722,-43.624487326653096
891,-219.6445524876057,-20.54424637328501,-204.4796197591996,-43.3165462999388
892,-138.24439455540698,-23.667941334849264,-204.665871093549,-43.015884118617834
893,-305.3000040784359,-59.51845284458377,-206.44509672646194,-43.42478872139265
894,-86.005452367239,-22.310810548846323,-204.3073477492363,-43.450182697831714
895,-154.80307932688072,-60.21399463888581,-203.1374347191415,-43.85472073101775
896,-254.50349156740333,-17.854373202129583,-204.9747382839435,-43.83922028201035
897,-64.32027145831135,-22.36344432620451,-204.12504753126927,-43.18270985123904
898,231.719818744662,-21.928262685740883,-197.8939989435602,-43.24619952859443
899,-253.08834505969858,-41.47028314188917,-197.85241700727929,-42.973624226548594
900,-168.35107203733637,-21.985011644781405,-196.44897126891223,-42.85571108374256
901,-156.02878440796326,-44.644746534037964,-195.32178012506992,-43.105416287464614
902,-83.68635319212575,-86.05084490208121,-193.3129942591745,-43.46011760543289
903,-298.19720553100564,-19.435310911875767,-192.92086281853707,-43.430407667953624
904,-202.69556020674887,-18.327298859741,-193.79220351530856,-43.41583385654889
905,-305.3357408198782,-28.26555449348483,-194.87528627868252,-43.48674624956838
906,-139.5997044064285,-23.608352775297085,-194.71458407232657,-43.49038218411518
907,-97.13944538024364,-36.784581236972706,-193.09798454418618,-43.17381310728558
908,-367.1021288004329,-23.533028843386848,-193.60050099050008,-43.16684100374363
909,-152.25696667713572,-67.0568412023505,-193.07804156682766,-43.60916468328844
910,-130.37784962113955,-20.439868376759474,-190.70887153623664,-43.595078804550255
911,-149.84334149775765,-20.136713408855734,-188.74471359540428,-43.60939113883193
912,-151.36935452222525,-22.228491985052404,-188.5158955647149,-43.643544477871046
913,-116.10732980279683,-53.478125343959334,-188.0576932054322,-43.386112035155655
914,-146.9700520831341,-94.01710262933179,-186.80959106232314,-43.78348253695049
915,-269.37673587730444,-17.711145886688794,-187.03284130186356,-43.256149243093276
916,-204.8573472284676,-21.555110861101323,-186.78635690188491,-42.77100028139445
917,-112.95990338690831,-18.609860836837587,-185.90152317918393,-42.30511661684307
918,-143.39386652151063,-18.383748584760333,-183.46759561804845,-41.66001015791231
919,-195.98232774095086,-23.448110029855876,-182.12184638781187,-41.72842380919186
920,-269.80695292719037,-51.505507604253,-183.1481705934889,-40.83858048503523
921,-276.2086629796182,-25.452934401988795,-184.03268778815206,-40.82995476684078
922,-199.48916903923347,-19.25105835136174,-183.8086153075995,-40.79310836954484
923,-237.95688506340798,-59.827050386618,-184.10833501424167,-40.65532913010537
924,-92.42484703805708,-20.018451504784196,-183.0789427477593,-40.63875756653618
925,-242.14464473287723,-73.57111352350158,-183.5656957913789,-40.08399033695099
926,-188.23328252056652,-22.275676843298573,-182.39598510952607,-40.1024052985453
927,-204.18694800806838,-61.90882012137636,-182.0984063469476,-39.6181232491278
928,-123.65467357103229,-19.14856557259156,-182.22700599812725,-39.599804548486624
929,-180.50869911768768,-19.619884899516894,-180.3065890854679,-39.51006619722761
930,-217.43163286517455,-65.62138848568124,-180.68170239331172,-39.872110861777614
931,-188.78769613773932,-19.474705300910998,-180.6427847976201,-39.86144572534751
932,-263.041717867632,-18.771487218895697,-182.73806642034677,-39.40180553853152
933,-182.16523409401253,-20.62117630457774,-181.71081067397034,-39.091716272240404
934,-238.08479385293785,-27.403911785677888,-182.39810532743476,-38.35491215375557
935,-194.56955562394185,-38.57536046972077,-183.8609753489941,-37.72735757572536
936,-115.98796073399453,-70.17753348048149,-181.83876617960675,-37.9594640116775
937,-207.10395538446286,-20.577814222932385,-182.11747696034757,-36.9377594180855
938,-109.01155968912792,-18.605032059421212,-181.25249751490423,-36.43892845288544
939,-205.21660242887637,-18.30094806602259,-182.9645973418112,-36.07798725698963
940,-244.3780106752086,-18.024997332543435,-183.42791874526046,-36.080768139569386
941,-151.53324744988043,-52.56599073888306,-183.23770645585788,-35.92395296005427
942,-192.38414106734888,-22.91670309258466,-183.88193551748705,-35.58082685316557
943,-297.3172442978923,-68.38713552785278,-184.7364166074401,-35.96226147853757
944,-234.00508685431515,-17.56421983304939,-184.72289811204382,-35.51863292672434
945,-234.3273536305252,-18.287494525178836,-186.98117770155258,-35.486163111478255
946,-193.95126411707602,-18.85446164127623,-188.2406881119518,-35.449749859429105
947,-231.06991651133825,-19.79852943354111,-188.49302934607124,-35.416696309816885
948,-159.83361633151506,-98.5824784015349,-188.29604889556103,-36.20695947942744
949,-281.61538762695625,-16.607038972238044,-189.19177209959716,-35.78185453310678
950,-162.98542252017074,-19.065891799826378,-190.38816263064643,-35.741897291118605
951,-339.48147297377966,-17.029242135455956,-191.18487358392193,-35.193380460097885
952,-208.90363578957303,-69.16030980895906,-192.9336186628232,-35.51058877276353
953,-89.8701250418465,-20.193823053560095,-190.93583948355507,-35.539265706507116
954,-312.4501874431423,-18.6384558447736,-192.7758787273714,-34.19370223889584
955,-148.1401110377825,-21.956300649847925,-192.21823143056653,-34.19908218262148
956,-225.83480569362294,-18.592618532180865,-192.52154591025564,-33.85388764530095
957,-170.12972482143104,-20.629070520430105,-191.57050240573855,-33.44760161281159
958,-219.51326109398696,-58.21923222436942,-192.05716663845288,-33.38163399900354
959,-77.65072700265256,-20.393405992345578,-191.53590525192968,-32.79395811045437
960,-99.69269441807253,-33.755904005669656,-190.52886929337942,-32.917527326409406
961,-199.70205437780865,-18.56470196902577,-191.50954578832736,-32.83266500688631
962,-153.6293023057843,-23.62148889734868,-191.72239638082436,-32.87509386447055
963,-200.42691379231832,-20.831368297199557,-191.55138257855967,-32.38897312665355
964,-267.52733599870794,-136.61493085940532,-190.62892715066178,-33.5406463786978
965,-117.3415980136023,-17.965803270858316,-189.86123120312533,-33.52345975677287
966,-195.64686018675076,-26.530646186099617,-190.85229950466768,-33.59204131857997
967,-186.19309969703065,-27.406644611514626,-191.0783803634568,-33.22649499210898
968,-121.47753546532566,-18.546167616055765,-191.52914147351993,-32.96559748878632
969,-197.2322202331437,-179.63482158921008,-191.17185663062813,-34.561471408644145
970,-104.3604551878568,-72.5911736809832,-188.50359284625975,-35.05474296995818
971,-206.471283551288,-105.6455142442111,-189.20198215497805,-35.869821274880366
972,-258.80204391944113,-26.604684218475448,-189.74755852400162,-35.905488136966376
973,-183.68561276306647,-38.1216593981106,-189.79793698616442,-36.04368581737117
974,-84.56713307073558,-86.26233196819308,-188.69508652423505,-36.72698988736234
975,-195.83218703712782,-21.761797900432157,-189.43589513545484,-36.73670906976447
976,-142.6689978778084,-127.98733552807404,-186.80924482229554,-37.82578228978891
977,-344.78238084317326,-58.17648751151789,-187.87632662709834,-37.90716892596894
978,-190.16618536271534,-60.62281579368699,-188.2905228140243,-37.79292838079973
979,-176.86166329826676,-75.33427160641969,-187.92846374451912,-37.97235832803499
980,-167.6508174548519,-22.37379814059829,-187.82021763593872,-38.001812121966765
981,-211.94737314084014,-26.513748057554665,-188.45736827667568,-38.07285525843274
982,-208.46852873162558,-24.727814608102687,-186.7632422623774,-38.14640419296796
983,231.92400893352067,-25.147361467678447,-181.84948984423482,-38.20501211474413
984,-101.7736567274969,-69.78135686446426,-181.55707746163705,-38.17624272119718
985,-126.14842726832947,-83.60524672415266,-180.22446566462062,-38.78333013798928
986,-214.21164277741647,-123.87306555750008,-179.11964332803313,-39.829913088317596
987,-117.53605295113202,-68.8588100139851,-179.1766965986239,-40.314943688366824
988,-174.46486110681533,-23.002045727139276,-179.34537679319732,-40.330462971686494
989,-393.7900709856404,-21.857302025891897,-181.3566046568975,-40.31934756699919
990,-181.1693493335384,-27.75158298081712,-182.39515386497686,-39.898201604280466
991,-214.36044152950615,-139.22648388186218,-182.34231275539588,-41.085023979366234
992,-196.31561334144465,-22.87895273949445,-182.92302494325625,-41.07713409341268
993,-212.46920003095892,-143.38843513315254,-181.9947169027815,-41.91583391629838
994,-264.0545039056535,-28.639256404229723,-183.77520741816568,-41.979118374852206
995,-229.52932162502825,-27.595902102001933,-184.52246984114714,-41.65293744948338
996,-163.75968738379527,-56.471284057890216,-183.61503179931105,-42.03910655804098
997,-183.30378693023738,-20.06005980036108,-184.80486695403033,-42.016072712782545
998,-131.5368072338261,-107.4884279599116,-188.43743321381518,-42.87167436552425
999,-122.79437547625373,-95.97888272606106,-187.13449351798076,-43.416760361365974
1000,-233.94330067351217,-114.78736231532085,-187.79041580434253,-44.34478386807137
1001,-154.84171256622645,-20.77550166520999,-187.77854508592515,-44.106091419383084
1002,-276.122455862116,-42.25989940078672,-189.70290611262504,-43.66818196437014
1003,-144.37918311202148,-77.3230605193409,-188.16472588843519,-44.2470594604448
1004,-253.52518650708603,-44.86026514903449,-188.67302215143857,-44.512389123337734
1005,-176.7721970356692,-115.23120105807304,-187.38738671359647,-45.38204558898362
1006,-300.19389018544183,-21.575425530871165,-188.99332857138663,-45.36171631653935
1007,-102.84737471239745,-30.400194745119702,-189.05040786470812,-45.29787245162082
1008,-284.67126521848104,-20.086525551586288,-188.22609922888861,-45.26340741870281
1009,-115.17387839050853,-22.351729372261143,-187.8552683460223,-44.81635630040192
1010,-330.5820284860331,-67.12225985106461,-189.85731013467122,-45.283180215144974
1011,-157.2793480606686,-17.860804268252977,-189.93167020030035,-45.260421123738936
1012,-137.14334437205977,-31.072212995828597,-189.78941009879873,-45.34885833384669
1013,-271.5615200342237,-64.55649374679699,-191.343952001113,-45.45964201787507
1014,-317.9350142005513,-60.2414412619841,-193.05360162228718,-45.1218854042016
1015,-197.0126865873344,-66.509190265074,-192.32996112938747,-45.60986584798545
1016,-62.3555917032574,-20.365785560594087,-190.90494357413536,-45.59797259498038
1017,-278.84273207167297,-21.028899749646296,-192.563771860983,-45.62216298410847
1018,-87.48102030441959,-18.266706023059022,-192.00464339881208,-45.62099255849145
1019,-249.1951580588597,-109.52290501795486,-192.53677170199117,-46.48174050837245
1020,-64.23829533653924,-20.751495015739,-190.48108512608468,-46.17420038248731
1021,-159.3946835943915,-63.67032829264445,-189.31294533223243,-46.55637432139387
1022,-335.1774127800313,-19.585909051345613,-190.66982776964042,-46.5597228283937
1023,-251.46360091559427,-17.80897296435495,-190.80489492816227,-46.13954205417108
1024,-186.1658155041175,-18.62054432231808,-191.74230461282286,-46.125562982346416
1025,-89.09133868642354,-19.086619961336897,-190.21177155235833,-45.58071804672476
1026,-142.5567111490132,-68.76885463023456,-189.75500583864277,-46.04564982459413
1027,-183.3511421436613,-34.10600654895122,-189.54664777999872,-45.76762168886987
1028,-158.76879086201103,-18.368977816378553,-189.89778895290848,-45.75982581130775
1029,-410.2623122108175,-15.995330996108633,-192.19532508383978,-45.72358027227367
1030,-345.5193598009371,-17.243415153764268,-193.4762023531974,-45.2398005389545
1031,-263.5523907108839,-18.318250213787675,-194.22384929892885,-45.22823598808326
1032,-325.75548956199225,-17.38007339434978,-194.85098701587248,-45.214321849837795
1033,-236.23495800712027,-16.899540026021953,-195.39168425500355,-45.17710548705224
1034,-102.013915908516,-63.96788893372572,-194.03097547555933,-45.54274525853271
1035,-496.0704789612215,-42.8739879225961,-197.0459847089321,-45.58573153306146
1036,-101.44984197965405,-18.553374433161757,-196.90060352138872,-45.06948994258827
1037,-151.74917107217368,-20.908006331538598,-196.34705567826583,-45.072791863674325
1038,-214.25125163326348,-18.078743521736886,-197.39945259770718,-45.06752897829748
1039,-189.03416534585497,-21.407231299524888,-197.23762822687698,-45.09859181063251
1040,-198.43569398136754,-18.661254332732366,-196.77820505993856,-45.104954380634396
1041,-170.1209380679877,-18.706268685886844,-196.9640819661196,-44.766357160104434
1042,-250.05215459080014,-20.5008043175109,-197.54076210135415,-44.742198172353696
1043,-220.2349806426099,-20.130800071260648,-196.76993946480133,-44.25963481778778
1044,-276.02323631300254,-17.70585896412178,-197.1901209593882,-44.261051209098504
1045,-272.92327458838713,-69.02874292185226,-197.57608016896683,-44.76846369306524
1046,-197.56265871911972,-18.748615734303133,-197.61219411498726,-44.76740523399552
1047,-331.99684255021305,-60.98267235000764,-198.621463375376,-45.17924666316018
1048,-34.973915752575074,-69.06196374970509,-197.37286636958663,-44.88404151664188
1049,-143.12774870357796,-19.399255293605123,-195.98798998035284,-44.91196367985555
1050,-169.50350008263814,-50.616243280160354,-196.0531707559775,-45.227467194658885
1051,-321.9608375941063,-26.772509371233546,-195.87796440218077,-45.32489986701666
1052,-392.73213920832774,-59.50945814444929,-197.7162494363683,-45.22839135037157
1053,-179.21269927466807,-17.635151890204735,-198.60967517869653,-45.20280463873801
1054,-289.3562894308091,-21.980114203827704,-198.37873619857322,-45.23622122232855
1055,-40.659099581634415,-67.04396244059558,-197.30392608401175,-45.68709784023603
1056,-182.46096219734576,-22.004073399812995,-196.87018764904897,-45.721212388912356
1057,-248.01339985619472,-18.842720162710847,-197.64902439939658,-45.70334888533516
1058,-157.54594391558888,-18.94734340381235,-197.02935122761258,-45.31062999712959
1059,-501.02382340155873,-19.12030923462252,-201.26308219160163,-45.29789902955236
1060,-174.94925841095323,-18.06156412859301,-202.01564783153046,-45.1409556307816
1061,-135.7987428745749,-66.85224270469332,-201.37661471649815,-45.62383103813826
1062,-13.600643051283242,-21.607280616748504,-199.97632812395312,-45.60368895533227
1063,-202.13110885034914,-44.70764977243951,-199.99337007453343,-45.84245177008466
1064,-366.4943083905924,-16.648819941665586,-200.98303979845224,-44.64279066090726
1065,-252.14161502217556,-18.741373485545918,-202.331039968538,-44.65054636305414
1066,-248.65161532253276,-66.20189442624591,-202.86108751989582,-45.0472588454556
1067,-198.86172727473618,-70.64534475331516,-202.98777379567287,-45.47964584687361
1068,-253.9909721584227,-25.0695938896827,-204.31290816260383,-45.54488010960988
1069,-221.15498419959326,-64.00770915062125,-204.55213580226837,-44.38860898522399
1070,-105.06709135006415,-53.785636301478895,-204.55920216389043,-44.20055361142895
1071,-315.88481090518957,-18.02765698066808,-205.65333743742946,-43.32437503879353
1072,-114.00252466206054,-25.01821655322622,-204.20534224485567,-43.30851036214102
1073,-184.47567577237564,-48.688358959290575,-204.21324287494872,-43.41417735775282
1074,-289.8208778842248,-37.99376870501079,-206.2657803230836,-42.931491725121006
1075,-140.8418910740556,-18.049242524235016,-205.71587736345288,-42.89436617135903
1076,-209.78238950582696,-85.16252226730865,-206.38701127973306,-42.46611803875138
1077,-107.4357656257979,-97.13072566785335,-204.0135451275593,-42.85566042031474
1078,-211.43859011568713,-48.81235162183281,-204.22626917508904,-42.737555778596196
1079,-94.67910985615681,-19.602227683716247,-203.40444364066795,-42.18023533936916
1080,-153.24029966622248,-62.07394240279865,-203.26033846278165,-42.57723678199117
1081,-195.03139364102316,-20.79708566768724,-203.09117866778345,-42.52007015809249
1082,-286.1264202854512,-18.550600126367698,-203.86775758332172,-42.45829801327514
1083,-203.8139489892423,-22.879644219756685,-208.22513716254934,-42.43562084079592
1084,-237.2867437324324,-125.70086866834868,-209.58026803259867,-42.994815958834764
1085,-155.9350957542444,-20.29766546053163,-209.87813471745784,-42.36174014619855
1086,-491.99738482696387,-14.286602940713024,-212.65599213795335,-41.26587552003068
1087,-125.13341702583502,-65.87552535835553,-212.73196577870038,-41.23604267347438
1088,-197.3244624034481,-66.51486706333543,-212.96056179166675,-41.67117088683635
1089,-432.2931153669829,-17.482845886238234,-213.34559223548015,-41.627426325439814
1090,-76.74163960017033,-21.74447897755948,-212.30131513814644,-41.56735528540724
1091,-106.20143990931047,-56.0961696576325,-211.21972512194446,-40.73605214316495
1092,-189.0848265928358,-26.50091586637753,-211.14741725445836,-40.772271774433776
1093,-347.534963279099,-17.16894346688,-212.49807488693978,-39.51007685777105
1094,-239.91666501675098,-44.45325953664929,-212.25669649805076,-39.66821688909524
1095,-27.548265619537123,-20.05813230781922,-210.23688593799585,-39.592839191153416
1096,-237.54230089923408,-19.90848737125486,-210.97471207315024,-39.22721122428706
1097,-77.90314967549769,-68.11914821700319,-209.92070570060284,-39.70780210845348
1098,-288.42642322407795,-46.92445045464426,-211.48960186050536,-39.102162333400805
1099,-108.90828932321732,-20.273792633461042,-211.350740998975,-38.34511143247481
1100,-278.8216123932528,-21.77809703663476,-211.79952411617242,-37.41501877968795
1101,-285.67908045680656,-24.634748144695664,-213.10789779507823,-37.45361124448281
1102,-152.10705113554954,-18.82330693113299,-211.86774374781257,-37.21924531978627
1103,-185.84239958937178,-23.989553819132578,-212.28237591258608,-36.68591025278418
1104,-183.65215211259311,-40.757693002449045,-211.58364556864117,-36.64488453131833
1105,-126.10826475292973,-25.55343636208283,-211.07700624581378,-35.74810688435842
1106,-169.05287621351837,-80.35962207282245,-209.76559610609453,-36.335948849777935
1107,-235.36598983799442,-56.856162090725476,-211.09078225735047,-36.60050852323399
1108,-121.92531421966603,-23.140357413956455,-209.4633227473623,-36.63104684185769
1109,-36.4618750096344,-18.753310563727222,-208.67620271355358,-36.59506265377235
1110,-223.10510319636046,-38.41584109554526,-207.60143346065684,-36.307998466217164
1111,-50.765059198208995,-59.70596788763958,-206.53629057203227,-36.72645010241103
1112,-315.22080432921814,-53.68492313420151,-208.31706517160384,-36.95257720379477
1113,-129.0492326692437,-99.4017623931156,-206.89194229795402,-37.30102989025796
1114,-27.559179260727895,-18.58712337350739,-203.98818394855581,-36.88448671137319
1115,-154.72750433693454,-67.7179510522659,-203.5653321260518,-36.8965743192451
1116,-71.0683076692782,-24.867965484848476,-203.65245928571204,-36.941596118487645
1117,-205.88940119359413,-21.15136964074688,-202.92292597693125,-36.942820817398655
1118,-100.99643477112794,-146.86862405787735,-203.05808012159832,-38.228839997746846
1119,-141.40249665964802,-41.186740536627354,-201.9801535076062,-37.54547835293357
1120,-195.3527543053662,-116.83089277784514,-203.29129809729446,-38.50627233055463
1121,-53.01262520217234,-21.08674117644572,-202.22747751337226,-38.08043645939264
1122,-136.01367988237908,-29.32846901665294,-200.23584018439576,-38.1778620590457
1123,-142.81139102997162,-64.66883481031249,-199.14931808553953,-38.64646067750528
1124,-201.3229933499055,-45.09745274069202,-199.30088986399738,-38.911229761689015
1125,-110.44870563977618,-131.8892526443354,-199.51446353353091,-40.03925608851901
1126,-221.31244737444055,-108.22550641797703,-200.3020208957852,-40.433822606396426
1127,-152.29678115382026,-102.5436223281776,-199.9914772858868,-41.11819876418869
1128,-184.64703315752325,-100.40071017939506,-200.25025970884192,-41.93851608781886
1129,-150.63090812308775,-21.240245458127102,-197.65394566796462,-41.990965232439045
1130,270.5582961394183,-52.15012716086808,-191.49316910856103,-42.34003235251008
1131,358.77192963899057,-18.824601642682563,-185.2699259050623,-42.34509586679903
1132,-226.147437367131,-89.91212111517063,-184.27384538311372,-43.070416344007235
1133,-110.92781266850491,-91.09741901837421,-183.02077392972754,-43.81239513393076
1134,-221.62019638115063,-51.06370841165884,-184.21683673445386,-43.68335332871009
1135,-157.6415427474294,-105.56297387389175,-180.83254737231596,-44.310243188223055
1136,-137.5274459889311,-19.06886313213595,-181.19332341240872,-44.31539807521279
1137,-171.93026897799945,-67.723704988574,-181.395134391467,-44.78355506178314
1138,-121.87809893015918,-26.044471082802986,-180.47140286443596,-44.863212337393804
1139,-208.70948820111195,-26.192972781268182,-180.6681560929885,-44.91106975221124
1140,-246.64406647371487,-67.49689426038952,-181.150239817912,-45.399426151487816
1141,-221.42885147237718,-23.42405013452231,-181.66331895195586,-45.44660396597418
1142,-247.25820960922886,-57.76874909441641,-181.63537950214013,-45.81928341374323
1143,-220.20377018652127,-96.7008276999817,-181.63506739757926,-46.584983690030434
1144,-345.3799146908553,-40.72818178470157,-182.3286341813578,-46.81520691823623
1145,-243.9106118487422,-61.559794669075714,-182.03850755396135,-46.740517435708455
1146,-213.4577798822505,-55.78070290960657,-182.19745876559267,-47.1108383074615
1147,-252.04337055295065,-157.07309388936378,-181.39792404562007,-48.07174252285506
1148,-179.58977395659863,-22.3993606956393,-182.8440826276603,-47.60511649231441
1149,-161.89547587806467,-26.004060500809906,-183.03175989940516,-47.67116454438646
1150,-155.43950102917952,-54.5135842249275,-182.89111990887056,-47.71013795383412
1151,-283.95401992241614,-20.33686867778491,-182.51105173215367,-47.64578154689963
1152,-224.53896999925445,-18.239837286537345,-180.82912004006295,-47.23308533832051
1153,-207.83653312614678,-18.187382589712634,-181.1153583785777,-47.23860764531559
1154,-108.79475722098351,-42.5873685471872,-179.30974305647948,-47.44468018874919
1155,-273.8362218945194,-60.933758022320234,-181.6415142796083,-47.38357814456644
1156,-349.6817122159992,-20.04232822443118,-183.3137217797948,-47.363960692812626
1157,-246.8447939424095,-18.89927822919187,-183.30203572065696,-47.36452627347743
1158,-246.22619540582974,-17.94810138745552,-184.18883823555942,-47.35453385331386
1159,-116.45278534459416,-21.18246551189636,-180.34312785498977,-47.375155416086606
1160,-310.6567819428576,-65.16549915058079,-181.7002030903088,-47.84619476630648
1161,-252.1813394233209,-21.709448408706624,-182.8640290557963,-47.39476682334661
1162,-191.80470512428062,-60.77187812423868,-184.64606967652625,-47.78641279842151
1163,-222.88572916005907,-62.319740489244374,-184.85361587962336,-47.96253370558956
1164,-222.09137148625172,-16.556989756469783,-183.40958651057994,-47.9616154037376
1165,-182.41394652290435,-53.664969915067644,-182.71230982558725,-48.31085136803283
1166,-94.45448925555422,-43.20622079333775,-181.17033856491744,-48.08089463170374
1167,-412.3918914464044,-17.160596925306756,-183.3056402066341,-47.54604715342365
1168,-218.04072823971165,-21.864383711306264,-182.946137767447,-47.51399505163988
1169,-160.3231245370766,-81.23669624382038,-182.33781917082186,-47.68628492257188
1170,-231.34917879597344,-90.05219351198696,-183.60064004528095,-48.04895049467696
1171,-432.445562350079,-18.631683286147254,-184.76624755972986,-48.05499075773175
1172,-316.1422526094684,-22.83603853445454,-186.78764483920395,-48.03316897754403
1173,-215.73224665426036,-43.95534038745836,-187.1002105480228,-47.98583879182571
1174,-301.8184557747249,-18.962899751938643,-187.22018632692775,-47.79553010229499
1175,-251.3309651200796,-18.075961895025827,-188.32507706738798,-47.7957972960029
1176,-280.72439287878944,-77.39211460110343,-189.0344971011176,-47.71809321934085
1177,-141.8546056789341,-22.56210694277323,-189.378685501649,-46.972407032090054
1178,-328.4192530004547,-17.053303767998152,-190.54849213049667,-46.654816553551704
1179,-379.03281900999747,-17.332342602890012,-193.3920292220351,-46.632117702743436
1180,-326.6911493546653,-21.155403555003154,-195.12653771891954,-46.22293231426548
1181,-233.90032295460298,-23.066904750151668,-195.51522701205528,-46.245630505090126
1182,-291.9450803647834,-19.232327469495132,-195.57341361284858,-46.25244777852139
1183,-82.54597416737643,-27.061959365318867,-194.36073386462994,-46.29427092997702
1184,-328.79195538975694,-73.28815235124138,-195.27578598120323,-45.770143766805944
1185,-57.38638844521188,-18.72999673143233,-194.2902989081129,-45.75446707951495
1186,-218.26685690057687,-17.360254179693033,-191.552993628849,-45.78520359190476
1187,-264.399193157917,-95.1615603860606,-192.94565139016984,-46.07806394218181
1188,-185.42267058386963,-17.60197868707193,-192.82663347197405,-45.58893505841917
1189,-383.0763800461058,-87.98260425393877,-192.33446611876525,-46.29393264209617
1190,-155.15365014439917,-26.398161209693036,-193.11858622420755,-46.3404694644175
1191,-264.57872222462566,-64.26415213181859,-194.70235904736072,-46.422149289159364
1192,-333.95025425002996,-20.30570845278471,-196.15101332393266,-46.36019721502344
1193,-160.67572773095714,-20.54735735939103,-194.28242096845128,-46.393981353948554
1194,-146.6461408343596,-20.12252884793883,-193.34971572662732,-46.15067404706145
1195,-200.11050316879297,-18.469824877918352,-195.07533810211987,-46.134790972762445
1196,-327.5115434218107,-19.5146740815909,-195.97503052734564,-46.1308528398658
1197,-201.3333252519765,-38.199036893943585,-197.20933228311043,-45.8316517266352
1198,-202.07925479236584,-21.55190197595408,-196.3458605987933,-45.5779262418483
1199,-96.70861120160265,-21.589416631572117,-196.22386381757718,-45.59108248182941
1200,-148.39240517619524,-34.957271093979266,-194.9195717454066,-45.72287422240286
1201,-517.8896256529047,-24.974022402677956,-197.2416771973676,-45.726266964982685
1202,-265.14001936837917,-18.15227892529602,-198.37200687969587,-45.719556684924314
1203,-610.4547427030996,-13.065934209951473,-202.61813031083318,-45.6103204888325
1204,-112.2890482997455,-20.49401317691315,-201.90449927270467,-45.407683690577144
1205,-159.4075699947596,-95.24207864644575,-202.23749232512301,-46.10457011342078
1206,-226.02613095106256,-20.616076466036258,-202.80722487249844,-45.507134657352914
1207,-109.913691387199,-18.67447057178693,-201.55270188799048,-45.12531774216353
1208,-232.3971511037674,-18.164787518355247,-202.6574202568315,-45.07556204320751
1209,-140.40473206089067,-18.02601537175347,-203.69684882734407,-45.068289091287774
1210,-226.01524135036416,-16.09401597788761,-203.7259502088841,-44.8450708401112
1211,-84.74545494681851,-18.207009775637356,-204.06575416637017,-44.43008125899117
1212,-195.5783745112668,-59.231944294235824,-202.86932986819062,-44.485551470591524
1213,-138.2104879518896,-55.96467598785504,-202.96094242101708,-44.05118060653892
1214,-173.4635604033869,-21.068059994471298,-204.4199862324437,-44.07598997274856
1215,-231.77541098821678,-17.533659622675675,-205.19046529895652,-43.57414705845266
1216,-141.12863969433607,-17.12256785485996,-205.89106861920712,-43.49669308215278
1217,-245.1295584948606,-66.77979823612219,-206.28347019221977,-43.95297736810653
1218,-201.5810370655987,-82.41363878041528,-207.2893162151645,-43.3084275153319
1219,-86.56692632358204,-17.925495961195068,-206.7409605118038,-43.07581506957759
1220,-169.3894414813739,-58.22471238818025,-206.4813273835639,-42.489753265680925
1221,-105.31049290437556,-20.26197800401602,-207.00430606058595,-42.48150563395663
1222,-297.3591150952152,-79.99069076311545,-208.6177604127143,-42.98812785142126
1223,-100.0700473115602,-17.30475891434153,-208.1903469755302,-42.51448709246154
1224,-195.62957527377895,-22.06214896165319,-208.13341279476893,-42.284134054671156
1225,-103.34210363767482,-51.448508023946374,-208.0623467747479,-41.47972660846727
1226,-189.07937707635375,-57.01056954691068,-207.74001607176703,-40.967577239756615
1227,-181.95664149782516,-66.79071739484468,-208.03661467520706,-40.610048190423285
1228,-100.25436704533104,-63.43271122976522,-207.19268801408515,-40.24036820092699
1229,-247.086266408968,-17.774918203123143,-208.15724159694395,-40.20571492837695
1230,-277.41452373085457,-17.4159273942323,-213.63696979564668,-39.85837293071059
1231,-189.19417308540736,-99.29842101929637,-219.11663082289067,-40.66311112447672
1232,-210.30384951126175,-16.138489089785605,-218.95819494433198,-39.92537480422287
1233,-242.37951467555678,-25.544402825414743,-220.2727119644025,-39.26984464229327
1234,-202.8587955940864,-72.14710563373099,-220.08509795653185,-39.48067861451399
1235,-161.66429843957485,-64.10674482900384,-220.1253255134533,-39.066116324065106
1236,-181.1541826369026,-19.251668094388265,-220.561592879933,-39.06794437368763
1237,-205.29806164131716,-16.32296674263174,-220.89527080656617,-38.55393699122821
1238,-162.14630438909003,-75.48957597304896,-221.29795286115552,-39.04838804013067
1239,-266.32628964200507,-51.634951625859976,-221.87412087556444,-39.30280782857658
1240,-58.552359064226856,-19.718288944016557,-219.99320380146958,-38.82502177541286
1241,-73.32405119618039,-26.797094243430788,-218.51215579870762,-38.85875221650195
1242,-455.5820958820431,-84.96019578698088,-220.59539466143576,-39.13066668342759
1243,-436.6725230230768,-12.82013885177391,-222.76008218980127,-38.29185979494551
1244,-208.79914706648097,-22.50558447971357,-221.39427451355752,-38.10963382189563
1245,-193.38387577595267,-60.25397746971881,-220.88900715282963,-38.09657564990206
1246,-250.40924360132365,-41.884934343318804,-221.25852179002035,-37.95761796423918
1247,-197.93308995003034,-25.899848402901682,-220.71741898399114,-36.64588550937455
1248,-67.48838249615493,-23.053853373273075,-219.5964050693867,-36.6524304361509
1249,-233.55603507026927,-63.722933825430765,-220.31301066130874,-37.029619169397115
1250,-235.83772411759475,-38.90172988050563,-221.11699289219294,-36.87350062595289
1251,-243.63446098219225,-15.954604421671219,-220.7137973027907,-36.82967798339176
1252,-135.56195883098357,-73.3798652587768,-219.82402719110803,-37.38107826311415
1253,-166.60028387801844,-22.59565633430518,-219.41166469862674,-37.425161000560074
1254,-351.9774056329574,-121.12059664846686,-221.84349118274642,-38.21049328157287
1255,-169.89800708242998,-88.74060151220488,-220.80410903462553,-38.488561716471715
1256,-201.54898961695997,-21.042767452649116,-219.3227818086351,-38.4985661087539
1257,-139.22622745211638,-78.65678021075625,-218.24659614373218,-39.09614112856954
1258,-317.5340930898332,-53.51304153068585,-218.95967512057223,-39.451790530001844
1259,-111.79659529461024,-87.0456698267475,-218.9131132200724,-40.110422573150366
1260,-52.46179277302929,-21.71907330290306,-216.33116332837412,-39.67595831467358
1261,-144.86681891192595,-55.02228500063756,-215.25801812326014,-40.00908668059289
1262,-164.76842982181518,-156.55688737113988,-214.9876553702355,-40.9669367730619
1263,-230.32126561537697,-46.2922772261557,-215.06201073478866,-40.80666214043101
1264,-217.06596965985688,-112.06926491517045,-215.0117567165247,-41.76178489201802
1265,-225.57492854789663,-24.803055721777298,-215.44336653677465,-41.47316575008512
1266,-250.4351683417293,-28.275911303605383,-217.00317332763643,-41.3238626551878
1267,-128.35913420797007,-70.34899165423269,-214.1628457552521,-41.85574660247706
1268,-175.45015406925975,-21.13561662245898,-213.73694001354758,-41.84845893158858
1269,-125.76225683244509,-113.90513069599021,-213.39133133650125,-42.175143276110276
1270,-202.55344149008386,-74.45226630568757,-213.10337396344235,-42.019144004047284
1271,-204.1764561406915,-65.08279581313099,-210.82068290134848,-42.48365512931712
1272,-190.09792489843483,-18.42126951831292,-209.56023962423814,-42.4395074391557
1273,-101.24484410016986,-56.243771413723366,-208.4153655986973,-42.56239174941835
1274,-253.97445755725812,-98.635430097691,-207.9369256165226,-43.359117052875874
1275,-93.46606829162502,-32.344277218920844,-206.35827664823802,-43.50180020611483
1276,-325.1745976272724,-89.76917684507391,-206.80277869572285,-43.625570828554544
1277,-212.8485913108566,-16.976817354272885,-207.51271855204206,-43.56971793266954
1278,-109.92879546074957,-51.98921304808869,-205.32781397664502,-43.919077025470436
1279,-284.7185750213752,-116.43470797822938,-204.38467153675882,-44.91010067922383
1280,-44.434020373592894,-22.827956135982046,-201.56210024694806,-44.92682620503361
1281,-175.1669521711533,-80.14280366106229,-200.9747665391136,-45.49758519414272
1282,-175.64499105425543,-18.218439691306184,-199.81176564600833,-45.48744631636083
1283,-182.85044625701744,-92.4292377537836,-200.81481036690474,-46.141119100245476
1284,-252.68054595501582,-80.59342127451535,-200.05369627255732,-46.214171789478215
1285,-157.76846497523982,-83.86341899075718,-201.05751703785762,-46.865506012071464
1286,-71.3618930921815,-79.38683604527944,-199.58846739977366,-47.48577183072733
1287,-357.5225574462206,-14.64717166872996,-200.51970104265666,-46.68062794355403
1288,-184.28281903818714,-67.86124361791879,-200.50830252719987,-47.1832205928625
1289,-225.47291337184674,-16.615184068861446,-198.93226786045724,-46.469546391011725
1290,-108.38933092768364,-75.62405478328601,-198.4646246682901,-46.96180532674766
1291,-162.99760510845158,-78.98575973563757,-197.44881349712836,-47.109021402785835
1292,-229.14332042687317,-83.49244872045037,-196.4007441588968,-47.740888805462504
1293,-189.90102714483845,-59.59975697198607,-196.69299715303563,-48.13141280158845
1294,-177.58358838941498,-45.49184260196727,-197.0023716285862,-48.385105939128735
1295,-154.98737574169317,-48.328419932837896,-196.55114035431515,-48.68369188967794
1296,-191.92445931360118,-42.299662019275516,-195.19526951323303,-48.91154176905478
1297,-132.6360682507656,-20.246426424245737,-194.50829694322093,-48.7320156643578
1298,-167.32677101096857,-27.527059248479574,-194.16077210540695,-48.79176723708306
1299,-171.86738596028746,-43.78340158034257,-194.91235985299383,-49.01370708657076
1300,-215.4201693994022,-17.931877448097023,-195.58263749522592,-48.84345315011194
1301,-137.34090604423253,-21.368738215775558,-191.77715029913918,-48.80740030824291
1302,-131.68046500994586,-22.028305914460372,-190.44255475555488,-48.84616057813456
1303,-181.76678045289185,-17.073068647504936,-186.1556751330528,-48.88623192251009
1304,-87.42982259715718,-55.03810053047691,-185.90708287602692,-49.231672796045736
1305,-276.92348036482406,-16.06757156732982,-187.08224197972754,-48.43992772525458
1306,-161.0895994371321,-18.591833983041727,-186.43287666458824,-48.419685300424625
1307,-215.91599684186303,-29.820402495873473,-187.4928997191349,-48.5311446196655
1308,-473.5479007715856,-15.24706045702209,-189.90440721581305,-48.50196734905216
1309,-223.10177276710667,-108.22605925844094,-190.73137762287521,-49.403967787919036
1310,-241.22967296218465,-18.33397161358559,-190.88352193899343,-49.42636734427601
1311,-297.11510559467547,-13.749868933569003,-193.007218445472,-49.38179593585533
1312,-211.4303807549995,-62.798762784248794,-193.1657385079093,-49.41746412075546
1313,-167.56190648759184,-23.521994375003818,-193.45925269326634,-49.09303730462695
1314,-91.05180219262469,-16.801188229007582,-192.6351351111587,-49.05036858697231
1315,-379.6742662702918,-18.812704777773334,-194.11412366397943,-49.06315903852329
1316,-282.7539182654926,-39.51144645603929,-195.530376449691,-49.28704782453508
1317,-97.27825427450824,-74.50917153291509,-194.05186340748747,-49.36434155750301
1318,-196.5095527279517,-17.67639107691466,-194.00114856411102,-48.716969080468004
1319,-165.38977144742893,-47.10965824168658,-194.7893770153495,-49.00881070327292
1320,-316.8727294959044,-22.20225856926645,-196.2642098954948,-48.648586165083785
1321,-362.70554449907263,-19.265707100548486,-198.83816041144178,-48.6386234560491
1322,-235.20343133503272,-17.280341988797684,-198.21660357383993,-48.011519968305926
1323,-227.48314006496452,-20.082584374600646,-199.49073450137402,-48.03929822290852
1324,-226.79651038648635,-54.35677740399608,-199.80240385250107,-48.36224450733196
1325,-309.9137122686905,-83.40013869853321,-201.86811993881122,-48.681760814077826
1326,-294.3696879509527,-19.522706705527415,-202.9210230475572,-48.30688218566399
1327,-204.47166090251304,-56.63447778945636,-203.14617324160412,-48.2053197896101
1328,-145.04447783128577,-41.7739304996547,-203.59407434946363,-47.98873198230899
1329,-285.8025603858789,-17.647943258621307,-203.98123728923272,-47.98746223286397
1330,-314.62000559852413,-16.28684190542988,-204.35329210790943,-47.97617137797595
1331,-303.3049753880843,-91.60493850780115,-205.49440013093619,-47.899236552861
1332,-154.3849598858657,-52.687235485019755,-204.93521123468224,-48.26472401681334
1333,-285.2195755077187,-61.654621219995796,-205.3636118430039,-48.62582620075915
1334,-167.68380839792567,-49.7039446537303,-205.01186197104226,-48.40139459095914
1335,-476.92072124529284,-25.137004874679366,-208.16442619909944,-48.0116971914159
1336,-123.88988729233354,-19.721981617904415,-207.59178324565372,-48.01640032665106
1337,-228.60318755092717,-70.74778983979726,-207.82483450474982,-48.560648557622706
1338,-91.05211775266099,-88.89068428751496,-207.11389263838558,-48.69465964076737
1339,-279.96072665933804,-16.494421842264927,-207.25023700855888,-48.343254342931424
1340,-428.63999816003906,-18.790177709234946,-210.95111339951703,-48.33397323058361
1341,-270.59148417051733,-61.26656741582312,-212.92378772926037,-48.67866796230753
1342,-223.49702836789345,-25.631973409644164,-210.60293705411888,-48.08538573853417
1343,-91.32428731907638,-19.4978195606428,-207.14945469707888,-48.152162545622865
1344,171.1750324633358,-20.493099755430826,-203.3497129017807,-48.13203769838003
1345,-277.88586050564703,-70.65575110487566,-204.19473274907764,-48.236055434731604
1346,-287.7601290357514,-72.73000315857193,-204.56824160342194,-48.54450612288413
1347,-159.14321535085142,-23.088340620703807,-204.18034285743016,-48.51639104506214
1348,-131.48083795389618,-100.80672060782359,-204.82026741200758,-49.293919717407654
1349,-230.40108543702675,-17.505772976552354,-204.78871791567514,-48.83174810891887
1350,-323.5520121087682,-18.93612943211024,-205.6658607955869,-48.632092104434925
1351,-131.70922916040362,-20.612117052206383,-204.546608477369,-48.678667230740274
1352,-273.45851634897355,-25.918189678087227,-205.92557405254888,-48.20405047493338
1353,-282.10274197466623,-53.721807564451375,-207.08059863351534,-48.51531198723483
1354,-281.31858524593866,-15.895622041437731,-206.37401042964515,-47.463062241164536
1355,-145.11300152412804,-24.54937092749389,-206.12616037406215,-46.82114993531743
1356,-144.36711655383277,-21.371694775301176,-205.5543416434309,-46.82443920854395
1357,-372.3930435956847,-18.73487710765315,-207.88600980486657,-46.22522017751292
1358,-232.84532645163225,-18.65224461765429,-207.03912213848457,-45.8766122083826
1359,-417.4888655710183,-90.67594206232822,-210.09604484124864,-45.91291493073841
1360,-115.95536664271363,-20.528776379054356,-210.7309805799455,-45.901011961499925
1361,-125.9848361219975,-55.65351420024884,-210.54216075204624,-45.90732425349604
1362,-247.5551165621996,-44.00384049361765,-211.37002761945007,-44.78179378472081
1363,-147.33086840620112,-19.251424494522393,-210.54012364735829,-44.511385257404484
1364,-359.42407582027795,-57.05227670563551,-211.9637047089625,-43.96121537530914
1365,-211.87258227930067,-42.33670651700548,-211.82668124627654,-44.13655188326142
1366,-269.4974781833209,-39.93146274081193,-212.01730434469243,-44.253107397633485
1367,-156.20855682949502,-22.741451835551977,-212.2957985709077,-43.77703199944667
1368,-183.1969869338828,-17.667717085891333,-212.37326689955393,-43.742353004081
1369,-212.68473763048084,-23.75253174143777,-213.24249170753427,-42.84082701453548
1370,-304.3464176889461,-21.328230742505163,-214.2604214695229,-42.309586658903655
1371,-104.9891760492078,-21.050505010449914,-213.26854866860805,-41.86926375087685
1372,-140.63107150797876,-23.499184257470915,-212.77388013470352,-41.92004289826842
1373,-211.90571239044294,-17.71406070921652,-213.88048881760628,-41.53474579122335
1374,-211.1378462153627,-48.10256057149594,-213.4521227041873,-41.0294170959614
1375,-145.3165099759197,-61.08617577954066,-213.97062712103025,-41.316836081567594
1376,-212.9068849082772,-19.474204343727198,-212.8479499938403,-40.613886356554126
1377,-405.73312214082347,-16.946924406294716,-214.77679530214,-40.61358742707434
1378,-169.19596706846926,-40.38186866443375,-215.3694670182172,-40.497513983237795
1379,-346.42735553298763,-19.3917868580154,-215.9865548233333,-39.52708477203566
1380,-191.77033095016867,-19.490941974526162,-217.45991792909905,-39.49371463042109
1381,-163.7577740906947,-48.06153405346655,-217.34582614829446,-39.17290193434513
1382,-140.09331517547062,-49.61314632701021,-216.9903093895066,-39.48684900070218
1383,-178.65963167986976,-55.9528270113548,-216.94840124373513,-39.122084893277886
1384,-101.50326938536163,-50.74230611253271,-215.43662847803859,-38.823573741658066
1385,-252.1205473467095,-17.014934100969125,-216.38014930175328,-38.15508889276019
1386,-253.5954770026291,-18.93068095845668,-218.20248514085773,-37.55052734189196
1387,-206.7971851310421,-19.219940814222596,-216.69523141770597,-37.596255033346885
1388,-179.39549645466263,-25.954661713165034,-216.64635819187072,-37.17718921429934
1389,-119.05898305306542,-23.06859564471105,-215.58221888868292,-37.24172333005784
1390,-148.49008755315592,-18.235640385330107,-215.98322645493766,-36.667839186078275
1391,-270.1829300342729,-87.71503215342167,-217.05507970419586,-36.755131910256125
1392,-222.49667646747005,-31.950050367954198,-216.9886132646018,-36.239707926731164
1393,-152.41160940744575,-57.94259158215031,-216.61371908722788,-36.223136272832804
1394,-113.4597330874191,-26.76219963123972,-215.9724805342079,-36.03583984312554
1395,-345.6589236070745,-56.204258776958845,-217.87919601286174,-36.114598231566745
1396,-118.48068622081848,-92.00748525419829,-217.14475828193392,-36.61167646391597
1397,-295.67475843582775,-18.214312939552965,-218.77514518378456,-36.591355329069046
1398,-273.87538280273077,-71.04319918451682,-219.8406313017022,-37.026516728429414
1399,-172.35180048217205,-27.851323869230985,-219.84547544692103,-36.8671959513183
1400,-149.0336941489192,-18.414246752518935,-219.1816106944162,-36.872019644362524
1401,-259.4056415595943,-31.971812308544486,-220.4022580495698,-36.97805038529021
1402,-362.2230408603102,-17.251043700210083,-222.70768380807345,-36.930277763147714
1403,-130.37504547074718,-19.86527127137167,-222.193766458252,-36.95819978938638
1404,-70.25976435827644,-18.889623237220693,-222.02206587586318,-36.59671501645381
1405,-118.95406058059014,-30.815715288271686,-220.44237167802086,-36.74419645366323
1406,-157.42158028213248,-82.38431926955573,-220.40569148647086,-37.38212130652837
1407,-342.772436141471,-20.464853179334874,-221.6742558794669,-37.28856581336297
1408,-216.6730333967159,-24.90381291742141,-219.10550720571823,-37.38513333796697
1409,-180.88056902101363,-59.86930282090646,-218.6832951682573,-36.90156577359163
1410,-204.197606542893,-21.66679443109616,-218.31297450406439,-36.934894001766736
1411,-113.58466067400293,-106.32543020162848,-216.47767005485767,-37.86064961444733
1412,-220.97289377760245,-73.6899065502604,-216.57309518508367,-37.969561052107444
1413,-157.5206669368561,-20.853098678888294,-216.4726827895763,-37.942872095146285
1414,-413.1915131065809,-18.608160739720468,-219.69407989871587,-37.96094182025342
1415,-226.85366347913455,-23.79252778868601,-218.1658738708043,-38.01074005036255
1416,-199.08048615798322,-60.11836454227678,-217.3291395497292,-38.216809231224914
1417,-214.84618115986837,-75.38437981057659,-218.50481881858283,-38.22556131400153
1418,-210.25819245723676,-64.29602288806058,-218.6423052158757,-38.69175763211299
1419,-305.3281585265543,-130.76933904621032,-220.04168908666696,-39.52835444015823
1420,-293.59189676374933,-91.30920889636191,-219.8088807593454,-40.219423943429184
1421,-293.5025322337559,-19.98217213619238,-219.11685063669225,-40.22658859378563
1422,-224.81638304015104,-22.776336517599773,-219.01298015374343,-40.28154853907365
1423,-114.88453271414082,-25.95313138253277,-217.88699408023518,-40.340254009152964
1424,-131.53773780278792,-95.53545472458396,-216.9344063543982,-40.75204078235885
1425,-125.85364673897813,-18.231253813795814,-215.09380569910104,-40.100351933511476
1426,-244.06758052150056,-27.485008993064014,-214.59078462480647,-40.179974956386836
1427,-161.51266715906644,-160.78065537681957,-214.16119468737205,-41.221436732260464
1428,-263.7218108088327,-49.515247028913436,-215.3479680171475,-41.29884989755305
1429,-215.84585158697695,-15.43427969440786,-214.6484009291585,-41.27671326191092
1430,-260.64682076106885,-19.01310505496064,-214.10866908078395,-41.30397589340623
1431,-205.60351886913833,-20.03111620815031,-213.1316545155945,-40.58823767040973
1432,-180.34509250185113,-49.03348817899962,-213.39125584175437,-40.55170019734953
1433,-126.63110711720785,-18.407613068692278,-211.80537115784927,-40.1192301158365
1434,-234.42006036977781,-24.713077343310257,-212.4727336775678,-39.86932144273229
1435,-218.29591703584097,-21.007285121615062,-209.88648563547324,-39.828024245201654
1436,-261.18576125982514,-18.320957158866275,-211.25944437514812,-39.81401400061127
1437,-161.5235103575901,-80.62958027328726,-210.58864760321478,-39.912831904946174
1438,-105.06202580080907,-17.75754889872083,-210.72874668369627,-39.20150055105823
1439,-317.8382926104166,-20.37894574173846,-211.10752234320705,-39.24034579005296
1440,-135.9824393184698,-113.80937491386656,-208.18094675479136,-40.19053776209928
1441,-327.7570065132827,-106.80415448588268,-208.75260197821902,-40.645913632799875
1442,-217.40541861801046,-21.32100455268711,-208.69168588072023,-40.60280394423031
1443,-9.848546632789713,-19.76303580794615,-207.87692847385733,-40.60545610670334
1444,-201.5349067863197,-120.18846527195346,-211.60402786635387,-41.60240976186857
1445,-210.36175225713566,-67.70584340809516,-210.92878678386876,-41.57291068490077
1446,-274.4206805685457,-71.60386500104794,-210.7953922991967,-41.56164930332553
1447,-197.54436658942956,-55.50667015015157,-211.17940381158246,-41.88583259862
1448,-185.55029682529494,-53.277221314731676,-211.72009840029645,-41.41053760568908
1449,-427.3239866166383,-17.400140757238873,-213.68932741209255,-41.40948128349594
1450,-378.872334291758,-16.071452446655673,-214.24253063392248,-41.380834513641396
1451,-137.21570816686204,-113.70523252775965,-214.2975954239871,-42.31176566839692
1452,-283.45021655031553,-21.361639374411112,-214.3975124260005,-42.26620016536016
1453,-145.91159950887783,-30.094086518948934,-213.03560100134263,-42.02992295490514
1454,-126.79776227768801,-20.48058827814548,-211.49039277166008,-42.075772617272214
1455,-164.69502413700997,-24.188117984661098,-211.6862129977889,-42.07216008784388
1456,-191.21308084938994,-23.482541265421865,-212.15467264074448,-42.093268552745094
1457,-226.18096814331608,-19.87288055264816,-210.6925518862208,-42.104648587195044
1458,-161.3447466681719,-38.3345437896597,-209.97754608838622,-42.30147157891509
1459,-231.15756375763257,-16.96864466189693,-208.11423307025237,-41.56439860491078
1460,-239.42326802011354,-28.537899579594622,-209.34891208402635,-41.64448983691618
1461,-102.12190499931978,-82.237479505812,-209.11028277279956,-41.910329489971815
1462,-168.350260592833,-17.977843555233488,-208.31823421310588,-41.65006952058798
1463,-174.50139953915883,-17.903367157595163,-208.58993952443547,-41.6365889472187
1464,-262.62850726382914,-58.09122145601477,-207.621983838871,-41.646978394722495
1465,-348.82035427289026,-19.31981809408463,-208.99146155880692,-41.416809510493295
1466,-266.434893321747,-59.458077749978244,-208.96083571019116,-41.61207566058496
1467,-219.52116784108262,-18.501591711155516,-209.59396182030702,-41.569677059341004
1468,-99.73979874080676,-36.7998371775425,-208.75938993837627,-41.760998260257516
1469,-172.6709529414097,-92.56640709036884,-208.35925209148556,-42.449137013746814
1470,-151.26362796800234,-22.66656717202184,-206.82842419427612,-42.46252037804198
1471,-270.4086164229584,-21.044479690482746,-208.48261859801363,-42.46246012484231
1472,-270.594075115116,-18.313525782402,-209.78224863408497,-42.41060354009162
1473,-297.95174614737283,-18.554310927098484,-210.64270897165426,-42.419006042270446
1474,-217.83728555565236,-95.57609500429191,-210.70970336505718,-42.893741386598414
1475,-88.90157919263557,-58.73473895475811,-210.14555405722436,-42.87022701835058
1476,-323.9331495032116,-56.26090868837129,-211.25581670317368,-43.23809406179702
1477,-110.10267870256433,-21.766536377777733,-208.2995122687911,-43.28629018151184
1478,-262.1804195329799,-22.184278659340027,-209.22935679343618,-43.1043142814609
1479,-405.3364089834708,-18.841775568482113,-209.818447327941,-43.09881416856557
1480,-128.4925208033391,-18.94086990348368,-209.18566922647273,-43.093313447855145
1481,-275.12172286421406,-73.99322044596717,-210.29930871420794,-43.35263031178015
1482,-403.2528852009381,-17.17413060676076,-212.93090441446265,-43.02824015457767
1483,-217.15876732464469,-17.57626645240984,-213.31589577091037,-42.64447454898821
1484,-552.3366111722156,-50.600289049449486,-217.8242291887789,-42.64305437835738
1485,-227.15630903551232,-21.1878928504015,-217.57458680566694,-42.6847839658517
1486,-332.8670197564091,-54.72752799625446,-218.36730223320475,-43.04275243622967
1487,-246.45868746989422,-46.261152897096096,-218.76391725659326,-43.31316455705841
1488,-188.41946074861505,-15.521290888429657,-218.85415689953277,-43.208830848811054
1489,-264.295828945405,-15.059688754889514,-220.30652535845613,-43.128741779912836
1490,-471.5795119673767,-57.49626686299531,-223.53741960259833,-43.52134804468949
1491,-553.0764762492042,-18.496203444282415,-226.36635506474767,-42.8291597575981
1492,-194.01919962698915,-67.49688171530316,-226.08158029634288,-43.184628071071586
1493,-468.599184414684,-16.84671630867038,-229.24345604641528,-42.77366931833679
1494,-273.5261805405113,-16.530703995565563,-230.84412052094618,-42.67135436198005
1495,-272.5615766455817,-85.06517155027376,-230.11314705133123,-42.959963489713196
1496,-441.4242070427895,-19.567217848875067,-233.34258225955094,-42.235560815659966
1497,-235.78207411576088,-50.56563827141205,-232.7436554163503,-42.55907406897856
1498,-296.3526747582102,-20.197982578773672,-232.9684283359051,-42.05062190292113
1499,-213.66852584830605,-22.557173391314528,-233.38159558956644,-41.997680398141966
1500,-419.8423578594023,-16.594376125102055,-236.0896822266713,-41.979481691867804
1501,-338.08245609531576,-19.328712827950444,-236.8764503720285,-41.85305069706186
1502,-92.19439257636382,-77.34636324454868,-234.176163889189,-42.45400389250525
1503,-503.70398799721187,-71.99058417217229,-237.90945331445369,-42.97525702151326
1504,-699.0728077557553,-39.573096387284046,-244.19758374842846,-43.18209175301389
1505,-172.30343192829378,-55.3200866712946,-244.73107746190547,-43.42713546684412
1506,-350.27040478383844,-71.19910063985256,-246.65956570692256,-43.31528328054709
1507,-220.56188376994635,-18.991001720342698,-245.43746018320732,-43.30054476595716
1508,-387.24476182562313,-59.139241070769636,-247.1431774674964,-43.642899047490644
1509,-190.3866338186194,-67.81229651343737,-247.23823811547246,-43.722328984415945
1510,-125.83324047815391,-17.082592409681833,-246.45459445482504,-43.6764869642018
1511,-512.0292654537502,-68.23304209143173,-250.43904050262253,-43.295563083099836
1512,-478.8814025381804,-17.817155249769,-253.01812559022832,-42.73683557009492
1513,-211.19058970919002,-19.91997841459647,-253.55482481795167,-42.727504367452006
1514,-247.76029584931064,-17.125968536976863,-251.90051264537897,-42.71268244542457
1515,-180.74719282030117,-19.22757551576622,-251.4394479387906,-42.66703292269537
1516,-261.93138920480436,-99.95919392390388,-252.0679569692588,-43.065441216511644
1517,-302.8969880413709,-16.528276571414832,-252.9484650380738,-42.47688018412002
1518,-246.270599307571,-25.82130651371591,-253.30858910657716,-42.09213302037657
1519,-153.44589867163668,-18.618699257181547,-251.789766508028,-40.970626622486286
1520,-399.40464188303315,-57.851515948460246,-252.84789395922084,-40.636049693007266
1521,-238.62492923261792,-48.74043996611132,-252.29911792920944,-40.92363237130646
1522,-360.87693555785665,-26.103528953959763,-253.6597234543865,-40.956904295670064
1523,-217.49943940079686,-126.46000279526507,-254.68587252125303,-41.96197300979739
1524,-307.9524452235994,-43.180454593035066,-256.45001959546113,-41.4384230084819
1525,-159.84595030618826,-19.678180300159482,-256.7899426311333,-41.45289227334553
1526,-243.16259281807385,-37.86012153052741,-256.78089275409906,-41.55664339872017
1527,-176.70854681913642,-21.909466569097564,-256.93285155069975,-40.167931510642944
1528,-427.1002308164884,-17.666802892377877,-258.5666357507763,-39.84944706927759
1529,-122.63055856211068,-19.99965523960849,-257.63448282052764,-39.895100824729596
1530,-192.92252315216047,-26.531524718418783,-256.95723984443856,-39.970285021364184
1531,-218.6352623311678,-39.57544974745879,-257.08755727905884,-40.16572835675728
1532,-154.27744424403912,-39.29046217218477,-256.8268807964807,-40.06829809668913
1533,-253.91350073450602,-78.67298616045652,-258.09970473265366,-40.670951827606764
1534,-251.2814612016608,-21.073042589969777,-258.2683187409725,-40.634551480073355
1535,-579.344223412446,-20.35050405259798,-261.8788018047386,-40.627983669383184
1536,-237.8640468656704,-20.57030967149719,-261.64558466079706,-40.65047719450949
1537,-219.11584545817016,-88.31495902984607,-262.2215080118028,-40.72733098207508
1538,-108.92204588023999,-17.785705987203414,-262.2601082125971,-40.727612552959904
1539,-146.42052149265243,-34.58440418268112,-260.5459305014195,-40.86966713736932
1540,-213.79525657791032,-22.88036969422902,-261.32405867401394,-39.96037708517295
1541,-299.353106647137,-14.6871214745165,-261.0400196753524,-39.0392067550593
1542,-121.26451388218322,-71.47988877152862,-260.0786106279941,-39.540795597247715
1543,-382.562159034722,-19.32834680384521,-263.8057467520135,-39.536448707206716
1544,-89.69894866110816,-37.27557934458412,-262.6873871707613,-38.707319847933015
1545,-286.77432024816716,-18.941608766563384,-263.4515128506717,-38.219677501517694
1546,-116.97026278103925,-20.56463998008646,-261.8770086727966,-37.709285251308074
1547,-524.4643034181524,-55.220856311380956,-265.14620804108387,-37.706427112920366
1548,-195.30238489546733,-47.07455313527485,-265.2437289217856,-37.644400431125796
1549,-153.24225949100742,-118.77599087757868,-262.50291165052926,-38.658158932329194
1550,-149.27690762114716,-23.332438674842116,-260.2069573838232,-38.730768794611066
1551,-128.64672779076844,-18.224271508945236,-260.1212675800622,-37.77595918442292
1552,-345.38715832863863,-40.56206327213318,-260.74063699784546,-37.96796342340014
1553,-676.6765792624109,-45.727431040126476,-266.0482867953807,-38.12429686861192
1554,-228.19843123226323,-94.24285451708273,-267.06229348492644,-38.86191953100129
1555,-97.2151847423536,-22.32109167057738,-266.38749509097994,-38.84324926786045
1556,-268.90529877607037,-18.36054385123563,-267.16441727024676,-38.79202929371859
1557,-210.16604401229074,-71.06000152006351,-267.0042680289365,-39.30390050339274
1558,-326.63596526665214,-18.78155896184621,-268.6571802149213,-39.108370655114605
1559,-244.84696164009372,-52.943876685669764,-268.79407419374587,-39.46812297535234
1560,-120.83712453123282,-28.389312269167288,-267.60821275885706,-39.46663710224806
1561,-236.0552148318923,-20.28115316705796,-268.9475458571828,-38.84707383886052
1562,-150.37338666201467,-42.08236850020297,-268.7677771178747,-39.08811908831021
1563,-210.85957793269864,-22.18361318994873,-269.1313589018101,-39.130921548633744
1564,-494.6188037117842,-24.196099981360305,-271.45126186628966,-38.7919703338872
1565,-168.94157554941947,-66.99694929683206,-269.6524740790549,-39.26874164591467
1566,-99.65396625588848,-23.800752110888983,-267.9846648083963,-38.912168389523785
1567,-218.40431250296672,-39.82793153981669,-267.9734962550151,-39.125431787810406
1568,-144.50987562558691,-30.135400219724147,-268.42119702386293,-39.05878741823222
1569,-423.1396520221911,-15.77164436751103,-270.9258840146707,-38.29083979100365
1570,-63.09638656426992,-19.608981995052456,-270.0442116006334,-38.26026393923395
1571,-117.74834831901946,-56.762220976405494,-268.51760891959395,-38.617441352093174
1572,-257.6800218893266,-27.957479187328538,-268.3884683873361,-38.71388088614244
1573,-127.13373218696591,-49.07643229206372,-266.6802882477321,-39.01910209979209
1574,-220.99363247246504,-69.29726155195584,-266.71185171690024,-38.756313765268736
1575,-256.8463163494021,-60.04389348244655,-268.3912990884679,-38.76940531054563
1576,-132.36958444552073,-60.200178140946015,-266.475663437891,-38.808798005071374
1577,-386.58916038917124,-33.174344537694004,-269.24052825475707,-38.92287608667053
1578,-189.11585563125522,-49.30588921522553,-268.50988261573985,-39.194092192229384
1579,-317.79562870721196,-95.26350985686832,-267.6344748129772,-39.958309535113244
1580,-256.7328546407256,-76.29008576606444,-268.91687815135117,-40.53180169373905
1581,-249.8190046775334,-97.25607217674386,-268.6638509694844,-40.76443021104682
1582,-201.16305066754666,-31.50272151904754,-266.64295262415044,-40.90771612016969
1583,-128.81541972222848,-36.033431979985224,-265.7595191481263,-41.092287775445435
1584,-211.56392822242398,-99.3480955045521,-262.3517923186283,-41.57976583999646
1585,-290.12947987852624,-63.30006946925028,-262.9815240270585,-42.00088760618495
1586,-437.6479839885293,-27.09946785971326,-264.0293336693797,-41.72460700481954
1587,-205.74294464336418,-51.818065707465166,-263.6221762411143,-41.78017613292323
1588,-324.0584037255726,-104.3724319658449,-264.9785656708839,-42.66868754369739
1589,-428.425031809199,-46.32596545173188,-266.61985769952184,-42.98135031066581
1590,-172.68576863813055,-78.15445136169063,-263.63092026622945,-43.18793215565276
1591,-297.80724534192296,-65.14293438664998,-261.07822795715657,-43.65439946507644
1592,-139.03518609355692,-52.23064175762114,-260.52838782182226,-43.50173706549961
1593,-384.73092216584996,-16.849563340164085,-259.6897051993339,-43.501765535814556
1594,-229.97726418404443,-62.83910284175593,-259.2542160357692,-43.96484952427645
1595,-168.1841897155761,-75.87167359107562,-258.2104421664692,-43.872914544684484
1596,-227.61641747553648,-61.05676047419525,-256.0723642707966,-44.28780997093769
1597,-259.47277041344324,-47.661949319454536,-256.3092712337734,-44.25877308141811
1598,-109.36704541458457,-68.52029595055446,-254.4394149403372,-44.74199621513592
1599,-81.40493936069173,-20.253288808013057,-253.11677907546107,-44.7189573693029
1600,-263.48892895801987,-95.32191364254781,-251.55324478644724,-45.50623274447736
1601,-139.0813783387826,-44.9938206885975,-249.56323400888192,-45.762883823083826
1602,-156.63178834478992,-95.34001135980142,-250.2076079665662,-45.94282030423635
1603,-148.333803229551,-19.522719206492997,-246.65390611888958,-45.418141654579564
1604,-222.77476744880096,-19.00194877963148,-241.89092571582003,-45.21243017850303
1605,-192.08326262593738,-67.4354280414503,-242.08872402279644,-45.33358359220458
1606,-193.36269868721712,-73.53785599464318,-240.51964696183026,-45.35697114575249
1607,-68.13708340525933,-21.28278117745559,-238.9953989581834,-45.379888940323625
1608,-207.5197045725535,-17.062288353334033,-237.1981483856527,-44.959119413149274
1609,-154.87372159039253,-25.879697941697607,-236.84301926337042,-44.539793427431874
1610,-208.043686073703,-21.187361421348932,-237.6651237193259,-44.580841117548545
1611,-305.532254983042,-15.28844566574662,-235.6001536146188,-44.05139515329169
1612,-255.48367573723434,-26.84603579838985,-233.36617634660934,-44.141683958777904
1613,-106.7911663267972,-17.762355087527936,-232.32218211278544,-44.12010772550722
1614,-169.60614811587445,-26.571731603068283,-231.5406406354511,-44.21456535616813
1615,-176.20351977469016,-36.48907249419273,-231.495203904995,-44.38718032595239
1616,278.8642792112637,-20.719436449212925,-226.08724722083434,-43.594782751205486
1617,-75.80448350699892,-20.055679638251622,-223.81632217549063,-43.63005678187385
1618,-363.05856602686646,-18.554255473146892,-224.98420184268358,-43.55738627146817
1619,-158.23169974638333,-20.48794404414138,-225.032059853431,-43.576078719337765
1620,-121.82218564705883,-18.468512565671187,-222.25623529107125,-43.182248685509876
1621,-95.68754524739327,-20.31665244418477,-220.826861451219,-42.89801081029061
1622,-75.08642248354413,-31.145877190603535,-217.96895632047588,-42.94843429265704
1623,-130.0066697596146,-62.89463399727679,-217.09402862406407,-42.31278060467716
1624,-127.0775491224489,-19.204098924830785,-215.28527966305256,-42.07301704799511
1625,-227.64835751081145,-94.39053397758123,-215.9633037350988,-42.82014058476933
1626,-87.97941667355106,-19.434506658015835,-214.41147197365356,-42.635884436044215
1627,-289.710035889977,-20.487635308543275,-215.54148686436193,-42.621666123438665
1628,-97.14569511235594,-22.63726590976556,-212.24194150732063,-42.67137075361255
1629,-80.35462483683115,-21.503469716682446,-211.81918217006785,-42.686408898383284
1630,-221.207788711601,-32.79878704771599,-212.10203482566226,-42.74908152167625
1631,-217.29966077293378,-44.22071091193111,-212.08867881007993,-42.79553413332098
1632,-117.25104464937294,-20.60992433656509,-211.71841481413327,-42.60872875496478
1633,-118.43812827642137,-21.32903866785781,-210.3636610895524,-42.0352892800388
1634,-213.4881382570037,-17.17143828353565,-209.9857278601058,-41.99627323697446
1635,-326.00202055380845,-18.530645190847377,-207.45230583151945,-41.97807464835695
1636,-107.35985201238745,-28.33024264112156,-206.1472638829866,-42.0556739780532
1637,-134.17927309100446,-25.873881507141334,-205.29789815931497,-41.431263202826145
1638,-242.5546374519127,-17.562184887077496,-206.63422407503168,-41.42902799182489
1639,-213.21205617310898,-23.016896735004693,-207.30213942183624,-41.313352917348126
1640,-382.1142816390536,-16.851074444872246,-208.98532967244765,-41.25305996485456
1641,-223.63107482316946,-48.81016551031807,-208.228109354208,-41.594290405212575
1642,-345.1159374915981,-23.591636302355592,-210.46662359030216,-41.11540788052085
1643,-187.2751833253789,-19.748145563871663,-208.51375383320874,-41.11960586812111
1644,-138.46169582232812,-20.505454624328657,-209.00138130482094,-40.951904620918555
1645,-181.67770905604857,-58.399778259446094,-207.95041519289975,-41.34648631584738
1646,-143.51355754973136,-61.24280767904589,-208.2158481405867,-41.753267992836975
1647,-104.42401131060336,-68.49758602171183,-204.0154452195112,-41.88603528994028
1648,-161.79714953958154,-35.7095769424732,-203.6803928659523,-41.77238552801226
1649,-223.41065583042126,-20.695895204259674,-204.38207682934646,-40.791584571279074
1650,-226.71738488626792,-18.78505389968877,-205.15648160199765,-40.74611072352755
1651,-259.2076875254644,-56.37461639129839,-206.4620911993446,-41.12761417235108
1652,-187.20339322717655,-100.25219952007235,-204.88025354833,-41.724515534830466
1653,-174.16446163603908,-20.13661021213165,-199.85513237206627,-41.468607326550526
1654,-434.14659789669577,-20.30435921502725,-201.9146140387106,-40.729222373529964
1655,-161.77514554860701,-35.04308030850465,-202.56021364677312,-40.856442259909244
1656,-167.7461775017664,-67.12668358169208,-201.54862243403008,-41.34410365721381
1657,-231.47332784359222,-19.4730714451448,-201.76169527234308,-40.82823435646462
1658,-322.0327948235822,-15.93947260612003,-201.71566356791237,-40.799813492907354
1659,-204.08012931528455,-17.993445373765116,-201.30799524466428,-40.450309179788306
1660,-120.4420271649464,-71.65169360661584,-201.30404427100143,-40.88293299316279
1661,-325.17318973445634,-19.508947400124416,-202.1952240200271,-40.875210935493456
1662,-163.8158853551497,-21.19586695966657,-202.32964900695842,-40.66634592008809
1663,-186.35059642329864,-140.0313250471336,-202.08455919186443,-41.84482303865994
1664,-282.16266642161315,-17.62978879406235,-199.95999781896273,-41.77915992678696
1665,-95.54529768386972,-20.675614984632542,-199.22603504030724,-41.31594658366497
1666,-246.3029967432047,-56.117141977737624,-200.6925253451804,-41.63911048233345
1667,-277.55287025812396,-63.5806447749027,-201.28401092273197,-41.87663761468431
1668,-360.759946822734,-23.500228213050345,-203.44651163470343,-41.81028589461757
1669,-189.7330897704069,-113.08716462095506,-201.1124460121856,-42.78344109715201
1670,-114.5624204742735,-61.42962095320363,-201.62710635128565,-43.20164748673352
1671,-253.0898871563904,-16.301422815242546,-202.98052173965937,-42.7970395051219
1672,-175.8195381382622,-21.42951892616924,-202.16191690214873,-42.731759902510305
1673,-213.33759793757937,-58.50606644116407,-203.02395555965484,-42.82605624400131
1674,-289.9396798332039,-28.731674762934315,-203.7134160332622,-42.42040037611109
1675,-89.68069716242289,-21.22591827316873,-202.04175984139243,-42.032220624018315
1676,-240.60730772130034,-27.34677535194429,-203.1241370741502,-41.70368659612829
1677,-174.17693302709185,-22.052175213950584,-201.00001480052944,-41.59246490289085
1678,-329.4154446106055,-20.462447161352426,-202.40301069032296,-41.30403048235213
1679,-251.17213539307832,-67.42694420080547,-201.73677575718162,-41.0256648257915
1680,-157.00639548838797,-26.331311520523286,-200.73951116565826,-40.52607708333609
1681,-235.1584499177115,-85.52286630244728,-200.59290561806003,-40.408745024593124
1682,-399.1101355638545,-60.951230362977995,-202.5723764670231,-40.703230113032426
1683,-288.67263782952773,-19.88141055898979,-204.17094864809607,-40.54170989882247
1684,-200.91127067061538,-90.41331119514233,-204.064422072578,-40.452362055728365
1685,-319.8009813920091,-18.142272119983655,-204.36113708771282,-40.00078408223571
1686,-146.812673479995,-26.34627928868442,-201.4527839826275,-39.993252196525425
1687,-118.9077788923509,-73.56868290521545,-200.58443232511735,-40.21075836850292
1688,-284.2782496602348,-17.234131308491328,-200.18663078446394,-39.339375361929385
1689,-209.22422956396355,-84.01501629378632,-197.9946227620116,-39.71626587034993
1690,-287.68436711590056,-19.668549573399748,-199.14460874678932,-39.13140685246702
1691,-258.1747870713745,-114.6366439453309,-198.74828416408386,-39.62634394805383
1692,-184.99774487273035,-33.306337823021586,-199.20790975187558,-39.43710090870783
1693,-257.503513944761,-102.63543705164442,-197.9356356696647,-40.294959645822644
1694,-233.0325995118371,-126.51233764182469,-197.96618902294261,-40.93169199382333
1695,-259.034715184583,-15.772712664749099,-198.87469427763267,-40.33070238456006
1696,-236.829768514313,-66.40002010139962,-198.96682778802042,-40.384134980832116
1697,-143.06954175074264,-18.732970966960863,-197.80279550139338,-40.09484519730718
1698,-225.71075636965105,-23.77792557301155,-198.96623261094408,-39.64742149353175
1699,-183.2052513710207,-71.07359261995774,-199.98423573104736,-40.15562453165119
1700,-215.47952437850137,-53.30010069056673,-199.5041416852522,-39.735406402131375
1701,-156.7905124658806,-65.01731020734508,-199.68123302652316,-39.93564129731885
1702,-144.8304704902279,-41.725365956144884,-199.56321984797756,-39.399494843282284
1703,157.56022533520385,-81.65055444708719,-196.50427956233003,-40.02077319568823
1704,-147.3991285222664,-100.61032704220203,-195.75052317306466,-40.83685697831394
1705,-80.58594796929945,-18.169403927423893,-194.6355500264983,-40.344196737173675
1706,-182.03481063551348,-18.58918939481567,-194.52227114598125,-39.79471007117541
1707,-226.05006804835406,-18.66075753890946,-196.1014009924122,-39.76848983478995
1708,-235.44611261667433,-18.94307669366307,-196.3806650728534,-39.78729771819324
1709,-147.1050501442073,-102.67320493535223,-196.30297835839156,-40.55523278812977
1710,-275.81519872525365,-23.833068718068244,-196.98069348490708,-40.58168986109697
1711,-255.58431731085352,-37.87248052348604,-196.48121410818518,-40.807530209674354
1712,-160.8652531810762,-82.48617833197879,-195.5350298826236,-41.36393163501025
1713,-211.41758860835972,-58.22388764370109,-196.5812941054392,-41.76854696057199
1714,-190.80915161984663,-20.304151617378864,-196.79332414047892,-41.70587116071509
1715,-193.0055636383819,-82.0891182116188,-196.96134457911583,-42.161871617889354
1716,-106.76239455916667,-19.546213692036897,-200.81761131682012,-42.15013939031759
1717,-217.11179406393669,-26.597223616033702,-202.23068442238952,-42.21555483009541
1718,-157.84804190437657,-37.630975890129776,-200.17857918116462,-42.40632203426524
1719,-202.9955375767512,-29.873943151527026,-200.62621755946827,-42.5001820253391
1720,-193.95306215460982,-51.029231985154006,-201.34752632454382,-42.825789219533924
1721,-197.33612616265026,-36.16478545867374,-202.3640121336964,-42.98427054967882
1722,-230.21271346211665,-93.32112336038789,-203.91527504348213,-43.60602301137665
1723,-125.56552740021102,-22.73546602789372,-203.87086361988813,-43.20443133168282
1724,153.39630771706103,-62.619737130021726,-201.06612505149303,-43.63858771373473
1725,-203.93515248111473,-66.08687232938513,-200.82899300119604,-43.355551097252764
1726,-126.18318938092978,-23.048698172038865,-201.21103072826983,-43.391693012393
1727,-136.12885239628204,-42.80027215865746,-199.67521889333287,-43.61481938089414
1728,-175.09348013337873,-18.153329540125032,-200.45469674354308,-43.569980017197736
1729,-181.38821284623975,-71.42141083774472,-201.4650326236372,-44.06915942840836
1730,-208.0084589572337,-50.59465140647654,-201.33303932609354,-44.24711807199597
1731,-357.32701182094996,-20.38761158841731,-202.7333128365737,-44.00878707876083
1732,-210.314167319429,-79.56578602914767,-203.66394406327427,-44.59834569568666
1733,-130.62661952016825,-21.25466385230625,-203.78582897571172,-44.597601947531146
1734,-183.5712170631547,-117.05331469326931,-203.48665976377322,-45.596420711628475
1735,-205.51717171600512,-27.066949804217565,-202.2818112753952,-45.68178375776218
1736,-264.21051075201,-58.4157172778845,-203.85031786279143,-45.98263850412981
1737,-268.2524427276069,-18.84463877494348,-205.19104955915742,-45.91234607680783
1738,-116.94749657109278,-52.850188029683046,-203.93497815034922,-46.26522610823388
1739,-232.4365637822993,-28.597400148634968,-204.12722322644112,-46.32103114237019
1740,-285.27367407003476,-39.77147192226243,-203.15881715075093,-46.5502351171441
1741,-209.88540862087842,-20.197825911047698,-203.02136048872802,-46.26411172115139
1742,-178.01754187466264,-21.08846427329442,-201.3503765325587,-46.239080000860774
1743,-287.49396888419716,-23.074714189902114,-202.35256438814687,-46.27234568712108
1744,-96.93921930395999,-34.76924234990601,-201.93733962296318,-46.414983564376854
1745,-173.08267976816907,-94.39763022991524,-201.8513893300844,-46.77496208408155
1746,-168.45370957545111,-93.88932079071631,-202.10079085034158,-47.10142721519826
1747,114.97573009068958,-21.066793313682393,-199.90679343632866,-46.62711928811797
1748,-283.8015736215856,-61.0602676047396,-201.1268376771487,-46.88062619474063
1749,-126.21739100454698,-45.167878437268826,-200.15490502888994,-47.12534602707071
1750,137.12004200856154,-50.29302296680934,-196.51653075994167,-47.44042571774192
1751,-179.26152568788032,-106.1786318072232,-195.71706914156582,-47.938465871901165
1752,-247.53076390550487,-48.212086222783824,-196.3203428483491,-47.41806473892828
1753,-216.64081746030982,-74.59268684659075,-196.74510640659182,-47.962625505272875
1754,-378.3491547320735,-17.502889219858577,-196.18713197494557,-47.93461080532118
1755,-184.3280711867063,-25.593993613874957,-196.41266123132655,-47.84011993837489
1756,-73.0258335700306,-72.40583472471248,-195.46545779200923,-47.89291144980509
1757,-337.0168924273397,-17.667235894335484,-196.52089343784667,-47.874853094296995
1758,-288.6694889799186,-18.46562937158868,-196.18726037941005,-47.90011466195168
1759,-117.54251862385117,-85.38279430576446,-195.32188427249568,-48.57400815127168
1760,-288.22650109303845,-18.121458496991686,-196.9997290117766,-48.038705800175435
1761,-237.49622218063013,-22.201792218709375,-196.12295933623832,-48.06563424836128
1762,-145.86691340579335,-21.375551171344352,-195.94346961674478,-48.06743109047806
1763,-247.67516973845596,-58.06460902075242,-196.5567153498964,-47.24776393021424
1764,-211.21879135579348,-20.145747908070092,-195.8472765992382,-47.27292352135432
1765,-228.43474403338817,-20.19663943625062,-197.17617106273337,-47.26813376587051
1766,237.0025150156494,-19.109209974652778,-192.34311594514483,-46.898054445839655
1767,-316.9515371967436,-44.31349592194161,-192.737102614531,-46.70538295731005
1768,-4.062674068139245,-21.71897168838964,-189.17012988698508,-46.687570392063435
1769,-222.89904408460592,-20.04051889705501,-189.50178943012705,-45.757103934824435
1770,-123.3384803393984,-58.654102255487636,-189.58955002877832,-45.72934874784728
1771,-393.44482692750375,-16.796717375246406,-190.99309942648947,-45.73430169344732
1772,-343.59130413464993,-20.756354329294943,-192.67081708645333,-45.72757004747858
1773,-100.75625167254663,-81.73941215456885,-191.545003623803,-45.959903504612626
1774,-263.3342878821315,-17.798862802110392,-191.27894970429227,-45.85057538500439
1775,-145.09953193015997,-97.56165401868937,-191.83313805196966,-46.61393274245959
1776,-157.97577305213764,-19.5379119337212,-191.006822705278,-46.53584410827736
1777,-159.9599184535062,-47.99268533353855,-190.86465255954218,-46.79524920947323
1778,-108.43803252455578,-27.876768958503686,-188.65487843868166,-46.869392427444744
1779,-233.75185539046564,-18.902546828039373,-188.48067563865553,-46.38414845371709
1780,-193.69513579677024,-80.3983303143909,-188.84756304173933,-46.92481864165576
1781,-279.45700332011876,-18.876356901536642,-189.2905485757634,-46.25835354764666
1782,-205.95450335890288,-19.035030697169137,-187.3589922537139,-45.83919155098857
1783,-22.15317254932508,-20.514394564927027,-184.69379760091186,-45.84552139104794
1784,-432.1445280073531,-22.220453882149723,-187.0061301742793,-45.163592817918015
1785,290.05510090768996,-18.932455349349695,-180.9075693512823,-45.171494650211685
1786,-161.94776607614304,-21.467566960927687,-181.05892027724377,-45.12270752693411
1787,-61.00098009857664,-20.13064110430234,-180.47985228930602,-44.58832710892498
1788,-218.08290036165897,-22.50183181589059,-179.81789879632026,-44.641004113998974
1789,-405.6732053183017,-25.35576667069333,-181.78238855386368,-44.05441161776805
1790,-35.08735082358153,-18.940477042532574,-179.2564183909405,-44.04713089245938
1791,-271.3223448097928,-45.70003421188029,-179.38789396832465,-43.35776479512487
1792,-353.9159456306724,-18.054319597735994,-181.07707597590408,-43.20524461287201
1793,-210.83151399539207,-19.468758561123675,-180.61035597641037,-42.3735778279668
1794,-175.84426184303373,-21.443280310026573,-180.03847259972233,-41.32288725464881
1795,-128.86950813770983,-18.955208873684853,-178.7368205292536,-41.35471221673817
1796,-287.8976729203658,-27.883192643031567,-179.24749957331414,-40.969543942154495
1797,-120.6018026125151,-63.46959651158063,-179.02282218193184,-41.41691019760069
1798,-197.26374174840078,-18.944366109398068,-178.73835203571932,-41.36857460296456
1799,-85.54968706421187,-22.572144774487107,-177.76179639265126,-40.883560124509856
1800,-306.3918222867485,-18.29613705054363,-178.67091937173373,-40.53352048810963
1801,-271.2650260709781,-62.10224532122773,-179.8156645077847,-40.50436983924846
1802,-89.80032962220763,-22.659342916680977,-179.2653630991045,-40.31370960885382
1803,-332.9334778324785,-39.22347523874753,-184.1703001307813,-39.889438816770415
1804,-317.1759594714101,-18.898303122975793,-185.86806844027276,-39.07231857757816
1805,-268.8399854662526,-19.335533881708226,-187.7506088152423,-39.083979877121
1806,-173.92036207571184,-18.8198900999052,-187.66946432964426,-39.0862868841719
1807,-139.35762319788077,-55.05245094163396,-186.80253988113952,-39.45020381819914
1808,-148.05361512751907,-47.05851492423662,-185.928614906248,-39.73135820050488
1809,-137.4184527811395,-61.83114631018732,-185.83174893261733,-39.32293761425323
1810,-189.46598259234338,-37.86904661019775,-184.96825677128825,-39.46329739317453
1811,-404.6386876393116,-17.79123066498535,-186.45880047457283,-39.26248489458951
1812,-282.78873365290826,-18.478967218422675,-187.67803527929112,-38.622412783453946
1813,-163.57259538382388,-63.90254845660556,-187.19958534704574,-38.67919939158299
1814,-17.071020023324643,-21.646396629828814,-185.46220403108052,-38.692621841707485
1815,-58.966653606577935,-21.424835285667502,-184.12181493076247,-38.08597901244798
1816,-128.30327959611125,-20.167073861638524,-184.33722378113194,-38.092187614144
1817,-144.5870311538203,-62.711405734895685,-183.6119761520308,-38.45332943533262
1818,-234.22271701344806,-58.849071894944835,-184.3757229031215,-38.66551039538077
1819,-195.72925854213557,-45.297954237163324,-184.30306011277534,-38.81975050623714
1820,-147.3122083671007,-25.511791807222327,-183.8366515749003,-38.56457610445782
1821,-165.91922638648836,-78.18892650295865,-183.52248257713867,-38.98481751490067
1822,-60.21966361224026,-54.24038390030017,-181.8225520786399,-38.594010120299785
1823,-314.4604355492987,-93.4289952561709,-183.71150116013075,-39.30094541258255
1824,-282.67982726551816,-24.898550200395547,-188.07226250995654,-38.92373354328629
1825,-209.61660656596567,-20.7528925142483,-188.129077050805,-38.47039374513493
1826,-205.19135180216696,-21.29545156438269,-188.91915867501737,-38.45286127905837
1827,-131.55553131643885,-18.884504223070373,-188.87342546421897,-38.2137035997025
1828,-130.65337544599745,-43.99073009078897,-188.42902441734518,-38.472077605209144
1829,-189.9843726474985,-19.893350681271652,-188.51498601535775,-37.95679700364441
1830,126.11613593740776,-147.44630560942326,-185.1737400664113,-38.925313545673866
1831,-173.2450126968031,-131.20245757061792,-183.33292007516982,-40.03346200549587
1832,-431.13420819279844,-45.153621110334626,-185.54112048390354,-39.689340356307746
1833,-67.59776244626875,-53.91831696894072,-184.91083191316457,-40.015976887474096
1834,-290.46270262074864,-18.92992419610875,-185.9797467687405,-39.03474298250249
1835,-225.20199969515963,-96.31201465377336,-186.17659504853205,-39.72719363099805
1836,-242.024494048619,-84.33150317939251,-185.95473488149815,-39.986351490013135
1837,-91.1499557155475,-20.6301368015623,-184.18371001137757,-40.00420647027932
1838,-230.97223026588054,-106.20522741286935,-185.32395734832542,-40.53775686411118
1839,-168.9664986870061,-23.003972829442887,-184.6892566973725,-40.48182259091926
1840,-328.56057110667103,-43.1808615045763,-185.12212566773889,-40.51591648674239
1841,-204.3428871778028,-94.321108475712,-185.0667004533081,-41.25714931238904
1842,-116.0962355359324,-60.490652713611446,-184.4474873899208,-41.651171196792205
1843,-196.36403006240062,-90.95371080778695,-183.5361880017028,-42.32996116297105
1844,-268.30797388109596,-18.949495408458215,-185.24987554747418,-42.17176369355657
1845,-233.68159062398206,-62.52289134015905,-185.8558646560323,-41.85301630465902
1846,-146.19606148980978,-23.430276614353232,-185.6332881751759,-41.148425862895394
1847,-394.87145439037164,-62.44047775267572,-190.7317600199865,-41.56216270728532
1848,-248.80922519694937,-47.19247251257635,-190.38183653574015,-41.42348475636369
1849,-132.4458073809098,-63.34868793605884,-190.44412069950377,-41.605292851351585
1850,-370.43007526127974,-17.589741388507214,-195.5196218722022,-41.27826003556857
1851,-171.16764644373427,-21.111265931204315,-195.43868307976075,-40.427586376808385
1852,-146.2502518330477,-97.2967157293457,-194.42587795903617,-40.918432671874
1853,-256.0136226238456,-47.883229655400065,-194.81960601067152,-40.651338099962096
1854,-109.15537003060265,-63.99071959415316,-192.12766816365684,-41.11621640370504
1855,-163.93994056626133,-99.41325789335008,-191.92378685745237,-41.85440904649979
1856,-174.44948344181591,-30.68672166421358,-192.93802335617022,-41.437217915894806
1857,-122.82913322115277,-76.7238312628713,-190.79614576410836,-42.02778386958016
1858,-203.07560306229294,-20.425288664305366,-189.9402069049321,-42.04738046250733
1859,-243.37960594985313,-106.70939816761081,-191.19857777819215,-42.260646501125784
1860,-247.57704377913913,-96.35575680441454,-190.79208320505316,-43.042989484200014
1861,-186.56392928780787,-18.335099908426454,-190.28276027612492,-43.004322561097176
1862,-160.15878612348882,-32.244621046950826,-190.42567900330187,-43.11301325985324
1863,-129.8661870401208,-20.080525448325496,-189.24758917631854,-42.73317242412897
1864,-211.41042447040098,-24.357756997326252,-189.2495055074646,-42.77529251502153
1865,-152.5178357413438,-53.1915703429212,-188.49033642454415,-43.10524182408825
1866,-136.4798893951206,-29.36623025186114,-192.22516046865186,-43.20781202686034
1867,-212.0516506580512,-105.62199007426645,-191.17616160326492,-43.82089696838358
1868,-183.6446967056691,-18.72397877345242,-192.9719818296402,-43.790947039234204
1869,-179.74240406871382,-65.45565986900114,-192.5404154294813,-44.24509844895367
1870,-104.90913220422179,-22.682802939617762,-192.35612194812953,-43.885385455794975
1871,-173.55366447583634,-63.67015183104013,-190.15721032361284,-44.35411980035292
1872,-466.5224165819664,-70.24368167148471,-191.386521448086,-44.848993073774814
1873,-223.4101281722658,-22.128315493010646,-192.61306021308317,-44.25288210715922
1874,-222.47348393189836,-107.75403118913026,-192.20445217358088,-45.152433791029424
1875,-101.74450198373928,-17.715142288848106,-191.77090187411667,-44.35396867373101
1876,-218.50231956900996,-121.58245192929955,-192.3761673392854,-45.37441407368679
1877,-33.977942171788186,-21.60720275864577,-191.1163475764682,-45.110559247937864
1878,-245.97336969100115,-20.687507740217892,-192.49170094813266,-45.038666635755
1879,-222.20213134136242,-23.200732846183975,-192.37620370764162,-45.08164849593645
1880,-182.09678570439817,-39.15654012801017,-192.2602202067179,-44.66923059407265
1881,-154.58890917402448,-21.68689997932908,-191.01153926525694,-44.69733602485057
1882,-80.37551928618039,-59.31872342247371,-189.75574942452974,-45.10017295210362
1883,-150.6665862254233,-22.62319164866564,-191.04088356129074,-45.121260922941
1884,-195.84472184837986,-20.444726960580567,-188.677885499701,-45.103503653725305
1885,-148.37703716920353,-19.25165597319614,-193.06220688046994,-45.106695659963776
1886,-184.36060775004407,-22.32744188319755,-193.28633529720895,-45.115294409186475
1887,-311.5181322166491,-44.967207039716584,-195.79150681838965,-45.363660068540625
1888,-185.61299135824873,-65.52125332219339,-195.46680772835555,-45.79385428360365
1889,-108.78818274037428,-19.845945123906212,-192.4979575025763,-45.73875606813577
1890,-217.60279850135228,-18.62152947670897,-194.323111979354,-45.73556659247753
1891,-125.33696128565845,-17.044152880213762,-192.86325814411265,-45.449007779160866
1892,-282.08463907208994,-23.45335347161337,-192.14494507852683,-45.50299811789964
1893,-79.59173274166817,-20.20507611496858,-190.83254726598955,-45.51036129343809
1894,-153.6526503968481,-21.742458311347526,-190.61063115152768,-45.513353073451306
1895,-219.6219206234008,-21.77936146336263,-191.51815527638465,-45.54159459934808
1896,-183.80635847647332,-22.626604486732692,-190.47724213194573,-45.4890287177851
1897,-90.4878115915264,-19.800226717394256,-190.17610222173585,-45.052335019843234
1898,-230.01921918067825,-15.995359437611675,-190.50365699605862,-45.02284495312537
1899,-434.91957761859334,-18.9635269241392,-193.9973559016024,-44.98675877462188
1900,-179.7792426866154,-97.24057045575411,-192.73123010560107,-45.77620310867398
1901,-119.40730510683657,-61.814604593978764,-191.21265289595965,-45.7733267014015
1902,-224.1978589249182,-19.143359820977107,-192.55662818898676,-45.73816687044446
1903,-117.67744391681097,-71.6839969233254,-190.40406784983008,-46.062772087290234
1904,-251.14481791524653,-17.86120961040955,-189.74375643426848,-46.05240115216458
1905,-279.45018524827645,-17.966129747487262,-189.84985843208872,-46.038707110822365
1906,-333.61879788051107,-60.95105794136554,-191.44684279013669,-46.460018789236976
1907,-167.44728824204634,-22.407991574727692,-191.72773944057835,-46.13357419556791
1908,-185.85194195557665,-19.26566910527963,-192.10572270885893,-45.85564573737834
1909,-370.06286858949284,-24.911049293777744,-194.43216686694248,-45.48644476721424
1910,168.16024132790054,-25.266940527815137,-190.85590462774005,-45.36042370639041
1911,-161.10216505454858,-19.178814639087353,-188.42053940189243,-45.37429954613143
1912,-239.75704624856544,-45.85743942058809,-187.99022252784897,-45.64808426815309
1913,-263.1057807866534,-21.764957760830875,-188.98555438187725,-45.22670836119535
1914,-134.04122777002704,-19.709966688433482,-190.1552564593443,-45.20734406178139
1915,-110.70413400525824,-19.94550201185468,-190.67263126333108,-45.19255072904326
1916,-298.8137733692734,-17.670867719786063,-192.3777362010627,-45.167588667624734
1917,-105.50448026416127,-61.832783732596255,-191.9869106921661,-45.158802447601744
1918,-195.0105455949371,-16.93695244637809,-191.594788977981,-44.739681253116075
1919,-130.43141520446633,-17.439424828588276,-190.94181054460432,-44.461095959030324
1920,-197.16693688308092,-63.77629480938873,-191.44035782976414,-44.84374098905199
1921,-498.0169161118714,-36.37724120592056,-194.76133472701795,-44.425624136081616
1922,-148.70752741968403,-68.54629453407787,-195.64621336509242,-44.56868324241939
1923,-199.9406224539493,-21.336433290310993,-194.50101523413892,-43.847757622760795
1924,-163.15400499799114,-101.21888243155325,-193.30575701146364,-44.61096094507237
1925,-158.59699026458603,-19.39523287310465,-192.79556084844984,-44.59738434866093
1926,-415.31045784226995,-19.00585954166668,-194.89675190885086,-44.57448842843376
1927,-192.86981127335196,-18.17336782219959,-195.50989470842,-44.567377064425045
1928,-206.61384099217656,-132.3820231855284,-196.26949936388178,-45.45128999537245
1929,-297.04425531494263,-57.65695089182665,-197.34009819055623,-45.828925997478
1930,-259.00489007082405,-69.4421229804148,-201.19130845063853,-45.04888417118792
1931,-75.00635914721305,-23.026567799370664,-200.20892191514267,-43.967125273475446
1932,-320.94723607675314,-19.314314074917554,-199.10705219398218,-43.70873220312128
1933,-431.87592427253577,-32.86226238107742,-202.74983381224484,-43.498171657242644
1934,-179.83593046394174,-38.29758709951777,-201.64356609067676,-43.69184828627673
1935,-489.6082265798283,-59.435927442687436,-204.28762835952344,-43.32308741416587
1936,172.46982597826042,-17.031642690701,-200.14268515925465,-42.65008880927895
1937,-198.1973094846101,-20.925978593164707,-201.21315869694527,-42.653047227194975
1938,-386.8805602854766,-23.714839370896037,-202.77224199714126,-41.82814334677525
1939,-164.7422453371166,-21.910452375350644,-202.7299994636424,-41.81720814223433
1940,-160.80735469648275,-17.222597270243114,-201.0524672995405,-41.557625499891
1941,-210.77395594781413,-19.181481351195245,-201.1167779872406,-40.80622922864583
1942,-139.01614173600169,-56.56065661948255,-201.3459770492413,-40.76692926770454
1943,-252.8447835302014,-19.766451740604705,-201.9107845839193,-40.05505667703272
1944,-5.887795037012888,-21.176524696930503,-199.28658279547847,-40.077326969917436
1945,-240.37636192768642,-41.643757481226615,-199.35353050851552,-39.868535631328115
1946,-242.45437875962585,-60.13561518101217,-200.31611368121366,-40.2355890169947
1947,-244.5785312330288,-25.59683534186136,-198.81318444964026,-39.86715259288656
1948,-178.95265402274495,-22.67784340790413,-198.1146187378982,-39.622006301839846
1949,-459.4975371905472,-28.628934654347095,-201.38513603599455,-39.27480876902273
1950,-323.42687590497263,-22.114544735889435,-200.9151040424315,-39.320056802496545
1951,-233.0582226114964,-18.951628971695076,-201.53400980410913,-39.29846043290145
1952,-269.25960323118034,-23.91216700642388,-202.76410331809043,-38.564614945672226
1953,-139.97798512127505,-26.734846977828617,-201.60374694306472,-38.35313111889651
1954,-139.2845477088898,-24.513180701223153,-201.9050387198476,-37.95835572996721
1955,-212.13964056587616,-18.945046243447507,-202.38703571984377,-37.15367361346818
1956,-189.13048746785566,-21.182433983567613,-202.53384576010419,-37.058630736661726
1957,-122.05091415860876,-45.4479756674667,-202.52606356947877,-36.745872180707686
1958,-234.4420593924942,-59.32928283981466,-202.83972813278075,-37.13491212246279
1959,-116.80488910308617,-19.14897622262246,-201.57398096431305,-36.2593079030129
1960,-179.47759174836384,-21.194393162797784,-200.89298644400532,-35.50769426659673
1961,-267.5147089955865,-16.996608191756167,-201.7024942410831,-35.49430934943003
1962,-301.5774427426675,-17.037962867254365,-203.11668080727483,-35.34224276763307
1963,-172.23722577585764,-23.1629091744375,-203.54039119463224,-35.373066604894184
1964,-245.04930342426414,-55.600802446748894,-203.87677998417087,-35.68549705938841
1965,-216.34793207272435,-67.52889512571605,-204.51508094748465,-35.82887030721635
1966,-208.16326006252854,-21.159666497650147,-205.23191465415874,-35.74680466967425
1967,-180.05277453543056,-100.69135256026807,-204.91192589293257,-35.69749829453426
1968,-198.82309223409553,-32.105836019704334,-205.06370984821683,-35.83131686699678
1969,-34.492537582233325,-35.286683938842664,-203.61121118335203,-35.5296271076952
1970,-281.4185930711333,-68.76268842169222,-205.37630579202116,-35.99042596251594
1971,-210.79025958764427,-27.35312294853984,-205.74867174313923,-35.62725567369094
1972,-134.19501777485877,-64.28836326334438,-202.42539775506816,-35.56770248960954
1973,-82.2914320102798,-56.12911199312799,-201.0142107934483,-35.90771045461071
1974,-172.93305995512262,-92.2761997585119,-200.51880655368055,-35.75293214030453
1975,-136.5616003938594,-22.64259380931531,-200.8669775377817,-35.802206655509195
1976,-225.39068474445835,-17.330207871295208,-200.93586118953618,-34.75968421492915
1977,-100.11437318670194,-86.62338956346663,-201.59722549968535,-35.40984608297735
1978,-113.84959518386273,-24.471806219103396,-200.27598775461396,-35.44768906776621
1979,-228.03972273315082,-55.154615008216645,-200.33436366853186,-35.76722788938654
1980,-237.60737223013905,-139.35524330020394,-200.88946953378925,-36.769214921108485
1981,-69.43256061087537,-19.916059129819878,-200.03790604815777,-36.75150651261339
1982,-102.9747072341508,-107.57826879621055,-200.26389792763746,-37.23410196635076
1983,-81.38397148288944,-19.72320539514538,-199.57107178021212,-37.20510210381555
1984,-88.1876565937173,-97.58350649411939,-198.4945011276655,-37.976489899150934
1985,-200.66176624210544,-39.24082298622962,-199.01734841839453,-38.176381569281276
1986,-6.964063187536404,-24.28958719543671,-197.24338297276947,-38.196003022403666
1987,-182.4397639518147,-122.60808431870906,-195.9525992901211,-38.972411795193594
1988,-118.77076222481092,-25.737988080431315,-195.2841769987867,-38.574579142775974
1989,-206.6578870753103,-24.770617508417175,-196.26287404213605,-38.62382586662108
1990,-229.95679965427928,-16.19069309844156,-196.38641405366533,-38.59951750283841
1991,-144.07291324721083,-28.741314334535716,-196.57377357328087,-38.71648911738163
1992,-125.40289415383343,-123.0513298098743,-195.00695612409834,-39.712468880764234
1993,-144.5365897995934,-69.3644644238922,-195.6564046946776,-40.20406276385347
1994,-156.55116373667144,-23.055715205021304,-195.6853898280758,-40.217195332790205
1995,-121.28584308583088,-64.89365661207523,-194.7020290527001,-40.64833828427734
1996,-208.37749056665203,-80.93333591640081,-194.9477403736019,-41.231405598574014
1997,-118.59597133930525,-68.07052983118237,-195.2288219710797,-41.714108629711895
1998,-258.32987222489777,-17.938935752229554,-195.51192850152188,-41.73354439285808
1999,-101.52229713806103,-25.4095759933692,-192.17795569671657,-41.79800488355038
2000,-60.20080107251774,-64.6968921058076,-190.98217128057556,-41.47256810005091
2001,-116.75659589075259,-84.26405566669011,-190.95566418841472,-41.697062610778026
2002,-124.1282742417873,-50.43452044859259,-189.9549683415834,-42.009974217054186
2003,-177.34274397742672,-44.37377504875211,-190.55162134218958,-41.73687199830845
2004,-108.7011793260627,-61.956285994479686,-189.12718495629773,-42.177822762149155
2005,-94.78121835449925,-72.82006331994727,-187.28049528735997,-42.72636209787375
2006,-142.0355132582805,-121.99592855097013,-185.36466244113768,-43.3368108039698
2007,-173.30817504597147,-40.262946503638055,-185.42327130917693,-43.515360353258906
2008,-244.26028126002782,-126.75004451259586,-186.00735470222145,-44.59020410733206
2009,-96.44117667044539,-90.21060419244961,-183.27113778303098,-45.24319965631879
2010,-115.8671577018031,-20.587466768375563,-186.111411773328,-45.1964049187244
2011,-260.14820824918723,-72.78865300732221,-187.1018722052744,-45.73250330240674
2012,-180.93942404167936,-22.647810507151732,-186.5136959832055,-45.50040701327237
2013,-107.3996500801523,-79.94836539605747,-184.95663467614048,-46.08224108962463
2014,-56.979164688246634,-71.16289340734922,-184.18601404532268,-46.596770356813785
2015,-156.7563946085295,-58.7721535821696,-184.6465366513554,-46.985036872516936
2016,-100.10091762218305,-53.09795513254819,-182.6594080938845,-47.33930774664456
2017,-258.91349581104043,-24.101475289887368,-184.1934982493533,-46.961994662217464
2018,-201.28597892603673,-84.6893149761065,-184.2562525826643,-47.63951828751475
2019,-242.97827117111666,-29.480121291983274,-185.3817211423308,-47.75992525214871
2020,-202.3290456451492,-96.53323543381316,-185.43334222995148,-48.087494658392956
2021,-90.67463972934692,-26.795195652076053,-181.35991946612623,-47.99167420285452
2022,-109.86864060223594,-53.45455606262117,-180.97153059795176,-47.84075681813995
2023,-171.1652971808685,-23.147841073221688,-180.68377734522093,-47.85887089596905
2024,-90.68589476181735,-29.69503130820324,-179.9590962428592,-47.14363238473555
2025,-212.85580424667992,-32.18700170597857,-180.50168438268014,-47.27155007306429
2026,-78.4459234633054,-58.56232708559899,-177.13303903889053,-47.667114748503614
2027,-194.19479777409012,-55.13245935076173,-177.1462889038979,-48.036705663789235
2028,-133.16223740378538,-80.68058681135982,-176.41177286801403,-47.51969130004755
2029,-108.98758291490364,-52.73413501394006,-174.53120614401362,-47.47046314126868
2030,-123.20085358687845,-36.83107734786581,-173.17316577917413,-47.144352684943186
2031,-224.9750191168103,-112.0643901633325,-174.6728523788701,-48.0347309085828
2032,-191.5182077884026,-47.55144491812033,-173.37856209598658,-48.317102217014835
2033,-184.75984100419907,-130.24449210300364,-170.90740126330323,-49.29092451423409
2034,-14.42269533622117,-24.92654931845122,-169.25326891202604,-49.157214136423434
2035,-255.04901717548708,-17.679281859725005,-166.9076768179826,-48.73964768059381
2036,-225.0145150053471,-18.156473705669338,-170.88252022781867,-48.750895990743494
2037,-186.76195144282258,-72.36980908529864,-170.7681666474008,-49.26533429566483
2038,-96.08229098695595,-34.239384078230465,-167.8601839544156,-49.37057974273818
2039,-211.98183936220093,-24.847829667464705,-168.33257989466642,-49.39995351565932
2040,-134.58023747016077,-18.754722053911554,-168.0703087224032,-49.415274763496
2041,-212.98947738874884,-79.38502366918769,-168.0924639368126,-50.01731018667593
2042,-47.39042418032149,-28.167478545697392,-167.1762067612558,-49.733378405938076
2043,-178.665772432511,-56.45102368186955,-166.4344166502789,-50.10022412535072
2044,-206.92914124278246,-18.46058738068318,-168.44483011233658,-50.073064752188245
2045,-118.6612067567101,-43.86133659328757,-167.2276785606268,-50.095240543308854
2046,-57.14130112425926,-20.492767329478504,-165.37454778427315,-49.69881206479352
2047,-150.69226039346864,-16.62039690247831,-164.4356850758775,-49.60904768039969
2048,-318.3903929629296,-25.29634331975205,-165.83006246527938,-49.63523267951817
2049,-47.398372415802065,-22.60872125488967,-161.70907081753194,-49.575030545523596
2050,-234.1933261018873,-60.27839744574823,-160.8167353195011,-49.95666907262219
2051,-165.08809532261282,-20.294751079931498,-160.13703404661226,-49.97010029370455
2052,-229.4852570222475,-21.82378278353588,-159.7392905845229,-49.949216451475664
2053,-293.45264012405187,-52.47186700478289,-161.27403713455072,-50.20658665174521
2054,-118.71440903420996,-18.948601434398462,-161.06833574780387,-50.15094085907697
2055,-274.0476220722578,-23.41041177865023,-161.6874155628677,-50.195594514429
2056,-76.41497199142769,-66.36165355328998,-160.56026040810343,-50.64738671012622
2057,-177.8686564034456,-20.211465288272432,-161.11843783055178,-50.395021606334275
2058,-182.77593359121212,-98.46819285078824,-160.60177657253897,-50.786410706444016
2059,-100.43750637563959,-18.09323057224782,-160.4381027452645,-50.77585324994027
2060,-151.51768843739538,-18.42725644466024,-160.1585037121548,-50.748181882758885
2061,-106.25149656442113,-23.887729341025434,-158.54587158784315,-50.817093094251575
2062,-247.2844950817137,-20.397610999129068,-158.0029421112336,-50.85068957557032
2063,-150.21958081232435,-18.078032729651763,-157.7827656615983,-50.799840811122465
2064,-64.4809520596492,-27.96577484462453,-155.97708214795213,-50.523490535101224
2065,-214.89440467468725,-19.44245907827486,-155.96254687397177,-50.04262617462681
2066,-97.44634007268982,-82.84846132668282,-154.8553776740734,-50.65951412291714
2067,-100.5429348085314,-24.914890557105018,-154.06027927680438,-49.90174950288551
2068,-149.25457489479928,-21.331411029433326,-153.56459410341142,-49.79400525298279
2069,-65.59796302270728,-18.9137010848465,-153.87564835781617,-49.63027542444283
2070,-256.54140340754816,-18.47953639450869,-153.6268764611803,-49.127443904170995
2071,-140.04624435342623,-44.54184219475523,-152.91943630883813,-49.299331096633146
2072,-79.62797882901909,-53.16139790421848,-152.3737659193797,-49.18806144304189
2073,-136.00768071278728,-23.452043212252093,-152.9109284064048,-48.861290755233135
2074,-226.21099554613704,-58.92297789128903,-153.44370776231494,-48.5277585365609
2075,-280.8004041799401,-17.041154689305298,-154.88609580017578,-48.4717441453608
2076,-191.36813010036497,-25.212110185864635,-154.54587025373485,-48.5505631685065
2077,-220.66316349173175,-58.65807908383129,-155.75135815678513,-48.27091006371014
2078,-274.49463410522736,-103.02292441532387,-157.35780854599878,-49.056421245672354
2079,-228.05170699833192,-60.01201739216707,-157.3579283886506,-49.10499526951186
2080,-151.14113389303608,-18.06190310857889,-156.49326600527957,-47.892061867595615
2081,271.6068259974755,-29.95273502887167,-153.08287213919604,-47.99242862658614
2082,-215.06515085789454,-57.992460224486244,-154.20377657543347,-47.4965705408689
2083,-180.4615087811315,-26.173810486589407,-155.19455194841592,-47.56107659178333
2084,-104.925863320417,-24.772885803638992,-155.3619340156829,-46.83297038487852
2085,-178.8609416882711,-70.40248225511752,-155.14392577014456,-47.1445869775674
2086,-151.65429573489698,-19.86521657628799,-156.5908280956182,-47.100343271375905
2087,-89.99502154910087,-19.078426592973887,-155.66638067159104,-46.06504669411856
2088,-72.3824511244481,-57.4934098645894,-155.2024975605874,-46.38260091196014
2089,-186.96566491505493,-69.74792440641109,-155.00557533898487,-46.83237398094008
2090,-85.2815696985165,-25.141555911457804,-153.55882303942724,-46.921882609070245
2091,-197.3238227757619,-19.194326137848254,-154.09133213471273,-46.826412727103374
2092,-141.42137672484097,-20.73126636142339,-154.2515169604228,-45.80321209261886
2093,-174.65257108748023,-43.37059057353558,-154.55267677330167,-45.54327335411529
2094,-198.32548723925754,-24.270555288917706,-154.97042000832752,-45.55542175495426
2095,-203.28033690326077,-30.362407396820103,-155.79036494650185,-45.21010926280171
2096,-337.3867236514291,-34.534922811030626,-157.0804572773496,-44.74612513174801
2097,-252.02668792683718,-30.702181286978007,-158.41476444322493,-44.37244164630596
2098,-117.33087237480666,-42.66177824990001,-157.00477444472403,-44.61967007128267
2099,-213.298496196479,-33.181753360110456,-158.1225364353082,-44.697391844950076
2100,-170.32773972097533,-25.996044162093682,-159.22380582179278,-44.31038336551294
2101,-200.77898559429062,-34.44298190912762,-160.06402971882815,-43.812172627937315
2102,-215.23561972950236,-64.06793207491285,-160.9751031737053,-43.948506744200515
2103,-146.31881485984147,-93.53682799693964,-160.66486388252946,-44.440137273682396
2104,108.1068579291622,-25.636052169017063,-158.49678350997723,-44.07693493542776
2105,-270.5463275058324,-19.23091603523243,-160.25443460149054,-43.54104346258061
2106,-229.51415083532848,-63.3908852013756,-161.129220977261,-42.95499302908466
2107,-372.0722337244753,-20.56741244587185,-163.11686156404605,-42.758037688506995
2108,-198.11281422925418,-25.335959491288857,-162.6553868937383,-41.74389683829393
2109,-117.15118242734594,-21.247245864911722,-162.86248695130732,-41.054263255018554
2110,-227.3226813137505,-32.918930993033314,-163.9770421874268,-41.17757789726514
2111,-249.876857682453,-17.51139525879078,-163.87432868175944,-40.624805319779824
2112,-201.5665639524083,-21.354365993547425,-164.08060008086673,-40.611870874643785
2113,-232.4099973245474,-21.1684291984076,-165.33070355331066,-40.024071512667284
2114,-257.61934427716113,-21.753100584901574,-167.33710534919982,-39.52997358444281
2115,-220.56742639677373,-22.060197248328706,-167.9752156670823,-39.1628540211044
2116,-179.86976527634926,-62.31746654209979,-168.77290414362392,-39.25504913519991
2117,-292.19411682679356,-76.18342448936119,-169.1057103537815,-39.775868627194654
2118,-121.14693018706073,-31.082549914748178,-168.30431986639172,-39.23980097658107
2119,-195.52139130125076,-23.851107136600454,-167.82975106769302,-39.18351083502724
2120,-162.42544747735127,-65.47279505093547,-167.43071508601508,-38.872906431198466
2121,-218.43760317811015,-79.02892968791157,-168.70834472050274,-39.39524377155682
2122,-234.76855624580023,-19.141604738851175,-169.95734387693838,-39.05211425831912
2123,-182.94191613549634,-50.75049387006269,-170.07511006648463,-39.328140786287534
2124,-341.5580719814314,-63.36461300277928,-172.58383183868077,-39.6648366032333
2125,-221.60340003438253,-19.088683588882475,-172.67130779655778,-39.533853422062336
2126,-152.1575111315917,-54.564851016778775,-173.40842367324063,-39.493878661374126
2127,-100.79901913735856,-21.306342717961027,-172.4744658868733,-39.155617495046116
2128,-150.99403102040128,-22.732040038912885,-172.65278382303947,-38.576132027321655
2129,-262.4523699675226,-23.24101591023176,-174.18743169356566,-38.28120083628457
2130,-106.22433668504715,-45.15741207292768,-174.01766652454737,-38.36446418353519
2131,-230.38480317675695,-97.87166072749906,-174.07176436514683,-38.22253688917685
2132,-64.38899586042638,-20.63975250058528,-172.80047224586707,-37.9534199650015
2133,-232.78910360220397,-27.457741194767834,-173.2807648718471,-36.92555245591914
2134,-73.08432422224833,-78.63173172924323,-173.86738116070737,-37.46260428002706
2135,-137.65761507376493,-18.395141586007842,-172.69346713969017,-37.46976287728989
2136,-372.70899469409915,-31.426209221512522,-174.17041193657772,-37.602460232448315
2137,-35.849078530238096,-23.257877142589273,-172.66128320745187,-37.11134091302123
2138,-129.00521675838965,-21.198030295872034,-172.9905124651662,-36.980927375197645
2139,-84.48674918638568,-23.50656166140424,-171.71556156340802,-36.96751469513704
2140,-233.88000036418524,-44.55288083912821,-172.70855919234828,-37.225496282989205
2141,-233.2455940472731,-24.77019358305063,-172.91112035893352,-36.67934798212784
2142,-142.55003200317788,-23.230987138082735,-173.86271643716208,-36.629983068051686
2143,-138.30786669349294,-110.65053238461876,-173.4591373797719,-37.171978155079174
2144,-134.16020538836258,-23.243420145636076,-172.7314480212277,-37.21980648272871
2145,-293.4506963101258,-51.68339497278191,-174.47934291676185,-37.29802706652365
2146,-146.4010102642071,-20.228488818005356,-175.37194000816135,-37.29538428140892
2147,-49.36210255163215,-44.51904444935592,-174.35863842974297,-37.574370756877705
2148,-211.8980451716507,-90.55065143958808,-173.2937149518302,-38.22691383807606
2149,-154.2455564599535,-20.064586343549554,-174.36218679227167,-38.201472488962665
2150,-180.29265404232154,-64.70968797228848,-173.823180071676,-38.24578539422807
2151,-198.13018083098052,-22.29544006706358,-174.1536009267597,-38.26579228409939
2152,-202.12623057013852,-92.71632288349043,-173.88001066223862,-38.97471768509893
2153,-136.5848993740199,-106.76965111397638,-172.31133325473834,-39.51769552619086
2154,-117.35148852007906,-21.23916292413372,-172.29770404959703,-39.54060114108822
2155,-189.07879888028367,-67.03825250141053,-171.44801581767726,-39.97687954831582
2156,-316.926189873957,-17.80873984395129,-173.85312799650256,-39.491350411222435
2157,-193.03840466817582,-68.13742821986122,-174.00482547914987,-39.97061004053832
2158,-95.82954295745343,-50.99134647909896,-173.1353615728123,-39.49584157682143
2159,-126.47614509067635,-26.45980665921083,-173.39574795996268,-39.579507337691055
2160,-310.7698487947713,-62.76256724873822,-174.98826956353645,-40.02286044573183
2161,-180.23242542884128,-21.713609029365156,-175.7280788521806,-40.00111924261523
2162,-279.491115511402,-22.763293187169634,-176.05014505647748,-40.02477606449563
2163,322.4712303319276,-18.337539273933817,-171.32323694503495,-40.02737112993845
2164,-262.47524319170736,-55.71507465344837,-173.30317985635554,-40.304864128026686
2165,-218.3605264064542,-75.42756362834353,-173.33784107367322,-40.86471517352738
2166,-147.50470974517424,-23.911429214167814,-173.83842477039806,-40.27534485240223
2167,-307.36613253982495,-18.079259859347452,-175.90665674771103,-40.20698854542466
2168,-291.9770132528927,-43.06511120516068,-177.33388113129195,-40.42432554718194
2169,-132.27631167730888,-21.49387020343132,-178.00066461783797,-40.45012723836778
2170,-153.07955880397526,-24.876724573838157,-176.96604617180222,-40.51409912016106
2171,-232.71309000757958,-95.88091107723666,-177.89271462834373,-41.02748980898588
2172,31.958367120907383,-24.67060824489816,-176.77685116884447,-40.74258191239267
2173,-88.72496172216157,-25.275294894363473,-176.30402397893823,-40.760814429213795
2174,-259.64219963000505,-24.22339080503135,-176.6383360197769,-40.413818558351224
2175,-146.97305415506668,-53.21524978228204,-175.30006251952818,-40.775559509280995
2176,-167.63763247183712,-59.42561029772624,-175.0627575432429,-41.11769451039961
2177,-153.6815341735144,-23.751570638458897,-174.39294125006072,-40.76862942594589
2178,-297.2721378106898,-78.01899174106457,-174.62071628711536,-40.518590099203294
2179,-189.77472849488453,-50.019226021253175,-174.23794650208092,-40.41866218549415
2180,-277.26266776138146,-19.849066149376107,-175.49916184076437,-40.43653381590212
2181,-257.45197781849834,-41.77907960718608,-180.78974987892408,-40.554797261685266
2182,350.86760168179615,-28.909636225118042,-175.1304223535272,-40.26396902169159
2183,-158.1061091189974,-67.22304919751072,-174.90686835690585,-40.6744614088008
2184,-240.87846083968873,-18.580914386028468,-176.26639433209857,-40.61254169462469
2185,-205.5621919791593,-20.436004832274378,-176.53340683500744,-40.11287692039625
2186,-246.18468201427658,-46.732289278513484,-177.47871069780123,-40.38154764741851
2187,-217.16436472675974,-66.05814741301558,-178.75040412957782,-40.85134485561892
2188,-174.6557946542475,-32.21755135140855,-179.7731375648758,-40.59858627048712
2189,-270.86886651498605,-36.59661717067116,-180.61216958087508,-40.267073198129715
2190,-169.82056900333944,-21.435472090971526,-181.45755957392333,-40.23001235992486
2191,-130.44198059136983,-16.516074354504426,-180.78874115207944,-40.20322984209142
2192,-307.81687738970663,-19.03703615193478,-182.45269615872806,-40.186287539996535
2193,-393.61718128824174,-21.711003640190732,-184.6423422607357,-39.96969167066309
2194,-52.165780075212446,-69.84888195551098,-183.18074518909526,-40.42547493732902
2195,-261.69390827145855,-106.62818217382683,-183.7648809027772,-41.188132685099085
2196,-288.30755062728014,-17.583377719249885,-183.27408917253572,-41.01861723418128
2197,-310.4161280089686,-18.43546383394347,-183.85798357335707,-40.895950059650936
2198,-391.3897694686492,-20.618139588273486,-186.59857254429548,-40.67551367303468
2199,-200.0584633107827,-59.76868428921851,-186.4661722154385,-40.94138298232576
2200,-57.477692057479096,-67.70088245098064,-185.3376717388035,-41.35843136521463
2201,-193.34954057703982,-20.553237655413092,-185.263377288631,-41.21953392267748
2202,-105.28535956988185,-38.42173632101575,-184.1638746870348,-40.963071965138504
2203,-112.12034167213749,-58.23113354528056,-183.82188995515776,-40.610015020621915
2204,-272.8035038466586,-19.901717452303576,-187.63099357291597,-40.55267167345478
2205,-181.06601019185396,-18.945604054075936,-186.7361903997762,-40.54981855364322
2206,-116.81360278774139,-18.167124268128912,-185.6091849193003,-40.09758094431076
2207,-107.38007597871751,-76.2112717313237,-182.96226334184271,-40.65401953716527
2208,242.7265155326948,-47.73987135766121,-178.55387004422323,-40.878058655828994
2209,-159.2338586334608,-70.36819851678585,-178.9746968062844,-41.36926818234774
2210,-246.2214485051296,-92.14216252358706,-179.1636844781982,-41.961500497653276
2211,400.34919092681514,-16.219993525667125,-172.66142399210554,-41.94858648032204
2212,341.2551330890873,-21.09871428237523,-167.23320702169062,-41.94602996321032
2213,-241.32097938597798,-17.100404623802802,-167.3223168423049,-41.90534971746426
2214,-268.20399677546374,-21.424467051674203,-167.4281633672879,-41.902063382131985
2215,-179.45132291593274,-22.210281616976804,-167.01700233247948,-41.903564225818464
2216,-150.09777670746837,-59.92163933863502,-166.7192824467907,-41.879605953783816
2217,103.50337989742968,-35.653098977173336,-162.76230747954844,-41.47430269866194
2218,-267.16562866838973,-19.345153452893,-164.22249446436174,-41.35692873404339
2219,-74.48279878362356,-19.05856983936741,-163.01210853918548,-41.30900336107106
2220,-350.9496209268482,-53.20425202604201,-164.89735027368044,-41.18631793082213
2221,-156.61199441031286,-145.450630088432,-164.27909418600245,-41.85053493482733
2222,170.84470440948007,-20.511173542415953,-160.22296157944965,-41.864230622862976
2223,-120.29780488143084,-22.452415025258745,-159.596520466909,-41.58124983441493
2224,-213.95043572126283,-46.68447631649755,-158.32044410430728,-41.41444846755212
2225,-195.68522814297464,-29.50810087560214,-158.06126238539323,-41.518642640419316
2226,-158.75341102486857,-24.87866211568038,-158.12722138432602,-41.22178075140833
2227,-84.05327618577401,-35.14181534605496,-157.95976395481014,-41.36013547768927
2228,-115.05626350809511,-115.27111815024834,-157.6003862796871,-42.285526258802626
2229,-136.01122912841976,-18.643079952786483,-156.33597487129606,-42.239546899228166
2230,-359.2121134299307,-124.33923568468227,-158.86585263874488,-43.03136513534572
2231,-86.73704359528593,-19.4105024347581,-157.4293750429302,-42.24675355241831
2232,-148.05725916318835,-20.84966936595333,-158.26605767595782,-42.24885272107199
2233,-217.98990867187987,-22.11360300602129,-158.11806572665458,-42.195411339184524
2234,-178.25966916407498,-23.57817536192082,-159.16981917607285,-41.644875775511295
2235,-152.71819198493068,-56.8441847899999,-159.32042494518453,-42.02936620755122
2236,-108.09249453688932,-19.237310949924975,-156.67425994361244,-41.90747722483535
2237,-370.0646839750239,-19.842701553384,-160.0164159980603,-41.87332546894329
2238,-145.11867439812445,-103.62671995919997,-160.17755057445765,-42.69761236557657
2239,-234.92402823174464,-17.84190097037017,-161.68192336491126,-42.640965758666226
2240,-111.63827163855524,-67.44341872538205,-160.4595060776549,-42.86987113752877
2241,-188.04186331218966,-57.555312350537655,-160.0074687703041,-43.19772232520364
2242,247.154808767387,-16.836543696294015,-156.1104203625984,-43.13377789078576
2243,-206.4986760923948,-138.62492100728113,-156.7923284565874,-43.413521777012384
2244,-176.0065689253107,-20.46822489369954,-157.2107920919569,-43.38576982449302
2245,-70.86142873871236,-62.57761671097953,-154.98489941624277,-43.49471204187499
2246,-124.91676475012503,-74.77327854942496,-154.77005696110194,-44.04015993918919
2247,-177.80525970182407,-22.04704581754671,-156.0544885326039,-43.8154399528711
2248,-202.83376974474047,-71.9372191665126,-155.96384577833476,-43.62930563014034
2249,-179.91228781696972,-19.308709371459987,-156.22051309190493,-43.621746860419435
2250,-93.78744035572403,-86.88643996872585,-155.35546095503895,-43.843514380383816
2251,-71.95780702747699,-20.987894130969735,-154.0937372170039,-43.830438921022875
2252,-185.44080735145596,-84.67360179203895,-153.92688298481707,-43.75001171010837
2253,-167.8373979411108,-60.59818583308497,-154.239407970488,-43.28829705729945
2254,-123.44139021461085,-22.433717890908614,-154.30030698743332,-43.3002426069672
2255,-226.001612806437,-63.1672322961619,-154.66953512669485,-43.26153240491472
2256,-184.90920690807118,-19.179109467756675,-153.349365297036,-43.27523610115277
2257,-139.65952575607392,-68.2112096180829,-152.81557650791498,-43.27597391513499
2258,-114.91702798000277,-126.10759668835374,-153.00645135814045,-44.02713641722754
2259,-204.28182392669615,-76.37639190937163,-153.78450814650066,-44.52630226972914
2260,-105.42167679200152,-19.72073543347344,-151.73102642647294,-44.095883951576496
2261,-270.5375411668602,-21.918994869216096,-152.63407758385316,-44.097937809975
2262,-156.71992663931235,-69.20781400522937,-151.40636569513225,-44.5623830181556
2263,-262.676857424214,-98.32113003923452,-157.2578465726937,-45.362218925808605
2264,-211.22955859703947,-17.534261117811358,-156.745389726747,-44.98041079045225
2265,-76.74498051572382,-76.49468229310912,-155.3292342678397,-44.9910819770999
2266,-185.20992306422525,-77.5243028382046,-155.7062864010302,-45.52721071334026
2267,-257.5039597704105,-23.670037024906105,-155.20766467333607,-45.58311848499584
2268,-304.6858488498248,-69.67011233792213,-155.3347530293054,-45.84916849632346
2269,-227.0287717125943,-64.28075084755588,-156.28227762965827,-46.2770373027647
2270,-143.06955030076847,-61.48258482233821,-156.1821775446262,-46.6430959052497
2271,-398.1020378742441,-99.71108875789449,-157.83606702329283,-46.68139768205628
2272,100.20885630394406,-78.97210434427382,-157.15356213146245,-47.224412643050044
2273,-164.71913850286532,-58.932133017140295,-157.9135038992695,-47.56098102427781
2274,-138.9322011106563,-51.16059621030031,-156.70640391407602,-47.830353078330496
2275,-197.03040671308375,-56.36294709420358,-157.20697743965619,-47.86183005144971
2276,-233.74891203411303,-89.81920994246188,-157.86809023527897,-48.165766047897066
2277,-202.50099314773905,-65.15685959247546,-158.3562848250212,-48.57981893743724
2278,-217.57411318559977,-20.14058939381928,-157.5593045787703,-48.00103491396479
2279,-150.717128261491,-24.129459486165153,-157.16872857643637,-47.74213724861391
2280,-146.55781043494073,-73.09837712595129,-155.86168000317195,-48.27463035837965
2281,-118.33166495279005,-67.25979944502265,-154.47047687451487,-48.52943755675802
2282,-275.86383115226744,-88.01898775369992,-160.7377912028555,-49.12053107204384
2283,-136.8174212820701,-61.012377701625866,-160.52490432448622,-49.05842435708499
2284,-125.95540904434937,-24.370333579554547,-159.37567380653283,-49.11631854902025
2285,-203.57234596853982,-137.5716396116714,-159.3557753464266,-50.28767489681422
2286,-176.6879096435915,-72.1794370689664,-158.66080762271977,-50.54214637471875
2287,-200.7479357806974,-135.55804007751746,-158.49664333325916,-51.237145301363775
2288,176.33386395611763,-88.96261196723181,-154.98674674715554,-51.804595907522
2289,-133.90271481407063,-110.41376138566642,-153.6170852301464,-52.542767349671955
2290,-99.68512536607591,-82.91759727240292,-152.91573079377375,-53.15758860148627
2291,-115.73327478895956,-24.66526048580413,-152.76864373574963,-53.23908046279927
2292,-139.10871747911267,-25.985162983467507,-151.0815621366437,-53.308561731114594
2293,-133.33071119525735,-121.30084021971476,-148.47869743571383,-54.304460096909835
2294,-157.855526173717,-87.32685100190284,-149.53559489669888,-54.47923978737376
2295,-126.10161801606013,-41.477322436186256,-148.17967199414488,-53.827731189997344
2296,-385.2896403424535,-101.29197009509276,-149.1494928912966,-54.664817113755774
2297,-211.2479012432364,-22.243398872089962,-148.1578106236393,-54.70289646413724
2298,330.9528748465782,-16.936779581580712,-140.93438418048703,-54.66608286407031
2299,-163.3323645222335,-113.91779054047535,-140.56712319260154,-55.20757392658288
2300,-178.470946822391,-21.936092853701428,-141.77705574025066,-54.749926030610084
2301,-275.67570871501,-23.645176067339847,-142.60031742163036,-54.780845414729356
2302,-194.63843636167422,-101.798088272907,-143.49384818954832,-55.414608934248264
2303,-104.35727837983407,-21.487682800807814,-143.41621755662527,-55.047174426803544
2304,-104.64715903839382,-91.7351032861327,-141.7346541085426,-55.765508285141834
2305,-183.38357477215027,-68.64066600541545,-141.75782975434558,-56.262458904655226
2306,-84.495872911186,-23.167417468767955,-141.43465245558002,-56.31246183666162
2307,199.5259557309299,-62.540256261695156,-138.36559213848352,-56.17575168196534
2308,261.21093509163836,-18.667129472083595,-138.1807479428941,-55.885024263109564
2309,-155.1177283105658,-87.39295245464332,-138.13958663966514,-56.05527180248814
2310,267.29918871901316,-60.05769474014149,-133.0043802674237,-55.73442712465368
2311,287.52959004478566,-16.352996024433086,-134.13257627624404,-55.73575714964134
2312,-236.475092048178,-46.57840836609771,-139.90987852761666,-55.99055409047856
2313,-134.13587803043276,-21.381594652436085,-138.8380275140612,-56.0333659907649
2314,-110.23641427229222,-17.653258572540413,-137.25835168902952,-55.99565390597356
2315,-128.12980551688585,-19.602067149997797,-136.74513651503906,-55.96957176130377
2316,132.9549086883458,-62.96825575137292,-133.9146096610809,-56.00003792543115
2317,-61.09311963909494,-23.692178496042178,-135.56057465644614,-55.88042872061983
2318,-176.65533783892707,-129.8130755153909,-134.65547174815148,-56.98510794124481
2319,-160.6825382073714,-70.17083101252643,-135.51746914238896,-57.4962305529764
2320,-231.0231689529542,-98.56758257688388,-134.31820462265,-57.94986385848481
2321,-149.45083728037238,-80.91734180252517,-134.24659305135063,-57.304530975625745
2322,-45.57982418875493,-101.27270603895444,-136.410838337333,-58.112146300591135
2323,-237.34339619828492,-86.53011767042332,-137.58129425050151,-58.75292332704278
2324,-334.9925848837449,-101.98805270688644,-138.79171574212634,-59.305959090946665
2325,-175.0621487199637,-135.46870160398797,-138.58548494789622,-60.36556509823053
2326,-242.0419584076742,-20.90616271682107,-139.4183704217243,-60.32584010424194
2327,-212.08299920493656,-23.555475888957616,-140.6986676519159,-60.20997670967097
2328,-62.94024713620948,-21.8537330723338,-140.17750748819705,-59.27580285889182
2329,-87.93278568946943,-20.1452056958043,-139.69672305380755,-59.29082411632199
2330,-265.8234914040289,-16.96360610515085,-138.76283683354853,-58.21706782052667
2331,-250.61694136878776,-57.1462803092754,-140.40163581128354,-58.59442559927185
2332,-222.69159371570066,-45.85810087867282,-141.14797915680867,-58.84450991439905
2333,-216.75943261932804,-20.18620531664448,-141.13567439628315,-58.82523593750528
2334,-98.61926499330518,-20.045154260184464,-140.33927035457546,-58.78990572648792
2335,-274.82639341965864,-21.56141971221134,-141.56035236892276,-58.43707807571004
2336,-66.07526657588514,-117.80103657955587,-141.1401800893127,-59.42271533200634
2337,-251.29809845456447,-70.38782667111005,-139.95251423410812,-59.92816658318361
2338,-175.5652568122064,-18.923546222369833,-140.25698005824893,-59.0811348458153
2339,-183.21779146645113,-91.1835938865066,-139.73991769059597,-59.814551774976664
2340,-60.69724233694919,-96.33657365540786,-139.2305073975799,-60.10348332427693
2341,-79.39361774219276,-106.19895225042632,-138.14402494187993,-60.58991972327581
2342,-132.53712370051423,-112.86414257086324,-141.94094426655897,-61.5501957120215
2343,-152.02038123171928,-23.030732483746416,-141.39616131795222,-60.39425382678615
2344,-155.14755282551803,-130.55038825313449,-141.18757115695428,-61.4950754603805
2345,-201.29038846405524,-23.693462509106585,-142.49186075420772,-61.106233918361774
2346,-183.38072086126868,-29.07349138639609,-143.07650031531915,-60.64923604673148
2347,-289.9634545874806,-57.43218207732029,-144.19808226417575,-61.00308740932921
2348,-20.885065309482005,-24.504066553683547,-142.37859521982318,-60.52875588320092
2349,-67.77872019756894,-32.97475936390183,-141.25725954362915,-60.66541638312535
2350,-51.827089490186054,-91.22472148314283,-140.83765603497378,-60.708799198269524
2351,-86.19594346327068,-53.82963698872071,-140.9800373993317,-61.037216626847034
2352,-243.99757212146605,-137.8558228311927,-141.5656050470318,-61.569038837238566
2353,-223.87481358915846,-77.47656715835849,-142.1259792035123,-61.7378226504913
2354,-115.42051926251038,-33.14035632277853,-142.04577049399128,-61.84488903481
2355,-124.15810150316878,-117.73672287104155,-141.02733538095862,-62.3905839405588
2356,-156.66845666723114,-80.77245668375562,-140.74492787855021,-63.00651741271879
2357,-124.51069242364545,-102.86250994617188,-140.59343954522592,-63.35303041599968
2358,-69.24331814863044,-64.46397060010642,-140.1367024469122,-62.73659415511721
2359,-80.90399537934171,-24.302412591762117,-138.90292416143865,-62.21585436194111
2360,-184.33461148026453,-94.08665110959181,-139.69205350832127,-62.959513518702295
2361,-88.19575044278179,-23.544667978193083,-137.86863560108048,-62.97577024979206
2362,-275.620830668029,-69.46830930370596,-139.05764464136766,-62.978375202776824
2363,-154.83334089038522,-31.859169360229593,-137.97920947602935,-62.31375559598677
2364,-261.645408040871,-125.9348619554115,-138.4833679704677,-63.39776160436278
2365,-75.96156957564888,-23.015835317463363,-138.47553386106694,-62.862973134606314
2366,-299.54589688795494,-93.71055671306,-139.61889359930422,-63.02483567335488
2367,-274.9350777784916,-57.07648682399856,-139.79320477938504,-63.3589001713458
2368,-74.89845753333195,-89.4295036643257,-137.4953308662201,-63.55649408460983
2369,-219.1369114900731,-18.677932572508066,-137.41641226399489,-63.10046590185936
2370,-170.42561639174605,-84.71940150976339,-137.68997292490465,-63.33283406873361
2371,203.61024219204614,-39.774786240819736,-131.67285012424173,-62.733471043562865
2372,-133.32352727571856,-18.588954792599065,-134.00817396003836,-62.129639548046114
2373,-173.53040327469722,-53.55469984728163,-134.0962866077567,-62.07586521634753
2374,-17.690866592020747,-103.88634838332015,-132.88387326257035,-62.60312273807774
2375,-122.15672223145341,-22.454244976256696,-132.13513641775407,-62.26403571689826
2376,-72.84440077906682,-40.27523498884615,-130.5260913052036,-61.7685959673621
2377,-119.49075347851931,-82.8260963664049,-129.69598890851137,-61.945288335101395
2378,-194.99980546566292,-21.783613721288752,-129.470245831312,-61.96171857837608
2379,-13.40026403821665,-31.29723739180065,-128.09707718907927,-62.03339635743244
2380,-89.94021094299141,-36.18864535927547,-127.53090119415978,-61.66429903976568
2381,-122.05835403849161,-43.00043836291303,-127.56816808501681,-61.421705428944584
2382,15.351531823310964,-55.81763918814921,-124.65601445526103,-61.09969194328908
2383,-183.2054502199847,-100.90183752909715,-125.11989474464019,-61.49858654156379
2384,-19.70589352664174,-44.120996743908556,-124.0573995894631,-61.69609317320734
2385,-131.6365128601769,-19.492955878851205,-123.33804125837946,-60.515306335879124
2386,-64.10219141873402,-79.97201757525812,-122.21218407613088,-60.59323214094204
2387,-383.23180460049275,-17.973913647517122,-124.03702276432884,-59.41739087664204
2388,-244.30626081665827,-46.800347036435824,-128.2434240120566,-58.99576822733409
2389,-198.17524392438122,-43.672270801501895,-128.8861493031597,-58.32835332149244
2390,-263.6118820264791,-19.92582736267203,-130.52541686976372,-57.69843562239513
2391,319.9029928678482,-16.028660483119076,-126.16905419319566,-57.61206962236828
2392,-207.99106784056482,-44.92867576695551,-126.85787769681019,-57.80150475020316
2393,-289.1184616660494,-150.7605271764431,-128.41575520151812,-58.09610161977045
2394,-99.0100889428312,-78.58387830049057,-127.82730082920925,-58.00867189275633
2395,-313.57248692315216,-22.59174400743933,-129.70200951828016,-57.819816108468856
2396,-214.61716505297676,-20.69540020207112,-127.99528476538539,-57.01385040953864
2397,-60.354813426710614,-60.09636415121863,-126.48635388722013,-57.39238006232992
2398,-223.09402599270499,-63.664021515714325,-132.02682289561298,-57.85965248167126
2399,-53.40072859912125,-94.30302205974574,-130.92750653638186,-57.66350479686397
2400,-209.73167082799995,-17.402958429421194,-131.24011377643794,-57.618173452621164
2401,-80.75612822968954,-34.889213661403204,-129.29091797158475,-57.73061382856179
2402,-125.63928136334698,-70.48349063829832,-128.60092642160149,-57.417467852215715
2403,-145.2857366196055,-64.86038975482326,-129.0102110039992,-57.85119492175587
2404,-200.2215004579798,-81.6453479516874,-129.96595441819505,-57.75029736841142
2405,-161.61432510539694,-17.516174478194973,-129.7482619215275,-57.23905245313921
2406,-205.88966109321484,-19.30762349587497,-130.9621998033478,-57.200454513410286
2407,-124.16290696315525,-21.695851026264418,-134.19908843028864,-56.79201046105597
2408,-119.97161712675788,-19.74447015066997,-138.01091395247258,-56.80278386784183
2409,-334.21331135628657,-69.2235970261988,-139.8018697829298,-56.62109031355739
2410,-182.30568967249044,-51.59918998692169,-144.29791856684483,-56.53650526602518
2411,-219.57340227333353,-78.63730670812348,-149.368948490026,-57.1593483728621
2412,-116.01333726250054,-24.316568306543402,-148.16433094216924,-56.936729972266555
2413,-157.20084254086376,-19.873119101073,-148.39498058727355,-56.92164521675292
2414,-323.7669139782859,-94.93290766128482,-150.5302855843335,-57.694441707640365
2415,-241.55239546510012,-106.83440873893484,-151.66451148381566,-58.566765123529734
2416,-283.4168115927246,-61.2563779304891,-155.82822868662637,-58.549646345320895
2417,-141.3474042775091,-18.520861733608108,-156.63077153301052,-58.49793317769656
2418,-251.95357319870791,-109.00224641026782,-157.38375388660833,-58.28982488664533
2419,-139.235351445654,-67.0270833655943,-157.16928201899114,-58.258387410176006
2420,-67.18391567232881,-62.433293317239475,-155.5308894861849,-57.89704451757956
2421,-209.00701841821197,-46.12045049689684,-156.12645129756325,-57.549075604523274
2422,-320.6277868500924,-174.48352139534018,-158.87693092417666,-58.28118375808713
2423,-88.1982305687882,-68.38502487435831,-157.3854792678817,-58.09973283012648
2424,-94.7103715997307,-21.158107360554673,-154.98265713504156,-57.29143337666316
2425,-175.90784206259892,-133.47239767547137,-154.9911140684679,-57.271470337378
2426,-302.9259842167591,-45.61463717091764,-155.59995432655876,-57.518555081918954
2427,-186.400697210906,-33.67520713115676,-155.34313130661846,-57.61975239434095
2428,-34.81636949336514,-52.618993495968944,-155.06189253019002,-57.9274049985773
2429,-161.31264839109016,-20.05737445332294,-155.7956911572062,-57.926526686152485
2430,-251.57115018581192,-151.57850139368847,-155.653167745024,-59.272675639037864
2431,-144.15569116849736,-66.77703249126176,-154.58855524302112,-59.36898316085773
2432,-81.33593517096135,-107.32831232594555,-153.17499865757372,-59.98368527533046
2433,-167.8085032806803,-148.559105613553,-152.68548936418725,-61.267414278299555
2434,264.214191437872,-17.989664181236456,-149.0571547998755,-61.24685937751007
2435,-143.2496985899561,-32.73152925452757,-147.74138785157845,-61.358560472933235
2436,-292.20635831832664,-44.25168293024617,-150.00269876900285,-60.62306693644014
2437,-180.47687538931362,-84.81192684136323,-149.29448653835038,-60.76730793814267
2438,-331.52048245660603,-22.33594374447703,-150.85403879479438,-60.801431913363736
2439,-171.4052827315254,-95.63749560477474,-150.73591370744512,-60.845970930546414
2440,-86.34404301334922,-28.679023685748795,-150.9923817142091,-60.16939543084982
2441,-197.52942448081896,-21.54361733043361,-152.17373978159537,-59.32284208164989
2442,-227.54824688467318,-96.59571122248698,-153.12385101343696,-59.16015776816612
2443,-243.04828985643138,-34.159778532403706,-154.0341300996841,-59.2714482286527
2444,-100.25595267086739,-111.92957382821238,-153.4852140981376,-59.08524008440349
2445,-68.59951310044681,-83.08948441659643,-152.15830534450149,-59.67920030347838
2446,-221.2155818303248,-68.19023052654528,-152.53665395419205,-60.07036769487988
2447,-231.50979325600315,-138.78063024795267,-151.95211734087727,-60.883852176586196
2448,-89.77976414730574,-90.29473851062197,-152.64106432925553,-61.54175889615557
2449,-151.32281135984377,-92.56738240817776,-153.47650524087825,-62.13768512659834
2450,-206.22893410815024,-108.74415041589361,-155.02052368705793,-62.31287941592585
2451,-211.47481215507526,-18.208937420447654,-156.27331237397598,-61.95667242024312
2452,-190.92069146638215,-31.950663456488318,-155.74254356742514,-60.89762082649608
2453,-177.77539506634048,-23.672871029521037,-155.28154938219694,-60.3595838652077
2454,-125.92954010089849,-80.78196959142981,-155.3866395905808,-60.83599999789421
2455,-236.9080983648558,-86.0126955098176,-156.51413955919767,-60.51875972428198
2456,-181.52391944288212,-50.29002541069119,-156.76269418695418,-60.21393541155133
2457,-174.09837999631296,-64.03253324545766,-157.25857106268086,-59.82563564454419
2458,1.1754910194255999,-39.61410294833914,-156.55438297100028,-59.577136968026515
2459,-303.0914247232577,-62.09104397211437,-158.77625726443944,-59.95502328183004
2460,-330.26526489060876,-57.658647402168285,-160.23556379854287,-59.5907432447558
2461,-75.57954758565113,-67.78965418877586,-160.10940176997156,-60.03319310686163
2462,-128.2460835494754,-88.41281909838553,-158.63565429878605,-60.22263820480843
2463,-256.765639649017,-121.5577114589084,-159.65497728637237,-61.11962362579522
2464,-46.15538864433023,-36.724882963224935,-157.500077092407,-60.22752383587336
2465,-66.4344060276714,-23.233501636784826,-157.40480545692722,-60.22970049906657
2466,-222.56697410489383,-104.44250591442555,-156.63501622909658,-60.33701999108022
2467,-125.01256871865522,-28.655192746015643,-155.1357911384982,-60.0528070503004
2468,-98.13318357477743,-130.58038349237296,-155.36813839891263,-60.46431584858087
2469,-171.9099211275108,-75.127865328922,-154.89586849528703,-61.028815176145
2470,-114.5213730792423,-18.228177310351864,-154.336826062162,-60.36390293415089
2471,229.29724385696733,-22.398743197507425,-154.0799560455128,-60.190142503717766
2472,-174.31831235278523,-135.77184621625227,-154.48990389628347,-61.3619714179543
2473,-150.235639215415,-87.2822476847172,-154.25695625569065,-61.69924689632865
2474,-246.4850618366528,-18.66681044465842,-156.54489820813697,-60.84705151694203
2475,-112.9665190550316,-63.90537865072272,-156.45299617637278,-61.26156285368669
2476,-201.12123470976664,-51.70832401427633,-157.73576451567976,-61.375893743940985
2477,-129.09514279488133,-96.34122743927456,-157.8318084088434,-61.51104505466969
2478,-79.54642265097877,-97.64432413237314,-156.67727458069652,-62.26965215878053
2479,-93.34871754446554,-64.19526376706591,-157.47675911575902,-62.59863242253318
2480,-63.90958728359116,-91.36432134578139,-157.21645287916505,-63.15038918239825
2481,-158.60680594111716,-26.04655947669406,-157.5819373981913,-62.980850393536066
2482,-96.58400861400015,-22.919078660959137,-158.70129280256438,-62.65186478826416
2483,-122.12287742487729,-122.13325776010987,-158.0904670746133,-62.864178990574295
2484,-57.021354264354244,-19.75465110248542,-158.4636216819904,-62.620515534160056
2485,-78.22468038539903,-88.22541389790243,-157.92950335724262,-63.30784011435056
2486,-12.53710805900139,-94.73204222689853,-157.4138525236453,-63.455440360866966
2487,-406.06121690536014,-77.26852792387844,-157.642146646694,-64.04838650363058
2488,-150.85354363572944,-51.52905293839436,-156.70761947488472,-64.09567356265018
2489,-184.83203970311837,-146.8193686726814,-156.5741874326721,-65.12714454136199
2490,283.2410048119541,-18.968043765457338,-151.10565856428778,-65.11756670538983
2491,-98.62637521052497,-41.395610248353485,-155.29095224507154,-65.37123620304217
2492,-284.3364269236463,-21.44816679430963,-156.05440583590234,-65.13643111331571
2493,-257.1409443432288,-72.41218002195451,-155.73463066267414,-64.35294764177081
2494,-199.2778478123999,-18.526195368065828,-156.73730825136983,-63.752370812446564
2495,-174.6609983020139,-22.75168016384781,-155.3481933651584,-63.753970174010654
2496,-229.11000124747423,-40.38315605301739,-155.4931217271034,-63.95084773252012
2497,-242.4611076850143,-83.72076843086263,-157.31418466968643,-64.18709177531656
2498,-211.68414228872436,-17.654379326152466,-157.2000858326466,-63.72699535342094
2499,-254.31434497995562,-19.057856038665633,-159.20922199645491,-62.97454369321012
2500,-101.52561196582181,-19.66098457621767,-158.12716140783314,-62.99712395467809
2501,-194.15105762396743,-21.96212687012408,-159.2611107017759,-62.8678530867653
2502,-100.00352682773885,-34.149806071518505,-159.00475315641984,-62.504516241097505
2503,-134.2320997006473,-20.18490343377042,-158.89421678723028,-62.05776137788698
2504,-187.09848489052487,-20.785317745143722,-158.76298663155572,-61.44916107582155
2505,-53.0005837518939,-92.04695809143456,-157.6768492180207,-62.19446891195394
2506,-137.78066342101317,-77.77961131242336,-156.99575924129869,-62.77918879011942
2507,-219.55767937092506,-76.00505252985491,-157.94970696537638,-63.32228080515533
2508,-156.97874089493942,-70.43983807050313,-158.3197782030582,-63.829234484353655
2509,-234.01179385077927,-19.313647751887753,-157.31776302800316,-63.33013499161054
2510,-87.17816619599046,-58.771991718690586,-156.36648779323815,-63.40186300892824
2511,-144.95686487806836,-34.230058081828496,-155.6203224192855,-62.95779052266529
2512,247.30876451144147,-20.118145810373438,-151.98710140154608,-62.91580629770359
2513,-133.79826352633359,-62.854703035866386,-151.75307561140076,-63.34562213705152
2514,-81.23950533389399,-23.6037145138148,-149.3278015249568,-62.63233020557682
2515,-160.25067610142906,-22.550876247887324,-148.51478433132013,-61.789494880666346
2516,-282.9664032045326,-126.79240691686284,-148.5102802474382,-62.44485517053009
2517,-156.21671232959088,-105.24853864573586,-148.65897332795905,-63.312131939651366
2518,-219.20704145913263,-90.81450998738927,-148.33150801056325,-63.13025457542258
2519,-106.589032237511,-56.82975387582273,-148.00504481848182,-63.02828128052487
2520,-196.56293458051877,-48.123003340392216,-149.29883500756372,-62.8851783807564
2521,-216.53323849340805,-80.5472741561403,-149.3740972083157,-63.229446617348835
2522,-229.89712346093702,-107.25569315275891,-148.46679057442418,-62.55716833492301
2523,-206.54016083169307,-22.43208514813291,-149.65020987705324,-62.09763893766076
2524,-142.64151810852897,-116.69943451901653,-150.12952134214123,-63.05305220924538
2525,-112.79932199048886,-94.6962854352262,-149.4984361414201,-62.665291086842934
2526,-221.90389907249877,-70.2284200888196,-148.68821528997748,-62.911428916021954
2527,-173.27031933967524,-19.010123976506303,-148.55691151126518,-62.764778084475445
2528,-217.24557377918697,-24.807243876271908,-150.38120355412337,-62.48666058827848
2529,-113.2283776096943,-62.55047892731864,-149.90036084630944,-62.91159163301843
2530,-106.78129183355792,-86.68765778460018,-148.45246226278692,-62.26268319692755
2531,-228.9895304522092,-41.560584171980416,-149.30080065562404,-62.01051871373473
2532,-134.51677096377816,-69.10853678683202,-149.83260901355223,-61.62832095834359
2533,-242.7530180381099,-67.51535482132195,-150.5820541611265,-60.81788345042128
2534,-65.4327833392489,-94.373711121412,-153.8785239088977,-61.581723919823034
2535,-92.21778414116812,-25.521245830411978,-153.36820476440982,-61.509621085581884
2536,-99.69194259494655,-77.27194055482369,-151.44306060717602,-61.839823661827666
2537,-151.9513952749442,-19.9791882417073,-151.15780580603231,-61.19149627583111
2538,-87.9575670645413,-55.15280337234595,-148.72217665211167,-61.5196648721098
2539,-192.7609506019473,-69.6393766305345,-148.93573333081588,-61.259683682367395
2540,-124.41198635794407,-22.70125044015562,-149.31641276426183,-61.19990594991147
2541,-159.15482112227346,-64.127054969233,-148.9326667306764,-61.62574032629946
2542,-275.94429483079074,-147.68829999798788,-149.41662721013756,-62.136666214054465
2543,-204.89773138295536,-125.61907328830115,-149.0351216254028,-63.05125916161344
2544,-160.94396427124317,-19.028918299966694,-149.64200174140657,-62.12225260633099
2545,-62.80502704575571,-36.61183082739099,-149.58405688085966,-61.65747607043893
2546,-127.766728057456,-89.06533233385312,-148.64956834313094,-61.86622708851201
2547,327.1339493253148,-18.413123656235182,-143.06313091731775,-60.66255202259483
2548,-115.70277097669099,-41.04856516807793,-143.3223609856116,-60.17009028916939
2549,-183.58202252163562,-19.353994135443596,-143.64495309722955,-59.43795640644205
2550,-107.442355226716,-28.373544941115394,-142.65708730841519,-58.63425035169426
2551,-171.1580741780832,-21.614805512279425,-142.25391992864525,-58.668309032612584
2552,-81.4441348929,-84.64204361613649,-141.15915436291044,-59.19522283420907
2553,-88.86165598091848,-24.487531223072367,-140.2700169720562,-59.203369436144584
2554,-128.9846815388819,-25.644586353745044,-140.30056838643603,-58.65199560376773
2555,-65.56194950671993,-31.042381841639607,-138.58710689785468,-58.10229246708595
2556,-344.48547781987355,-89.43482890729071,-140.21672248162457,-58.49374050205194
2557,-422.56735007443876,-80.08684510827081,-142.70141218240585,-58.654283620680076
2558,-138.58582759660433,-26.758610479604055,-144.09902536856615,-58.525728695992726
2559,-316.4837714125262,-86.9221625245937,-144.23294883545887,-58.77403988151752
2560,-257.6478897527918,-101.55336879007444,-143.5067750840807,-59.21298709539658
2561,-12.50821554872103,-66.3772023557876,-142.87606176371136,-59.19886257706669
2562,-172.3344402270497,-19.034661031032762,-143.31694533048713,-58.50508099639317
2563,-155.39523982917208,-96.8374580486121,-142.3032413322887,-58.25787846229021
2564,-332.14976886424444,-21.001526300035586,-145.16318513448783,-58.10064489565832
2565,-205.0139656578495,-73.98263337013961,-146.54898073078962,-58.608136212991866
2566,-110.15784556415052,-65.03009316036427,-145.42488944538218,-58.21401208545125
2567,-200.37924032612307,-18.681560359582015,-146.17855616145684,-58.11427576158691
2568,-46.15226154087832,-73.56063601507212,-145.65874694111787,-57.5440782868139
2569,-124.64272449722424,-20.991219824532784,-145.186074974815,-57.00271183177001
2570,-241.86005413112912,-116.82462237351629,-146.45946178533387,-57.98867628240165
2571,-168.66309241076857,-61.90211895610685,-150.43906514801122,-58.38371003998765
2572,-139.7187125194949,-24.122697237380148,-150.0930691496783,-57.267218550198926
2573,-169.9640329301016,-21.333270539986763,-150.2903530868252,-56.60772877875162
2574,-107.04806100902452,-76.82024115025496,-148.8959830785489,-57.18926308580758
2575,-133.7968424612862,-108.5650502359264,-149.10428631261146,-57.63585980165963
2576,-130.93921775810583,-27.149539021886607,-148.40246614309484,-57.39027195173573
2577,-166.28717142580794,-103.49917912860181,-148.7743864294041,-57.46185146862901
2578,-165.5044863313735,-27.383241397719722,-149.63396706620807,-56.75924064128247
2579,-114.22726763580272,-99.20865642422581,-149.84275256712144,-57.10937456785406
2580,-143.95805741129803,-49.17687066002494,-150.6432372683985,-56.6875000609965
2581,-134.87674131694655,-63.835424377803754,-150.40593662215682,-57.065388710007596
2582,-110.33199215470675,-67.7861066044941,-150.54341645756384,-57.51405898944295
2583,376.774727533248,-20.492235749852153,-145.55444040798258,-56.49764876934037
2584,-186.36818990541695,-87.58232420727936,-146.84790876439325,-57.17592550038832
2585,112.21658006586293,-46.18392631751913,-144.94349615988062,-56.755510624584474
2586,-37.42413916196022,-46.649889980239536,-145.1923664709102,-56.27468910211788
2587,-255.4747048075201,-88.5814191434719,-143.6865013499318,-56.38781801431382
2588,-153.94004696302974,-21.520301436154675,-143.7173663832048,-56.08773049929143
2589,-248.40094036185945,-133.06332001726759,-144.3530553897922,-55.95017001273729
2590,317.79831729285524,-50.55388538192491,-144.0074822649832,-56.26602842890197
2591,-153.81376844512792,-38.73797753219444,-144.55935619732924,-56.239452101740376
2592,176.73719897270678,-88.78131625547955,-139.94861993836568,-56.912783596352064
2593,-128.97317558975377,-51.35562958360518,-138.66694225083097,-56.702218091968575
2594,-57.049526671522464,-84.77684951964542,-137.24465903942217,-57.36472463348438
2595,-109.37904624814539,-74.0796261327438,-136.5918395188835,-57.87800409317334
2596,196.52169896969338,-20.70727884653428,-132.33552251671182,-57.681245321108506
2597,-234.9547794833419,-65.21186520368781,-132.2604592346951,-57.49615628883675
2598,356.1759697319819,-82.339808920918,-126.58185811448806,-58.1430105847844
2599,-101.52735896321911,-67.46623244941799,-125.05398825432066,-58.62709434889192
2600,-57.532650075064765,-81.39040750612149,-124.61405863541309,-59.244388578190964
2601,-174.65870243556927,-19.486858571954464,-124.41913508352911,-59.21963589520928
2602,-184.2947860641839,-137.42934388109884,-125.26204767589356,-60.252431273305085
2603,-73.92769947447749,-74.29192284503016,-124.65900367363187,-60.793501467417684
2604,-47.87774949906262,-79.50815832550568,-123.26679631971724,-61.3807298732213
2605,-202.98545719724748,-96.66226798359173,-124.76664505417078,-61.42688297214286
2606,-160.70154454966496,-26.509559126705234,-124.99585386545729,-60.914182450285686
2607,-134.215859832961,-23.03341739581502,-124.14243567007766,-60.38446609894528
2608,-231.40893816264955,-60.6651184033432,-124.88673764275477,-60.286718902273684
2609,-144.65476084699085,-92.6739803856006,-123.99316731271688,-61.02032222861082
2610,-155.3522248327691,-18.234781982511404,-124.67490789908467,-60.614950131249024
2611,-192.6484691059472,-128.48279482897829,-125.15182394136346,-61.55747749872052
2612,-106.8488055732448,-53.93257927455559,-128.69339964221032,-61.89562183336235
2613,-185.80365511053398,-63.42493271842133,-129.21345355805232,-61.90132413018789
2614,-299.5559205439506,-41.84128043135445,-131.3966177101529,-62.083699789363294
2615,-271.6628361825235,-18.394391023207326,-132.51073931096383,-62.042134937116494
2616,-98.75210653249978,-104.10653579613876,-130.6685963442435,-61.81527622590925
2617,-199.5736729595851,-20.447239302821004,-131.10216595054342,-60.96726323248011
2618,-209.32133535216732,-116.64382703611764,-131.00330888947377,-61.225556402967385
2619,-66.9426620362681,-67.46566323789094,-130.60684518746135,-61.331915496588074
2620,-308.38949314506374,-23.534799482580922,-131.7251107731068,-61.08603345800996
2621,221.74757951068221,-19.26400120563351,-127.34230259306594,-60.47320072850489
2622,-102.59174215400496,-58.2074788364238,-126.0692487799966,-59.982718585341544
2623,-160.33470185428044,-26.79322347599676,-125.60719419022246,-60.026329968620175
2624,-118.16713269440497,-57.5970495932592,-125.36245033608122,-59.4353061193626
2625,-139.89477532911238,-19.60501375377725,-125.63340486946747,-58.68439340254811
2626,-143.35420076334253,-87.12216689129315,-124.8479078863759,-58.85333087057285
2627,-165.10347319978783,-61.35000564083306,-124.76623942497703,-59.276729687216125
2628,-58.06314845325706,-20.52702428243247,-123.17441517171773,-59.233927491277726
2629,-208.1538531619426,-83.95991002988927,-124.1236699272402,-59.44802180230342
2630,-223.08217262352716,-77.16239597697971,-125.2866787351399,-59.35276918422723
2631,232.0301951944342,-20.70331102475755,-120.67648147867347,-59.14419645275498
2632,-121.71457940388329,-81.9146023099442,-120.5484595630745,-59.272257107986114
2633,-221.656012115485,-19.20945153492684,-120.33748950384826,-58.78919807512216
2634,-111.06231704250138,-117.89993240455075,-120.79378484088079,-59.024460287953545
2635,-214.66748549853594,-122.56464839295718,-122.01828185445447,-59.99489431357901
2636,-151.814724504839,-22.55832271564923,-122.53950967355341,-59.44775813518726
2637,-42.062834648186495,-28.147421668457245,-121.44062406728582,-59.529440469454755
2638,214.72027727104486,-19.28028624954717,-118.41384562392996,-59.17071529822676
2639,286.1729154682746,-15.439431192035629,-113.62450696322774,-58.628715843841775
2640,-195.93638112583528,-78.01605212325077,-114.33975091090664,-59.18186386067273
2641,-88.73120165737309,-24.685323275566773,-113.63551471625765,-58.78744654373607
2642,-78.16308504364267,-23.945177715237207,-111.65770261838617,-57.55001532090857
2643,-188.98893040436727,-109.74275035403238,-111.49861460860029,-57.39125209156588
2644,-158.73244073011017,-18.313676992729025,-111.47649937318894,-57.3840996784935
2645,-232.0658128170196,-23.12492831329773,-113.16910723090157,-57.24923065335256
2646,-135.29362162111616,-83.40692413197421,-113.24437616653817,-57.19264657133377
2647,-170.48949234187566,-20.097947185813908,-118.22061058321009,-57.20949480662956
2648,-219.51843101852342,-109.44370395678943,-119.25876718362844,-57.89344619451668
2649,-23.62482149051236,-75.53532573744083,-117.6591951733172,-58.45525951053665
2650,-306.0777249527685,-184.14578104599897,-119.64554887057773,-60.01298187158549
2651,-59.81754312576946,-28.527335502896456,-118.53214356005458,-60.08210717149166
2652,-153.45540666001148,-23.464274670698273,-119.25225627772568,-59.47032948203728
2653,393.71182491456256,-21.302122084765433,-114.42652146877087,-59.438475390654204
2654,-228.41215126474177,-69.07709594871338,-115.42079616602948,-59.872800486603886
2655,-305.4103184010332,-24.780024736671713,-117.8192798549726,-59.81017691555421
2656,-50.66071969211732,-91.36655397641881,-114.88103227369503,-59.829494166245496
2657,-356.1713538755167,-26.82753816558309,-114.21707231170582,-59.296901096818615
2658,-184.79763204154577,-24.038333604907614,-114.67919035615523,-59.26969832807166
2659,-98.63931747138527,-19.66591548305746,-112.50074581674382,-58.5971358576563
2660,-186.05171652534926,-33.35477846395452,-111.78478408446941,-57.91514995439509
2661,-255.7774260837194,-70.52429496782412,-114.2174761898194,-57.95662088051545
2662,-61.018018422271616,-49.205465827044726,-113.10431197177161,-58.25832892847557
2663,-201.79641718046292,-22.096380626418227,-113.56832374528452,-57.51091815425363
2664,-97.73842189278446,-90.5218820196284,-111.22421027556992,-58.20612171144956
2665,-149.86449991403606,-55.97964678909183,-110.67271561813179,-58.02609184563908
2666,-68.76600338555664,-21.10690669178671,-110.25879719634587,-57.5868599809533
2667,-66.42239731847872,-70.40357082039232,-108.91922876626941,-58.104080085561414
2668,342.6777964257821,-19.82778462621123,-105.03092818660281,-57.56675157167281
2669,-288.0150289715434,-115.43969321785809,-106.66465123134599,-58.511236305606054
2670,-163.76239637383074,-20.801056164442574,-105.883674653773,-57.55100064351532
2671,-163.18220846797658,-94.32930594453582,-105.82886581434508,-57.875272513399615
2672,152.76150521675487,-19.196204815719394,-102.90406363698258,-57.82600758918301
2673,-55.58524975910229,-89.59722471716026,-101.7602758052726,-58.508647130954735
2674,-158.65131908679868,-21.712363031483733,-102.27630838605033,-57.957568349767016
2675,217.92607539432476,-21.75196335627887,-98.75907920749421,-57.089437480970545
2676,-90.1641465332516,-29.75810049952828,-98.35132849524568,-57.11552309574696
2677,-241.68972253618327,-95.70337270003509,-99.10535400634944,-57.03756503146129
2678,-132.45848647587613,-31.61051785493207,-98.77489400779446,-57.07983779603342
2679,-105.39616719704303,-20.934136278980468,-98.68658300340687,-56.29709259458097
2680,-202.78381203344767,-24.11182230202038,-99.27484054962837,-56.04644211100092
2681,-109.01518201316031,-81.22197312447932,-99.0162249565905,-56.22030759846768
2682,-227.6103382179417,-94.38523579397243,-100.18900841722285,-56.48629889036246
2683,-179.04668247039874,-21.765293286089875,-105.74722251725932,-56.499029465724846
2684,-149.0819040279111,-60.42338002816152,-105.37435965848425,-56.22744002393367
2685,-175.48249606137207,-23.87082544459026,-108.25135041975659,-56.00430901520438
2686,-116.59707364783436,-45.53391286266703,-109.04307976461534,-55.99314924402865
2687,-102.90851959037693,-96.91770039197714,-107.51741791244392,-56.07651205651369
2688,-140.51594975148038,-77.64103370014274,-107.38317694032843,-56.63771937915358
2689,-254.6147864874446,-131.51189060812885,-107.44531540158427,-56.62220508506219
2690,-192.6993024566713,-21.975791757988603,-112.55029159907953,-56.336424148822836
2691,162.2490113312652,-24.01926937012973,-109.38966380131559,-56.18923706720218
2692,-166.53958944963995,-33.661705640317216,-112.82243168553906,-55.63804096105055
2693,-99.68643408223637,-98.62124932362572,-112.5295642704639,-56.11069715845076
2694,-220.76084641141819,-21.858985761342883,-114.16667746786285,-55.48151852086773
2695,-69.74303902570331,-56.4160501221648,-113.77031739563846,-55.30488276076195
2696,-128.75078801271067,-113.8210276730987,-117.0230422654625,-56.23602024902759
2697,-260.1061552895129,-75.03039384261135,-117.2745560235242,-56.33420553541683
2698,-296.6417863177934,-93.18568295779752,-123.80273358402196,-56.442664275785624
2699,-146.9430470714678,-52.54166031233224,-124.25689046510443,-56.29341855441477
2700,-53.00352321391946,-68.67507169050904,-124.21159919649298,-56.16626519625864
2701,-85.544380028712,-19.701096369901098,-123.32045597242441,-56.16840757423811
2702,-254.7609272041729,-22.49728576191631,-124.0251173838243,-55.01908699304629
2703,-226.25388258495687,-75.50510850805506,-125.54837921492908,-55.031218849676534
2704,-116.60838384045627,-98.95909289264888,-126.23568555834302,-55.22572819534797
2705,-66.37100143454528,-76.96077398315201,-124.869541000716,-55.02871325534357
2706,-238.79618095548608,-84.27199816550159,-125.65048736477422,-55.60633764573153
2707,-356.03088364798106,-60.64546026352462,-127.86863760292441,-55.982458074408626
2708,-132.68625885158391,-67.40413559450744,-126.88141080981376,-56.049848246320266
2709,-113.11185456288555,-33.18734342977052,-126.5659817469727,-55.45498187676196
2710,-199.6314597053619,-62.54984043649107,-127.00877409569863,-55.89813246130176
2711,-102.60701977576139,-105.01157886978288,-126.10835960239677,-55.66342030170981
2712,-194.3200719964924,-109.22077782206095,-126.98307226662925,-56.216302287184874
2713,-80.6170155002028,-114.2923462267718,-125.93120587052594,-56.72497642226837
2714,192.00642738373205,-134.15486288538824,-121.0155823912491,-57.648112246808715
2715,-204.19269043618766,-90.80921791771391,-120.34088093378573,-58.37226051575378
2716,-198.57311294499033,-40.67233338545688,-121.33909099791063,-57.73791849164696
2717,-131.68614221516094,-65.49944828409815,-120.66021569046639,-58.18844058145973
2718,-75.10188097979993,-68.77286321393122,-119.31802114674272,-57.709730943237865
2719,-82.19983845933152,-60.804548975743664,-119.47059291097335,-57.64311980061639
2720,-95.11962927218408,-28.343481088719816,-117.33789427224457,-57.69120661667778
2721,-177.78278691437527,-82.61974721477993,-121.33319793649515,-58.32476407676924
2722,-19.17702717168836,-111.84761836895115,-120.49905078667197,-58.86116547209451
2723,-159.83683749827904,-24.924979371507064,-120.49407214311198,-58.84248303104962
2724,-146.71222243325073,-21.644800460667163,-120.77952304050044,-58.48296053972369
2725,-102.96394667321582,-25.03237703867108,-120.41021475394147,-58.53723417257264
2726,-105.3022710181067,-76.7260421837969,-120.02969545648914,-58.433272925497675
2727,-86.62909855617438,-93.87964106099349,-119.24495171005299,-58.75856927969928
2728,-127.875452003057,-83.12072254521391,-119.94307474555099,-59.384506262327086
2729,274.87180129040644,-39.842299713311434,-115.11281820102748,-58.94333015916131
2730,-111.07546410720524,-23.021139640040023,-113.99275111586427,-58.401917595791915
2731,-164.8531256229073,-62.59325753032695,-117.96158432403769,-58.82081706084761
2732,-3.392351701847687,-87.50360104699267,-116.77836204701732,-58.8767070482181
2733,-106.91279844550373,-21.444012961555575,-115.6309299103175,-58.89905266248438
2734,-129.32925660279665,-165.71407692413214,-115.81359930592046,-59.3771941076802
2735,-139.28541344511024,-26.1753669893829,-115.0597785853862,-58.41330129364446
2736,-193.8994614125688,-87.94207284810388,-115.48062595446349,-59.067138794969004
2737,-107.06659040950099,-94.69265931483085,-116.13066351207664,-59.73259117143274
2738,-136.20914942293476,-86.73562879073383,-119.63995777901644,-60.4071445968446
2739,-107.65022716320603,-119.71990904782554,-123.57818920533126,-61.449949375402504
2740,-155.88344014384342,-60.875703260803185,-123.17765979551132,-61.278545886778026
2741,-90.70385195775677,-83.28632354116431,-123.19738629851517,-61.86455588943401
2742,-75.3609338486099,-36.90158834669152,-123.16936478656484,-61.99411999574855
2743,-168.68951974348013,-68.14247788562287,-122.96637067995597,-61.57811727106444
2744,-226.73514481912474,-39.13936143994275,-123.64639772084612,-61.78637411553658
2745,-218.9029994334609,-88.38778963156228,-123.51476958701053,-62.439002728719224
2746,-136.23077757759518,-45.742385304535325,-123.52414114657532,-62.06235734044484
2747,-125.31647152379492,-19.630960479117608,-123.0724109383945,-62.05768747337788
2748,-122.25945527664514,-53.94536571875111,-122.09982118097571,-61.50270409099749
2749,-105.61446349913881,-154.8684575897937,-122.91971760106198,-62.29603540952102
2750,-223.82220686697667,-63.25532649691018,-122.09716242020407,-61.08713086403014
2751,-145.60085816383085,-53.83580581542552,-122.9549955705847,-61.34021556715542
2752,378.3563065024585,-21.095957784705703,-117.63687843896001,-61.3165323982955
2753,296.8055273363802,-19.59368546831192,-118.60594141474184,-61.29944803213097
2754,-49.96622449106806,-94.34630038907947,-116.82148214700507,-61.552140076534634
2755,-176.96647729386308,-23.714937346004557,-115.53704373593337,-61.54148920262796
2756,-191.50600181005808,-22.189696433983936,-116.94549655711278,-60.84972062720361
2757,-91.16611286049091,-54.84915673991018,-114.29544414696251,-61.12993681294688
2758,-227.5492237096051,-21.425522700214962,-114.7229600636431,-61.10380870389995
2759,-165.27551175594482,-53.77555598446604,-115.38932200648871,-61.44490510891404
2760,364.86076658969296,-21.496521206106344,-109.88019717533828,-61.32632253633557
2761,-164.09237963798915,-92.37450810961879,-108.96334671088098,-61.54482466775351
2762,-195.04253016822454,-73.23230143935835,-110.30359182834052,-61.78509302387665
2763,259.5471186766019,-70.68972397022894,-105.69015646976986,-62.27102645731475
2764,-101.0799675010173,-22.958583379409788,-105.72357192585218,-61.595393470912555
2765,-47.66141369119407,-22.636871376326813,-104.70154106362376,-61.26196571678491
2766,-209.32434271308136,-72.39252912872459,-106.10712445689902,-61.77482194115428
2767,-265.6401802223408,-15.98444663824594,-108.09930228593764,-61.23063069933282
2768,-173.54108982453795,-38.91414654443097,-113.26149114844084,-61.42149431851502
2769,-174.61140342964552,-101.98359949998384,-112.12745489302186,-61.286933381336276
2770,-240.21313224888982,-44.28273699465533,-112.89196225177245,-61.52175018963841
2771,-153.88248823787177,-21.235238089196052,-112.7989650494714,-60.790809511085016
2772,-274.19043614122904,-110.92834747223394,-117.06848446305125,-61.708130937650154
2773,-121.59826091555706,-72.94750891319356,-117.7286145746158,-61.541633779610486
2774,-169.41500024072315,-85.20973419090525,-117.83625138615504,-62.1766074912047
2775,-33.68587522901166,-70.01429203580948,-120.35237089238841,-62.659230778000016
2776,-158.82921455400233,-54.9363210236214,-121.0390215725959,-62.911012983240944
2777,-203.9835820331647,-113.06214062176394,-120.66196016756571,-63.084600662458236
2778,-198.90628698588537,-47.874200303743955,-121.32643817266582,-63.247237486946354
2779,-180.83055325797068,-128.3759764250355,-122.0807820332751,-64.3216558884069
2780,-121.36930889768588,-58.01118794835782,-121.26663700191747,-64.66064954487028
2781,-262.0272198417529,-59.008964460190306,-122.7967573802034,-64.43851945822739
2782,-233.68300181166853,-43.02362210638475,-122.85748401614066,-63.924903321351515
2783,-109.21083257041276,-115.28324208896622,-122.15912551714081,-64.86008280938029
2784,-112.42511070678047,-25.991064806560242,-121.79255758392952,-64.51575965716427
2785,-141.37540606474954,-21.255786962179435,-121.4514866839633,-64.48960927234015
2786,-250.26350173315657,-25.161919647381907,-122.78815096481651,-64.2858893401873
2787,-293.8148130341583,-116.11245068197957,-124.69721389925432,-64.47783684308732
2788,-108.2919459496337,-20.91950150377444,-124.37497386123586,-63.910621521123645
2789,-34.379024882706624,-24.62978823265086,-122.17261624518848,-62.84180049736886
2790,-204.52784501634463,-89.38504623181139,-122.29090167078522,-63.51589304210709
2791,-138.0868444324681,-37.97309277012321,-125.29426022842253,-63.65543127610702
2792,-136.27009082809522,-138.20678232929592,-124.99156524220709,-64.70088204299681
2793,-169.76516297593741,-47.94254387886305,-125.69235253114411,-64.19409498854918
2794,-188.25813035686193,-73.87989969373291,-125.36732537059854,-64.71430412787308
2795,-87.56178107797564,-19.99287472058255,-125.54551279112125,-64.35007237385726
2796,-186.99606119619344,-87.0555084830433,-126.12796552295607,-64.0824171819567
2797,-137.08686283270703,-49.9955185847361,-124.89777259838802,-63.832068429377955
2798,-153.63925168352853,-62.29528304767242,-123.46774725204538,-63.52316443027671
2799,-109.9603150481307,-107.0933148543304,-123.097919931812,-64.0686809756967
2800,-148.00604175180874,-44.84013171746757,-124.0479451171909,-63.83033157596628
2801,-37.632105894701624,-44.39331517254327,-123.5688223758508,-64.0772537639927
2802,-27.433679866740473,-90.0057367108779,-121.29554990247647,-64.75233827348231
2803,-209.02381451151115,-28.407500951130462,-121.12324922174201,-64.28136219791305
2804,-12.605725558147286,-53.96381644207787,-120.08322263891893,-63.83140943340735
2805,349.27570436648443,-19.039734963366772,-115.92675558090863,-63.2521990432095
2806,-152.1200221382219,-20.294941222608806,-115.05999399273598,-62.612428473780575
2807,-159.62069763418788,-68.73276961457063,-113.09589213259805,-62.69330156729104
2808,-119.36243636142095,-92.26213283513843,-112.96265390769642,-62.94188153969734
2809,225.65293563719467,-41.2509759214689,-109.57500600569561,-63.02251786461432
2810,211.62257781281295,-20.258327336966055,-105.46246563051388,-62.59960273361907
2811,-223.49795203640855,-38.92442826875937,-106.67137495312036,-61.938731227608834
2812,2.1745681226269604,-45.20808215615145,-104.70642855192916,-61.298604270949745
2813,-132.67901665558367,-86.42662221034146,-105.22704856348298,-61.019947030785445
2814,-81.19865747733692,-38.44324792421026,-107.95909941209368,-60.06283088117366
2815,298.60799109258653,-53.84269992168063,-102.93109259680593,-59.69316570121333
2816,183.43941053199825,-19.142648806621498,-99.11096736203602,-59.477868855424965
2817,-130.81032666102078,-23.535107570978823,-99.10220920649462,-59.05822544829377
2818,-195.05805030250912,-23.45394237732418,-100.3017708997217,-58.605036239927706
2819,-181.31497914735232,-17.161771236118287,-101.29292230660191,-58.16860846253145
2820,277.22583149609255,-23.869910384504813,-97.56946769891915,-58.1238727554893
2821,-203.07812186065289,-87.19945878358423,-97.82242104838194,-58.16966987117735
2822,-13.264383035441604,-55.90021504157582,-97.76329460701946,-57.610195837903596
2823,-283.11476412594345,-20.742437897388825,-98.99607387329611,-57.56837042316241
2824,-152.5971988317359,-18.063544388092634,-99.05492363728096,-57.53255786243666
2825,-461.27540456023354,-132.70179463129276,-102.63803821615113,-58.60925203836288
2826,-119.08849013399923,-34.76088659414391,-102.77590040731008,-58.18960048246635
2827,-136.37775798177793,-23.47056980190393,-103.2733870015661,-57.48550976987546
2828,-94.7110382968414,-87.24265295952272,-102.94174286450395,-57.526729074018554
2829,-103.55470719339455,-109.21094402796066,-106.72600794934196,-58.220415517165044
2830,-248.2135556168589,-21.05490750651025,-108.09738886443849,-58.20075319582975
2831,-117.67275461750761,-82.70696265338175,-107.6255851543845,-58.401890247060294
2832,-218.68225417390624,-17.57391145226929,-109.77848417910508,-57.70259335111306
2833,-202.99808198856337,-42.46716248789616,-110.73933701453568,-57.912824846376466
2834,239.6565473541904,-37.71727148900489,-107.04947897496581,-56.632856792025194
2835,-282.60386793163724,-25.51154220985248,-108.48266351983106,-56.626218544229886
2836,-151.15698269519038,-22.550042290917375,-108.05523873265729,-55.97229823865802
2837,-60.12593096901723,-87.3974088934416,-107.58583213825246,-55.899345734444125
2838,-263.4378812980157,-18.495591570249488,-108.85811945700326,-55.21694536223929
2839,-206.84899622149746,-72.31322770527721,-109.85010714758617,-54.74287854881379
2840,-75.4917166081771,-31.639682218911553,-109.04618991222952,-54.45051833839488
2841,219.2970250700388,-18.93957890898644,-105.94618114195156,-53.80705089207311
2842,-65.412230203923,-99.34867238026168,-105.84669410550468,-54.43152173240881
2843,-141.44531360431205,-69.02415929247132,-105.57425204411301,-54.4403385464773
2844,-312.06948418930716,-114.21034466891808,-106.42759543781483,-55.19104837876706
2845,-142.22071671894267,-53.81151374522955,-105.66077261066965,-54.84528561990373
2846,-263.68504524512747,-46.452478539519745,-106.93531528734498,-54.85238655225357
2847,-89.6158314066875,-47.228126401882825,-106.5783088861739,-55.12835821148121
2848,-220.781228716028,-26.252656543486655,-107.56352662056773,-54.851431119728566
2849,-214.27748197923424,-64.12403028321678,-108.65015680536868,-53.943986846662796
2850,-173.17137141863245,-64.54785806966055,-108.14364845088524,-53.956912162390296
2851,-242.5823101934596,-60.70071653983081,-109.11346297118153,-54.02556126963435
2852,-108.90397881398947,-65.07250780922584,-113.98606582434601,-54.46532676987956
2853,-126.8201233488456,-26.49727281207077,-118.22232233119827,-54.53436264331715
2854,-171.11792558768428,-25.536932654931828,-119.43383934216443,-53.846268965975675
2855,-152.46935869151383,-21.126853277318176,-119.18886815614093,-53.820388125288815
2856,-103.90980093568628,-117.65035573800031,-118.31290614739721,-54.774994718328976
2857,-201.80947229604269,-21.327125446144677,-119.41933974175274,-54.43977440539132
2858,-212.85560182854047,-120.47915451480564,-119.27240352294208,-55.430310723537225
2859,364.83032705678795,-15.635162451945597,-113.97134513481478,-55.04890678821202
2860,-128.77785642895543,-45.62322534455938,-118.90773136500127,-55.29017382959655
2861,-320.7453095220565,-130.5658970029454,-120.47426066384195,-55.672087718529816
2862,-151.56292848882,-65.17283662864335,-120.0394646470479,-55.59149307042267
2863,-174.42236446398374,-117.17265588471184,-124.37915947845373,-56.0563223895675
2864,-134.7716833175579,-30.90760542157202,-124.71607663661915,-56.135812609989124
2865,-122.49369741902635,-40.72616769868971,-125.46439947389746,-56.31670557321275
2866,-173.5994002082543,-103.13665312428722,-125.10715004884919,-56.62414681316837
2867,-277.49040211382936,-44.48581165608325,-125.22565226776408,-56.909160463346744
2868,-133.9056044916796,-103.07859292359875,-124.82929741443549,-57.55080492713842
2869,-119.13114206889185,-68.5815372246379,-124.27449480082797,-57.21678430438497
2870,-151.5027536147697,-85.60381420908735,-123.38739101448677,-57.62999507652928
2871,-157.65262613995125,-90.9209002117738,-123.42509239350755,-58.32685169775507
2872,-162.33686217825613,-19.519549010873792,-122.30655665387782,-57.412763713141466
2873,-294.8103517233341,-79.05164757357718,-124.03867756195558,-57.47380509974529
2874,-180.81847763249525,-57.878447195800184,-124.15271233587329,-57.20049222979424
2875,-183.5706924247322,-96.99495513438391,-125.6515605078305,-57.470298860779984
2876,-196.15789920879666,-40.65612602814108,-126.02484735437844,-57.32749691082518
2877,-174.84078395577592,-87.01509518711428,-125.73341937360455,-57.06702645647869
2878,-149.08410231181327,-53.98466024039054,-125.23519752686384,-57.12813105584516
2879,-143.3724653562272,-59.86336114854913,-124.8606166478464,-56.44300490308029
2880,-215.1860810223495,-28.49757054410263,-125.79878436909306,-56.14786872903775
2881,-184.64106684587895,-27.090314644774395,-125.0249228391343,-55.82868223088358
2882,-118.60695228409547,-28.356163172183802,-123.87416234385856,-55.682007641541574
2883,-171.45309259580998,-49.01204582967873,-124.49658494411254,-55.019295678948694
2884,-320.1015049872293,-55.146218043016376,-126.57334888691703,-55.31084721131325
2885,-166.4777524336062,-116.04038796252021,-126.8243723506056,-56.25869322131666
2886,-95.77086786269096,-79.9830994369016,-125.27944601190096,-56.80690501921186
2887,-164.67929035212,-30.899714663960204,-123.98809078508059,-55.95477765903168
2888,-151.0560284853908,-54.89738292360681,-124.41573161043816,-56.294556473229996
2889,-126.6702534320419,-75.92796942154283,-125.3386438959315,-56.807538285118916
2890,-184.60565603653453,-40.418079807481654,-125.13942200613339,-56.31786862087562
2891,-140.02094107811493,-74.14603848775828,-125.15876297258984,-56.67959807805197
2892,188.36399584277143,-55.731692735117164,-121.91242210588118,-55.854847182110184
2893,-151.28238295805136,-64.73395614178881,-121.72759430570233,-56.02276130473944
2894,-120.48100839219599,-82.85164950422023,-121.04982308605567,-56.112478802844315
2895,-159.9377408167117,-69.08591883637739,-121.77358268344302,-56.60340924400226
2896,-231.319975841828,-148.0902842814559,-122.21682182989936,-57.21375700198638
2897,-209.81209725366338,-91.73432561198156,-122.94407417410893,-57.63114507225883
2898,-211.32746786897968,-25.10296931578752,-123.52095633596345,-57.25922193493999
2899,-216.58543264263898,-79.21389488568173,-124.58720751190853,-56.98042773525349
2900,-174.0627805404809,-112.94544166106748,-124.84777489979525,-57.6614808346895
2901,-153.41406043058714,-60.639279925058126,-126.0055944451541,-57.823940482214645
2902,-178.77078983654218,-20.178707890212962,-127.51896554485214,-57.125670194007995
2903,-154.9360474282439,-45.2370948109989,-126.97808787401948,-57.29396613260668
2904,-130.3116696764583,-74.9282464577621,-128.15514731520258,-57.503610432763516
2905,-251.49413414657553,-16.957307784048645,-134.16284570033318,-57.48278616097034
2906,-278.1336574129367,-22.625947538230438,-135.42298205308032,-57.50609622412656
2907,-180.64099764949157,-21.92967266514705,-135.63318505323335,-57.03806525463233
2908,-149.67341736715494,-94.52795589753393,-135.93629486329067,-57.06072348525628
2909,-7.075565784397052,-78.02201619674285,-138.26357987750657,-57.42843388800902
2910,-383.76150659723766,-122.31781296483777,-144.21742072160708,-58.44902874428774
2911,194.05822142921974,-21.254510302716824,-140.04185898695084,-58.2723295646273
2912,-329.61126682907746,-75.44742506350318,-143.3597173364679,-58.574722993700824
2913,-235.08804847498405,-55.2726605793649,-144.38380765466192,-58.263183377391066
2914,-99.39092835670955,-60.149983977251274,-144.56573036345563,-58.48025073792148
2915,-69.63069002296209,-51.405819814297395,-148.2481171746111,-58.45588193684765
2916,-149.9928613376057,-76.8265201353097,-151.58243989330714,-59.03272065013453
2917,-216.43826060006526,-19.9432554000298,-152.43871923269757,-58.99680212842504
2918,-65.26647077599253,-19.988934789313006,-151.1408034374324,-58.96215205254493
2919,-134.78034074580827,-47.91560381745143,-150.67545705341698,-59.26969037835826
2920,-53.78516144987862,-24.392050502048235,-153.98556698287666,-59.274911779533696
2921,-98.55764654097192,-38.41583578209165,-152.94036222967986,-58.78707554951877
2922,-82.36263255416785,-20.4176024781279,-153.63134472486712,-58.43224942388428
2923,-122.02570875666181,-33.45960384628449,-152.0204541711743,-58.55942108337324
2924,-242.16200789946706,-89.08152816587129,-152.91610226185162,-59.269600921151024
2925,-192.20077784341686,-63.333036972559604,-150.22535599468347,-58.575913344563695
2926,14.747383724405104,-86.83692795363488,-148.8869972560994,-59.0966737581586
2927,-97.16575306878995,-32.62079571715673,-148.49487720696953,-59.18817601731113
2928,-234.31321755218946,-32.769526087635995,-149.89089899952302,-58.643444748592266
2929,-196.57964528259922,-112.05817402546582,-150.82114838041505,-58.671917048567316
2930,-151.3601331810715,-18.895418026095072,-149.8526141560572,-58.65032215376317
2931,253.6138911641587,-17.587719371070243,-146.13974769824054,-57.999129720940054
2932,186.9680614274631,-64.1743624347115,-142.08324454222685,-58.46513423076447
2933,-69.28146733047153,-84.00092891427855,-140.74607839564592,-58.88047189502829
2934,-178.01932995205593,-131.28551378835834,-144.9228371687084,-59.81615431802183
2935,209.50241523265547,-20.249618920158795,-140.00177433706548,-59.76353508512489
2936,-107.24923142850135,-69.50201161548434,-139.56269682439859,-60.233054778370565
2937,-242.86141534445804,-26.78410882144838,-141.39005166815298,-59.62692177765063
2938,-73.05433314343959,-73.21497873135269,-139.4862161866072,-60.17411564926166
2939,-279.00948266022476,-115.95402175231435,-140.20782105099448,-60.61052358973203
2940,-114.42039683980458,-25.429297986248066,-140.59710785331077,-60.5484197474054
2941,-129.61264193742596,-159.98859229754714,-144.08620452338542,-61.958909881291014
2942,-196.91283017530012,-47.49576921605242,-145.40121052309917,-61.44038084964892
2943,264.82661183711076,-43.60698442824389,-141.33849126868492,-61.18620910100664
2944,255.62086802175355,-60.633661269950736,-135.66158774657433,-60.65044226701696
2945,-441.87388342820606,-86.74100956161945,-138.65811941366698,-60.979737225180855
2946,-106.11675888304981,-39.73712969981298,-137.0824365500462,-60.912583736783795
2947,-181.79329878054426,-20.781645149542005,-138.00421122378478,-60.64811892426039
2948,279.0897385172839,-21.05135247771906,-133.00550155145166,-60.59610588360271
2949,187.709457938454,-20.568730891659467,-128.9856321522748,-60.160552889687146
2950,-314.95561728813357,-174.4736987135519,-130.4034746109698,-61.25981129612605
2951,242.13890098234094,-99.98813416230524,-125.55626249921175,-61.6526854723508
2952,-118.71690679459081,-34.31847824368083,-125.65439177901777,-61.34514517669535
2953,-149.27324975132765,-75.84451166880885,-125.87892304304259,-61.83861756526272
2954,-70.44940283229484,-56.46067712649042,-124.8722378154887,-62.147855009978315
2955,-235.3235466193776,-108.57722757041576,-125.70077969476736,-63.02235875290929
2956,-199.46663818108726,-103.7357401507728,-126.65634806722137,-62.883212597037016
2957,-354.9323765633959,-86.5305059791603,-128.1875771098949,-63.53524640236718
2958,-194.7325126852393,-68.43000389422468,-128.00634621846189,-63.01475489616136
2959,-164.85809585728617,-80.83735767685182,-133.30323044760266,-63.666776848410414
2960,-203.3706793093732,-85.12231273860641,-134.04915867640682,-64.0617677223509
2961,-175.94053699470723,-29.423485207347465,-132.60111095113328,-63.050343604394904
2962,-179.8057759625571,-21.737813905082035,-132.88353942587068,-62.6159933771593
2963,-191.12215424540204,-21.613161808069506,-133.05053732368486,-61.660398436392875
2964,157.24402173327687,-48.570853865397524,-130.13038027317654,-61.83703092083113
2965,-240.30205386268318,-108.11104504017855,-131.3084638376131,-62.51087969424603
2966,-116.3876006865713,-26.451705731978688,-130.73634584239625,-61.744030220322934
2967,-184.92759843566017,-110.59207306559883,-129.81071780561456,-62.4050928344181
2968,291.8818683803571,-28.832272851999562,-125.5528430768942,-61.6626296337021
2969,362.2146802845214,-17.7788938364679,-120.73938485336006,-61.1546031998204
2970,134.28926458935985,-19.088507254748627,-117.88146467131877,-60.489450130277014
2971,305.19280227358723,-18.718382928884694,-113.25301038718338,-59.76742495744812
2972,219.77140530500523,-19.31414502169648,-109.43192771235077,-59.765370917556346
2973,-165.14564674741536,-104.9556064156161,-108.13528066259157,-60.024410505976746
2974,336.88424020986406,-61.63819890935764,-102.95825348416798,-60.06200802311232
2975,360.5986638941473,-23.14775470318106,-97.51655992097919,-59.32353601880028
2976,-257.619488003433,-53.830576230779236,-98.13117580892556,-59.45528052082667
2977,-76.62994825545509,-64.87369980083471,-97.14906745192235,-59.23386656696387
2978,-110.4197059287108,-20.024707661936677,-96.76242348809131,-58.89426704117933
2979,-312.15976833460485,-67.76748573758834,-98.45029651787509,-58.97330828706973
2980,-175.50684181099615,-32.796787470640844,-98.05350412576155,-59.01630045633511
2981,-158.9292350908283,-75.58243205411777,-97.79638580821106,-59.501221630428546
2982,-207.89356986989088,-63.944411698386915,-98.68925198406902,-59.857104115690575
2983,-85.05431141628304,-27.180132942751232,-97.82526417227375,-59.6387849868213
2984,-120.83756810916462,-63.40588313592472,-95.8326248034931,-59.72138163775038
2985,-161.86283249538604,-27.472145774122257,-95.7864756041109,-58.8356992158664
2986,-217.67800387436347,-134.7510852968419,-97.00554696422762,-59.3833790744658
2987,226.13196524142256,-25.421128218692278,-93.09743440829219,-59.328593210013125
2988,-110.48099390296343,-20.08161879110635,-92.6916840624679,-58.98043556868812
2989,-303.2980590961311,-116.88524890044542,-94.4579621191088,-59.39000836347715
2990,-163.81974004959554,-47.128208860465016,-94.25010295923941,-59.45710965400699
2991,-80.72902025251899,-25.80151340758812,-93.65718375098345,-58.973664403205284
2992,-217.35287719148667,-80.10769941294096,-97.71435248132603,-59.21742446998352
2993,-73.51077563736571,-43.572251435288564,-96.93663640811916,-59.005807422918515
2994,-130.27401508436793,-86.67744137210143,-97.03456647504088,-59.04406534159733
2995,-2.483945225887106,-39.5526457083463,-95.46002851913263,-58.74873261031702
2996,-98.6879763149024,-45.865858669068835,-94.13370852386338,-57.726488354193144
2997,-109.14885436688053,-64.08506326779663,-93.12707609499556,-57.4499957307513
2998,-118.89814934272823,-35.249132186333284,-92.20278290973305,-57.551457359456755
2999,-140.13090875535343,-65.70324979167252,-91.43823767086018,-57.41635090851666
3000,-196.3678000809282,-20.241514868946503,-91.66128786626466,-56.48931164059546
3001,-195.45171647416223,-27.113604322499857,-92.0816644267004,-56.154054884569874
3002,-142.91231247582272,-25.9595081030885,-91.72307965309321,-56.211862886698626
3003,-198.04717255351648,-79.2689561761506,-92.15419090434595,-56.552181500350144
3004,296.6248810009168,-79.41392676552374,-87.8848253975722,-56.59703830342776
3005,338.983583354238,-17.446995514852265,-81.98004822256406,-56.60193518073579
3006,-81.72140252503767,-43.20557314785738,-80.01592567368509,-56.807731436832064
3007,-150.78394854848239,-32.20776504024835,-79.71735518267499,-56.91051236058308
3008,-166.20250086413566,-20.212612360095868,-79.88264601764479,-56.1673589252087
3009,-147.33090706214244,-60.89220475476144,-81.28519943042225,-55.99606081078889
3010,-189.90807791921065,-74.25704467582241,-79.34666514364197,-55.51545312789872
3011,-87.8254646624239,-98.36564463262039,-82.16550200455842,-56.286564471197764
3012,-202.18117256895627,-20.33008810501107,-80.8912010619572,-55.735391101612834
3013,-178.48072424396423,-27.901222660806553,-80.325127819647,-55.461676722427256
3014,-135.0484389596101,-75.44948612021814,-80.681702925676,-55.614671743856924
3015,-89.7426794700842,-74.51805755662457,-80.88282282014724,-55.8457941212802
3016,-82.7415084195552,-99.7227757787852,-80.21030929096673,-56.07475667771496
3017,252.97129098328938,-23.480094788479548,-75.5162137751332,-56.110125071599455
3018,-104.21232427109643,-107.41125203625745,-75.90567231008423,-56.98434824406889
3019,293.5872838166229,-24.163066849261348,-71.62199606445992,-56.74682287438699
3020,-125.90922836350748,-19.850322068771497,-72.3432367335962,-56.70140559005422
3021,-205.33669365322365,-119.08472766023183,-73.41102720471872,-57.508094508835626
3022,-36.68853687923661,-36.05323604850831,-72.9542862479694,-57.664450844539424
3023,-172.71578111393325,-99.29453278763054,-73.46118697154212,-58.32280013395288
3024,-106.8753388074768,-42.80614898884043,-72.10832028062222,-57.860046342182585
3025,-158.5166674360062,-71.82012666637499,-71.77147917654811,-57.944917239120734
3026,-287.52719105980447,-89.39741156412849,-74.79422492439022,-57.970522075225674
3027,318.1653455698385,-58.39343019372068,-70.64091393800393,-58.22824841999131
3028,-254.28903342188903,-83.14212062386237,-70.84067209670093,-58.73197436535357
3029,-95.0453627648721,-26.353509459837763,-69.82532927152366,-57.87492771969729
3030,151.4512674693709,-30.66546405337126,-66.79721526501923,-57.99262817997005
3031,-196.8739425442743,-29.153068308260774,-71.30209360210357,-58.10828166934196
3032,-244.5643248611531,-138.34751899511966,-75.61741746498973,-58.85001323494604
3033,-108.2994154565722,-58.98194257094474,-76.00759694625073,-58.59982337151271
3034,-120.85434281263554,-21.55360537892822,-75.43594707485653,-57.502504287418404
3035,-191.6583733069599,-76.09374159357428,-79.44755496025267,-58.06094551415256
3036,-162.272359490389,-105.52697968880702,-79.99778624087156,-58.42119519488578
3037,-183.37249242087637,-156.30061363566844,-79.40289701163573,-59.716360243027985
3038,199.7825188016364,-62.63029401832015,-76.67452849218498,-59.61051339589766
3039,369.0358667363836,-37.67079327571393,-70.19407499821888,-58.82768111113166
3040,-256.52960324450703,-54.095001479069786,-71.61516706226591,-59.11433814605988
3041,80.59118510246745,-116.79711447340674,-69.51312879186698,-58.68242336781847
3042,-85.54420572692808,-70.82137738575851,-68.39944254738326,-58.91567944951554
3043,-152.6010199267491,-90.78389805924618,-72.57371886502186,-59.38744858582556
3044,-298.62582645755145,-77.58134936651871,-78.1161858098149,-59.55692546679124
3045,-220.41232157386892,-26.538982383445124,-75.90157019127153,-58.9549051950095
3046,-106.27544020860857,-87.38777327815593,-75.90315700452712,-59.43141163079292
3047,-219.92315677314753,-45.21084532934202,-76.28445558445316,-59.675703632590924
3048,-312.5974269374581,-16.65121546370659,-82.20132723900058,-59.6317022624508
3049,-199.69824441704534,-21.784179065279783,-86.07540426255557,-59.643856744187
3050,-243.7817244640521,-114.27051294685013,-85.36366533431476,-59.04182488651999
3051,217.72787448700973,-24.258836976911244,-85.60777559926807,-58.28453191466605
3052,-414.45347566920105,-42.920797037151544,-88.56514128801417,-58.37055510260075
3053,-285.19117150363013,-67.00051565881124,-89.9243205055372,-58.28211514250077
3054,-136.13607408126984,-107.42644685636394,-90.58118721802694,-58.791772839799506
3055,-258.97444996049734,-61.052178084135235,-90.81769625143814,-58.3165223449367
3056,-157.0973761285064,-24.986804681780484,-90.39400363091232,-57.529032990246776
3057,113.19533141642574,-82.30066818403158,-85.71272655111412,-57.4867346122955
3058,161.52230641404708,-21.746927494714384,-82.15017836012125,-57.019903848300395
3059,-339.6286334914372,-20.590501384186346,-83.89788373646276,-56.41743528537374
3060,-161.866108278089,-23.194784796010417,-83.48283802614992,-55.79816000594778
3061,-192.3540860114987,-24.520800968808892,-83.64697351631784,-55.7491331635624
3062,-252.35202275166674,-61.55895941610896,-84.37243598420893,-56.14734461867266
3063,-141.96537128264433,-62.082918948492896,-83.88086815458135,-56.552042190076904
3064,126.12598721333407,-65.47061375780319,-84.19204849978078,-56.721039789000955
3065,-190.74716017849448,-72.31505849682681,-83.6964995629389,-56.363079923567426
3066,-321.8466462707913,-61.99040344972934,-85.7510900187811,-56.71846690074495
3067,156.688606122529,-19.18036196239077,-82.3349279731992,-55.804349789712866
3068,-53.74171733811361,-80.30389969489981,-85.7911638303839,-56.319066058141864
3069,-128.263699535187,-41.020293541911485,-90.69594762858098,-56.55148005519631
3070,-87.5704585529073,-30.68426869681849,-92.91454486000366,-56.667437669616994
3071,-125.76905932188699,-19.55818167591427,-97.2241634759584,-56.67583565708729
3072,-61.3230466806483,-94.63479759629162,-100.03510799581494,-57.42904218283324
3073,-267.2546999760204,-62.4164818192195,-101.05619852810099,-57.00365093686927
3074,-147.30350115516572,-128.04951345468317,-105.89807594175127,-57.66776408232253
3075,-105.2457370611292,-102.57699207117311,-110.55651995130404,-58.46205645600245
3076,-155.81854120807546,-101.30773106220848,-109.53851048335048,-58.936828004316745
3077,-83.95693395936833,-19.280926560409338,-109.61178034038961,-58.48090027191249
3078,135.7953754187502,-37.47138066853028,-107.149629526915,-58.65536700197843
3079,-92.1648847626053,-68.92968634890686,-104.94968069119503,-58.66698900809162
3080,-145.3386397211462,-24.888365125354362,-104.64799867029652,-58.587904784638745
3081,-72.0375562251978,-25.18692710284114,-103.77908188164021,-58.08394973512598
3082,311.02647410022246,-17.686098463135238,-98.58988144193907,-57.62136660277346
3083,365.08286293577754,-61.99400686845284,-94.08850969841846,-57.96950534203048
3084,-181.85119691625977,-140.72293956004458,-94.69864598648942,-58.742675906271685
3085,-169.99706471653988,-45.077766144809594,-94.77998830870095,-58.918732109978556
3086,-325.61936122312585,-72.79306952398856,-95.85940188218858,-58.29915195225002
3087,319.2821602958913,-16.691591499005312,-94.92789993164389,-58.21185658505315
3088,-137.0881818365571,-106.14851905103072,-95.19397181097983,-59.072525587652386
3089,-154.38353221845804,-55.388928204332316,-93.7048265422031,-58.45756238069126
3090,325.8104157387805,-19.68575688047788,-88.80852498431933,-58.183137860891385
3091,-102.94757149381063,-77.98634861020139,-89.03071049673225,-58.70498621291752
3092,307.49257306282175,-91.18450141153404,-83.78225599418916,-58.81575423290346
3093,357.88825293157464,-22.811472518954293,-79.46826570849974,-58.60814644374012
3094,-186.5730516684923,-19.26081696216109,-80.03125607434099,-57.933980199640715
3095,-75.54917604318216,-51.72608075361786,-80.76190838251394,-58.05571455009343
3096,-116.02639032139092,-34.47795411424604,-80.93529252257883,-57.941835504545196
3097,-322.3371384390474,-92.20255800726527,-83.06717536330049,-58.223010451939885
3098,-92.58787824601323,-30.131116891108125,-82.80407265233335,-58.17183029898763
3099,-178.71792585010445,-25.1118608093917,-83.18994282328086,-57.765916409164824
3100,-136.8834356133911,-21.357673184028677,-82.59509917860551,-57.77707799231565
3101,173.22261024974864,-18.57346762521989,-78.90835591136639,-57.69167662534284
3102,-123.23567538531184,-21.415499150859205,-78.71158954046129,-57.646236535820556
3103,-128.1732027798023,-50.55725280045335,-78.01284984272415,-57.359119502063585
3104,-216.9764368112035,-18.84621085569943,-83.14886302084537,-56.75344234296534
3105,-185.64047708759537,-42.64504395100094,-88.3951036252637,-57.005422827326825
3106,-264.41586577271164,-115.39036828841391,-90.22204825774044,-57.72727077873239
3107,-309.60060817072457,-17.976221296267752,-91.81021485396285,-57.584955341292584
3108,-105.16528876696417,-37.741038138762576,-91.19984273299113,-57.76023959907925
3109,64.03364378025569,-18.957178324384113,-89.08619722456714,-57.34088933477548
3110,192.86831984050914,-24.254546139655893,-85.25843324696994,-56.84086434941381
3111,-235.12438455819188,-52.303067485771116,-86.73142244592762,-56.38023857794532
3112,-171.8452301729594,-76.00342074878962,-86.42806302196765,-56.9369719043831
3113,-232.3440043491409,-25.0544163870906,-86.9666958230194,-56.90850384164594
3114,-139.7167887905611,-29.278622066734712,-87.01337932132891,-56.44679520111111
3115,-72.84691632224137,-22.246802428849005,-86.84442168985049,-55.92408264983336
3116,-120.7038559515555,-24.655871563930415,-87.2240451651705,-55.1734136076848
3117,79.97424290506166,-25.036935912057345,-88.95401564595278,-55.18898201892058
3118,-84.31493362896856,-44.744132344096016,-88.7550417395315,-54.56231082199897
3119,-54.17538766724835,-52.250222022929236,-92.23266845437021,-54.84318237373565
3120,-200.0095345799041,-89.39007985986623,-92.9736715165342,-55.538579951646604
3121,-129.90360594234278,-29.627824152755057,-92.21934063942537,-54.64401091657184
3122,-256.8033022346716,-168.28610054517785,-94.42048829297971,-55.966339561538526
3123,172.1424920843761,-18.294253812438903,-90.97190556099663,-55.156336771786606
3124,-232.61205319699837,-60.82067874595364,-92.22927270489186,-55.336482069357736
3125,153.95816930281094,-22.118197612879477,-89.10452433750368,-54.839462778822785
3126,-167.19458583818027,-26.66034546356519,-87.90119828528744,-54.21209211781714
3127,-148.41998909964798,-49.209922536120764,-92.5670516319823,-54.12025704124115
3128,-178.72922076240428,-119.849359345687,-91.81145350538746,-54.4873294284594
3129,-139.1586451086511,-25.442932075216905,-92.25258632882525,-54.47822365461318
3130,-182.9129569000255,-72.7294967310919,-95.59622857251921,-54.89886398139039
3131,-233.56851967955475,-43.510756550122096,-95.96317434387203,-55.042440863809
3132,-112.08958081803561,-79.17811691853112,-94.63842690344083,-54.45074684304312
3133,-112.40366910557388,-55.168355176415474,-94.67946943993084,-54.41261096909783
3134,-239.88965002142194,-26.372227684564407,-95.8698225120187,-54.46079719215419
3135,-354.67469253838453,-159.34994379915096,-97.49998570433294,-55.29335921420996
3136,-61.58171304692969,-26.705548622109436,-96.49307923989836,-54.505144903542984
3137,-155.73340692513656,-19.86199732472649,-96.21668838494098,-53.14075874043357
3138,-203.48069251213977,-27.624248527525214,-100.24932049807873,-52.79069828552562
3139,-230.73818829266324,-96.68844262702301,-106.24706104836922,-53.38087477903871
3140,-194.03340093250284,-71.74266791758322,-105.62209902524916,-53.55735144342385
3141,-90.98219035192267,-70.92066181568516,-107.33783277979306,-53.09858691684663
3142,-120.12934257536374,-85.7887476186838,-107.68368414827741,-53.24826061917588
3143,-70.29329605542674,-75.34518446332538,-106.86060690956418,-53.09387348321667
3144,-163.39782003133897,-24.88100919417802,-105.50832684530207,-52.56687008149326
3145,-179.99530896914212,-46.33303309220201,-105.1041567192548,-52.764810588580836
3146,-43.42528704230274,-24.41208176904788,-104.47565518759174,-52.13505367348975
3147,-117.60521029914175,-22.99896112930432,-103.45247572285169,-51.91293483148937
3148,-172.1959170304192,-46.337566194975686,-102.0484606237813,-52.20979833880206
3149,-52.646067304528,-72.63696762084444,-100.57793885265612,-52.7183262243577
3150,-62.258104538012844,-99.7093963426871,-98.76270265339573,-52.57271505831607
3151,-114.18307862605478,-24.830013307018064,-102.08181218452637,-52.57842682161715
3152,-225.1076195075862,-55.260319388391814,-100.18835362291023,-52.70182204512955
3153,-72.22944606757586,-73.37776130416057,-98.05873636854967,-52.765594501583045
3154,-223.4667019066721,-99.27970622185283,-98.93204264680371,-52.68412709523793
3155,-181.88973809051717,-47.66421173608591,-98.1611955281039,-52.55024743175744
3156,-134.14198205130626,-88.90848190917379,-97.93164158733191,-53.18946420403137
3157,-81.82113745900027,-41.04689117552355,-99.88180627608618,-52.776926433946294
3158,-123.97336485235091,-24.249570882390618,-102.73676298875016,-52.80195286782306
3159,-248.39375201626106,-152.99893734685168,-101.8244141739984,-54.126037227449714
3160,-152.09998868989823,-26.317429806534538,-101.72675297811648,-54.15726367755496
3161,-143.67418638523424,-88.25815260348716,-101.23995398185384,-54.794637193901735
3162,-61.20998350671774,-63.61656155883733,-99.32853358940436,-54.81521321532902
3163,301.5743320232104,-30.04240139340892,-94.89313655634581,-54.49480803977818
3164,-123.55889076759017,-156.07552304468027,-97.38998533615505,-55.40085713264695
3165,-181.5691841131954,-24.96161903992649,-97.29820557550205,-54.92732273807795
3166,326.40964431740576,-109.42689467926066,-90.81564266962009,-55.40168765037326
3167,-60.63523986816238,-38.68809774615349,-92.98888112952699,-55.59676500821089
3168,190.67339692654434,-22.024950428290836,-90.54472998688041,-55.0139755155448
3169,-122.45022613640421,-110.25777720509623,-90.48659525289257,-55.70635035217665
3170,-237.9064964342429,-50.31149094919714,-91.98995563170593,-55.90262257470043
3171,-124.57923312929465,-63.05920611525645,-91.97805736978,-56.33763281909385
3172,-122.03217866042209,-68.93789432895062,-92.58514868957775,-56.08066378642043
3173,-137.9307722137846,-70.9888723572337,-91.2919094119554,-56.166387691800566
3174,-209.10458039699603,-54.60038241882036,-91.9099202043737,-55.431896381441945
3175,-80.29513178077802,-23.529607997951306,-91.6604141515702,-54.64142254070973
3176,-330.24500357018326,-115.12911193313347,-93.40467877519127,-54.779636349418986
3177,-202.97533717794414,-65.5275082999252,-94.59486280737701,-55.24210216681414
3178,-128.94651734518632,-91.99157584487187,-97.24228173501638,-55.78730411857756
3179,-179.15538952473827,-20.987895515390875,-98.1121867826377,-55.3078862102424
3180,-80.86395500149118,-53.35903204319954,-97.46743993544116,-55.592592879420856
3181,-162.8826541268791,-103.07731443938995,-98.37589091445798,-56.371496752786335
3182,355.9082788638198,-17.032822661439624,-97.92707286682202,-56.36496399476938
3183,-155.35457497055833,-43.09177527453609,-103.13144724588537,-56.17594167883021
3184,-196.21039075429655,-67.35774465747556,-103.27503918426574,-55.442289729804514
3185,360.45081207213065,-18.12797569103869,-97.97056041637903,-55.172791825266806
3186,-216.6092185808408,-135.53370673164474,-96.88045898995617,-55.80019819734337
3187,-164.42110549233374,-30.10108304626076,-101.71749164783841,-55.93429311281593
3188,-84.53428847944156,-79.11247901377816,-101.19195271426727,-55.663932712443405
3189,-152.3577608506198,-65.42739581736866,-101.1716950005889,-55.76431738857377
3190,-117.5949771043707,-75.67484775633537,-105.60574892902041,-56.32420829733235
3191,351.3021461792291,-23.816222981385227,-101.06325175229001,-55.782507041044184
3192,315.1718198585211,-21.857271448387866,-100.98645928433301,-55.089234741412724
3193,216.36657724862826,-19.89158073827644,-102.40167604116247,-55.06003582360594
3194,-163.1661804244329,-119.08544592227878,-102.16760732872189,-56.05828211320712
3195,276.2746074325454,-34.62845583672274,-98.6493694939646,-55.887305864038176
3196,-227.80295089082534,-22.981611671055006,-99.76713509965894,-55.77234243960627
3197,205.81292814865387,-21.76590416783887,-94.48563443378194,-55.06797590121201
3198,-153.08750771171484,-124.9493598530466,-95.09063072843894,-56.01615833083139
3199,180.40293680752552,-21.56010497729523,-91.49942210186265,-55.98064077251041
3200,-192.54591398045028,-23.70015168535626,-92.05604688553323,-56.00406555752368
3201,-209.17099845635394,-25.129548472517627,-95.87998297259426,-56.06962636599666
3202,-232.6150385069907,-24.314524986010376,-96.97377660381106,-56.09861662434818
3203,-259.2655727995035,-67.85993305558114,-98.28470030400807,-56.271643426899466
3204,245.4010922475248,-44.129793404411465,-93.66092501342078,-56.524479252386584
3205,-134.67372834976177,-26.628930006459086,-93.15125752604244,-56.36431811294117
3206,-114.55583163413814,-26.78335323428648,-91.6526571846567,-55.47824796239989
3207,-183.1558579555509,-26.032308907830345,-90.38820968250496,-55.55880883851552
3208,261.9406605617786,-26.829884134730396,-86.71715018921755,-55.44969729847519
3209,-113.96401382911618,-124.59752164329939,-88.49712676531126,-56.50610073166434
3210,-210.3541543507588,-22.122565338084765,-92.52935150722394,-56.48478092364863
3211,-55.64142110312436,-62.87212018427106,-90.73452187267327,-56.59047145063362
3212,-161.42902197831546,-89.01634720117349,-90.63035979072683,-56.72060071515747
3213,-277.05679053293636,-53.10167515304835,-91.07748765256478,-57.00107330281705
3214,-265.06241371354025,-34.256832158211694,-92.33094390179458,-57.050855403731816
3215,-223.04388779919373,-95.94454405544036,-93.83291361656413,-57.78783281999773
3216,-267.4473347333965,-55.65256889610375,-95.30034840438252,-58.09779979331947
3217,-248.85902737685242,-121.93909173948092,-98.58868110720167,-59.0668213515937
3218,-210.26830219607515,-61.00178450364442,-99.84821479287272,-59.22939787318919
3219,-145.31171684049826,-67.5060108681186,-100.75957808460522,-59.38195576164109
3220,-269.6656094343012,-110.9805289671086,-101.4561388331492,-59.59786025271351
3221,-140.4097669383625,-67.3234919473999,-101.56120044310941,-59.974816930659955
3222,-123.72251518265564,-108.84537672667669,-100.23039257258924,-59.38040969247495
3223,-244.07872094162101,-81.50454767971287,-104.39260470284921,-60.012512631147686
3224,239.96561686833013,-21.6113389237292,-99.66682800219593,-59.62041923292544
3225,-374.49997416439106,-71.98484578483763,-104.95140943686793,-60.119085714645024
3226,359.82238460519994,-18.80923696023883,-99.68123973243414,-60.040574629611754
3227,-95.69748111522621,-27.228901608268995,-99.15401465258992,-59.820764420333234
3228,-175.29499417288358,-28.272188877268995,-99.11967238669472,-58.90499271564906
3229,-239.2064059276939,-131.84663501456663,-100.12014999488514,-59.96902974504256
3230,225.57806380590432,-100.04334250763185,-96.03523978782584,-60.24216820280795
3231,375.7603223584655,-13.938701202517878,-89.94195136744564,-59.946447649331915
3232,231.46779042881047,-19.397251039010783,-86.50637765497719,-59.34863899053671
3233,-109.75801668147928,-73.98295191399743,-86.47992113073624,-59.53678495791253
3234,-146.06913044058177,-97.53497974951543,-85.54171593492782,-60.248412478562045
3235,-197.82820249960415,-115.80366212815615,-83.97325103454003,-59.812949661852095
3236,-164.26706737042537,-41.347346566282084,-85.00010457777499,-59.95936764129382
3237,-97.53918207519419,-76.39778561754272,-84.41816232927556,-60.524725524221985
3238,-238.71713406847954,-145.5395901707344,-84.77052674483897,-61.70387894065407
3239,-130.80122776474997,-67.87591184522202,-83.77115713955985,-61.41575363283606
3240,-192.17453886465916,-77.93475563607426,-83.75256851888138,-61.477674510020975
3241,-86.50763706193798,-23.903289285150223,-83.70782298598154,-61.007500784715624
3242,373.0396917965323,-18.417670311890642,-78.77613264226257,-60.33379001164769
3243,-86.09632740085544,-19.479885531361656,-78.93416295571686,-59.77513702232805
3244,258.0684741032379,-23.239733595481074,-74.71950001437108,-59.75872426634108
3245,-171.41730312216367,-19.685591947099212,-74.6337199559013,-59.492249854890055
3246,-206.73649940841975,-44.35943765487532,-76.26683207956248,-59.69172341374832
3247,-135.24575839361242,-26.672858642550654,-76.44323756050719,-59.728462388880786
3248,-58.89671558995401,-34.49228820349476,-75.31024554610254,-59.61000960896598
3249,-35.68674657133086,-59.095256682505656,-75.14065233877056,-59.4745924995826
3250,304.69253693569146,-24.94681423223508,-71.47114592403352,-58.72696667847808
3251,-114.87777920776489,-19.487718225622476,-71.47809292985062,-58.673543727664125
3252,-127.67529709859389,-106.99038730240692,-70.5037697057607,-59.190844406804274
3253,-90.10877060918284,-20.6749613139652,-70.68256295117678,-58.66381640690231
3254,-23.166582894690137,-33.41764884610332,-68.67956176105696,-58.00519583314482
3255,-106.29698798096766,-82.16886164364303,-67.92363425996145,-58.35024233222039
3256,-151.72891020684966,-80.68411171206986,-68.0995035415169,-58.26799863024935
3257,-163.33907529557038,-35.31667741248322,-68.91468291988258,-58.21069649261894
3258,-32.97696492902667,-36.77864306846156,-68.00471892064935,-58.33598721447966
3259,-130.34712800908707,-43.679909723614195,-66.8242526805776,-57.24279693824728
3260,-241.39193486465044,-25.234911949816766,-67.71717214232513,-57.23197175968011
3261,315.1774798931978,-21.12798411290436,-63.12865547954081,-56.56067007477428
3262,-26.495534177053003,-108.40874667618165,-62.78151098624416,-57.00859192594772
3263,-202.06712463503976,-19.118776762251365,-67.81792555282667,-56.899355679636145
3264,360.0897316579579,-20.343507159619527,-62.9814393285712,-55.54203552078554
3265,-103.44883268711078,-19.020474199513085,-62.20023581431034,-55.48262407238141
3266,-176.05988075330635,-21.35906434185354,-67.22493106501747,-54.60194576900734
3267,-247.16287507993954,-154.78311978336467,-69.09020741713523,-55.762895989379444
3268,-187.79522163771415,-37.9155438350178,-72.87489360277782,-55.92180192344671
3269,-135.074272157786,-20.254604298243603,-73.00113406299161,-55.02177019437818
3270,-73.10252858025535,-25.998416231978712,-71.35309438445175,-54.778639447206
3271,-95.24883196854105,-24.361563832652074,-71.05979037284422,-54.39166302437996
3272,-148.8805370346567,-23.933220964314216,-71.32827395658657,-53.9416162907336
3273,-190.41299104515878,-91.36751419933164,-71.85309614490032,-54.14540270915458
3274,-276.96545557171765,-76.53214384311048,-72.53170489664754,-54.364720323397485
3275,-158.8262453713342,-82.41673051595804,-73.3170160325531,-54.95359154857754
3276,-202.39199299903228,-60.59416008807759,-72.03848592684159,-54.408242030126985
3277,-68.3321273483123,-85.82493631707285,-70.69205382854526,-54.61121631029846
3278,214.91827338897298,-22.002550881492308,-67.25340592120367,-53.91132606066467
3279,-158.11544793250857,-19.709033535239517,-67.04300650528135,-53.898537440863144
3280,-160.04009605950145,-68.6856399149783,-67.83476791586145,-54.051803519580936
3281,-69.4462229149664,-25.585549381890452,-66.90040360374233,-53.27688586900594
3282,-149.43667738080816,-58.905680953164094,-71.95385316618861,-53.695614451923184
3283,-194.7181661289152,-53.58753157464424,-72.34748907777218,-53.80057201492427
3284,-232.0948555393921,-73.37664342221885,-72.70633372562315,-53.86076100257171
3285,-287.5500609653628,-42.7185959265132,-79.18634245599809,-54.106667204926445
3286,-264.7344939429878,-24.026851941198323,-79.66759520961955,-52.99159865702199
3287,-228.32343386146155,-46.02537083284398,-80.30661849331082,-53.15084153488782
3288,-173.3726433678774,-61.59352759934232,-81.19500204219517,-52.97565202074345
3289,-112.04837464648774,-21.151435612795204,-80.79190818015384,-52.53289241869772
3290,-180.49153276367173,-50.64680302210117,-81.42087373674686,-52.28261197135538
3291,-86.67879234682057,-21.587074222175076,-85.80068312200737,-52.26032048376328
3292,-71.674668822872,-18.985115221297388,-89.66914800882131,-52.23159892149238
3293,-174.21405941019438,-120.44837831618877,-93.57495437540953,-53.23716689727151
3294,-138.25064128915423,-24.774098926461072,-93.32579898405675,-52.29405342731333
3295,-249.4784662779839,-73.27997600738448,-98.58332972116203,-52.68056862901995
3296,-113.5547950313486,-73.00875372632096,-97.44084816256725,-53.1808400495726
3297,-192.28680659529118,-84.23284385998777,-101.42184551000672,-53.80550944649409
3298,-248.57376560517412,-133.38725172948176,-102.3767080889413,-53.889888365258436
3299,-101.80272107231823,-47.60371311305068,-105.19876466773975,-54.15032444661599
3300,-129.2638987213529,-127.04246635801412,-104.56594451514879,-55.183747593342574
3301,-252.7334985130937,-82.00392723242845,-105.00156951571617,-55.75249138094168
3302,-80.79773891087983,-123.40723645762272,-103.48339651975506,-56.74341849565781
3303,-148.19866996809748,-68.53803811066483,-102.372727491441,-56.75019954620865
3304,-220.60185008524996,-83.83482689625649,-107.03275691476874,-57.14724988112709
3305,-218.3017087226708,-84.19202522453644,-107.86903671849784,-57.72288083330786
3306,-151.22074182091197,-17.70435978977605,-108.23568582036556,-57.63209089886276
3307,-230.1591741867941,-94.70666244940742,-108.705718982678,-58.31883443427853
3308,-228.72391262710343,-35.365623410750366,-113.61236471456682,-58.40419182703873
3309,128.20465465475155,-81.1773523611509,-111.19067802972815,-57.96999013421724
3310,-225.60013202497007,-75.96297665884626,-111.34313780647025,-58.50839424742486
3311,258.25077670071335,-21.047810377606968,-108.20421582843188,-58.09015114935822
3312,-131.379823589983,-103.24014370423852,-107.90372384454857,-58.23238911438887
3313,-221.24500190006898,-29.54481802022513,-107.34560595821989,-57.996820543060636
3314,-225.9252432934286,-41.429310191678276,-106.95423425401877,-58.06854532339531
3315,-171.71354154412376,-29.324209892195668,-106.44093079146806,-57.40234198176286
3316,289.71733220372425,-26.67588182222563,-100.86928412209686,-57.11257511102407
3317,332.6001089624057,-23.459862284693976,-95.05469275870428,-56.12778281647621
3318,-128.04888315306013,-69.97191284727617,-94.23249856827412,-56.217484099912525
3319,-68.6649632483467,-22.423789745125546,-93.46603103235262,-55.76666188868259
3320,245.18239049025664,-21.934554234822468,-88.31755103310704,-54.87620214135973
3321,313.0406782361295,-15.675309312130622,-83.78304658136214,-54.35972031500704
3322,-148.28708035400493,-81.22710826999368,-84.02869223307563,-54.083537630440205
3323,-58.320682189622964,-121.94421370157343,-82.17111184555564,-54.487934290658806
3324,-158.9988209485843,-24.606998735946732,-86.16075622372479,-54.51789088878098
3325,202.8872251327299,-110.43101826760493,-80.38688423075357,-54.90235261360866
3326,-116.86858431929672,-84.24339729310356,-85.15379391999852,-55.55669421693731
3327,-204.58238207630217,-69.0785892405338,-86.24264292960927,-55.97519109325996
3328,-151.00472505998772,-68.53631460099204,-85.99974023848033,-56.37783235049719
3329,-89.01832817758853,-23.017244588235705,-84.49785946097929,-55.289538446233884
3330,277.47780221271597,-98.08013040998227,-83.97886207691117,-55.26990632525738
3331,-342.1019993413982,-106.29191333166044,-91.1574852939098,-56.19343844654881
3332,-189.14259821542365,-75.78238672299507,-95.36358918035214,-56.75728980338865
3333,-68.00375200944153,-48.77542335186096,-94.94604653363174,-56.505214517767286
3334,-70.21060852461127,-65.66574770837634,-94.18746131447205,-56.1865221973559
3335,-136.30423788901382,-74.40865709003853,-93.57222166836617,-55.77257214697472
3336,-281.0837300516405,-19.70789951703661,-94.74038829517832,-55.556177676482264
3337,-165.6186141343844,-56.27610202791511,-95.42118261577022,-55.354960840585996
3338,-141.87645387430172,-27.664342801240213,-94.45277581382844,-54.176208366891046
3339,-147.70610086255007,-22.95473712286983,-94.62182454480643,-53.726996619667524
3340,-228.11234961227,-113.84304866723627,-94.98120265228253,-54.08607954997915
3341,343.6398192894918,-66.21707825341194,-90.67972808876824,-54.50921743966176
3342,-224.03262433979057,-49.18368709082387,-96.65045125013148,-54.8168776074511
3343,-86.71658884453139,-23.107068343870726,-96.65665386456824,-54.853149435576185
3344,-187.28613817007516,-90.9020228896336,-101.11019998730139,-55.52977232851771
3345,-49.856406419201775,-74.40413216633046,-99.89459102027176,-56.07695773071002
3346,-227.84573507959618,-16.73752094252228,-100.10568337698354,-55.80073856358649
3347,-197.4453324090974,-108.64131023096523,-100.72767911713838,-56.62042307947063
3348,-173.6618505230184,-56.648885894689116,-101.87533046646901,-56.84198905638257
3349,-118.53595793195534,-20.6583378357031,-102.70382258007524,-56.45761986791455
3350,-110.56166652291485,-22.953000054532307,-106.8563646146613,-56.43768172613753
3351,-181.17148737515606,-18.014024244141485,-107.5193016963352,-56.422944786322724
3352,-51.19001319780959,-63.49461986558134,-106.75444885732736,-55.98798711195447
3353,-77.04627683432653,-66.66168542387784,-106.62382391957881,-56.447854353053586
3354,-110.75094113419077,-21.849625389323858,-107.4996675019738,-56.33217411848579
3355,-45.71309077074527,-18.34905262090618,-106.8938285298716,-55.69397602825842
3356,-319.83007900106963,-23.179306622284095,-108.5748402178138,-55.11892797736056
3357,-115.44194961223879,-30.103323499342494,-108.09586896098048,-55.06679443822916
3358,5.315278011481416,-87.15195433717346,-107.7129465315754,-55.57052755091628
3359,-107.02653658232458,-20.428711586105717,-107.47974061730778,-55.3380155695412
3360,-185.38718876048748,-19.204417786387125,-106.91969315626616,-55.2777106279069
3361,-23.113777103844857,-52.76027448523249,-110.30260572623659,-55.594033531630174
3362,330.42385950344135,-20.22004527304124,-106.73341178943164,-54.71214651759877
3363,-152.20203112207923,-25.11111393114593,-106.23476085430201,-54.77206988928772
3364,-53.270566818363754,-19.29799833276654,-110.36836383906522,-54.76161480101919
3365,-59.45522129312439,-22.406698034195074,-109.92842772512537,-54.79547703936601
3366,-103.25037823562388,-22.164498813281348,-109.20033269994855,-54.803531384080294
3367,-180.62652905374475,-20.486411132648247,-108.53496923968662,-53.46056429757313
3368,-226.06151584217136,-17.554310378534367,-108.9176321817312,-53.2569519630083
3369,-100.63708600426766,-110.81649023041228,-108.57326032019601,-54.16257082232998
3370,-155.85592790470895,-20.745287494590677,-109.40079431344054,-54.1100395349561
3371,-123.12936906828872,-27.237227414639037,-109.67959968443802,-54.138796170775976
3372,334.39278865016075,-18.549709380255287,-104.84686642758984,-54.084961054935384
3373,-80.99795616918217,-123.03643064315281,-103.75271607883008,-54.40165021937359
3374,-103.54727080168146,-25.3588046464707,-102.0185342311297,-53.8899168274072
3375,155.50592241731076,-23.623036474445467,-98.87521255324324,-53.301979886992065
3376,-84.29397281565437,-27.41873228264063,-97.69423235140945,-52.9702256089377
3377,-97.34402102383764,-29.22042170622273,-97.98435128816472,-52.4041804628292
3378,-354.4679354859206,-154.335907037092,-103.67821337691367,-53.727514024385194
3379,-73.08537825599511,-56.24707463409249,-102.82791268014854,-54.09289443537372
3380,-148.22235075345253,-80.88314282253948,-102.70973522708806,-54.214869464449336
3381,-106.051009651052,-67.95635053787751,-103.07578309444892,-54.6385774760092
3382,222.26320417114633,-18.813967501317407,-99.35878427892936,-54.237660341490745
3383,-508.00882564233615,-50.11092287140669,-102.49169087406358,-54.20289425445836
3384,-80.50261758439324,-25.393304302257263,-100.97576849451359,-53.72306086325874
3385,119.34810623267259,-24.244823299060847,-96.90678682253322,-53.538323136984225
3386,-256.08458607434085,-19.540134880630497,-96.82028774384676,-53.49345596637855
3387,-80.08206138604943,-62.06231814684664,-95.33787401909264,-53.65382543951858
3388,-206.78863493121534,-92.3146914843235,-95.67203393472602,-53.96103707836839
3389,-62.7273347681572,-78.66975221265042,-95.1788235359427,-54.53622024436694
3390,-240.80596789094074,-77.50005716773603,-95.78196788721539,-54.80475278582329
3391,-194.2748813302854,-98.70673233354299,-96.85792877705003,-55.57594936693696
3392,-99.98685263127045,-103.85988188167319,-97.14105061513403,-56.42469703354072
3393,-77.60417355388428,-49.9953627142073,-96.17495175657093,-55.72016687752092
3394,-171.5753794788204,-23.41429190377348,-96.50819913846757,-55.70656880729404
3395,263.9784734823369,-61.892301452333065,-91.37362974086437,-55.59269206174353
3396,172.2826777781596,-57.93577190080906,-88.5152550127693,-55.44196224348841
3397,225.6783875269566,-18.47411292693491,-84.33560307154683,-54.78437493415788
3398,-219.46801371225072,-137.31630718554624,-84.0445455526176,-54.823665488718525
3399,-145.60084955007753,-79.23811182014907,-84.48252683739518,-55.140009475789505
3400,-270.0656624344726,-32.005570960433346,-85.8905444745264,-54.18964052181369
3401,-75.42077783760631,-94.80251106167464,-84.11741726777151,-54.31762636010616
3402,-127.03428040363173,-22.108542270617345,-84.57978268269903,-53.30463941823611
3403,-221.30483936533054,-102.67690630251441,-85.31084437667135,-53.646028100154595
3404,-74.63896348902887,-30.35034827675559,-83.85121551070914,-53.111183313959586
3405,-92.79341941704122,-31.663579096710098,-82.59613261765286,-52.58589885268132
3406,-69.8536350857135,-49.949217447940256,-81.78246155030088,-52.90834742926295
3407,-148.21031893254812,-27.667973942988176,-80.96297299775843,-52.237960544198764
3408,-193.4690096085878,-21.068586623248105,-80.61042396757325,-52.09499017632374
3409,-182.74607155029895,-20.328494494790945,-83.71993122962377,-51.486501597660144
3410,-138.8291905168512,-85.1466584791099,-82.85222181454256,-51.57833841586278
3411,325.2965919697938,-20.46296250134342,-82.18176366185175,-51.572489937100144
3412,-194.19930880545,-57.95758109572798,-82.80995851400642,-51.11966431101504
3413,-156.082410550105,-18.704344247047782,-82.1583326005068,-51.01125957328327
3414,-206.7749602970564,-20.970512687484323,-81.96682977054306,-50.80667159824133
3415,-80.34404326146601,-21.51984711017131,-81.0531347877165,-50.72862797042109
3416,-140.39852760311976,-109.87323234495179,-85.35429338578493,-51.56060147564835
3417,-115.02929807961037,-38.21592183347176,-89.8305874562051,-51.70816207113613
3418,-147.94875687070308,-18.38386889229625,-90.02958619338152,-51.19228163158633
3419,-128.12460308861714,-79.22447523357486,-90.62418259178422,-51.76028848647082
3420,-276.446665874313,-58.77569144075748,-95.84047315542992,-52.128699858530176
3421,-156.72085650339125,-21.22817089452419,-100.53808850282512,-52.18422847435411
3422,-273.5188053914324,-43.11350882308323,-101.7904057531994,-51.803092479885
3423,262.3284451730863,-26.03030890973287,-98.5839144795723,-50.8439534319666
3424,-156.03711883031718,-131.35444220323944,-98.55429745838963,-51.91142786663952
3425,-64.532720201666,-78.75298734705396,-101.22849691173357,-51.594647557434016
3426,-371.1628668887578,-17.31205211849646,-103.7714397374282,-50.925334105687945
3427,299.93638147549626,-18.008604666183523,-98.72625210191022,-50.41463425994444
3428,264.28052924600547,-73.42652882620783,-94.5733995588503,-50.4635364021966
3429,-152.83741108252542,-19.59909429916872,-95.21159038789968,-50.42935489930593
3430,-140.07422067958433,-21.666976104994884,-99.38711061682267,-49.66522335625606
3431,-93.83487840641894,-31.795793924409452,-96.90443940747288,-48.92026216218355
3432,-131.49209108240558,-20.76474015080074,-96.32793433614268,-48.3700856964616
3433,-182.9717771685354,-21.330919022891763,-97.47761458773361,-48.09564065317191
3434,-118.71641132114058,-73.04984723274995,-97.96267261569893,-48.16948164841564
3435,-66.2410041791403,-28.13982980767509,-97.2620402786002,-47.706793375592014
3436,-53.48187678996196,-25.175682825829647,-94.98602174598341,-47.76147120867994
3437,-130.70923733563166,-22.487976428747597,-94.63692797799587,-47.42358995268827
3438,-116.5589496979671,-61.166126125671404,-94.38375293623253,-47.75860778593258
3439,-111.0971863573426,-90.56500963521673,-94.01766379118047,-48.43471051105605
3440,-203.1300117197526,-37.261116201905246,-93.76784041225528,-47.66889118640275
3441,-133.07528643291656,-105.72827611971871,-98.53499146947938,-48.06400316506581
3442,-100.1816955935491,-78.48588484377966,-97.29648218201696,-48.357025142595376
3443,-175.43394761975742,-38.713170883518046,-98.18365576976922,-48.513086167991844
3444,-54.43945522811339,-25.893901395155503,-96.85518894034959,-47.86300495304705
3445,344.19945638251016,-23.10154681464179,-92.91463031233246,-47.34997909953017
3446,-136.07228139684347,-22.70495320896334,-91.99689577550494,-47.40965342219457
3447,-239.02386446494722,-19.263504220772646,-92.41268109606345,-46.51587536209265
3448,-133.0795469613616,-117.83014459154879,-92.00685806044687,-47.12768794906125
3449,-85.86307038352611,-66.07947742682056,-91.68012918496258,-47.58189934497242
3450,-203.21273885001978,-122.83041765369396,-92.60663990823363,-48.58067352096404
3451,-37.891391494601905,-57.8301380812457,-91.1738389494281,-48.978834659335085
3452,-119.23886391830119,-44.47238680762147,-91.854327456633,-48.788612328755484
3453,-100.64292141888217,-102.01438877612466,-92.09029390247856,-49.14213936227795
3454,-147.05986850366358,-21.327174257693844,-92.45338317617329,-49.136914850961645
3455,-75.83340631917474,-100.83552871653494,-92.75458633165758,-49.96177961191794
3456,-131.43555750613035,-27.402307830976607,-90.8706411167082,-50.004009624004865
3457,-288.985346295987,-96.48965865503672,-92.60607508354566,-50.66787297556181
3458,-197.37099185077471,-103.67558143765889,-94.63293778216824,-50.83310924656667
3459,-198.31898932699357,-23.045854315755005,-95.54586230961492,-50.85928067386317
3460,200.5739831724282,-45.9572158280314,-91.68625059028577,-51.12680865427961
3461,-130.80492792469144,-25.026990475917756,-92.76316209849423,-50.849475814186455
3462,-254.74116969656964,-64.98067882061105,-98.61481239049434,-51.29708214966216
3463,-113.86572522352343,-61.1242968552982,-98.23144933150878,-51.65721397890368
3464,223.97142140070935,-85.92302685014316,-95.45902944931805,-52.323464264077444
3465,-137.92963353168244,-76.12069483219179,-96.24377357170364,-52.86060423205741
3466,200.68921371606746,-19.90419992276173,-93.20437765218672,-52.83800124315221
3467,-185.02871517816075,-26.712689077549516,-93.24839951343088,-52.90026402260123
3468,-119.8069886477015,-52.21532458969398,-92.18585424148618,-53.246874164712814
3469,-173.91119568241172,-110.6622195622227,-92.91859533826762,-53.245331458030925
3470,-284.2068751952783,-62.20979504626904,-94.20210481117331,-53.6599765335477
3471,-248.63290310627235,-57.06641932913784,-95.45714015155315,-53.95826845269269
3472,-314.53709024823166,-22.17475884429718,-101.94643894053706,-53.994518947333106
3473,-133.65693502586223,-21.66040070450382,-102.47302872910387,-52.980758647946615
3474,-280.4412491231135,-132.88841040915676,-104.2419685123182,-54.05605470557347
3475,-221.43341492064,-82.2106745160422,-108.0113618856977,-54.641931085989455
3476,-260.6691212415403,-33.150297770093225,-109.77511336995654,-54.69924674086398
3477,-282.691920213424,-141.49484901374512,-111.6285923618524,-55.821991013939204
3478,-209.7515631988528,-76.01304556260958,-110.18142863898174,-55.03876239919438
3479,-194.45206538165172,-102.43755977926351,-111.39509551023829,-55.50066725064609
3480,-179.1410052424737,-56.489573606462194,-111.70428205512852,-55.25673155848531
3481,-191.45490029689785,-81.93308998929133,-112.55832096158699,-55.396498952999444
3482,-173.85207233333892,-76.4941394824745,-116.51947372663183,-55.97330067281102
3483,-158.38170226648734,-52.82601346160155,-113.02320249287335,-56.00045157871297
3484,-262.03628338466973,-111.67422620364214,-114.83853915087613,-56.863260797726824
3485,-313.25847149228315,-83.31001193590248,-119.16460492812567,-57.45391268409524
3486,-64.16639190240122,-98.30790320084014,-117.24542298640627,-58.241590367297334
3487,277.4469426780936,-21.069099903595735,-113.67013294576483,-57.83165818486482
3488,-252.74868874938446,-140.0665764143884,-114.12973348394654,-58.30917703416547
3489,-160.7391499858467,-84.87582426803002,-115.10985163612344,-58.37123775471926
3490,-192.0661146570903,-58.57694448068637,-114.62245310378493,-58.182006627848764
3491,-198.52743803418574,-118.35711248358243,-114.66497867082394,-58.37851042934916
3492,324.8239171149377,-22.79275903892147,-110.41687097336185,-57.56783920092164
3493,-85.52017217355936,-57.5011146363488,-110.49603095955861,-57.64289672014306
3494,-276.3302227997506,-15.395337153149933,-111.5435793927679,-57.56270717263683
3495,-211.96378766860616,-91.58598331597324,-116.30300200427732,-57.859643991273224
3496,-172.480862186055,-20.684545554108283,-119.75063740391946,-57.48713172780622
3497,-202.88703845549378,-118.4504510958054,-124.03629166374395,-58.48689510949493
3498,-62.75529560240683,-84.95211450721646,-122.46916448264552,-57.96325318271163
3499,-134.0721092585917,-112.37272397848135,-122.35387707973068,-58.29459930429496
3500,-181.88439038330122,-48.880561629712304,-121.47206435921896,-58.463349210987744
3501,-97.87553631528739,-30.64578049498187,-121.69661194399576,-57.82178190532081
3502,-166.1673655748578,-41.564280233369104,-122.08794279570805,-58.01633928494834
3503,-282.57029011487197,-96.79846233496639,-122.70059730320344,-57.95755484527285
3504,-101.94405878113044,-63.751359596963084,-122.97364825612445,-58.29156495847493
3505,-157.08890895542157,-22.21963318380199,-123.61660315150827,-58.19712549934585
3506,-99.67910153266914,-91.35870820730366,-123.91485781597783,-58.61122040693947
3507,-143.57113494064436,-22.34927755245968,-123.8684659760588,-58.55803344303419
3508,-106.82837720393833,-25.91733190567495,-123.0020596520123,-58.606520895858466
3509,-270.3910837477058,-62.22919116271092,-123.87850977398637,-59.025527862537665
3510,-134.38227282411816,-83.8431123762131,-123.83404059705904,-59.012492401508695
3511,-302.9323270454239,-17.392029138132244,-130.1163297872112,-58.98178306787657
3512,-201.192529210871,-98.44860684844993,-130.1862619912654,-59.3866933254038
3513,226.87384608287925,-71.73472617602364,-126.35669942493558,-59.91699714469356
3514,-323.55709530469795,-15.74385560436006,-127.52452077501201,-59.86473057386232
3515,-93.0930266348961,-112.56886718976811,-127.65201060874631,-60.775220774658294
3516,-85.98122163179042,-25.02714328910256,-127.10783754903302,-59.9267598840998
3517,-147.56055531566741,-20.528040471488566,-127.43315012139358,-59.749881070479965
3518,-77.14316679386002,-121.18807391272979,-126.72509422062515,-60.7779231206843
3519,-138.54504908623798,-104.72401105096874,-126.82929868060137,-61.032918478858235
3520,198.56853134090775,-45.11040955710294,-122.07914670844914,-60.89626566002169
3521,-161.8505869798667,-144.58306616565537,-122.1304440132139,-62.129814612733
3522,301.4490506228815,-20.259287315885427,-116.38076545307078,-61.901272397661025
3523,-94.46173635487379,-19.829987044644948,-119.94866726835038,-61.83926917901014
3524,-52.82297451651446,-18.03371472856918,-118.91652582521235,-60.706061904263436
3525,-103.80001461953981,-122.93232298714031,-119.3091987693911,-61.14785526066431
3526,-75.98007994845719,-94.57858950517564,-116.35737089998807,-61.92052063453109
3527,-43.16942949046867,-23.064663130542055,-119.78842900964773,-61.97108121917468
3528,353.29545624431154,-21.879011687298394,-118.89827973966466,-61.45560604778559
3529,-233.04793644776208,-146.97546438277078,-119.70038499331702,-62.7293697486216
3530,-193.8758369191666,-19.109275218248214,-120.23840115571285,-62.70379273975414
3531,331.9833988824528,-16.34368235481201,-115.98021838282413,-62.549271624058164
3532,-130.69494656597007,-73.47736304578127,-115.97224693765978,-63.076397853007975
3533,-119.48832420916811,-50.58083365884851,-115.33741240806609,-63.36889699936754
3534,-124.40671953599364,-88.33501138482902,-115.39431549021461,-63.521748640888326
3535,356.6902757257138,-18.881732237064433,-111.16500269116608,-63.42916766518223
3536,1.0870134597255143,-74.32381496871108,-110.6193137886692,-63.920648986611035
3537,-151.1985967243184,-153.781435894803,-110.82420738255607,-65.23358358127159
3538,-181.50887495509275,-25.04127696226157,-111.47370663512733,-64.87233508963749
3539,-54.82211620471301,-24.865441048218095,-110.91095593360103,-64.2153394037675
3540,-103.21611630166593,-19.780365383079065,-109.91181697942015,-64.04053189557925
3541,-63.53050617954818,-77.83953446401985,-109.21636917688649,-63.76164447902225
3542,-228.86460023507354,-62.87774305198376,-110.50319822330172,-63.6055630611043
3543,-161.07176870905374,-24.743561394222972,-110.3595764341947,-63.465866966211344
3544,-233.9617055437263,-26.174468882636347,-112.15479893735082,-63.46867264108615
3545,-93.2828221774474,-80.6883965658191,-116.5296217229504,-64.04454113859792
3546,-87.71981300917378,-26.43671129511681,-116.04609703907371,-64.08185871945946
3547,180.4661003843878,-20.65894350954203,-111.85119739058037,-64.09581311234716
3548,-113.9972219513258,-88.11085658232423,-111.66037414048,-63.79862023225492
3549,-171.55155605294902,-41.252673051081096,-112.51725899717424,-63.55035218849753
3550,348.5718340207795,-16.300754820358236,-106.99941326846624,-62.48505556016416
3551,209.81751380337016,-60.66147806306033,-104.52232421548653,-62.5133689599823
3552,-234.69595964229262,-28.038555178299976,-105.67689517272646,-62.34903064368909
3553,227.04502831145675,-23.9984686790832,-102.40001567542305,-61.568871442718674
3554,-348.352076051904,-131.71058975015245,-104.41293775090544,-62.67270559764326
3555,-168.71108065799405,-71.84555285166752,-105.34171449429363,-62.3828058389946
3556,243.83348819506435,-96.42883092628888,-101.58902403728169,-63.07307106994772
3557,240.02809699303867,-23.71630666951028,-96.29888960439143,-62.34533755009246
3558,-310.7438308211136,-99.353628123355,-97.43261799409481,-62.30211801694942
3559,-213.5059839086848,-26.99753499401189,-97.58448793991174,-62.34163482373199
3560,-191.06250156834957,-86.11980380291679,-101.50085278731952,-62.743260703480836
3561,290.25168685973625,-15.794233743653495,-97.29028663947524,-62.650933136158194
3562,-284.7848978565619,-144.57411649179372,-97.59072392107517,-63.44686751287002
3563,-208.29682406963596,-19.408142149640717,-98.5350349095363,-63.02970596581345
3564,-153.50199773746058,-136.58815074222383,-102.309769100918,-63.53635720473426
3565,-160.9232637398842,-50.158700750491576,-102.53970540300001,-63.276737263917255
3566,-148.91821465430175,-21.232607172873074,-106.0357796867037,-63.29002133641837
3567,-255.71360205164052,-99.06927302220443,-106.7426285554385,-64.01358717586491
3568,-136.225812622276,-55.586471799540256,-106.90681679518424,-64.04729864796337
3569,-253.65381571074647,-31.309182388591807,-107.70424299546758,-63.25376827622707
3570,-150.8377333724195,-61.06378262078087,-106.370551577239,-63.24230815197218
3571,273.5213994166848,-23.340931742872346,-101.14900855200942,-62.905053276109534
3572,-166.28695665788388,-82.37279788079269,-99.66650721610596,-63.50703366647448
3573,-284.21771865510505,-119.63409962507122,-101.17211505239838,-64.48677065568015
3574,-188.92027447997597,-25.9418208462019,-100.25690530596701,-63.417304760050605
3575,346.76237540516627,-41.42640128778947,-94.57494740270894,-63.00946202776807
3576,-135.36731995312556,-102.0715115570889,-93.32192938982479,-63.698674165638025
3577,-183.07438995149448,-80.00665935429006,-92.3257540872055,-63.08379226904348
3578,227.2696445809999,-61.46734551754942,-87.95554200940698,-62.93833526859288
3579,-281.4690371561643,-27.556820746082458,-88.8257117271521,-62.18952787826107
3580,-235.59781410738992,-107.21843143829304,-89.39027981580126,-62.69681645657938
3581,-248.17670991795123,-99.44150216607883,-89.95749791201179,-62.871900578347244
3582,332.49825461550813,-63.8102310512999,-84.89399464252331,-62.745061494035504
3583,-134.99795159808681,-81.18798679701214,-84.66015713583931,-63.02868122738961
3584,-183.18343941777078,-96.77809718756899,-83.87162869617032,-62.879719937228884
3585,-131.30933553358793,-21.757630083483278,-82.05213733658336,-62.264196118704696
3586,-268.37352006622774,-85.48806717702351,-84.09420861822164,-62.13599775846652
3587,382.26972081098165,-21.80756960322838,-83.04598083689277,-62.14338245546286
3588,-118.49020871455521,-146.7066554885781,-81.70339603654448,-62.20978324620476
3589,-155.25785708888637,-49.0444508308123,-81.64858310757488,-61.851469511832576
3590,-250.21159779681972,-31.33315006584849,-82.23003793897216,-61.579031567684204
3591,-230.68731611815994,-65.79946570441848,-82.55163671981191,-61.05345509989255
3592,155.50715015860982,-24.24012458680743,-84.24480438937519,-61.06792875537141
3593,-211.90689361995499,-88.08893173240932,-85.50867160383915,-61.373806926332016
3594,231.53660924800178,-24.481095678640752,-80.43000328336161,-61.464664511586925
3595,-153.8848459092981,-46.69928723461396,-79.84921386576853,-61.015797550773335
3596,-132.4397609417087,-67.2904585681078,-79.44880285332506,-61.48185668091333
3597,-135.91509243261768,-22.130050530345034,-78.77908339309629,-60.51865267525873
3598,355.89195741070216,-22.084214888418202,-74.5926108629652,-59.88997367907075
3599,-130.94386127542435,-66.70829838482658,-74.56132838313354,-59.433329423134204
3600,283.92917358923097,-20.487083779455453,-69.90319274340823,-59.14939464463163
3601,-199.90862238704426,-51.870110878531506,-70.9235236041258,-59.36163794846712
3602,-70.46892868853432,-31.41502762083795,-69.96653923526257,-59.260145422341814
3603,-199.14356930965894,-69.6672934313036,-69.13227202721045,-58.988833733305185
3604,-122.99657428262317,-55.94683437377996,-69.34279718222537,-58.910788481073354
3605,-232.22919094846478,-41.31722426808538,-70.09420000215579,-59.101764391916184
3606,-218.10000357025322,-62.67679570546073,-71.27840902253163,-58.81494526689776
3607,-186.7040224597412,-69.94013842642103,-71.7097378977226,-59.290853875637374
3608,-274.30835970403115,-75.9696025841546,-73.38453772272352,-59.791376582422174
3609,351.54539393815077,-22.929357400741136,-67.16517294586497,-59.39837824480248
3610,-175.132648730432,-24.934770419343778,-67.5726767049281,-58.809294825233785
3611,-199.6184786901096,-122.23987221497576,-66.53953822137495,-59.85777325600222
3612,151.5077663080322,-66.57000086962218,-63.01253526618592,-59.53898719621393
3613,-375.8089092140622,-70.0134230451484,-69.03936281915534,-59.521774164905175
3614,-67.56642583727022,-24.66624423786768,-66.47945612448106,-59.61099805124025
3615,97.66276887021934,-21.22688431253649,-64.57189816942991,-58.697578222467946
3616,143.46345109394716,-20.28547932947819,-62.27745144217252,-58.650161582871704
3617,139.32859053378175,-56.25583716876402,-59.408559983678025,-59.00743954984446
3618,-200.5577395470707,-122.17045047156014,-60.642705711210134,-59.017263315432764
3619,-175.2034804428535,-50.3016660562602,-61.00929002477629,-58.473039865485674
3620,-312.8881256857568,-17.357323924783326,-66.12385659504294,-58.19550900916247
3621,-118.30264483784951,-89.3650906873216,-65.68837717362277,-57.64332925437913
3622,-141.23530689476158,-34.70648653540938,-70.11522074879919,-57.78780124657437
3623,-287.2349749395984,-122.95921962618496,-72.04295313464644,-58.81909357238977
3624,-214.3620558097365,-61.96711411647475,-73.65834394757866,-59.25842756626883
3625,367.3414486865762,-17.249093499385655,-68.9469293145175,-58.20159527139129
3626,-133.78347227236853,-109.3716123764025,-69.52496323775661,-58.34952550010355
3627,-64.02839250877817,-69.16363441514893,-69.73355286793972,-58.810515212949625
3628,-174.11506535269086,-34.58975131243079,-75.00765808390975,-58.93762260920095
3629,153.83581241258415,-70.79456357577044,-71.1388205953063,-58.17581360113094
3630,311.82625387732236,-20.316941054169853,-66.0817996873414,-58.18789025949015
3631,-308.0964588852031,-88.13319474721312,-72.48259826501794,-58.90578538341418
3632,-62.768017737507556,-24.53210635202034,-71.80332897673331,-58.41633281647656
3633,-209.9771399867206,-67.88639183873171,-72.70821713450883,-58.589388398275396
3634,-79.21980072301373,-83.6087430049082,-72.25634794637902,-58.54212571447619
3635,-261.85963058821903,-108.53581578070647,-78.44184700951837,-59.438666549912604
3636,-77.72391605575373,-26.678945883361582,-79.22995630467318,-58.96221785905911
3637,-36.84492963419014,-65.09618673345156,-78.0864196337719,-58.0753653674456
3638,-154.4491379958355,-38.077872713457786,-77.81582226417933,-58.205731324957554
3639,288.0870304909878,-28.236759117178718,-74.38673079722231,-58.23944450564716
3640,-53.80788843737444,-85.83428412309783,-73.8926485185794,-58.899983693047346
3641,-197.51316736034957,-56.67885326182831,-75.23247513038743,-58.688376881025434
3642,217.53299754518943,-20.298831353816258,-70.7684991525848,-58.262587764043765
3643,-200.10311941934393,-22.817828690532103,-71.1588126596877,-58.243330437006854
3644,-144.93790841037463,-26.479369148873523,-70.26857468835416,-58.24637943966923
3645,-158.03464606081295,-87.78460734470993,-70.91609292718782,-58.317341547458135
3646,-246.01397346205727,-83.24803046650152,-72.49903453171665,-58.885454739171976
3647,-43.90123247656166,-93.25633977376285,-74.74270786032612,-59.611428701814184
3648,-176.33814020989834,-24.3725439672082,-75.36611704291187,-58.97404557566303
3649,-151.23141560798467,-38.749607741088404,-75.16291563846222,-58.9490149225631
3650,-239.60770343694998,-23.58646772514736,-81.04471101303952,-59.021872051611
3651,-255.2758908387263,-16.34079532133143,-85.69564505946049,-58.578665224193706
3652,-180.27781558341033,-20.70156050642513,-85.15146361887167,-58.50529527747495
3653,-66.85953555067597,-108.0040128268951,-88.09050925749298,-59.345350718953064
3654,-312.2967897254898,-57.88285351957557,-87.72995639422884,-58.6070733566473
3655,-642.8252876800001,-16.05037640006189,-92.4710984644489,-58.04912159213124
3656,-215.134963172785,-57.80874005401365,-97.06078297812739,-57.66292068340849
3657,163.12927838820963,-56.871962082763716,-97.82977116417568,-57.99447723754103
3658,-119.83703428490495,-20.46624897991769,-95.9207031988136,-57.20560344610665
3659,-63.427840123068435,-23.73895344739716,-94.41992176095744,-57.1730176306405
3660,-112.21108986188757,-72.68641327328342,-93.63140764389281,-57.03868372534417
3661,-149.03134558269932,-50.958227917090944,-98.02423796831718,-57.390323667078555
3662,288.5904657907277,-21.192565087021332,-92.29048433184428,-56.15650815303083
3663,-146.07800373038162,-55.564475904176206,-91.66829612845173,-56.51807149057618
3664,-245.22219672525253,-70.22976052736001,-92.58549811832967,-55.854487588427546
3665,-176.753251047487,-21.563276792597286,-92.74379799140569,-55.568533348848604
3666,-136.28430811318086,-65.15517607183386,-92.61745892599448,-56.00775903783821
3667,-213.3228096063368,-25.681961154948226,-92.19355100154144,-55.27388591916565
3668,-213.8590916933345,-56.2145406542047,-92.969883792252,-55.280166607712296
3669,-228.7953793972326,-17.965413186966103,-92.72129942911687,-55.14672891569603
3670,-119.97354591979578,-19.124574812327214,-92.41265755459064,-54.72733683761149
3671,-164.31808489534194,-64.8105014166125,-96.79105239771091,-55.14203253434889
3672,-276.353366016679,-21.87347210167498,-97.89171649129885,-54.53703927655772
3673,-40.38552547198767,-28.686375511705624,-95.45339455946768,-53.62756203542407
3674,-105.40862756906604,-80.83107795660143,-94.6182780903586,-54.17645460652807
3675,-80.96198561784993,-24.091836279735958,-98.89552170058876,-54.00310895644753
3676,-224.33556826039145,-65.33307179484673,-99.78520418366142,-53.63572455882511
3677,148.78048893656927,-54.28122530346245,-96.46665539478079,-53.37847021831684
3678,-190.63056590977237,-73.15652652691611,-100.64565749968851,-53.49536202841051
3679,-136.5543358430794,-25.617829772074305,-99.19651048655767,-53.47597211867043
3680,-192.7204103023035,-18.79445347586275,-98.7677364485068,-52.59173233904612
3681,224.5104171335897,-17.148592056768717,-94.04086517799138,-51.76880323795302
3682,-122.28057572009313,-90.46379419168505,-98.5886534813474,-52.03533886935688
3683,-98.1301960558352,-110.08167591356276,-98.21997592592487,-52.324275760522376
3684,-243.15662904377473,-51.13293439618251,-98.81970782218492,-51.86782413260851
3685,-96.75785584644478,-25.802319388278356,-98.47419302531348,-51.90827102565646
3686,-110.16490230840027,-22.591242837268698,-96.89210684773522,-51.27930278225891
3687,355.3700433366346,-18.08007415347699,-97.1611036224787,-51.2420278277614
3688,-163.22000140220902,-64.2419896135056,-97.60840154935522,-50.41738116901067
3689,-102.6175006579191,-73.88376496403662,-97.08199798504555,-50.66577431034291
3690,367.29614181241834,-19.414281292388498,-90.90692058895316,-50.54658562260831
3691,345.4760882905396,-17.112993182443475,-85.14528654486618,-50.05972089738856
3692,-184.41514380028048,-60.59445346615949,-88.54450948445509,-50.42326418618208
3693,-238.71421283848036,-92.30492052120557,-88.81258267664033,-50.465424074070036
3694,-132.04777196709387,-71.59449028321492,-92.4484264887913,-50.936558020115775
3695,277.33543535992993,-23.22372643332802,-88.13622367609901,-50.70180241210292
3696,-33.93290216129643,-37.154275174510346,-87.15115508829489,-50.40044057816694
3697,-209.649699244368,-46.48499600058193,-87.88850115641239,-50.64399003286932
3698,-98.24381015294777,-105.16141781193114,-92.4298588320489,-51.474762062104446
3699,-38.26988244895766,-23.217138924721038,-91.50311904378422,-51.03985046750339
3700,-131.1452949952517,-22.370844105046682,-95.65386372962905,-51.05868807075931
3701,375.9058391205886,-23.003800006053854,-89.89571911455272,-50.77002496203453
3702,381.4070425408529,-17.874729764778465,-85.37695940225883,-50.63462198347394
3703,-245.9457107529295,-97.45795250950536,-85.84498081669153,-50.91252857425595
3704,403.6025629857878,-16.87946287576096,-80.57898944400743,-50.52185485927576
3705,-185.6335476272947,-27.28019299595294,-80.11303301079573,-50.38148454655443
3706,253.52545828623076,-17.52655007660218,-75.3967783922309,-49.92998209026585
3707,-217.97517271738718,-127.24127410518443,-75.70948989480735,-50.502993447053484
3708,356.8401962420004,-23.962256250049784,-69.39800433534704,-49.982919983712435
3709,-162.43397188281543,-114.27514243067709,-74.5377979935567,-50.8963778340118
3710,378.50321343345365,-16.25170403189448,-69.00143937191784,-50.80954717013731
3711,-131.69504491366627,-37.68024270385685,-68.32220503415341,-49.96395087502612
3712,-132.07496431590312,-119.05862625188333,-71.15803234039275,-50.488837128848736
3713,-273.807636941548,-18.352505288311825,-70.13801961766761,-49.97222795128037
3714,324.9965943660219,-17.787618148957577,-66.2123894156347,-49.90344169039126
3715,-162.88211618681896,-67.84022644560494,-68.81783826620509,-50.36957511172194
3716,-141.71738309571438,-73.88752199236559,-71.6696466081017,-50.905595538350816
3717,-168.6881652841929,-134.59415218098619,-74.74981416628145,-51.68897868847304
3718,-231.71181832304478,-134.40236900549255,-75.06135495404119,-51.811297873812364
3719,-97.34011501394768,-23.80638192560345,-74.28272129975214,-51.546345032505805
3720,-193.10822135010199,-71.42888943636471,-73.08492225639559,-52.087060687621616
3721,-205.39225198568033,-25.372485793463152,-73.95581832787389,-51.447134638683025
3722,-119.15984911357792,-50.50924868830401,-73.73506375006204,-51.605162260211976
3723,258.12614038643335,-30.32588356187606,-68.28145259680171,-50.678828899568884
3724,292.92102176152025,-17.542721584804887,-63.20862182108916,-50.234584974252186
3725,-187.78567485315483,-20.018888412802887,-68.75989305648648,-50.262282923386365
3726,-129.55373099675862,-26.914100374271026,-68.71759564373038,-49.43770780336504
3727,-129.7374853784084,-47.36143465590938,-69.37468657242667,-49.21968580577265
3728,-117.36841056717412,-33.65400476479693,-68.8072200245715,-49.21032834029632
3729,-133.06110703660713,-83.66645516465775,-71.67618921906343,-49.33904725618519
3730,234.22725400237724,-18.557782943160625,-72.45217921781288,-49.3214556750751
3731,-105.30068175756452,-59.91445526149105,-70.4242214465365,-49.039268280217875
3732,-193.20924523021216,-79.93558591906344,-71.72863372146355,-49.5933030758883
3733,-246.5061751915288,-130.35804018324836,-72.09392407351162,-50.21801955933347
3734,132.2842471594569,-28.466829709904495,-69.97888359468692,-49.66660042638343
3735,-258.8627805462581,-72.12935700026638,-69.94891509426729,-49.30253583857903
3736,-192.0342833258704,-25.088710918504834,-71.09201876696847,-49.28663348893047
3737,-306.2307900768458,-46.14518755939394,-73.78587737139503,-49.097123497189884
3738,-126.92171506847843,-125.36272169199104,-73.51060314212145,-49.96997198697522
3739,-129.72644728106656,-22.369267713696,-77.688737919842,-49.911297072940386
3740,242.37370989983413,-47.28064560124894,-74.72692193646992,-49.5257606877219
3741,-223.10641966145414,-20.244236618133094,-74.98285445948095,-49.16141452128495
3742,-174.89882325223283,-30.42197942926547,-78.90717266745517,-49.262646002039446
3743,-128.9799044044241,-58.74820229100154,-78.19594051730597,-49.62194973804414
3744,-213.9126290555727,-99.65942091106511,-78.88568772375795,-50.35375025566606
3745,-246.93965977276002,-28.978182522257292,-79.77473786087742,-49.76568600744153
3746,-154.74170726355663,-25.788403043476244,-78.86201519889242,-49.19108973321127
3747,-254.3024343250836,-64.63060030942736,-80.96602721737764,-48.90483233856792
3748,-129.60531913860171,-22.753752846334166,-80.4986990066647,-48.88864442735918
3749,-247.3792007192714,-142.08954752119467,-81.46017685777757,-49.922043825160245
3750,-154.71238496634942,-86.48215911272736,-80.61122367307155,-50.55100073903605
3751,-144.18296007815036,-74.62074380909306,-79.50029436546579,-51.13380022391366
3752,284.35973014186237,-23.45811089544126,-74.85391890821306,-51.161365727803826
3753,-137.5135939585434,-82.39799697866994,-75.56045949229173,-50.90530556932157
3754,293.3857124079963,-61.92098583710028,-69.50363447095687,-50.94568689249681
3755,-203.05981738354248,-87.91089594184815,-65.1059797679923,-51.664292087914674
3756,-79.33796317280525,-63.17592419058794,-63.74800976799249,-51.71796392928042
3757,346.2404990708967,-91.25924953309247,-61.916897561165634,-52.061836803783706
3758,-149.1497446476294,-52.76680363079423,-62.21002466479287,-52.38484235029248
3759,392.86419165051393,-52.66290990186307,-57.647104347057045,-52.67408191483714
3760,356.5778558589331,-73.37080953748796,-52.95921488984884,-52.680925877479176
3761,-182.92022519134065,-44.85447034279384,-53.298103685935246,-52.619888301736204
3762,336.1745406331666,-18.021315995160048,-52.822262937510864,-52.58817581081759
3763,-282.66335737918996,-154.98481304424135,-54.188116473998946,-53.58237918221825
3764,373.98587201148723,-17.48841294011668,-47.996035786631545,-53.05496570634581
3765,-36.117839674653794,-87.36725074314793,-46.58968167290321,-53.713005445851316
3766,114.6831888089877,-22.81536404082038,-44.080006703681526,-53.289607325541176
3767,-184.90356067220262,-25.362194786961332,-43.79581421434018,-53.286409661861306
3768,-111.21207434218752,-44.62663731651029,-42.76934404082872,-53.170530628484364
3769,-200.0717397522992,-126.16895976722878,-42.48210764437939,-54.25256609428699
3770,-97.97388177974429,-58.43502777399377,-42.26211100297887,-54.645670623903655
3771,-239.3157879968709,-124.75864460943302,-43.01208803399416,-55.245152055831866
3772,111.24271679220072,-26.311572502032583,-39.13612720590537,-55.28953305983544
3773,-194.95645968865296,-112.94526455469457,-40.68183654807201,-56.132121950265336
3774,-197.4306452491265,-53.55373669954591,-41.60205672487262,-55.859348537694785
3775,152.48470010972375,-51.734168649436846,-39.26758986759688,-56.13577186139179
3776,-133.48799646532706,-104.33392953166974,-38.35911414964624,-56.525780438760016
3777,-176.97564677381806,-21.24740080933194,-41.61667550675011,-56.19544219381871
3778,-261.5826090005273,-72.11828095364626,-42.326195937657666,-56.18505973808601
3779,-111.28979099281423,-39.887143930518505,-42.07355048915502,-56.327752879670456
3780,206.5639928152663,-25.604313388720993,-38.08070645797932,-56.39585147879904
3781,-341.538891683091,-65.23190770902369,-43.74119954614611,-56.87668463532159
3782,-184.25116717877575,-26.652402548901208,-44.360905460732944,-56.23857071889375
3783,89.54719496448851,-67.25296216483497,-42.48413155052971,-55.81028358140647
3784,-146.26823170035308,-47.00419643131121,-41.515247577095494,-55.76899620175776
3785,-184.70568012049938,-91.16709294835398,-42.39472581983604,-56.422643937358515
3786,-250.1341153207463,-73.80014265231848,-43.7944179499595,-56.93473293550901
3787,-115.90086509639391,-20.230028428142987,-48.50712703428979,-56.95623247825567
3788,-165.04634158656702,-101.31119719705137,-48.52539043613337,-57.326924554091136
3789,-165.29186433481635,-21.63151569586105,-49.152134072902335,-56.80440206140938
3790,171.71998839727434,-24.27429881615774,-51.10789560705378,-56.85300223664707
3791,-202.49313165657176,-153.7147714279767,-56.58758780652489,-58.21902001910241
3792,-116.15596647242977,-18.536095804875604,-55.90499603324638,-57.79843644248956
3793,-98.31321407014678,-65.48025027651315,-54.500986045563046,-57.53018974004264
3794,147.93276960708457,-58.13699636182767,-51.701180629821266,-57.39561480082876
3795,-289.0882668963294,-17.76477574485823,-57.36541765238386,-57.341025293944064
3796,-225.50891937247772,-20.23856238093342,-59.28117782449567,-57.1718681660083
3797,372.89830191191254,-22.797867067876368,-53.45569781293286,-56.93499687668125
3798,228.1102279445858,-23.583082781220945,-50.192157431957526,-56.11921352637414
3799,120.759668889882,-47.89611777856785,-48.601861918569135,-56.366003314912604
3800,116.72798637672625,-48.01422974333414,-46.123129104849355,-56.62243717129547
3801,229.02395731366673,-20.419718155707905,-47.59194792291857,-56.59659635279202
3802,-186.82040776119783,-40.22617460693103,-53.27422242593908,-56.820110801213545
3803,253.0793546213995,-17.92384598937419,-48.283971772195784,-56.02476973601223
3804,-250.63402027363102,-74.01610296095599,-54.82633760478998,-56.596136136864175
3805,-166.95459947256808,-45.38310516624068,-54.63954812324272,-56.77716525856705
3806,-167.67503513049058,-21.62561695901726,-58.85155305740993,-56.81815592739121
3807,-187.98377846072725,-77.48644544200317,-58.551639114843326,-56.3206076407594
3808,260.16440959736263,-16.779088537735387,-59.5183969812897,-56.24877596363626
3809,326.7194632860423,-19.139626147346267,-54.62686262960112,-55.29742080080296
3810,-131.3348735178696,-69.63111572560766,-59.725243499114356,-55.831214917740084
3811,-127.2321691090675,-89.7757851858475,-59.68061474106837,-56.352170342559994
3812,-222.08645194484828,-106.23269873438261,-60.58072961735782,-56.22391106738498
3813,-181.92434307208174,-89.55646170175743,-59.661896678663155,-56.93595063151943
3814,-35.14527433491556,-40.70665428703083,-63.26331536567253,-57.16514099290017
3815,-199.71804014094317,-19.03464540247253,-63.63167460521378,-56.67708518246885
3816,311.86402984256,-18.329473383330665,-59.09586047583104,-56.12150469637851
3817,338.7346206976209,-54.994664196859894,-54.021632616012894,-55.325509816537235
3818,179.6622803687587,-24.37239162849141,-49.907891629094856,-54.22521004276722
3819,205.87784713335702,-20.65753551886625,-46.875712007621814,-54.19372157869985
3820,-194.7994288008394,-19.829740067393093,-46.89262408212919,-53.67773008501013
3821,362.00140989384005,-48.675736458310155,-41.218687463333985,-53.910762591658596
3822,-154.3070948765189,-91.78320878211747,-41.5701599209634,-54.323502192596735
3823,-263.8138815176698,-52.94982700989707,-46.789560140004426,-54.54974162707694
3824,-83.2468681100478,-56.532541904608166,-50.55123903872011,-54.93963983027498
3825,-84.21140271995411,-77.92750391165369,-49.5154963173881,-55.51872598526349
3826,-258.42039444515905,-135.230977359943,-50.804162951872094,-56.601894755120206
3827,209.754529699447,-27.66592270197351,-47.40924280109355,-56.404939635580845
3828,-101.42951824649585,-88.25828464502766,-47.249853877886764,-56.95098243438316
3829,-176.174045176063,-96.27129448745639,-47.68098325928133,-57.077030827611146
3830,-187.11282153837203,-98.09655830270664,-51.89438401468882,-57.8724185812066
3831,307.1193957927929,-18.745573293154205,-47.770183239185236,-57.460729761523226
3832,-192.7992301037704,-61.16082843611715,-47.766083087920826,-57.27298218669377
3833,-113.16527397814033,-78.76992336437809,-46.432674075786935,-56.75710101850507
3834,-321.1997193999557,-16.766604138758336,-50.96751374138106,-56.64009876279361
3835,196.42262179830269,-21.155712845940304,-46.414659717935464,-56.13036232125035
3836,-220.86526655426624,-81.11992423997023,-46.70296955021942,-56.690674454465004
3837,-249.90479830973388,-93.07511569301343,-46.1397096325483,-57.1599737358012
3838,-239.48031457715223,-25.62417101649833,-47.265295627635034,-56.16258822904628
3839,-204.8311992888997,-61.66421144352452,-48.016343147713364,-56.55553766634456
3840,185.76949887829608,-23.438518833177,-48.58238525792874,-56.31711639866384
3841,-219.35836314930452,-86.40494825945841,-48.54490469280725,-56.978723515077085
3842,-125.83910017748913,-77.5631131038501,-48.05430746205982,-57.45013485182293
3843,-138.12282258882837,-102.93694437160009,-48.14573664390386,-57.89202227262892
3844,197.8909634631783,-86.31087542800651,-44.027700718716346,-57.75853681779833
3845,-104.06123388693698,-24.730335344867246,-42.59891645985812,-57.716058346024425
3846,-141.5608191393643,-19.432409175663906,-42.4671075786162,-57.65249840734631
3847,-96.00072160937933,-86.90931895832615,-40.88409045145915,-57.875285593835294
3848,-185.08133864721225,-50.7323243761964,-41.43885064654526,-58.15507130913392
3849,201.90013838724377,-59.14973230774221,-36.946057255480106,-57.3256731569994
3850,-169.70549261377343,-87.7647758592217,-37.095988331954345,-57.33849932446434
3851,189.80515148404174,-17.92485043670993,-33.756107216332424,-56.77154039074051
3852,272.6219210067329,-70.53725494034029,-33.873485307683715,-57.242331831189496
3853,-166.19608295092294,-82.23455286344495,-34.16031019760751,-57.24069739003725
3854,256.37383623047276,-22.95698077423838,-34.530428959382746,-56.85105733940863
3855,257.55073685704133,-84.97907567877729,-29.92432341697691,-56.82173913677792
3856,-169.13702434630028,-56.40160022846461,-30.822314028711858,-56.75399589715669
3857,-72.35001928590397,-41.99236595475321,-35.008219212279876,-56.26132706137331
3858,-315.81444680433606,-143.0757779918373,-36.67486623384694,-57.16441680498374
3859,-130.5502874595716,-92.7069840425702,-41.9090110249478,-57.564857546390805
3860,-152.57885946414973,-76.94846711739348,-47.00057817817862,-57.60063412218986
3861,-267.4183157136528,-21.007231565908796,-47.84555908340174,-57.36216173442101
3862,-132.38698644506786,-30.322712925958157,-52.53117435418408,-57.485175703728984
3863,281.39117268796065,-17.96142518033844,-46.89062905351257,-56.11494182508996
3864,-77.1472820745478,-74.45428503053982,-51.40196059437292,-56.68460054599419
3865,-245.94674530167612,-68.34800898015027,-53.500249650643156,-56.49440812836421
3866,-242.57081562116292,-66.55652546834597,-57.07278969494467,-56.93181974263947
3867,184.2951485487598,-19.615336000881857,-53.380802602735045,-56.87435115477867
3868,-191.24630820428422,-20.864815117437807,-54.18114494135601,-56.63673293278794
3869,-50.283667470658415,-74.9841718004552,-52.6832642185396,-56.12488505312021
3870,-236.600669776016,-18.39860189633107,-54.06953209850231,-55.72452079434359
3871,-123.14528353140328,-25.7926944760795,-52.907827053847626,-54.73486129301004
3872,-209.2916487397914,-104.92507572853536,-56.113170709167555,-55.52099632527508
3873,-171.37453350912358,-22.12519858917485,-55.877351447372256,-54.61279566561987
3874,-212.97888395512368,-131.26117734593194,-56.032833834432225,-55.38987007208373
3875,276.1407341901821,-16.40150094227043,-54.796273493627645,-55.036543395012075
3876,312.4232808732421,-18.610973753383426,-50.337160720241954,-54.1793138372292
3877,-157.68036143317497,-19.954863070761565,-50.14420786683553,-54.1663884598435
3878,-272.17979761969247,-65.50802342265895,-50.250179753027176,-54.10028588453363
3879,235.56429379974202,-18.07550412455838,-46.78163890510161,-53.882169486474034
3880,-168.79223427707817,-29.721713556937384,-50.535201176025055,-53.9233434881562
3881,-94.88187302593448,-23.890276443584842,-48.068630989453496,-53.5099271755018
3882,233.10311362241984,-22.513110741401867,-43.895088181441544,-53.46853425742682
3883,-193.1585400446432,-28.278407376868046,-46.72214553153286,-53.078788709547155
3884,-148.7705768552846,-108.11948996473839,-46.74716898308217,-53.68994164488142
3885,326.53513222497367,-18.656098501510204,-41.634760859627434,-52.96483170041298
3886,-169.71358670911002,-20.60461397913282,-40.83055557351107,-52.432876413681115
3887,-233.4376977897251,-21.368024840385818,-42.00592390044439,-52.44425637780355
3888,-126.2209044034465,-74.13337435998662,-41.617669528613185,-52.1724781494329
3889,214.55665366330973,-18.930000975340572,-37.81918434863192,-52.1454630022277
3890,234.91923348490022,-21.695161367041106,-37.18719189775567,-52.11967162773654
3891,-209.09935066409696,-44.74828206316612,-37.25325408783092,-51.03000673408843
3892,-184.85880253861814,-20.843519803155427,-37.9402824484928,-51.05308097407122
3893,-325.6194883158089,-79.59513112309855,-40.213345190949426,-51.19422978253708
3894,-262.51462663161124,-19.693894782693587,-44.31781915333639,-50.809798766745736
3895,-187.47222442974243,-22.000403886539793,-43.30165872867051,-50.85215504816255
3896,86.03265980818901,-40.4399036658061,-40.18624293686384,-51.05416846101128
3897,-156.5436373496802,-88.38694993792171,-45.48066232947977,-51.71005928971174
3898,-456.49188272486504,-79.4978759754177,-52.32668343617427,-52.2692072216537
3899,-111.76211291929349,-20.01970277751532,-54.65190125426603,-51.99044307164318
3900,-109.87178838065442,-41.392588690455064,-56.917899001839835,-51.92422666111439
3901,-187.83575888523634,-27.417133555620868,-61.08649616382886,-51.99420081511352
3902,-117.25864679835855,-39.467974773646105,-60.39087855420048,-51.98661881678067
3903,-230.12855382168996,-103.30154645298609,-65.22295763863137,-52.84039582141679
3904,-221.00135603421072,-75.43233566777434,-64.92663099623717,-52.85455814848497
3905,-319.9632451491821,-82.47733809979508,-66.45671745300331,-53.22550047782051
3906,-140.48101504001644,-40.479381233515895,-66.18477725209857,-53.4140381205655
3907,-134.34353694476155,-26.851592256715367,-65.64837483693891,-52.90768958871262
3908,119.18042849370715,-39.418712815047044,-67.05821464797546,-53.134085831485734
3909,-245.4519106557269,-101.0470245563119,-72.77992838739316,-53.95315981557539
3910,-119.82301637085553,-97.95616870850606,-72.66480981592302,-54.23641034540438
3911,196.68121968192435,-23.134618257157772,-69.42567592801309,-53.56999867611748
3912,362.4244553196945,-27.190147991248573,-63.58056685536768,-52.779573168686134
3913,-172.0358613955548,-60.32906807999352,-63.48168203860241,-52.487299232468494
3914,-258.1197762486317,-22.55064321570907,-65.71142705773957,-52.30573912175528
3915,-303.73041091975654,-170.65671828858726,-66.7515507655277,-53.82195985061642
3916,-99.42020806947656,-23.455353318010676,-70.86439314464806,-53.87321864996322
3917,-208.16238276105216,-37.346227260691506,-76.3333631792348,-53.69673428060154
3918,-167.19970279787793,-126.5095661045622,-79.80198301090115,-54.718106025362246
3919,-247.06095550029468,-21.0873552754421,-84.33137103723769,-54.722404222928006
3920,136.8924308921405,-110.26750573924919,-81.01445244030789,-55.626781879646565
3921,-143.9302192929213,-86.69309470879774,-86.07376873217551,-56.006955462151446
3922,-252.90059161427806,-99.23091820646862,-87.0597036995531,-56.08143255639496
3923,-158.09383075137694,-61.26197077817704,-86.00250319189017,-56.16455399407776
3924,-182.9454316370542,-151.96299271374968,-86.99948882716023,-57.118858502169175
3925,-376.53714609503265,-108.5191398691678,-89.922746260911,-57.42477486174431
3926,232.42624863148723,-66.53496770875671,-85.01427983014453,-56.73781476523245
3927,-260.204519481967,-85.22675207306771,-89.71387032195867,-57.31342305894339
3928,-149.2267276658092,-92.54535043433438,-90.1918424161518,-57.35629371683646
3929,269.0210722218087,-61.218047407314735,-85.7398912421731,-57.00576124603505
3930,112.08649272546725,-42.20399265341933,-82.74789809953471,-56.44683558954218
3931,-249.28296406029756,-20.564515197142182,-88.31192169806562,-56.46502500858206
3932,-266.1726526358733,-137.40752159499095,-89.04565592338665,-57.22749194017079
3933,-98.68126129194721,-91.07824104602939,-88.90081579652471,-57.35057511698731
3934,-231.79931028881657,-83.15523426543353,-88.00681170541333,-58.01446141825406
3935,-225.56650046727924,-59.353350757961145,-92.22670292806914,-58.39643779737426
3936,-140.79704331705662,-35.170918583418924,-91.42602069569703,-57.936947740808755
3937,98.2942673982823,-85.62298684884156,-87.94403003861689,-57.86242645236703
3938,324.3510751056565,-16.036771186223433,-82.30571614178879,-57.76655245406428
3939,-131.47146785284508,-23.747286966667208,-81.57211882742823,-57.38738320929571
3940,-133.23668484102456,-102.82056225154237,-84.76218066462144,-58.18120364347936
3941,-177.12830282708842,-18.840229840422538,-84.33988006139928,-57.505556459289004
3942,-98.19983549730502,-24.83452952640476,-84.06348741459743,-56.97827062351455
3943,-85.83509145014126,-25.72639580466522,-83.54061010321058,-56.2061651378452
3944,-144.23591146634138,-21.959643488631247,-86.96187885250578,-55.56265281845145
3945,225.68752385283332,-62.918503965750936,-83.66439127510806,-55.944534504660275
3946,-28.16780153487575,-86.52734201050748,-82.53046109906319,-56.615483833008724
3947,109.88541010065114,-71.15094317407893,-80.4715997819629,-56.45790007516624
3948,205.0414492636582,-60.46784357562813,-76.57037190285419,-56.55525526716057
3949,-218.7139952297003,-19.3595389446958,-80.77651323902363,-56.157353333530104
3950,234.21319799735102,-20.769598742347704,-76.73732633291237,-55.48740156236136
3951,-78.4460796266346,-27.24421607978454,-79.41983864401914,-55.580595218792105
3952,-141.68522826659859,-32.37924881633998,-83.56291013675245,-55.199015157552104
3953,-197.89366019536143,-18.987826986903915,-83.87988590919684,-54.566547898786695
3954,-144.9338727099761,-19.339599702413174,-87.89296299860133,-54.53037408806845
3955,-143.38038884792655,-23.366657900182826,-91.90227425565101,-53.9142499102825
3956,-207.8707087301575,-20.848522260563392,-92.28961109948958,-53.558719130603485
3957,-161.4747480406572,-125.80456935781143,-93.1808583870371,-54.39684116463407
3958,6.007480308122092,-80.83167780911619,-89.96263911591255,-53.77440016280685
3959,-150.56848428787814,-98.74404364503248,-90.16282108419561,-53.834770758831475
3960,-239.45060564387157,-72.72239083857544,-91.03153854599282,-53.7925099960433
3961,-161.8786316337174,-78.01349592900922,-89.97614170519347,-54.362572639674305
3962,271.3400300497099,-35.09346389946694,-85.9388715402457,-54.4102801494094
3963,-207.6025881231321,-25.117418313818433,-90.82880914835661,-54.4818400807442
3964,314.68140783279085,-17.577162620137393,-86.91052224928323,-53.91306885664017
3965,-227.03329012075363,-21.875241274231364,-86.721387697474,-53.44834117958098
3966,-352.676338010014,-22.746764370110956,-87.8224429213625,-53.010243568598625
3967,-184.49127535990428,-58.13696510211072,-91.51030716044914,-53.39545985961092
3968,-127.33366907338089,-92.1364059911542,-90.87118076914011,-54.108175768348076
3969,-128.8801123924655,-94.37541838201153,-91.65714521835818,-54.30208823416364
3970,-61.23884413480691,-27.371402531653384,-89.9035269619461,-54.39181624051687
3971,-110.59516676620332,-67.30872169505892,-89.77802579429411,-54.80697651270667
3972,-151.0568869164493,-18.6869811620558,-89.19567817606067,-53.94459556704188
3973,206.35839558480853,-21.567119058184748,-85.41834888512133,-53.93901477173197
3974,-136.45177602634695,-53.01604397978395,-84.65307780583356,-53.156563438070485
3975,-67.0286026775224,-104.6645807388304,-88.08477117451062,-54.03919423603608
3976,-142.0909429119157,-22.67063055867197,-92.62991341236221,-54.07979080408896
3977,-80.12937657912968,-100.70717823110293,-91.85440356382176,-54.88731395569238
3978,-209.97949543098943,-19.46423926085475,-91.23240054193474,-54.42687611407434
3979,195.57044485152392,-51.7662484745506,-91.63233903141692,-54.763783557574264
3980,-70.52265731342435,-71.31772170071525,-90.64964326178037,-55.179743639012045
3981,-235.9776321138863,-97.46224270203527,-92.06060085265989,-55.915463301596546
3982,-121.20994039954877,-23.620905219476384,-95.60373139287957,-55.92654124637729
3983,-248.51900878764056,-47.96360775813497,-96.15733608030953,-56.123393250189956
3984,342.70933617088554,-18.758851248352883,-91.24253695004784,-55.229786863026106
3985,-78.0562486453545,-49.02420703825896,-95.28845075875113,-55.5334679483936
3986,-195.09610523325654,-22.514234848413565,-95.54227594399258,-55.5525641570864
3987,-169.7153926712373,-85.87293578499538,-94.9050528928077,-56.19761326653249
3988,-211.83388975042612,-40.92648093503521,-95.76118274627751,-55.86554433228299
3989,-175.2949963783133,-89.28453442035233,-99.65969924669372,-56.5690896667331
3990,-108.10981310461848,-21.7118626270702,-103.08998971258893,-56.5692566793334
3991,-81.13919063276693,-67.57593615853457,-101.81038811227563,-56.79753322028708
3992,-155.63670517979546,-63.91989477451618,-101.51816713868739,-57.228296970000684
3993,330.17079718735846,-17.590857174754706,-94.96026428365573,-56.608254230517254
3994,239.96764725914343,-19.173430806903543,-89.93544154474817,-56.603049590759355
3995,-220.07173360561706,-26.19911080025534,-90.26143663650691,-56.645036659896505
3996,219.8061031211276,-31.65798326143714,-88.92370220337753,-56.55721745585282
3997,249.52658343691007,-18.69871015601349,-84.86299999551161,-55.86033505803373
3998,-58.806600308425445,-21.45678805276287,-80.88614717134722,-55.279924178807185
3999,-277.8984955315592,-61.15415293088675,-82.54751099746989,-55.691268680340904
4000,388.39678385784373,-47.05080941416174,-77.5648252750849,-55.74785088757797
4001,-197.9993495819928,-159.58131591189925,-77.66646118205246,-57.06949271114075
4002,336.33533888695536,-21.72569605221701,-73.13052132519933,-56.89206992392646
4003,-175.57567463901785,-21.059255754688625,-72.58499253337261,-56.06964701694348
4004,-327.45724875567663,-132.9604305016127,-73.64955146058728,-56.644927965281866
4005,-164.0359641739593,-23.57443002554462,-72.09027865083505,-56.05589888453936
4006,-107.93350951168809,-22.733475115408304,-71.76480359555175,-55.878439823358285
4007,-251.18280591091107,-87.22604268025691,-72.93319628521324,-56.4821843275937
4008,-224.89468942009816,-114.24907260611062,-76.3739474643513,-57.230487925504335
4009,-346.8657959988242,-141.42799715543742,-77.38808631778227,-57.63429765149558
4010,294.59555053030294,-17.487226806281644,-73.24390064877069,-56.82960823247333
4011,-167.66108353085687,-63.69101600463805,-76.8873236808985,-57.235172209948146
4012,-195.76498957909703,-19.85395150978932,-82.46921812988641,-57.16181024513355
4013,-320.271823317323,-20.655116702767327,-83.9515777491041,-56.7650707313613
4014,-343.3211403159296,-58.094835044491454,-84.80359138977707,-57.12051264964912
4015,-66.50087835144318,-61.535671576361764,-82.43129606409394,-56.02930218252687
4016,-231.17489631724183,-24.222806567890867,-83.7488429465716,-56.03697671502567
4017,-157.50315766003575,-49.34984040062713,-83.24225069556144,-56.15701284642503
4018,288.7570730636971,-70.52434482686562,-78.6826829369457,-55.597160633648066
4019,-120.30822906529797,-62.22091099182601,-77.41515567259573,-56.0084961908119
4020,-214.77834641605517,-31.990260810258352,-80.93186344567769,-55.22572374152198
4021,-106.60027221407823,-101.63556700470875,-80.55856397488927,-55.37514846448109
4022,347.6645498317583,-13.07001768724689,-74.5529125604289,-54.51353945928888
4023,-266.0087474098249,-102.87785144249884,-75.63206172701337,-54.929698265932096
4024,263.497999318835,-17.742222328994043,-71.16762741745447,-53.58749056208454
4025,-70.7829007195703,-93.22458029884771,-68.11008496369985,-53.43454496638133
4026,-49.10266778031768,-66.02138471650142,-70.92537412781789,-53.42940913645877
4027,188.31336722659384,-19.510588626014897,-66.4401952607323,-52.772247501988254
4028,-256.7759359096302,-95.40664943748848,-67.5156873431705,-52.800860492019794
4029,-197.8202134004809,-46.525263431447264,-72.18410019939338,-52.653932652261126
4030,-191.0032866744785,-100.97102571483435,-75.21499799339284,-53.24160298287528
4031,-132.00647201667095,-30.173934073450962,-74.04223307295658,-53.33769717163836
4032,-111.11170247819854,-23.279045255883336,-72.49162357137983,-52.196412408247284
4033,-56.85866019564443,-76.86433618343212,-72.07339756041682,-52.05427335962131
4034,309.25397799631213,-86.87063707323948,-66.66286467756552,-52.091427387699376
4035,-123.78931596504577,-66.12029188317231,-65.64509283254318,-52.15909679895149
4036,-202.65942999143826,-131.75015542474438,-66.263716699287,-53.12488916736475
4037,-191.50383218227674,-25.33265077259313,-69.16169769509258,-52.52198580660226
4038,-6.679751410789083,-80.58756012967956,-72.47200596025704,-53.16749369603682
4039,-143.25529648412777,-22.42177321889415,-72.58984424656987,-53.154238558559086
4040,-69.33892893825373,-50.99086514808902,-71.95086668754216,-52.63594158752455
4041,-155.27379433556018,-20.049305093196534,-71.73232160262688,-52.648032340052296
4042,-211.9614532124684,-22.110284959507425,-72.86993777977851,-52.62078989438332
4043,259.9458443245684,-69.22734548261732,-69.41212842203143,-53.05579939116284
4044,-153.05811363895117,-49.35078876580491,-69.50035044375753,-53.329710843934585
4045,343.5300493630043,-18.756772166601777,-68.32192518865583,-52.88809352594309
4046,-48.93257732217257,-89.15094148820326,-68.52957294652879,-52.914329520720045
4047,-81.20676280297984,-18.86718797466716,-70.44049467556509,-52.391491968725916
4048,-296.4340262963,-20.0988646293247,-75.45524943116467,-51.987802179262886
4049,399.03069184942086,-16.268191315211375,-69.27780256037346,-51.95688870296804
4050,328.84237821923296,-15.329773039244323,-68.33151075815465,-51.90249044593701
4051,-153.6524230026612,-28.986919849829864,-69.08357419191492,-51.91991748363747
4052,-126.84696181874466,-57.748388527681705,-68.93519152743639,-52.17360888075089
4053,-103.02380967253143,-24.69202292481442,-67.9864930222081,-52.23065084013
4054,-227.86054377148318,-88.54827418087149,-68.81575973282315,-52.92273758491458
4055,-137.76140274793417,-22.703643461562145,-68.75956987182322,-52.91610744052837
4056,-310.3206665876774,-90.60313193049973,-69.7840694503984,-53.61365353722773
4057,-142.48670426758125,-46.83959779030966,-69.59418901266766,-52.824003821552715
4058,-195.8156779047817,-104.42831959022715,-71.61242059479669,-53.05997023936382
4059,-58.432077924864835,-75.36384363051509,-70.69105653116655,-52.82616823921865
4060,-169.19671027556703,-64.89813570325236,-69.9885175774835,-52.747925687865425
4061,-177.27471999514196,-120.385278404493,-70.14247846109775,-53.171643512620264
4062,364.82820917117704,-18.381390315644754,-69.20759666988309,-53.00452277678204
4063,-186.65816136034906,-66.53047551795065,-68.99815240225527,-53.41865334882336
4064,320.413335223781,-65.37512191946176,-68.94083312834537,-53.8966329418166
4065,-109.94546371248597,-26.02154889401589,-67.7699548642627,-53.93809601801445
4066,-222.16194697713522,-122.84143039571089,-66.46481095393389,-54.93904267827045
4067,-124.05253761947037,-23.442761150263276,-65.86042357652957,-54.59210063875197
4068,-123.98438955219437,-60.21412120884962,-65.8269307813177,-54.27287779092892
4069,324.30270730391953,-22.01872777280447,-61.29510258435385,-53.54931088483685
4070,-171.20537527320585,-22.688361781476534,-62.39476789573784,-53.502480477335084
4071,-278.6276079012061,-91.6458708591617,-64.07509230708787,-53.74585196897611
4072,296.4529482020736,-68.1154313966208,-59.59999395590263,-54.24013647132176
4073,197.61050864193936,-25.5535698306012,-59.68747282533131,-54.28000097904593
4074,-236.28529121765357,-101.0487379349061,-60.68580797724439,-54.76032791859715
4075,-160.7461209397872,-125.43134360766203,-61.62298315986703,-54.96799554728546
4076,-167.89954281141723,-46.72226748329035,-61.881069158862054,-55.20851191653164
4077,-107.91827880373467,-107.11235007270908,-62.1589581811081,-55.27256363494771
4078,-187.15991814821467,-50.11509305141199,-61.93076240828035,-55.57907217285328
4079,-148.68357330205785,-32.99389078897907,-65.37330258981618,-55.39134859599756
4080,-137.0133474745574,-77.63000409315116,-66.03820949142751,-55.45447141992192
4081,307.52797445008815,-72.19303985125536,-60.60315342578777,-55.20177939141413
4082,290.71965409788595,-70.37027904381482,-56.48385748081342,-55.669273129657505
4083,-176.39171625288668,-134.79649067193225,-55.76258455546588,-56.537601958795484
4084,-303.1692905706591,-134.42410809896725,-62.221370822881326,-57.69425452730163
4085,388.0548867882176,-17.285912209527122,-57.56025946854561,-57.376871579014306
4086,411.1650150150268,-19.06347365522643,-51.497648266062775,-57.342363967082434
4087,-170.69815627788196,-57.674325257071686,-51.50747590212922,-57.0603778618032
4088,-248.68315265744064,-33.47693812208171,-51.87596853119936,-56.98588243367366
4089,142.6330386658426,-20.857984202591716,-48.696688180757796,-56.301616931496056
4090,-110.93544038308511,-89.06249921543201,-48.72494445354246,-56.97512329737968
4091,232.38977171796034,-17.86973204995757,-45.589654830035194,-56.47806125629391
4092,-114.40215443531619,-35.32137154115048,-45.177309322590396,-56.192076023960254
4093,148.60778247268925,-24.154424778122834,-46.99293946973709,-56.25771169999393
4094,-45.36996624364065,-52.60638470743941,-49.84631560476493,-56.592041238999286
4095,-284.2612605064934,-98.04220364161816,-50.4882108737737,-57.31047216741292
4096,-171.35066397655163,-62.455797663420356,-54.3997785447505,-57.618450311432746
4097,-207.93635588678734,-26.55428148585345,-58.97440793798747,-57.697006024731145
4098,179.65325354099167,-52.860179189461064,-56.5898093994933,-58.01103993609812
4099,169.5314776832342,-82.35562229177481,-52.115509667345364,-58.223054629707
4100,-201.6555242373677,-44.40153902961647,-58.01603274829748,-58.19656192586155
4101,-262.6413783982028,-24.049959646940895,-58.662453036459574,-56.84124836321197
4102,-121.45482198226632,-68.70984363398254,-63.2403546451518,-57.311089839029634
4103,-199.28925683542585,-59.60136822080834,-63.47749046711587,-57.69651096369083
4104,-172.99939105320348,-81.88033466766954,-61.932911890091134,-57.185710005351396
4105,-139.81382720583287,-32.349129261945706,-61.690690520409866,-57.27345699771541
4106,-252.98558226198054,-90.5541481078088,-63.14121124791279,-57.95166372763941
4107,182.39279864637717,-56.80887353607759,-58.805455202339914,-57.64749203619762
4108,-155.21547321411794,-25.944965469901472,-58.108663040280106,-56.76445096483552
4109,-99.14351938445014,-90.90799677291021,-55.631440274136374,-56.259250961010245
4110,192.79081579743269,-28.681285425795785,-56.64948762146507,-56.37119154720539
4111,-199.81949749588676,-20.19190508592241,-56.97107176111537,-55.93620043801824
4112,234.27530451108072,-23.07168460147458,-52.6706688202136,-55.96837776893509
4113,-293.44011919879983,-121.47587396976259,-52.40235177902837,-56.97658534160505
4114,-239.1405245293966,-29.639839234399133,-51.36054562116304,-56.69203538350413
4115,299.79693563088017,-16.57346913294698,-47.69756748133981,-56.24241335906997
4116,-123.27938632738075,-66.01477829381024,-46.618612381441196,-56.66033307632917
4117,-163.87401690324094,-25.726991538012904,-46.682320973873246,-56.42410458770302
4118,263.80749097019293,-25.960050265931304,-46.931816794808284,-55.97846164209368
4119,318.428924966335,-15.090635314899103,-42.54444525449195,-55.50715888532441
4120,-176.95956466129314,-24.9792318925931,-42.166257436944335,-55.43704859614776
4121,-237.49929409471366,-20.705059447264006,-43.475247655750685,-54.62774352057331
4122,167.43317213030758,-22.59370236261327,-45.27756143276519,-54.722980367326976
4123,-215.52569651335148,-25.159299117608334,-44.77273092380046,-53.94579484407808
4124,-188.42501546320844,-18.01094182856957,-49.291961071620904,-53.94848203907383
4125,272.43751239476035,-23.088505978831293,-45.85975694047759,-53.24712129587366
4126,-174.67480544509976,-19.393149228608106,-47.11547831712541,-52.780838940994734
4127,-200.67698997124478,-61.91958802030249,-51.005381889103795,-53.204928934937605
4128,-251.45166670292704,-66.15625584362986,-50.95213919703676,-52.91242499899902
4129,215.1368866686347,-23.51781805737734,-46.8225681963456,-52.68235054525833
4130,-50.79525811123087,-66.58730440704377,-45.42048791071312,-52.33851333218042
4131,-197.24964043187913,-26.56008358709354,-46.072919594865205,-52.30237482731684
4132,-95.04630974401313,-23.72944140325684,-45.91226566752336,-52.30687878879058
4133,378.18190696588044,-64.14363834886568,-41.56185999590811,-52.17967181044491
4134,242.17609792757708,-25.72055226089794,-42.23263879659546,-51.56817096232149
4135,-172.83436867470712,-74.67560903622889,-42.72308932369207,-51.653724133852066
4136,-89.85372552630918,-95.73109266599418,-41.59503227904078,-51.29353350626456
4137,-216.89669022193823,-52.44100486280055,-41.84896085943739,-51.564617047166635
4138,368.8226559083296,-16.023474058374887,-38.0939367862462,-50.91897618645359
4139,-185.14952503415503,-46.11222106492967,-38.51287907174648,-51.155880664913944
4140,-146.79023698549508,-25.251254699797624,-39.2873921522189,-50.89848456043103
4141,-88.96551755699286,-75.58104954510395,-38.624309384433225,-51.4538020049501
4142,323.2106488237251,-20.223878379184956,-33.27258836407129,-51.43493793914688
4143,352.76654495309276,-19.935741296052996,-32.34438135778605,-50.94202189728123
4144,291.0265813749085,-13.37225743086032,-27.90353440764744,-50.582236583931795
4145,206.68155386735202,-21.209362661344528,-29.272019362603967,-50.60676248887922
4146,-307.8210478169084,-182.02063189994402,-31.86090406755132,-51.53545939299663
4147,-139.3661162778645,-49.18105671653813,-32.442497602300165,-51.83859808041534
4148,290.0377927421307,-19.094175715967225,-26.577779411915866,-51.828551191281754
4149,405.1518718673692,-16.705384236534634,-26.51656761173638,-51.832923120494996
4150,-182.48636807161898,-27.00913287551161,-31.6298550746449,-51.949716718857665
4151,-85.0397284401502,-49.86699016144544,-30.943728129019796,-52.158517421973826
4152,-127.2967522012444,-67.72044997000624,-30.948226032844794,-52.25823803639707
4153,392.1812642179268,-14.547335205669489,-25.99617529394021,-52.15679115920562
4154,324.2780903149867,-19.958802561028236,-20.474788953075507,-51.47089644300719
4155,-117.00072466987508,-20.662261477185204,-20.267182172294913,-51.45048262316341
4156,-221.60478653527585,-73.51892421125581,-19.380023371770903,-51.27964054597098
4157,-76.18902263434781,-116.4383046645593,-18.717046555438568,-51.97562761471347
4158,162.03718308505978,-90.99806961648015,-15.138517945540155,-51.841325114976
4159,350.86322883143305,-51.82680735894432,-11.045564877977178,-51.6059547522603
4160,-152.3270620763444,-28.38274982078287,-10.876868395984953,-51.2408008934356
4161,-88.62674917702728,-82.36735569705341,-9.990388687803804,-50.86062166636121
4162,-236.4747903201451,-26.612482784448247,-16.003418682717026,-50.94293259104924
4163,229.8738773324743,-25.014457298878785,-11.838098295788793,-50.52777240885852
4164,-191.39235744212493,-51.42194090976346,-16.95615522244785,-50.388240598761534
4165,-133.5416459056544,-23.0514706265956,-17.192117044379536,-50.35853981608734
4166,-115.7650505754177,-24.10787466483143,-16.12814808036236,-49.37120425877854
4167,-61.48445219002535,-40.0675904648678,-15.50246722606791,-49.53745255192458
4168,-150.05597295430184,-59.238530534610284,-15.763183060088988,-49.52769664518219
4169,161.05903000428938,-22.234506118093822,-17.395619833085284,-49.52985442863508
4170,235.25478431917736,-18.52593950894259,-13.331018237161453,-49.488230205909744
4171,-39.272768778084675,-87.96015716725127,-10.937469845930238,-49.45137306899064
4172,-240.0564383184768,-19.377205183234736,-16.302563711135747,-48.96399080685678
4173,-158.35951008528855,-101.80498275615956,-19.862263898408024,-49.72650493611236
4174,-513.2323879725556,-18.179983005578432,-22.63173486595704,-48.89781738681909
4175,-142.70234679935703,-76.87276233898349,-22.45129712455274,-48.412231574132306
4176,206.24138621941685,-22.325248921693074,-18.7098878342444,-48.168261388516335
4177,201.51458613052762,-21.089642736710072,-15.615559184901779,-47.30803431515635
4178,134.90128464136856,-19.483236057118805,-12.394947157005948,-47.00171574521342
4179,-519.5360970868884,-154.9905101167479,-16.10347239485425,-48.22168193849111
4180,-134.97933256427177,-29.28473832519145,-16.083132245751393,-47.73822928081151
4181,402.97397077752083,-38.39997211226539,-15.128672282477067,-47.40029860342161
4182,-117.29442840847071,-81.15106458428205,-19.208813107540635,-47.50810645882628
4183,-113.02515346831943,-123.3209968012651,-18.57514747969496,-47.39335152011961
4184,225.52676413599949,-66.2569868693837,-13.28818693262838,-46.71168030782377
4185,-241.74520026932916,-64.28887875947788,-19.586187803203845,-47.18170997332327
4186,228.1499528931779,-20.698987951137195,-21.416338424422335,-47.19806511628238
4187,-208.74402092696874,-82.09568056809093,-21.7967970709132,-47.44227866939256
4188,-306.1911844028479,-74.65979565687581,-22.37187738836727,-47.854107244740504
4189,-229.25427934739446,-52.665665239742964,-26.090750568499644,-48.17218405511201
4190,-192.71603460116623,-72.169449938534,-26.908556510680455,-48.00325356234304
4191,-236.1653745690391,-59.09242311958425,-31.59410797355045,-48.41548047303931
4192,-166.65767971679128,-66.56162746238425,-32.1166632263652,-48.727883032251654
4193,181.36450530243798,-18.9596013884392,-31.789095998067708,-48.67593479835482
4194,-103.49557946324528,-59.252524422230685,-32.370352130263754,-48.74239619550273
4195,198.61625198775116,-74.16750208082293,-27.541577005321315,-48.50364917989478
4196,-182.30716729831562,-108.38653184712918,-27.651142038538953,-48.96295652173186
4197,129.82044814057477,-23.311762669804533,-24.273573998265338,-48.93053133357137
4198,-144.95292797069575,-57.44055699297397,-27.519635813382212,-48.9763351116065
4199,-292.35004477087864,-99.7570453390273,-32.138451037923346,-49.150349342079025
4200,-108.42356845185724,-21.66861365283223,-31.206131480068233,-48.92302008831118
4201,300.5578094527052,-80.40817096453931,-25.574139601559153,-49.48660220148717
4202,209.7187925486628,-34.93719197919878,-22.262403456249857,-49.148875684939334
4203,-125.20841321326243,-99.10019465691242,-21.521595020028222,-49.54386394930037
4204,-192.35856137657478,-28.90680643776473,-21.715186723261937,-49.01412866700132
4205,-249.81811868415576,-57.559857098193035,-22.815229638045164,-49.266235945363796
4206,-278.7179286207606,-58.06007502007753,-23.07255310163297,-48.94129521448649
4207,232.89523800659566,-90.39612747357822,-22.567528708030785,-49.27716775386149
4208,-66.03242832940107,-73.00917534368142,-21.675698259183616,-49.747809852599296
4209,-196.41114761062536,-56.454264866825426,-22.648374541445367,-49.40327253353844
4210,168.8575256734033,-53.39281896779074,-22.88770744268566,-49.65038786895839
4211,-173.53377380432676,-40.43232792551181,-22.62485020577006,-49.85279209735428
4212,-208.97195483813655,-26.408166830376892,-27.057322799262234,-49.8861569196433
4213,-162.41904680659107,-65.28197930257149,-25.747112075340148,-49.3242179729714
4214,365.59020748617394,-87.18595943053211,-19.69980475518444,-49.89967917493273
4215,-14.072718218442358,-88.71748977905821,-22.83850129367767,-50.62111938139383
4216,-92.10256431509391,-32.17295370577109,-22.5267330735548,-50.28270113551344
4217,304.7992686596673,-19.0128677206413,-17.84000021792572,-50.21555989733972
4218,-79.90095576488362,-31.19352723363563,-21.27708468527648,-50.26789466701677
4219,-229.57302816500467,-81.27857013711235,-26.757104216589884,-50.929774015238905
4220,-117.46571870483231,-54.653884945394466,-26.16216575702527,-51.22652054576692
4221,-75.52930142454501,-43.30848129391534,-24.542465830323582,-51.45255476423345
4222,275.6952189620034,-24.09034532342629,-23.459845362006625,-51.46752119384157
4223,316.0411312573191,-19.70401299815878,-18.144177084299915,-51.41296833264707
4224,-147.7131497786617,-67.09437536130078,-17.73705842745445,-51.90380266797439
4225,-166.42906417225493,-50.18821084106657,-22.1257241931246,-52.17479971659674
4226,243.01162670756042,-19.341072385616073,-17.948859871598,-52.17427894816682
4227,348.6399435091595,-17.438193414136414,-12.455690536793956,-51.729465002105165
4228,-105.99863115167604,-85.77441007112358,-11.001160181281453,-51.9256465443801
4229,251.50870042277853,-24.30826088262746,-10.637442043740016,-51.9335509726326
4230,-127.50523102233717,-51.539397216726165,-11.404541772851076,-51.783071900729425
4231,-120.71945998504737,-61.76538182055172,-10.63923996838276,-52.135124883064
4232,-205.85880155032115,-94.02838870082113,-11.747364886445839,-52.83811435603964
4233,385.7509168788652,-14.299219392282701,-11.67167478731599,-52.33967016647381
4234,137.132617981363,-21.43376253468595,-12.722109586778133,-52.29680226921169
4235,-235.7728315962316,-54.43921959303781,-13.351494215993375,-52.09443837477978
4236,-182.35922497344626,-78.8465464291766,-14.27654921046474,-51.92559291241161
4237,-203.65088799524887,-83.5717286490316,-14.144091188197851,-52.23690015027391
4238,-160.24876140125403,-45.297587626337695,-19.434805361293684,-52.529641285953545
4239,241.93524343637438,-20.898174625266478,-15.16395767658839,-52.27750082155691
4240,-187.50583998735448,-113.49600354057961,-15.571113706606988,-53.15994830996473
4241,-195.26031684089614,-50.34116798224911,-16.63406169944602,-52.90754949433619
4242,-182.26814352927633,-48.43929640577858,-21.688849622976036,-53.189703674602114
4243,324.5859350528023,-35.959078156344795,-21.970655721978947,-53.34993704320503
4244,-152.58698848271376,-47.88080975656918,-26.40679142055517,-53.695022566462114
4245,-238.02644468962103,-87.47197692377651,-30.8538714061249,-54.35764870908644
4246,-216.43293148264428,-24.240282866151222,-29.93999024278225,-52.77984521874851
4247,-146.86743238560635,-90.88820175453763,-30.015003403859666,-53.196916669128505
4248,-64.46183716107159,-97.26539287893421,-33.559999702891695,-53.97862884075818
4249,-112.3487618063148,-40.543842843685866,-38.73500603962854,-54.21701342682969
4250,311.4816609383215,-98.25951641317991,-33.795325749529134,-54.929517262206375
4251,61.02083054289642,-88.65848199438828,-32.33472015969867,-55.31743218053581
4252,-210.4593209541095,-56.823699705455304,-33.166345847227305,-55.2084646778903
4253,101.54587541012938,-45.37477242739132,-36.072699735305285,-55.51673905010752
4254,-76.4024401454377,-27.38780546273648,-40.07950503990953,-55.591029079124596
4255,-167.4764523043568,-25.273550996075535,-40.58426231625434,-55.6371419743135
4256,-108.96737260167735,-24.759267010176814,-39.45788817691837,-55.149545402302714
4257,-239.88835604807178,-88.79113846965133,-41.09488151105561,-54.87307374035364
4258,-122.03789327120514,-54.025958868569646,-43.935632274618264,-54.50335263287453
4259,-67.1036500602309,-77.66739957619264,-48.1153010635349,-54.76175855504701
4260,-156.79454479562082,-34.62716280140907,-48.15997589072766,-54.824202684853276
4261,-150.376556289141,-82.68773527212527,-48.7774739618488,-54.827406480604
4262,-122.26955413283517,-97.70549442106629,-47.63542159997569,-55.538336596970176
4263,-70.50180028643294,-27.196281161045228,-50.639178376164764,-55.56015483559184
4264,-278.277819231506,-53.01393865594634,-51.508032994058574,-55.576074813053665
4265,296.67928969516396,-18.52152648291161,-47.20582363805039,-55.530775371616826
4266,-176.22670429467425,-90.39306726306772,-47.81044017524295,-56.19362729759918
4267,263.8407107696176,-22.27269308803434,-44.557188545646525,-56.015678323830855
4268,-229.05720369227834,-53.111095698459145,-45.34720085302629,-55.95440397546934
4269,162.8063649154471,-24.240951926367053,-45.32972750391471,-55.97446843355207
4270,364.3728695199112,-18.72447373781674,-44.038546651907374,-55.97645377584082
4271,-241.88382441209495,-115.59877673895545,-46.064657208247475,-56.25283997155785
4272,-152.05353348794034,-67.40442222659574,-45.18462815994211,-56.73311214199146
4273,-158.33464464439774,-25.92967990088858,-45.1843795055332,-55.97435911343875
4274,214.82074308304288,-74.8099022360188,-37.90384819497722,-56.54065830574315
4275,269.51282684529167,-42.52608690646895,-33.78169645853073,-56.19719155141801
4276,-236.9290649334475,-68.75648614792193,-38.213400970059375,-56.6615039236803
4277,293.4267598381698,-15.11768493806232,-37.29427923298296,-56.60178434569383
4278,344.2246698730101,-18.242288831869214,-35.20104538066654,-56.58937487344133
4279,-134.87691851906015,-58.82971151281156,-31.35445359498826,-55.62776688740196
4280,-275.70596853465315,-55.179369015326486,-32.76171995469207,-55.88671319430332
4281,-178.38019372354714,-27.23266470177246,-38.575261599702756,-55.77504012019839
4282,-158.97197623068843,-139.26612837851079,-38.992037077924934,-56.356190758140684
4283,-124.8764605077542,-79.29590328671382,-39.11055014831928,-55.91593982299517
4284,-118.39233516818727,-52.2538185462657,-42.549741141361146,-55.775908139763985
4285,311.8114677036711,-22.703070554050743,-37.01417446163114,-55.360050057709714
4286,-140.7027374946623,-90.66248681450246,-40.70270136550955,-56.05968504634336
4287,-229.17727325183057,-45.31152776801869,-40.907033888758164,-55.69184351834265
4288,-139.1220202017019,-67.94686473368314,-39.2363422467467,-55.62471420911072
4289,-89.09003099465741,-65.38369953016391,-37.834699763219334,-55.751894552014924
4290,-290.3911839395248,-18.464245254289544,-38.81145125660292,-55.214842505172484
4291,-157.8424760687443,-26.153595366314867,-38.02822227159997,-54.88545422763979
4292,-278.0115515277465,-20.819178761290974,-39.14176098970952,-54.42802974062886
4293,-152.83824798695815,-105.1851834175667,-42.48378852260349,-55.29028556092013
4294,-390.19525266359216,-58.436985845353476,-45.350785254606954,-55.28213017515136
4295,-147.36031281290656,-80.70513664953266,-48.81055090261353,-55.34750652083846
4296,-182.00869142576246,-38.77266779181798,-48.807566143887996,-54.65136788028534
4297,-216.81032628070352,-61.181280833787305,-52.27387388810078,-55.03006306192517
4298,-128.5954646101695,-41.129249194269384,-52.110299254495516,-54.866949983938134
4299,-14.085456983592909,-61.829435978768295,-49.32765337662266,-54.487673890335536
4300,-160.92381149782918,-25.930731002644944,-49.852655807082385,-54.53029506383366
4301,222.3342338414032,-58.11189105674729,-50.634891563195396,-54.30733226475575
4302,-152.18224684463573,-59.803735635431835,-54.253901957128384,-54.55599770131807
4303,333.24294500609477,-24.049290252862907,-49.66938837493481,-53.805488657277586
4304,-67.52752910239928,-62.30855090044616,-48.42107805219305,-54.139506101904395
4305,-236.20455821330194,-91.93350203832847,-48.28494244748452,-54.48324255130574
4306,-151.4045334146506,-26.559790393765006,-47.01180849542342,-54.16823970504262
4307,295.31216684539925,-20.516811615714676,-46.38763920703539,-53.46944654646399
4308,-106.13640423750694,-18.63555912573007,-46.78867896611644,-52.92571038428448
4309,-88.50766341782753,-65.03097230221687,-45.709644124188465,-53.01147745863839
4310,-83.64368217237718,-61.11450529507852,-48.23465620264626,-53.08869432191126
4311,-280.2026797242569,-73.38899502716093,-49.30134526184557,-53.418260992927756
4312,-185.18271902786927,-35.882463781819446,-49.0634529037429,-53.51300396244218
4313,-59.921080027795156,-59.68262832960117,-48.03847323595494,-53.457010452712474
4314,-66.27351558995575,-81.05814550737242,-52.357110466716236,-53.39573231348088
4315,-124.09444720700318,-57.852211992177,-53.45732775660185,-53.08707953561206
4316,-129.07651557902798,-95.6707951859123,-53.8270672692412,-53.722057950413486
4317,132.78037926170236,-48.876383696849224,-55.547256163220844,-54.020693110175564
4318,-177.1437648922004,-96.84962426240725,-56.51968425449401,-54.67725408046328
4319,-134.63581648697863,-73.47679565178713,-55.57031213771374,-54.59923633561002
4320,-34.10303212426018,-23.728514177106653,-54.73668527190801,-54.289982627927145
4321,356.8643686020468,-23.63871441752209,-50.4127485716421,-54.093284959163206
4322,-138.62345708391257,-75.35008739025538,-54.555935332101264,-54.60588237983149
4323,-90.8907342558368,-20.498790101426597,-58.62525398723282,-54.61383015086417
4324,-228.86110554536359,-83.61706855097569,-59.436733544899845,-54.77905708276092
4325,189.66164376735958,-22.332147437107317,-55.8758264655037,-54.50049644872133
4326,331.5344275584449,-20.264444249903274,-54.99059845699485,-54.50973016736421
4327,-203.98506743227966,-30.238670503210816,-60.51684856640925,-54.63773493825495
4328,-193.15889474778234,-22.224449862666027,-61.38845120237031,-54.00223533617037
4329,268.47352352117093,-54.97305343952373,-61.21880297138638,-54.30888326173933
4330,221.4847950352115,-19.197753963088463,-57.72890271081089,-53.985466829202956
4331,-89.12909050180834,-88.34021505635414,-57.4129990159785,-54.251215161560985
4332,-193.67026177280968,-24.7518495232268,-57.291113618203376,-53.55844976978504
4333,-112.89823864233269,-88.94676227465573,-62.27760517341536,-54.30492519860877
4334,-235.26170121975397,-28.839545581689695,-66.00154836542653,-54.37898302907881
4335,-55.17208071286963,-28.990136174653518,-64.19554085659291,-54.12449219489497
4336,-257.2952361265564,-23.281816639551288,-64.94490096812402,-53.56884489699871
4337,-198.9158153873879,-35.934444054657476,-64.89755024204541,-53.09247205105497
4338,-78.03215667971129,-42.59690989920447,-64.07538419482998,-53.06546527378364
4339,-133.8475999550583,-21.02355120556019,-67.8332126287443,-53.06671903958657
4340,215.66891910892673,-62.141347743155954,-63.80146503778148,-52.553172481612336
4341,-83.26030884280996,-80.04971206589467,-62.68146495780063,-52.85025792244879
4342,-89.8421948713985,-57.5710006215433,-61.75720547122185,-52.941574964606446
4343,-104.27654555069175,-72.9574582955381,-66.0458302772568,-53.31155876599837
4344,-245.69725777652152,-60.866271149604884,-66.97693297019488,-53.44141337992873
4345,-222.2892976568252,-25.991783936674697,-66.81956149986692,-52.82661145005771
4346,-232.17716222823233,-20.462513653244,-66.9770038073228,-52.78883375792865
4347,-84.81737353904846,-61.52478729818003,-66.35650321885723,-52.495199613365074
4348,357.01637453012495,-24.22978922046789,-62.14172110194526,-51.76484357678041
4349,-367.46561372283674,-58.66370660836986,-64.69288962111045,-51.946042214427244
4350,-181.6933922874491,-99.09389312934653,-69.62464015336819,-51.9543859815889
4351,-55.74149571378477,-52.35955332947407,-70.792263415935,-51.59139669493976
4352,359.93723831765874,-15.441988950602841,-65.08829782321732,-51.177579587391236
4353,210.2077119146075,-19.65563175957811,-64.00167945817255,-50.92038818071311
4354,-121.96530084713314,-58.445476255917015,-64.45730806518948,-51.23096488864491
4355,-318.723270572157,-65.882194202816,-65.9697762478675,-51.63705132071232
4356,-236.58205217526378,-25.96064319890309,-67.24592304360337,-51.64906508259958
4357,-93.21814021474421,-57.68107051790508,-65.77922088527006,-51.33796440308212
4358,162.65979357437644,-19.445646918313205,-62.932244016814245,-50.992161283579556
4359,-130.15010448296403,-79.74746047001547,-63.56270856104159,-51.01296189251778
4360,-102.39951196104195,-30.43314477115738,-63.0187582326958,-50.97102171221526
4361,-113.93747021636115,-26.418843634551124,-62.65436737196801,-50.40833279583953
4362,-240.7277084827011,-43.58761813557382,-63.838948915466666,-49.86715403298461
4363,-160.36515431252715,-35.31372221111038,-64.7375824557276,-49.94832844348525
4364,-259.6179606789654,-21.84758711821138,-64.5509838702022,-49.636664928107905
4365,-87.60800965650263,-87.47845159458261,-68.39385686371885,-50.32623417922461
4366,-257.64629310407946,-95.00607221350123,-69.20805275181291,-50.37236422872895
4367,-162.99346379141042,-46.404777586805665,-73.4763944974232,-50.61368507371666
4368,249.43611912834214,-66.20055883718773,-68.691461269217,-50.744579705103945
4369,-221.03209911028972,-97.58340066699424,-72.52984590947437,-51.47800419251021
4370,-226.82700447700802,-64.97196829657052,-78.44184464944357,-51.94047913809774
4371,-136.0592090373533,-112.3574246694978,-77.38359849569615,-51.908065617403174
4372,-181.87681917298616,-24.0118396926696,-77.6818313525466,-51.474139792063916
4373,-206.8982841374742,-75.82944197911404,-78.16746774747735,-51.97313741284617
4374,283.19584887886055,-21.185816645008387,-77.48371668951918,-51.43689655693608
4375,-128.5366022992073,-114.91175701539979,-81.46421098096418,-52.16075325802538
4376,-152.42059796520584,-110.16864755780185,-80.61912631128176,-52.574874872124184
4377,328.8643700185211,-23.72151434653968,-80.26475020947825,-52.66091316620896
4378,-115.16357345759184,-71.10853930772642,-84.85863264278427,-53.18957567096752
4379,-67.47441194757697,-97.26473718419156,-84.18460757706943,-53.57392592768133
4380,-118.69986941186323,-90.12392328805092,-82.61454658584154,-53.92337147040856
4381,244.58882941582434,-39.01421398560238,-78.38485635444783,-54.04118696324686
4382,-175.02075124038166,-34.54517343530286,-78.54534410454475,-52.99397741381478
4383,-215.9744123240756,-116.15322593206535,-79.45632362270797,-53.362550640268296
4384,-96.31539951725799,-41.618798091258974,-79.23555426619868,-53.25620043571823
4385,227.6490997558343,-24.422484532136334,-80.07717794567704,-53.27339457549909
4386,-132.9546531527554,-98.5371567375394,-79.99969710225797,-53.35214127472946
4387,-114.77454718023449,-101.0540225715475,-78.85566984154201,-53.909566222764745
4388,-160.90995319720395,-104.0336217504437,-79.07354917149702,-54.27043379293235
4389,377.9825292884334,-17.47046531919763,-74.40282356866611,-53.791301450822694
4390,-45.572176079062984,-74.60898915221317,-71.95463349006148,-54.35274888980193
4391,301.69258512233296,-52.20817101946947,-67.35928287815072,-54.61329464633348
4392,256.9501098252888,-20.720864852223563,-62.009666264620364,-54.6123115072428
4393,-130.41481490035721,-69.75425765539795,-61.78543193375437,-54.258002249621114
4394,-194.27492206124907,-62.28348507078882,-59.82622862773094,-54.29646724187547
4395,-220.04163704132895,-29.033870492180167,-60.553041870015164,-53.77975458030194
4396,-79.98053345441484,-68.73822780823494,-59.53276029030168,-54.079410180466105
4397,-170.0687258957931,-22.410325216310188,-59.06534428645258,-53.691700624291336
4398,-182.08785830768397,-67.54454489134042,-59.600268223427726,-53.95585358126205
4399,-165.4804625586073,-85.82566108934859,-61.11421827917787,-54.195815832367856
4400,-235.8414024034377,-82.85394426726366,-61.863394188233954,-54.76504796501404
4401,-152.3315134368246,-50.4556759587193,-65.61005166101623,-54.68848581403377
4402,99.48170263571927,-22.733275220177596,-63.09341216621268,-54.31778120988122
4403,364.11874941598154,-17.952596896549927,-62.784654122113814,-54.256814276318096
4404,-125.38246742539157,-24.948186450779623,-63.36320350534373,-53.88321063182142
4405,-205.36441410221292,-21.977142283090267,-63.054802064232845,-53.18364703426904
4406,-157.64838066856075,-60.63685698868328,-63.117240536771945,-53.524417700218216
4407,374.9893580071716,-15.386832000210804,-62.32046862515422,-53.47311790406319
4408,-73.9340614807697,-19.918997815115134,-61.998445197586854,-53.485952290957044
4409,-120.17562060519964,-54.393327721497165,-62.315124769460574,-53.37957584514984
4410,207.62127723733994,-17.127886912296532,-59.402475175363406,-52.93970966132202
4411,-165.43172522509275,-65.35882038392545,-58.25476563037176,-52.859407914889665
4412,-163.0571896884844,-91.0946607361944,-58.03351033697791,-53.41152988443341
4413,189.8226532880127,-18.817352519710084,-55.53607300381982,-53.00287712633451
4414,-184.8404176826816,-63.362031530822236,-56.721742024747094,-52.82591598656901
4415,93.87429178013133,-94.67353258778266,-54.54205463487575,-53.19412919252506
4416,219.88293052273093,-24.784184056272025,-51.05246017385816,-52.48526308122866
4417,-186.37805241745713,-20.540885457919014,-54.244044490649756,-52.20190809883935
4418,-85.57355259276841,-22.47394732893325,-53.32834236765543,-51.45815132950461
4419,220.4393364129353,-19.681511439927576,-49.777590838656295,-50.92019848738602
4420,-189.33498458264796,-90.79157307850352,-51.32991036324017,-51.59082907639999
4421,77.18784248067956,-22.95972334812742,-54.12667562445384,-51.58403916570604
4422,-60.48724261106854,-22.34715683805326,-53.345313479725405,-51.05400986018402
4423,-85.32751572398251,-21.941325832459306,-53.28968129440686,-51.06843521749434
4424,304.35016886353975,-20.634095640411218,-47.95756855031784,-50.438605488388696
4425,-122.33197925755921,-100.79054569926298,-51.077504780567025,-51.223189471010265
4426,-106.37796609646058,-30.64501024288933,-55.456628717116075,-51.32699513094012
4427,-33.35074310338578,-21.63815470646112,-53.750285473827134,-51.24098997297263
4428,188.21172057865368,-20.08242267364111,-49.93657932056278,-51.21956970108237
4429,-141.91953365795237,-26.911069040737203,-54.04050989235401,-50.93894985709451
4430,-158.48192274109914,-22.4374562166397,-57.840177070117115,-50.97134687963002
4431,-163.39047621807694,-124.78599486368843,-58.5827909272798,-51.335804677703365
4432,-84.34015295588682,-68.78192212936536,-57.48948983911057,-51.77610540376475
4433,-104.9522862623052,-49.695048425481986,-57.41003031531029,-51.383588265273005
4434,-31.932788219222555,-41.276556220078085,-55.37674118530497,-51.5079583716569
4435,-121.94100746169836,-16.757845824583313,-56.04443045279326,-51.38563546815619
4436,270.982535987495,-20.838773345284043,-50.761652731652745,-51.36120503521352
4437,-118.32907808794606,-71.53671256339095,-49.95578535865833,-51.71722772030086
4438,312.0817959735159,-21.15480353308837,-46.05464583212606,-51.5028066566397
4439,-190.7283680898828,-24.239230299483694,-46.62345351347431,-51.534963447578924
4440,-47.61052015744825,-56.60094917058835,-49.25624790613806,-51.47955946185325
4441,-148.80292773866532,-23.72697099157284,-49.911674095096615,-50.91633205111003
4442,311.9911900232891,-20.036049813128823,-45.89334024614973,-50.54098254302589
4443,-182.7089415496641,-30.07346655887187,-46.67766420613946,-50.112142625659224
4444,185.82775244358044,-19.39359093821795,-42.362414103938434,-49.697415823545356
4445,-284.14488713002487,-100.31570665081883,-42.98096999867044,-50.4406550506868
4446,-121.17892221686272,-23.960795027008956,-41.870987598556745,-50.475637864424456
4447,-150.28936257937963,-20.30182781115407,-42.52570748896005,-50.06340826955419
4448,-445.3221186823833,-58.476493205704664,-50.549092421085135,-50.40587530940656
4449,228.59792629246124,-51.942146838235296,-44.58845702093215,-50.338659711705226
4450,408.72329446249176,-20.521885470468426,-38.68429015343274,-49.55293963511644
4451,-142.3137184393188,-92.20247372850625,-39.55001238068809,-49.951368839106756
4452,120.92031795852165,-62.20997066515317,-41.940181584279465,-50.41904865625226
4453,-215.99545549495716,-125.52209947749401,-46.20221325837511,-51.47771333343141
4454,-84.79371659011261,-79.50211072934806,-45.830497415804906,-51.68827967816572
4455,208.53085488290134,-23.767221587125242,-40.557956161254324,-51.26712995200881
4456,-165.51570936147772,-97.033326724582,-39.84729273311646,-51.977856787265594
4457,-165.3255480938769,-64.65202834866285,-40.56836681190778,-52.04756636557318
4458,377.76228180383555,-17.42597930197256,-38.41734192961319,-52.02736968940978
4459,-183.87625992737563,-134.6946317646121,-38.95460348405731,-52.57684140235575
4460,-229.77163821756247,-40.773858002868515,-40.22832474662251,-52.680248534672856
4461,-348.19072349864473,-77.46133273808886,-42.57085727944535,-53.19067342570823
4462,-169.64447070082107,-71.92176831798177,-41.860024901626545,-53.474014927532316
4463,-230.17815089910866,-73.09910165712962,-42.558154867492355,-53.85186872199251
4464,-234.62060782989252,-96.32053376681725,-42.308181339001635,-54.596598188478566
4465,-372.91984840469934,-80.9783308934037,-45.161299726483605,-54.53159698146677
4466,-212.36531930961632,-48.77335570723752,-44.70848998853897,-54.06926981640413
4467,-180.82402221738707,-85.54172036750809,-44.88679557279874,-54.46063924421116
4468,277.55529284577943,-23.052114402127124,-44.605603835624365,-54.02915479986056
4469,-147.59720748553514,-104.61681603383029,-43.87125491937682,-54.09948895352892
4470,-227.51199928964562,-25.551174337150364,-43.8781048675032,-53.70528101393472
4471,-94.24406452988852,-24.19731377357558,-43.459953422428555,-52.8236799049755
4472,272.31184213440923,-20.123405857494266,-38.9180668093546,-52.78479556662374
4473,-270.466585290762,-48.95311028533414,-39.553749820887475,-52.516032249685935
4474,-262.6896589159441,-59.49515656760308,-45.01260489883552,-52.899125648911884
4475,-153.26647334492006,-69.01808626501646,-45.25990360929264,-52.44018894140805
4476,-124.34680675539065,-23.097029296509227,-44.97916569719449,-51.56947275879513
4477,155.21990606519304,-16.743728834132035,-46.71561033672778,-51.49969490367105
4478,-155.3752471448597,-65.3742087289097,-47.117727073600456,-51.442351597882876
4479,-95.50975464634627,-72.45602398159662,-47.398080500588144,-51.194264465856925
4480,-133.4150826460427,-85.47571256097952,-47.54523263292994,-51.14778235858621
4481,-132.90048812049113,-33.51306206476663,-51.32012580829309,-51.092770839377856
4482,-181.2280899323811,-90.76802490824575,-51.38219919521309,-51.65499935410729
4483,-278.28325844138556,-79.76181478214089,-52.00528765638619,-51.29108524260805
4484,-116.70949518650183,-25.551324812701914,-52.20922861307862,-51.130410509822475
4485,268.49996927773645,-62.86447122024604,-51.800719917859595,-51.51483037670357
4486,-102.8748186222675,-62.689852280962114,-51.49992157255472,-51.156357332137794
4487,383.37375508773533,-17.227512831344242,-46.51843854987502,-50.318092234735765
4488,-121.75909149119397,-36.85256683963778,-46.12692993281492,-49.64628168562771
4489,-178.65675221640709,-44.16668651683913,-51.69332274786334,-49.913243897604126
4490,-156.73881599967388,-21.824280629170115,-52.80498914706944,-49.3853968123737
4491,-138.83617059075982,-24.638179892961706,-57.21027670420037,-49.10969690110862
4492,-204.43487461378282,-24.674463694514568,-61.82412654859109,-49.149232889531525
4493,299.1732152900697,-19.855173742638556,-57.52824624668682,-48.650242050403925
4494,187.4793039335965,-17.92076242663701,-53.710703986738366,-48.20661482396241
4495,-58.49086496105524,-24.556413842700756,-52.09519626593563,-48.16184025746762
4496,180.40010469329923,-24.60582545562661,-49.49138988445848,-47.72051623394153
4497,-193.1281114180211,-46.99977675882009,-49.72198373968076,-47.96641074936664
4498,-141.8822342534644,-98.61787638468533,-49.319927499138565,-48.27714406430008
4499,-149.2245667577693,-21.04263073278438,-49.157368541130175,-47.62931376073444
4500,-234.44020294340334,-20.180919386063334,-49.14335654652984,-47.002583511922445
4501,152.10739451477593,-23.66291627965777,-46.098967467013836,-46.73465591513182
4502,-153.46324511707454,-83.53968644883318,-48.62841694454177,-47.34272002741837
4503,-137.50721092611246,-44.11544524225064,-53.64467654796271,-47.60434851087539
4504,171.29448328799344,-18.3405044126702,-50.677907040828856,-47.53827169049429
4505,173.50918461032944,-94.0013177537069,-46.889171053703436,-48.25851344520046
4506,330.67806935551073,-41.61362831878464,-42.00590655346273,-48.06828115850147
4507,-174.79651970711802,-20.955518161840416,-47.503765330605624,-48.12396802011776
4508,-150.69393274406283,-93.20036999593746,-48.271364043238556,-48.85678174192599
4509,-33.30152011790102,-62.092971780110446,-47.40262303836556,-48.93377818251212
4510,343.11634867020604,-64.21536111732729,-46.0476723240369,-49.40465292456243
4511,-132.90519797931412,-27.06905908479219,-45.72240705157911,-49.02175531157109
4512,-97.42152609021818,-71.80772108950406,-45.06605041559646,-48.82888591510419
4513,165.84447669245085,-69.09171831096313,-45.30583218155207,-49.33162957301672
4514,-262.2830660727467,-125.66581868925368,-46.080258665452725,-49.954667444601036
4515,-232.71825283923124,-29.95882131618602,-49.34618411164635,-49.30752033188507
4516,-117.14036615909077,-22.130320338262255,-52.716417078464566,-49.28098169470498
4517,-165.51124743270336,-34.678327758335925,-52.507749028617035,-49.42235611770915
4518,-115.19889825168696,-41.14486410884665,-52.80400248520622,-49.60906528550829
4519,-216.4248633859023,-43.53492703394794,-57.17264448319459,-49.84759944144849
4520,-213.8033592244376,-67.13871171140003,-57.41732822961249,-49.61107082777746
4521,-158.40110065817973,-92.12101497467556,-59.77321766100108,-50.30268374404294
4522,-192.12275252562026,-115.10374379693484,-61.08957276014659,-51.23024961363175
4523,-135.25276138138383,-25.81579536724161,-61.58882521672061,-51.26899430897957
4524,-273.61128308027054,-45.476231862322784,-67.3684397361587,-51.517415671198684
4525,-94.22995646969461,-87.3124646698511,-67.08741950828006,-51.38263486090457
4526,-77.54576113601728,-39.32565476354886,-66.79909745867563,-51.469441306111165
4527,145.56007496099795,-57.75354079822235,-65.0099892780318,-51.830595167028775
4528,-142.52048354325154,-24.23076845819824,-68.31731131925083,-51.872078624874355
4529,-162.2910967807212,-101.72568700420814,-68.52102695047851,-52.62022480450906
4530,-243.0174495977494,-19.45349415356462,-69.36638221904504,-52.590385183878304
4531,-179.40857491186142,-87.95785191747731,-69.52656320598287,-52.22210375441619
4532,-181.00764831327197,-22.307463364402373,-70.49323815955673,-51.757359166766555
4533,271.441235317141,-27.77956167128242,-66.72930294376226,-51.53820429922456
4534,-382.1491672356298,-121.86979998997369,-70.23146673392634,-52.34413673692352
4535,-175.85061001749045,-61.117743581747774,-70.77056275948426,-52.78773571449517
4536,241.67990096307335,-18.355600024061943,-71.06358910972848,-52.76290398128295
4537,-156.36694403609616,-24.69201455728487,-71.44396776920999,-52.29445700122189
4538,360.8837179408617,-36.000314158626615,-70.95594854953653,-52.44291210747728
4539,-235.06425706411304,-22.61720126181676,-71.39930743927883,-52.426691817100604
4540,-190.9416111458336,-134.9564453193002,-72.8326183491627,-53.210246778587724
4541,297.0385411654561,-23.010321832915235,-68.37420366012148,-53.20308028700115
4542,-314.5711406640862,-120.55311882238733,-74.63982696699522,-54.208250977093726
4543,-149.46035142127585,-63.11887995014818,-74.30734106571134,-54.538705111006486
4544,260.73551171368285,-19.563209253243233,-73.55826347301031,-54.540401294156744
4545,-220.7485344541822,-78.18297081495372,-72.92429994625188,-54.31907393579809
4546,238.27847721113852,-89.85982681944675,-69.32972595197187,-54.97806425372247
4547,-58.821315456321415,-95.14854800284519,-68.4150454807413,-55.72653145563938
4548,-153.7402916466952,-115.77356863397542,-65.4992272103844,-56.29950220992209
4549,-154.61384790896466,-23.579071796017942,-69.33134495239868,-56.01587145949991
4550,-179.59364219057105,-81.54074595994203,-75.2145143189293,-56.62606006439465
4551,-199.2804669024354,-28.25293725260342,-75.78418180356046,-55.98656469963562
4552,-136.05324925930947,-41.56459061299895,-78.35391747573877,-55.78011089911408
4553,-101.95469471830991,-61.913956491800285,-77.2135098679723,-55.14402946925714
4554,-195.2955256249661,-42.62104823110362,-78.31852795832084,-54.77521884427469
4555,-246.4928185931609,-57.07842196704646,-82.86876469308147,-55.108330848073905
4556,235.43503653928008,-27.38592394428059,-78.8592572340739,-54.41185682027089
4557,-183.29508210578106,-94.35240132273933,-79.03895257419293,-54.708860550011664
4558,197.9592050137309,-59.46669345137244,-80.83698334209397,-55.12926769150567
4559,291.47652998325157,-17.378737929053813,-76.08345544298768,-53.95610875315008
4560,-172.83718526560807,-49.701151566402054,-75.51411091346814,-54.04538168878542
4561,-93.53134369398454,-90.81480449983933,-72.96751711542156,-54.17891640640291
4562,-151.64868350912195,-102.1430242494223,-72.78755924350457,-54.48112896571732
4563,110.55110008174154,-22.154410314997477,-69.38026673369606,-53.971682052296
4564,356.96239869164066,-21.10663802162344,-63.46443666848074,-53.21954309484406
4565,315.3478012820325,-21.603787923067763,-56.58176017161341,-52.62579766514071
4566,-102.02811235883004,-59.24058063941698,-55.47838810210555,-52.730469914462496
4567,156.22074795830585,-32.56580053207531,-52.107940400348625,-52.20071071610817
4568,-159.80635362789687,-23.96937583523148,-56.48155686508539,-52.20988333043921
4569,-173.2432660761903,-20.703289964917317,-56.73801745099193,-51.37074806975008
4570,265.18171483980825,-24.105858754970473,-51.8110803096974,-51.35629491392828
4571,-215.39357602002335,-82.06914759437356,-53.02257542459875,-51.93501325213626
4572,101.38777261112699,-29.22156488103441,-54.731816119831564,-52.02599484237165
4573,293.1006032765699,-23.085900648795963,-49.096144234158245,-51.76732274600627
4574,348.4188512823624,-21.429736027207138,-42.98505913217519,-51.386668540602315
4575,-147.92363757145128,-71.06506759826797,-42.9316307744405,-51.40713835393483
4576,145.42672553981592,-21.00542962875064,-40.233895451488436,-51.38622235725725
4577,266.8758356877847,-61.99849812137874,-39.11733615526252,-51.838770050129725
4578,334.6885124795923,-25.394072926256186,-34.21669855901799,-51.43896869210318
4579,193.80814765435267,-19.288570086707,-31.323519536011002,-50.9072941531543
4580,-123.19277324736413,-46.36033059199563,-31.221296442024215,-50.51614033346445
4581,-196.34207857178544,-45.28926644909526,-31.85571234653716,-50.633902377307734
4582,385.7561544370833,-14.441416527521524,-26.185869902842516,-49.870636293500496
4583,-130.40923089900772,-38.23698150813757,-24.707129627418738,-49.455387960760454
4584,283.08724504074877,-22.122268591283365,-20.709162225146237,-49.42109739854628
4585,129.59444686234457,-24.59158341420868,-22.098217449300154,-49.0383685204859
4586,-197.66944619107315,-20.31465829708996,-23.046163724988208,-48.61461658064719
4587,-123.21698339691383,-25.794477406772785,-28.112071109834698,-48.700286226401474
4588,-110.65720454164608,-26.875761897975007,-28.001052240339217,-48.60051817698484
4589,-151.40112457391038,-39.88763897507172,-27.728495963914252,-48.55772770156717
4590,-154.80538076156134,-109.58908097730283,-27.709161611533126,-49.43537570504849
4591,-107.03667373579064,-58.795912270601534,-27.391166642983436,-49.7769530288249
4592,-79.62214411760648,-54.894821730942425,-26.143039338021676,-50.07915660918918
4593,319.2597416596758,-17.02986091742361,-25.942174074325614,-50.05090348093703
4594,-312.3649534094099,-64.02916380977425,-30.940616647755675,-50.51198749476839
4595,-163.91731036507093,-42.25675045684484,-31.99488110179583,-50.688990860909826
4596,-161.35451324735533,-26.734626126237174,-35.41242728120238,-50.71027886761594
4597,330.9301657183104,-48.000394409653325,-30.171844509839058,-50.72028504412427
4598,182.93335753132095,-35.443174361629694,-26.92368859199121,-50.08853802389371
4599,-193.95300061940418,-23.737820530557162,-27.370972930607557,-50.11548992187144
4600,175.01419642936355,-34.39145216181013,-23.27642893687989,-50.257595249628906
4601,361.0483099177188,-12.634077609965175,-21.187019782850463,-50.14730686293199
4602,389.34385196816015,-16.931550258510107,-15.758948811998113,-49.48122550102875
4603,200.92082585090566,-21.844837486666762,-12.37466844422793,-49.25851942347291
4604,-189.07638097707368,-89.4040755167148,-15.978377086878606,-49.96915513451336
4605,-154.62442805738206,-90.07127206811516,-19.259713213555713,-49.92985467765744
4606,361.16202749360866,-18.73976452104192,-18.954873632174735,-49.70111603968001
4607,245.56463752297367,-19.193374870723908,-14.751262059873817,-49.683494606768846
4608,-139.89266335426993,-19.819425368443085,-14.643249365975889,-48.94968516049391
4609,-175.30936269884748,-20.986473535001473,-16.06332779178536,-48.53862017804282
4610,351.72433394013467,-106.36879172791036,-15.97724793908607,-48.96015448414865
4611,409.7269344152064,-25.62198415843743,-10.550926615140863,-48.9456837348851
4612,384.71145129358655,-17.102709945564992,-5.729596841302817,-48.39863362344571
4613,212.41504313050893,-21.725476566984792,-5.263891176922234,-47.92497120600593
4614,-98.88341247785534,-42.093778922404105,-3.6298946409733204,-47.089250808337425
4615,-146.07842668813245,-115.46411391935924,-2.763496379462334,-47.94430373436916
4616,303.97342825604215,-15.090469522635805,1.447641564688995,-47.873905226212905
4617,-123.28256110024782,-54.48456678881328,1.8699284280135495,-48.07196761651767
4618,-15.013026086175618,-19.811234594397334,2.8717871496686618,-47.858631321373174
4619,-191.84442314259402,-112.89437179550274,3.117591552101746,-48.55222576898872
4620,-49.726489889474756,-79.67989268887838,4.7583602454513745,-48.67763757876351
4621,231.79464577132796,-19.35393831803074,8.660317709746451,-47.94996681219706
4622,-100.61673640243241,-24.650887587800707,9.575377870978329,-47.04543825010572
4623,-116.57658429188609,-93.74942802210145,9.762139641873306,-47.72477457665432
4624,244.69085927917973,-20.605705651661275,14.94516106546781,-47.47606931454771
4625,-81.12243228079022,-74.44471706095864,15.07623630735685,-47.34739183845879
4626,-75.23270375734718,-92.63828717721734,15.099366881143553,-47.88051816259547
4627,-387.6817012511852,-178.49506392372547,9.76694911902172,-49.0879333938505
4628,-123.22455139431293,-32.42593891146914,9.959908440511107,-49.16988509838321
4629,259.65179365550125,-23.68851456710126,14.17933734487333,-48.38951337401213
4630,-92.19161624604192,-30.143952110683635,15.687595678390409,-48.49641795358332
4631,-90.57222339914259,-55.71696714579521,16.57595919351759,-48.174009105866496
4632,-339.7487322643399,-22.163718964321003,14.988548354006914,-48.17257166186568
4633,170.8485591541463,-64.11986316174533,13.982621592376969,-48.535974676770316
4634,-165.88391921782662,-80.92648005083858,16.145274072555004,-48.126541477378964
4635,-187.45807913980028,-20.473767048138733,16.029199381331907,-47.720101712042876
4636,-237.6461338709973,-45.78525166366731,11.235939032991197,-47.994398228438925
4637,-112.39481342347982,-22.943852316822184,11.675660339117364,-47.9769166060343
4638,-216.96029655619935,-21.478183544705352,5.89722019414675,-47.83169529989508
4639,-243.88557850143042,-148.64666640362242,5.809006979773574,-49.09198995131314
4640,-56.16651022557436,-76.79690467243985,7.156757988976168,-48.51039454484454
4641,-119.06231213343649,-61.64697915725952,2.995749455987243,-48.89676111808798
4642,-98.52108953365963,-26.851051186814146,5.156249967291509,-47.95974044173225
4643,170.5113336293598,-17.393587799441054,8.355966817797867,-47.50248752022519
4644,-210.29736477953088,-119.46671602562512,3.6456380528657264,-48.50152258794901
4645,169.66714196456212,-24.89895100020364,7.549794817053171,-47.96868238980151
4646,-265.4596785636635,-19.244677489658653,2.512413259305148,-47.26253089650362
4647,-188.9980206054265,-23.043094881396442,1.2106462078140992,-46.541476365289135
4648,207.64936252501292,-82.19358494799556,4.824542749531182,-46.205676528429336
4649,-272.7080360540167,-22.201714623255548,3.6436008680806604,-46.19190295670172
4650,186.3545444823713,-19.807708035396942,7.3030827348100855,-45.574572577456266
4651,-127.8536521268578,-75.36589662162805,8.017350882565859,-46.0457021711465
4652,-248.18354674103603,-97.64614986467988,6.896047907748593,-46.606517763663305
4653,-198.24310207840853,-100.82637546436773,5.933163834147609,-46.99564195338898
4654,118.1842289561626,-50.48100819130874,9.067961379958897,-47.07424155299103
4655,-6.368725629339089,-94.1765324700758,11.469202309597115,-47.445222658021336
4656,-157.98522971208052,-85.54537843417951,7.534999647083508,-48.02681720292033
4657,-154.84063699058152,-19.045682162521803,7.819544098235501,-47.27375001131815
4658,-268.69346143577246,-107.75168191517518,3.153017433740467,-47.756599895956185
4659,-129.81105635727394,-40.72117617713567,-1.059858429664787,-47.990024278437005
4660,360.851759180992,-17.944897981191577,4.277031014801214,-47.67246174258489
4661,302.43061200837303,-16.414087729628744,8.236650571824791,-46.928454574882785
4662,-164.14279818133403,-19.733819530013147,8.11170942510267,-46.10436252768869
4663,378.6732936566396,-22.92911454751023,10.792931360851654,-46.11210957001382
4664,195.4815535485101,-20.97470698916457,9.178122909420347,-46.11079025968924
4665,-235.7538359953158,-91.3935567384868,3.6671065366468634,-46.808687947843424
4666,323.0236052710295,-39.56749851698244,7.91762371294546,-46.61195712661908
4667,-210.0798854104936,-57.7848601080932,4.254617379257464,-46.864147722379265
4668,-107.60492557052466,-53.58656049223466,4.776631659831186,-47.1603195689493
4669,140.56600937308463,-32.14511157527734,7.914724414323932,-47.27473778505289
4670,204.08985124978042,-23.163346632456918,7.303805778423656,-47.26531266382775
4671,194.1047790034845,-29.201191228117054,11.398789328658735,-46.736633100165186
4672,-224.54738246825897,-30.680035924614078,8.139437777864874,-46.75121781060098
4673,331.99232617725653,-16.797356701219847,8.528355006871742,-46.68833237112521
4674,-232.51234278149892,-28.784989728267124,2.7190430662331266,-46.76188490813581
4675,368.1332397480505,-53.24954184088538,7.8796118394281445,-46.58372965056199
4676,-189.00770880485814,-89.25293377611328,4.5352674959814046,-47.26620469203562
4677,60.290653285426174,-133.0410533954321,2.469415671957817,-47.97663024477616
4678,294.2912789360569,-21.8873914513571,2.065443336522464,-47.94156343002717
4679,246.83309676285805,-66.74933443065609,2.5956928276075204,-48.416171073466664
4680,-36.86651917746307,-57.191842782767395,3.458955368306532,-48.52448619537438
4681,-97.2360647536352,-48.76734319167875,4.450015506488035,-48.559266962800216
4682,-124.0040313468112,-99.3919870659917,-0.6475863513509106,-49.408772668184916
4683,285.64876199521234,-20.357192656909852,3.512993577591287,-49.22997477967263
4684,-181.47348987123297,-23.72403852673012,-1.1326137715285294,-49.2459924790271
4685,253.20164269657923,-30.063292241931464,0.10345818681381692,-49.300709567304324
4686,-156.77025717013325,-44.094006967076936,0.5124500770232162,-49.538503054004195
4687,306.30244490730087,-30.5614808269584,4.807644360065366,-49.58617308820605
4688,-18.729281283128127,-137.52473246044107,5.726923592650545,-50.69266279383071
4689,-158.57169533313,-79.2117996230585,5.65521788505835,-51.08590440031058
4690,-250.58639659265953,-74.54001094340155,4.697407726747368,-50.735413699971566
4691,278.2851148958074,-25.36982277439325,8.550625613063344,-50.40115280500949
4692,-15.465153192109906,-36.04229663474841,9.19219552231831,-50.21262755404755
4693,344.46041078310725,-22.85020445974799,9.444202213552623,-50.27083098947079
4694,404.60801823231697,-20.7586132802449,16.613931929969894,-49.8381254841755
4695,-108.67495904627921,-76.87926556055561,17.166355443157812,-50.1843506352126
4696,290.3840163511017,-69.42776910600037,21.683740739142383,-50.611282065010236
4697,-240.47545710434255,-18.27000617771754,15.969684510915851,-50.31397818269088
4698,306.8800342785081,-17.165476388338877,17.209151278387726,-50.131201202957975
4699,-208.2889704647119,-30.308905662523635,17.06579157993465,-50.19691205427764
4700,-196.75139996982108,-52.20604965601721,13.348135615942804,-50.375058029219716
4701,280.2300786574458,-21.564722139499498,12.539953303340074,-50.46436447451506
4702,205.96627456987864,-70.58822873416345,10.706177529357257,-51.00093125927159
4703,-158.46127568469015,-64.74839153150904,7.1123565140013,-51.42996679972001
4704,363.2620581237424,-67.1065380578374,12.635740905009461,-51.20699142513124
4705,-167.8484772953793,-65.46129171476376,12.503500412629487,-50.960891621597725
4706,298.98814289001257,-27.680155299989558,11.881761566593529,-51.050295529387206
4707,-158.0300389827353,-52.867463970583074,7.845814801536439,-51.387036420385805
4708,-119.78965568666551,-20.28484080993872,8.04684487821248,-51.39169057480075
4709,-212.26625742630753,-100.43265703813604,7.67727593093788,-52.18615240983209
4710,173.83145053902103,-62.99849644985495,5.898347096926746,-51.752449457051526
4711,168.62687172346554,-19.756014468764498,3.4873464700093373,-51.69378976015479
4712,-241.2709366943756,-125.76846227743766,-2.772477409870286,-52.78044728347353
4713,-155.4501020140567,-65.65150386527304,-6.451128861315943,-53.21970755645641
4714,-108.60061032275804,-66.82689924228862,-6.54830083976497,-53.46703875965526
4715,179.2672750817986,-55.629969913479826,-3.2948438220656593,-52.868697319596464
4716,-182.67970630034546,-42.70710826208496,-8.161375167629535,-53.144863706990954
4717,354.3500995730795,-19.581957958874884,-3.3850485608962626,-52.79583761869157
4718,-222.29855002953056,-81.66187567607736,-5.45790380032981,-53.41434402950837
4719,174.24379188441833,-17.903035216193857,-1.7970216500596872,-52.464430663715284
4720,246.67291350253737,-46.80075547261578,1.166972383860434,-52.135639291552664
4721,-151.6463789349858,-94.23635680023708,-2.667437863202706,-52.88446347637472
4722,-220.82052366040526,-88.34208500286601,-3.869475735782434,-53.521375450525376
4723,-214.74540687886702,-134.78072436770267,-4.851163961652244,-53.93168841398139
4724,183.91099987934018,-62.18151741060203,-5.45896255565064,-54.347446531570796
4725,300.46455637278484,-18.804868261028357,-1.6430926691148873,-53.79104804357149
4726,264.23940625510744,-21.15058265886381,1.7516284310096595,-53.07617099838795
4727,410.13905988551375,-17.38061113695351,9.729836042376649,-51.465026470520236
4728,-127.91827661346191,-49.852225358737726,9.68289879018516,-51.639289334992924
4729,-173.77230039719237,-20.307407144579287,5.348657849658222,-51.605478260767704
4730,-233.1048813115807,-27.049268901111798,3.939525199002833,-51.57453142867199
4731,318.9684397048879,-42.197515605655134,8.034931830043137,-51.43933691327059
4732,-274.0892832898168,-107.03000244231208,8.691526319788366,-52.2879997480505
4733,-86.6217779774094,-26.676868673161515,6.116822948472812,-51.91356980316466
4734,-314.8998119685708,-23.101175903355813,4.626664020965366,-51.33531676168983
4735,-178.54332574577003,-74.70446190488906,4.715811554905669,-51.87762371025734
4736,193.9147239362074,-106.84683946942592,9.031420132977715,-52.48823958831492
4737,-125.95069089327977,-21.277971801587224,8.895861358279715,-52.47158078316257
4738,-157.13472240146262,-23.848762523245572,9.494117099827083,-52.49528657294798
4739,-158.87875866834304,-99.96571240178763,10.344185298157957,-52.00847703292963
4740,180.640719981397,-74.83445634572104,12.712257600227671,-51.98885254966245
4741,-124.69942740710853,-52.21605658532148,12.655886447490953,-51.894543323943054
4742,-155.9567406842807,-63.924273981763946,12.081529935984742,-52.26527555189256
4743,297.6235199788821,-25.30997328020768,13.352651799479963,-52.34443940670022
4744,313.32475460296365,-24.528644941586183,18.58887299330491,-51.39505869585983
4745,-180.89285764974983,-65.32745972286612,15.08327299716179,-51.79934378308646
4746,-274.210502110153,-28.254708920826403,14.995764761696897,-51.88944409739814
4747,-170.88944438351837,-44.091441779177366,15.17685052391598,-52.099927566375946
4748,-149.78234405167072,-22.57556576109417,11.602533458149143,-51.50374737450692
4749,-25.416640329628247,-85.9232271404974,14.075447415393024,-52.14096249967935
4750,-215.05869895943945,-66.40189256693256,10.061314980974915,-52.606904344994696
4751,-143.48246222702957,-78.83171003606434,9.905026879973196,-52.64156247913906
4752,-72.72414702399486,-52.75186583136846,11.65962087714361,-52.19261963880595
4753,-127.06851189636814,-77.23009214674867,12.371366778964013,-51.95665680562976
4754,287.5226790786983,-66.24120773963085,14.06475128018937,-52.11425880111298
4755,275.6332208870535,-20.02974894409164,16.884770745353297,-51.37279096585314
4756,-147.5008384563803,-23.57983006012242,16.9896146579103,-50.753135482112576
4757,-138.3110992948236,-85.38555007274287,17.154910034867882,-51.416534161214784
4758,-376.1462207566874,-134.34127539750648,16.080382441658735,-51.68243009603809
4759,-161.39475013353905,-22.184730227842138,15.764545503896082,-51.49706563654515
4760,-118.08936472591735,-21.24999022870418,10.97513426482699,-51.53011655902028
4761,368.412731522245,-15.996450992954456,11.634955459965706,-51.52594019165354
4762,-164.70985466472143,-62.2085864311236,11.629284895131832,-51.95068786066465
4763,-241.52529853724621,-154.4722119158491,5.427298973192975,-53.26611883434804
4764,-109.80251015337043,-40.52091942705402,2.37445833617417,-53.46158095872693
4765,-67.30474601343019,-23.160474793388587,4.058949235993027,-52.77925013927595
4766,401.22172818473916,-25.484353162538177,4.840930465130125,-52.63841868573151
4767,-115.53099086438132,-75.48052422516975,5.786419410591242,-52.81537532690228
4768,-158.8821015285527,-71.41081361543145,5.273647651010959,-52.99361785813424
4769,-127.47870345072197,-97.76210943441636,2.593200522772893,-53.64978783672563
4770,293.01720034270716,-18.06464183254178,3.4824740137021637,-53.59880078872648
4771,-227.03494008358723,-20.693655472719666,-0.7289231771685508,-53.5137254311725
4772,-96.01187673009966,-57.82176095691914,0.5564318802130405,-53.78514268149556
4773,-123.58733091001915,-23.60647569894583,-3.999364690659717,-53.85323387147282
4774,304.04849313573,-52.39446590704929,1.3662436685125723,-54.089328633260635
4775,-215.98250611444166,-28.441907120626208,-4.47491379011235,-53.84125228605805
4776,-288.9232784345179,-45.16876256587549,-5.474069486408949,-53.400410573955675
4777,-82.75929184127287,-37.9874642896815,-6.90456893767594,-52.44987468289817
4778,269.7851216495879,-18.538244746463214,-7.149630510540627,-52.41638321584923
4779,-109.77611856445773,-26.933799417669945,-10.715722663813784,-52.01822786571937
4780,225.84788146713834,-57.49029180187444,-8.08857865736777,-52.021212355910436
4781,-97.47875118537243,-61.01941979907434,-8.091005521685142,-52.14373312198439
4782,-88.54025430579046,-81.7033772380396,-7.736367751274935,-51.96684702370487
4783,328.5390149495525,-17.017763950264094,-7.307465221731537,-51.93345273663841
4784,-143.92261490606376,-22.372224877576556,-6.9319564720798414,-51.919934600146874
4785,-159.98716765370912,-121.46848385530569,-11.063844575582728,-52.83398651628061
4786,-232.9759046269215,-72.81143968586726,-11.825901050150609,-53.12116084346851
4787,285.25584123506076,-18.75593495429714,-12.03636708687301,-53.0031053847419
4788,-53.99732665058869,-73.62699935644727,-12.389047540547615,-52.36412805370196
4789,201.7952482747118,-25.056968374258343,-8.785378104469197,-51.82257974121396
4790,-89.36416252030808,-29.737875625830817,-7.173155763745685,-51.37455838803825
4791,-224.96870208608755,-82.62443173230132,-12.205693933564636,-51.94710447761734
4792,291.02271136995523,-40.827868875661956,-9.140815287943985,-51.994960200026476
4793,-67.30690724271413,-24.99658348901617,-13.2584884682022,-52.01642399031916
4794,157.8803672782588,-20.807510821691597,-15.725764977742777,-52.01691296573362
4795,11.963518860103246,-87.65058284409906,-14.519380198678954,-52.12462613856905
4796,239.14916450998217,-25.618031147005855,-15.031728717090148,-51.686528758979115
4797,-161.5366588429107,-26.395535643887705,-14.24234073447583,-51.76778405364081
4798,-194.6842713806809,-22.14025875585209,-19.25798379106772,-51.81753187731594
4799,-152.66264279196864,-116.93042774694958,-18.701720514340288,-52.683747098160204
4800,-43.35129393665803,-46.943800137605464,-17.167719454008655,-52.63112460297609
4801,-95.48856348313784,-23.23187760810295,-20.924905875414492,-52.64779615766212
4802,-163.61713911708912,-88.15988629551255,-24.62074001228417,-52.82351273327561
4803,-107.96283251800709,-88.6493459790686,-24.115755580617336,-53.062522277751206
4804,-175.59373307769934,-23.421731061609268,-29.504313492631756,-52.62567420778893
4805,238.9215837256864,-19.842980459837005,-25.436612882421098,-52.16949109523966
4806,-200.58855224443664,-86.66363569188037,-30.43237983376559,-52.75932589915857
4807,230.12928058180063,-25.700777736431593,-26.550786638120233,-52.48765903681706
4808,-192.1173098429727,-86.45408850402312,-27.274063179683303,-53.1493515137579
4809,70.11860696386148,-36.584422095843,-24.45021453578161,-52.51086916433497
4810,-158.6298635075814,-19.256616866696184,-27.774827676247632,-52.07345036850338
4811,-175.63940820485212,-25.19996918226077,-31.217490475530816,-52.12788991563834
4812,284.55859618845346,-24.600042920957524,-25.959195146702523,-51.11620572207354
4813,347.83957434585625,-15.839287366123864,-20.926298383103397,-50.61808355708205
4814,-233.93050975244003,-45.33827066560013,-22.179597377400214,-50.403197271315165
4815,-172.32683001342818,-92.12957520138278,-25.69553842835248,-50.76819332419419
4816,221.33484723021212,-23.51470938379088,-21.6553928930469,-50.576269335411254
4817,-262.481873952709,-51.33648219826728,-27.82371262830479,-50.89381457780517
4818,-196.35212188411944,-45.477018587805574,-27.56424834685068,-50.53196600692245
4819,-123.30721151232585,-68.8078791506644,-30.53975838081812,-51.041014446267155
4820,-198.40892613356453,-50.968916894580794,-34.99057677717914,-51.0826960604868
4821,229.72352545301254,-25.756390889861137,-31.176877733299154,-50.39789640138304
4822,-230.79432380975507,-28.494014914047074,-31.276615734792653,-49.799415700494855
4823,-93.86155577290238,-78.39583486604077,-30.067777223733007,-49.23556680547824
4824,-239.01928196517008,-118.46606347868695,-34.29708004217811,-49.79841226615909
4825,-126.8902205964427,-24.67414526260605,-38.570627811870395,-49.85710503617487
4826,230.05129649497633,-59.67155415973294,-38.912508909471704,-50.242314751183564
4827,-153.91176300854792,-27.029085799866948,-44.553017138412315,-50.338799497812694
4828,-227.4523989225839,-90.62614824867823,-45.548358361503546,-50.746538726712096
4829,-157.70717075976214,-61.63654719215217,-45.387707065129234,-51.159830127187824
4830,-99.50946529063077,-88.0483410564838,-44.05175290491974,-51.769820848741546
4831,270.0084677047622,-17.22261048155999,-44.541352624921,-51.5200717975006
4832,-221.4260969395779,-24.119422786378507,-44.01472076141861,-50.69096600094126
4833,-233.59287575180193,-100.36742585059021,-45.48443173916253,-51.42787157271555
4834,-214.42638706591427,-108.19509194648177,-44.47969749013597,-52.27881073314681
4835,-219.31890462399113,-110.44501437953642,-44.88745327891817,-52.63621625789329
4836,-99.91608470069846,-46.73962319161636,-47.82576136528723,-52.035144095115186
4837,-172.15758696186464,-149.3483326263424,-48.28783032597308,-53.315847703362735
4838,265.08916610402616,-39.31424248830313,-44.06559144091819,-53.47050250301331
4839,-94.29719064401456,-52.9886084646424,-43.4197757606749,-53.000731463641856
4840,-213.43319197215587,-83.33107647396582,-47.36051488021044,-53.085697664924304
4841,362.6170701681601,-16.066790175714942,-42.48734990445775,-52.72420500082824
4842,-89.7096657577743,-25.661548295336186,-41.82487915519268,-52.34157774396397
4843,-106.00233021802174,-86.79039950235867,-45.86113765716173,-52.95638200618548
4844,-160.23125634994219,-52.86473324169476,-50.59669776669079,-53.239742889186566
4845,165.80666475729984,-136.86322934450413,-47.12970254262029,-53.95510058540294
4846,250.81811241674205,-122.34730002066424,-41.879416397351335,-54.89602649640132
4847,351.3838654077112,-20.952914939567545,-36.65668329943904,-54.66464122800522
4848,-141.01651750945587,-79.97173648175297,-36.56902503401689,-55.238602935211816
4849,302.5347774978355,-56.61497202655348,-33.28951085574225,-54.94552038407238
4850,-156.3567235356422,-64.72775871401883,-32.70249110150428,-54.928779045543244
4851,-136.3086274669068,-66.67217505854228,-32.63075275390305,-54.80718369576802
4852,-164.86804660464676,-75.97118367825675,-33.552191749709564,-55.0393768742369
4853,265.70089965457294,-50.3059972535129,-29.624497634200157,-54.77013592530454
4854,-91.4068172458751,-99.76920321605415,-33.413792597445884,-55.10541588006877
4855,-157.1475867486912,-89.88100436582776,-37.74160067380333,-55.803928434286135
4856,-194.5184015494273,-101.03652674915782,-38.2117763047338,-56.5784954011765
4857,210.5629400234316,-62.18173082899143,-34.72303591155125,-56.34645720873898
4858,281.8084970169079,-19.035808306757215,-28.143488733815296,-55.19340253783148
4859,-152.7280604621587,-58.84710530400784,-28.0568218371015,-55.560026288593136
4860,362.09057640412175,-16.982656410377878,-23.25502242580111,-55.51735295040988
4861,314.1174021289157,-29.581688731892086,-23.797975719734403,-55.653205327799256
4862,-191.38175038277103,-26.70379622752081,-24.064694676914904,-55.29815742576323
4863,-95.14714175624722,-80.95192167763157,-22.600913109104912,-54.56295452338105
4864,331.56042298206086,-23.075052869860563,-18.187283777750597,-54.38849585780912
4865,124.6523575364875,-26.724301466953037,-16.26771274225142,-54.424134124544764
4866,-103.74822804882541,-81.15694487231644,-21.317412304587066,-54.98086004164254
4867,426.7168260235401,-21.475618845495383,-15.89493413570785,-54.4408109878458
4868,-183.48470423787143,-71.05823112941927,-16.14096016280104,-54.43728516298568
4869,381.34393257747485,-17.0483605977158,-11.05273380251907,-53.63014767461868
4870,-244.52764932541126,-55.74949597734394,-16.42818229920026,-54.006996216066696
4871,-172.23877430922576,-102.68121358687281,-15.880220641456638,-54.82687179720823
4872,273.6930530984182,-21.133720723929777,-12.18317134317146,-54.45999139487833
4873,256.75189191389507,-17.26569573939351,-8.37977911493232,-54.396583595282806
4874,-292.7162084778742,-34.33607350483103,-14.347426131068362,-54.21599967126062
4875,253.59657160881306,-20.790732316593328,-9.651635353835813,-54.13948792322029
4876,-288.5474719291436,-21.486464696744303,-9.647877288782071,-53.90266494452898
4877,-120.1244085737406,-34.616245494582,-10.021528456106743,-53.86895275657798
4878,-111.58300684228696,-35.96551363426064,-13.835209741025496,-54.04322544545596
4879,-152.35311233849097,-96.21062249288278,-14.260979678765828,-54.73599367620808
4880,-223.75727351482504,-105.47452620854749,-18.757031228585465,-55.215836020274814
4881,-91.49710768568274,-22.497788878522044,-18.69721479358857,-54.83061971106929
4882,-326.81794491975774,-95.90800541009001,-21.079991699728243,-54.9726659927898
4883,268.13922767570034,-17.08685010009098,-21.683989572466768,-54.97335685428807
4884,237.35891123515393,-30.474266896953154,-17.871174311054588,-55.05437727448184
4885,-131.28738855431982,-20.35630047635912,-17.58417652006069,-54.04325544069237
4886,-249.4108542424712,-56.376384447517964,-17.74852601621619,-53.87890488830888
4887,-153.91130850554268,-20.11779663502887,-22.14019751362222,-53.892523505116195
4888,172.14502367771877,-18.777077903494707,-19.878774010339143,-53.344024290586674
4889,-99.89100490799395,-24.404913849502343,-22.8956365421662,-53.33750374533912
4890,335.6251888944502,-25.22013253238719,-18.645743028018618,-53.292326314404676
4891,204.85590062235505,-20.303757592993755,-14.347497000934192,-52.669119573011606
4892,-233.7559358844401,-117.30576945417256,-19.595283473478144,-53.433898578796715
4893,-123.98183092169842,-76.66432450681755,-20.16203271026799,-53.95057598897472
4894,-102.11560124567087,-119.44826501858898,-22.761992395507292,-54.93698353094369
4895,-98.33079513850439,-81.67901105073129,-23.864935535493366,-54.877267813010015
4896,231.66080638267573,-20.717815288898052,-23.939819116766436,-54.82826565442893
4897,-238.41020384823716,-90.13551993400083,-24.7085545668197,-55.46566549733007
4898,-245.65389643076847,-60.03288338211539,-25.218250817320577,-55.8445917435927
4899,179.11781971988117,-26.133161000089853,-21.900446192202082,-54.9366190761241
4900,-240.58162284860617,-24.521470748900178,-23.872749481321556,-54.71239578223705
4901,330.8804957022108,-20.659389676459504,-19.60905888946807,-54.68667090292062
4902,212.46564989343506,-19.873635491132084,-15.848230999362821,-54.00380839487681
4903,73.60378602410256,-47.329793871350475,-14.03256481394172,-53.590612873799635
4904,-136.99338068171014,-63.256385072402004,-13.646561289981834,-53.98895941390756
4905,-58.51899668830402,-52.46318813087208,-16.62096709412174,-54.31516149061791
4906,392.1256816306303,-20.334195701083868,-10.693824755371073,-53.65186709070995
4907,-138.73039517032785,-29.04446908985772,-14.382421512892359,-53.68530400424421
4908,-234.1394787674174,-24.860272710366566,-14.802643202136808,-53.06936584630764
4909,182.3278745007779,-27.28050442114514,-13.680550526767645,-52.976326669560656
4910,-118.04895984580978,-91.83583615384933,-13.274741490149925,-53.70211886243219
4911,-153.32727246625078,-28.76737644542996,-13.051620132763912,-53.73779293506388
4912,237.56014593537034,-19.349443921622157,-13.521604635294741,-53.68528694507053
4913,210.5017534746198,-20.78857570359999,-14.894982844007105,-53.73477982844529
4914,-211.31515547060104,-73.25033597346764,-14.668829301188714,-54.01390048152397
4915,-170.79112659914713,-49.05437000449893,-14.653472267045904,-53.58314842955514
4916,168.37658456674583,-52.15002860364909,-15.183054893680566,-53.86950162175371
4917,213.098080930641,-28.09932842565074,-10.427255344847069,-53.63713008402755
4918,354.3927758912572,-26.41274095500085,-4.919806367093303,-53.44648730769949
4919,-209.53815586484365,-19.74064289934139,-5.782115810618478,-52.95581494518626
4920,-230.71926221959976,-55.19811668512998,-6.105219171478832,-52.99810694309175
4921,-252.24969288560695,-105.73065803698219,-10.92495135486503,-53.797849614562956
4922,-148.01799751891636,-62.35128258363939,-10.09718809195664,-54.13642229125888
4923,-106.4733009763496,-29.568283095790168,-10.223305543991113,-53.64814677355638
4924,-323.894797316409,-122.89547681342474,-11.072060697503503,-53.692440906903755
4925,-162.937537729066,-24.762440261616632,-11.432533868829735,-53.69332385689386
4926,-86.6525810434547,-29.84971974087979,-14.599572644214044,-53.395105512705335
4927,269.04355843093737,-61.233831986538064,-10.370019429819191,-53.73715297457205
4928,332.37594527073327,-16.592116888990358,-4.771735987886015,-52.99681266097517
4929,-274.70260895575143,-20.857532752467584,-5.941690369845907,-52.589022516578325
4930,342.96729780569586,-21.64469515628142,-1.5169227388826434,-51.9249860575763
4931,-81.15887882667126,-43.89043006394441,-5.028596204196979,-52.19166425340014
4932,-217.80078847011197,-104.64683541619002,-4.992343119502323,-52.996938379698264
4933,-231.2637520427511,-21.584479959367474,-4.969051882411815,-52.209108920786036
4934,-167.16485312486694,-22.17968472017832,-4.496436543001342,-51.34895484852299
4935,-277.8911525227533,-57.6979667298751,-5.082159021988965,-50.82148437202638
4936,286.77462195093767,-27.956420290308017,-1.2152519554726005,-50.6336523430133
4937,-93.94331742664038,-28.59891096004749,-0.4331092601203573,-49.42615812635035
4938,-91.63235993096929,-101.38535360791451,-4.000324520470312,-50.04686923754647
4939,-194.63517447432525,-65.77987761056977,-5.003704358773419,-50.17478192900574
4940,-175.292437907407,-29.38582722517814,-4.62229681812593,-49.635329436517864
4941,317.6729211086807,-23.4830327201521,-5.071738308720721,-49.70949186196224
4942,-309.44952388352135,-25.31653538103482,-7.269136889978193,-49.70604173281922
4943,260.65198955488427,-21.02366532881816,-3.6025936922491333,-49.04837439108382
4944,165.26392161782553,-20.358626108286295,-0.347641912571458,-48.72331331974973
4945,-121.46982377348766,-46.955537317638324,-3.220406797879333,-47.82423639948107
4946,218.73665903328055,-33.02261661344631,-3.541221331713947,-46.9309895654089
4947,366.6982160981031,-40.93590112007136,-3.38807782481003,-47.130819427213936
4948,201.9672802652889,-55.09075441279511,0.04176015293741934,-46.88200960652436
4949,300.7145382415515,-26.243912326877876,0.023557760374580843,-46.578299009527605
4950,-172.35767253319827,-22.964189805685656,-0.13645172960097932,-46.160663320444264
4951,226.02234777710274,-20.413884425542182,3.4868580228391157,-45.698080414114266
4952,-244.66257774858747,-20.93105250844347,2.688912711399708,-45.147679102416134
4953,-146.7638600739526,-82.13625347692162,-1.4357348858855483,-45.465981664650215
4954,324.7299972884218,-20.28300340506898,2.72563325945742,-44.67111966654036
4955,-266.4090627812486,-102.60342699549736,1.633018499131846,-44.79834389283706
4956,-173.65448611926857,-39.31522660493743,1.841657653433433,-44.181130891394865
4957,211.98485793915637,-23.170265569930635,1.8558768325906814,-43.79101623880427
4958,-154.166227131852,-26.28476972487934,-2.5038704088969164,-43.86350585298548
4959,-187.972177632909,-22.11219874128401,-2.856311580604419,-43.496156787358245
4960,-272.9663788307484,-38.069808323279304,-9.206881132953121,-43.70702830648725
4961,189.7469120146285,-25.5845634301392,-10.450586034095995,-43.66705705346972
4962,290.0465269436495,-22.498632952784064,-5.63630326083179,-43.62500542072235
4963,190.72604875851596,-20.81528472672699,-2.777571355684157,-43.0236390512133
4964,-180.95657914117257,-75.56474253335517,-7.90274137691649,-43.54853594784825
4965,-62.74077250584014,-56.44988047023515,-9.776672677339764,-43.84579173788107
4966,314.06364566227705,-82.68427110807058,-5.59855394022874,-43.86106500023862
4967,-121.50356833176686,-25.370340263255258,-11.08075788378181,-43.900012214416215
4968,-220.35789848438478,-20.31318142762877,-11.449489826246944,-43.392561717398316
4969,358.83028988240045,-15.71498299998401,-11.674626253197692,-43.379227941421
4970,311.85334126524117,-28.277070362605194,-6.110816347291165,-43.104503685273606
4971,110.89281686194747,-43.50854442329443,-3.2795004355794335,-42.51277699363782
4972,-157.04965955379595,-35.31706404582871,-7.586927562101575,-42.654610426856806
4973,297.46397483112327,-23.95826105368315,-7.1798067329292925,-42.7215360799997
4974,312.84929278685775,-19.473737221053092,-1.1241517202819726,-42.57291271716193
4975,-187.10643944539237,-67.06896306574049,-5.5311818308240275,-43.0356950246534
4976,-145.07889652070335,-96.58456220764208,-4.096496076739624,-43.78667599976238
4977,110.62848068810246,-18.63278045298911,-1.7889671841211932,-43.62684134934645
4978,189.0129308028324,-26.437990278536518,1.2169921923300013,-43.531566115789204
4979,-324.5494804869451,-97.79604365637569,-0.5049714891545396,-43.54742032742413
4980,121.20075023154413,-24.037790363347355,2.944608748309152,-42.73305296897213
4981,-220.09036215413985,-33.42062075551522,1.6586762036245806,-42.84228128774206
4982,213.88258880215898,-18.57931174915914,7.065681540843747,-42.06899435113276
4983,-272.08503746180963,-51.216867628122124,1.6634388894686472,-42.41029452641306
4984,144.03252463395984,-44.84663682178164,0.7301750234567077,-42.55401822566135
4985,-228.5101180247313,-79.63306442708294,-0.2420522712474064,-43.14678586516859
4986,218.0072817444015,-108.58598539690239,4.432129088621322,-43.66888187466244
4987,247.38023529694993,-22.984276960384193,8.445044526646246,-43.697546677915994
4988,357.83908845408786,-24.30658533224771,10.301985174409936,-43.75284175220353
4989,-188.58815421951223,-139.0278414670539,9.41501368129475,-44.89907102837904
4990,365.9241883189745,-16.996429636107592,9.718003675539991,-44.81683399941623
4991,362.5572736963039,-15.894837117675843,11.295017406279483,-44.772744794663055
4992,326.3087767861399,-19.415898383233078,16.895664532985283,-43.79384608395366
4993,-209.99665831568197,-111.44313867341553,16.035516259045448,-44.14163422561963
4994,229.9240221023809,-25.536698845956252,19.355912492525967,-43.202518563893314
4995,-141.30106739934735,-119.52233915341243,18.926209769917538,-43.58095184492013
4996,-197.24508564842705,-83.80614579409125,14.637150849606511,-44.21183514997206
4997,-120.57062995801546,-43.347355243200084,15.815546588508724,-43.74395350306405
4998,-153.4635049547093,-68.28866550526527,16.73745050326932,-43.826511324295545
4999,318.8289305826524,-17.84827251072604,18.13456161189703,-43.74366243940191
